[INFO] [1787911248.503659434] [multi3_coordinator_node]: Assignment strategy parameter: capability-preserving
[INFO] [1787911248.504314378] [multi3_coordinator_node]: Using assignment strategy: capability-preserving
[INFO] [1787911248.525678826] [multi3_coordinator_node]: Coordinator node started.
[INFO] [1787911251.116746803] [multi3_coordinator_node]: Received new robot info: {'name': 'robot1', 'operational_state': 'idle', 'capabilities': ['pick', 'move_to', 'place', 'undock', 'localize'], 'state': {'position': {'x': 0.0, 'y': 0.0, 'z': 0.0}, 'docked': True}, 'last_heartbeat': 1787911251}
[INFO] [1787911252.937252298] [multi3_coordinator_node]: Received new robot info: {'name': 'robot2', 'operational_state': 'idle', 'capabilities': ['pick', 'move_to', 'place', 'undock', 'localize'], 'state': {'position': {'x': 0.0, 'y': 0.0, 'z': 0.0}, 'docked': True}, 'last_heartbeat': 1787911252}
[INFO] [1787911254.891488337] [multi3_coordinator_node]: Received new robot info: {'name': 'robot3', 'operational_state': 'idle', 'capabilities': ['pick', 'move_to', 'place', 'undock', 'localize'], 'state': {'position': {'x': 0.0, 'y': 0.0, 'z': 0.0}, 'docked': True}, 'last_heartbeat': 1787911254}
[INFO] [1787911257.338173232] [multi3_coordinator_node]: Received new robot info: {'name': 'robot4', 'operational_state': 'idle', 'capabilities': ['pick', 'move_to', 'place', 'undock', 'localize'], 'state': {'position': {'x': 0.0, 'y': 0.0, 'z': 0.0}, 'docked': True}, 'last_heartbeat': 1787911257}
[INFO] [1787911259.235133465] [multi3_coordinator_node]: Received new robot info: {'name': 'robot5', 'operational_state': 'idle', 'capabilities': ['scan', 'localize'], 'state': {'position': {'x': 0.0, 'y': 0.0, 'z': 0.0}, 'docked': True}, 'last_heartbeat': 1787911259}
[INFO] [1787911260.878631748] [multi3_coordinator_node]: Received new robot info: {'name': 'robot6', 'operational_state': 'idle', 'capabilities': ['pack', 'localize'], 'state': {'position': {'x': 0.0, 'y': 0.0, 'z': 0.0}, 'docked': True}, 'last_heartbeat': 1787911260}
[INFO] [1787911263.231241095] [multi3_coordinator_node]: Received new robot info: {'name': 'robot7', 'operational_state': 'idle', 'capabilities': ['load_pack', 'move_to', 'unload_pack', 'localize', 'undock'], 'state': {'position': {'x': 0.0, 'y': 0.0, 'z': 0.0}, 'docked': True}, 'last_heartbeat': 1787911263}
[INFO] [1787911264.720056742] [multi3_coordinator_node]: Received mission: {'mission': 'm1', 'priority': 1, 'fragments': [{'id': 'fm1-1', 'wait': [], 'tasks': [{'name': 'pick', 'label': 'pick(o1-1,shelf)', 'params': {'x': 5, 'y': 8, 'weight': 8}}, {'name': 'move_to', 'label': 'move_to(o1-1,scan_area)', 'params': {'x': 5, 'y': 5}}, {'name': 'place', 'label': 'place(o1-1,scan_area)', 'params': {'x': 5, 'y': 5, 'weight': 8}}], 'segment': 's1'}, {'id': 'fm1-2', 'wait': ['place(o1-1,scan_area)'], 'tasks': [{'name': 'scan', 'label': 'scan(o1-1)', 'params': {}}], 'segment': 's1'}, {'id': 'fm1-3', 'wait': ['scan(o1-1)'], 'tasks': [{'name': 'pick', 'label': 'pick(o1-1,scan_area)', 'params': {'x': 5, 'y': 5, 'weight': 8}}, {'name': 'move_to', 'label': 'move_to(o1-1,pack_area)', 'params': {'x': 8, 'y': 8}}, {'name': 'place', 'label': 'place(o1-1,pack_area)', 'params': {'x': 8, 'y': 8, 'weight': 8}}], 'segment': 's1'}, {'id': 'fm1-4', 'wait': [], 'tasks': [{'name': 'pick', 'label': 'pick(o2-1,shelf)', 'params': {'x': 2, 'y': 3, 'weight': 2}}, {'name': 'move_to', 'label': 'move_to(o2-1,scan_area)', 'params': {'x': 5, 'y': 5}}, {'name': 'place', 'label': 'place(o2-1,scan_area)', 'params': {'x': 5, 'y': 5, 'weight': 2}}], 'segment': 's2'}, {'id': 'fm1-5', 'wait': ['place(o2-1,scan_area)'], 'tasks': [{'name': 'scan', 'label': 'scan(o2-1)', 'params': {}}], 'segment': 's2'}, {'id': 'fm1-6', 'wait': ['scan(o2-1)'], 'tasks': [{'name': 'pick', 'label': 'pick(o2-1,scan_area)', 'params': {'x': 5, 'y': 5, 'weight': 2}}, {'name': 'move_to', 'label': 'move_to(o2-1,pack_area)', 'params': {'x': 8, 'y': 8}}, {'name': 'place', 'label': 'place(o2-1,pack_area)', 'params': {'x': 8, 'y': 8, 'weight': 2}}], 'segment': 's2'}, {'id': 'fm1-7', 'wait': ['place(o1-1,pack_area)', 'place(o2-1,pack_area)'], 'tasks': [{'name': 'pack', 'label': 'pack(o1-1,o2-1)', 'params': {'items': 2}}], 'segment': ''}, {'id': 'fm1-8', 'wait': ['pack(o1-1,o2-1)'], 'tasks': [{'name': 'load_pack', 'label': 'load_pack(p1)', 'params': {'x': 8, 'y': 8, 'weight': 10}}, {'name': 'move_to', 'label': 'move_to(p1,deliver_area)', 'params': {'x': 10, 'y': 10}}, {'name': 'unload_pack', 'label': 'unload_pack(p1)', 'params': {'x': 10, 'y': 10, 'weight': 10}}], 'segment': ''}]}
[INFO] [1787911264.721018834] [multi3_coordinator_node]: Fragment fm1-1 is now executable because all signal messages were received.
[INFO] [1787911264.721779360] [multi3_coordinator_node]: Fragment fm1-4 is now executable because all signal messages were received.
[INFO] [1787911266.517162139] [multi3_coordinator_node]: Received mission: {'mission': 'm3', 'priority': 1, 'fragments': [{'id': 'fm3-1', 'wait': [], 'tasks': [{'name': 'pick', 'label': 'pick(o1-3,shelf)', 'params': {'x': 2, 'y': 5, 'weight': 4}}, {'name': 'move_to', 'label': 'move_to(o1-3,scan_area)', 'params': {'x': 5, 'y': 5}}, {'name': 'place', 'label': 'place(o1-3,scan_area)', 'params': {'x': 5, 'y': 5, 'weight': 4}}], 'segment': 's1'}, {'id': 'fm3-2', 'wait': ['place(o1-3,scan_area)'], 'tasks': [{'name': 'scan', 'label': 'scan(o1-3)', 'params': {}}], 'segment': 's1'}, {'id': 'fm3-3', 'wait': ['scan(o1-3)'], 'tasks': [{'name': 'pick', 'label': 'pick(o1-3,scan_area)', 'params': {'x': 5, 'y': 5, 'weight': 4}}, {'name': 'move_to', 'label': 'move_to(o1-3,pack_area)', 'params': {'x': 8, 'y': 8}}, {'name': 'place', 'label': 'place(o1-3,pack_area)', 'params': {'x': 8, 'y': 8, 'weight': 4}}], 'segment': 's1'}, {'id': 'fm3-4', 'wait': [], 'tasks': [{'name': 'pick', 'label': 'pick(o2-3,shelf)', 'params': {'x': 3, 'y': 3, 'weight': 3}}, {'name': 'move_to', 'label': 'move_to(o2-3,scan_area)', 'params': {'x': 5, 'y': 5}}, {'name': 'place', 'label': 'place(o2-3,scan_area)', 'params': {'x': 5, 'y': 5, 'weight': 3}}], 'segment': 's2'}, {'id': 'fm3-5', 'wait': ['place(o2-3,scan_area)'], 'tasks': [{'name': 'scan', 'label': 'scan(o2-3)', 'params': {}}], 'segment': 's2'}, {'id': 'fm3-6', 'wait': ['scan(o2-3)'], 'tasks': [{'name': 'pick', 'label': 'pick(o2-3,scan_area)', 'params': {'x': 5, 'y': 5, 'weight': 3}}, {'name': 'move_to', 'label': 'move_to(o2-3,pack_area)', 'params': {'x': 8, 'y': 8}}, {'name': 'place', 'label': 'place(o2-3,pack_area)', 'params': {'x': 8, 'y': 8, 'weight': 3}}], 'segment': 's2'}, {'id': 'fm3-7', 'wait': [], 'tasks': [{'name': 'pick', 'label': 'pick(o3-3,shelf)', 'params': {'x': 2, 'y': 8, 'weight': 5}}, {'name': 'move_to', 'label': 'move_to(o3-3,scan_area)', 'params': {'x': 5, 'y': 5}}, {'name': 'place', 'label': 'place(o3-3,scan_area)', 'params': {'x': 5, 'y': 5, 'weight': 5}}], 'segment': 's3'}, {'id': 'fm3-8', 'wait': ['place(o3-3,scan_area)'], 'tasks': [{'name': 'scan', 'label': 'scan(o3-3)', 'params': {}}], 'segment': 's3'}, {'id': 'fm3-9', 'wait': ['scan(o3-3)'], 'tasks': [{'name': 'pick', 'label': 'pick(o3-3,scan_area)', 'params': {'x': 5, 'y': 5, 'weight': 5}}, {'name': 'move_to', 'label': 'move_to(o3-3,pack_area)', 'params': {'x': 8, 'y': 8}}, {'name': 'place', 'label': 'place(o3-3,pack_area)', 'params': {'x': 8, 'y': 8, 'weight': 5}}], 'segment': 's3'}, {'id': 'fm3-10', 'wait': ['place(o1-3,pack_area)', 'place(o2-3,pack_area)', 'place(o3-3,pack_area)'], 'tasks': [{'name': 'pack', 'label': 'pack(o1-3,o2-3,o3-3)', 'params': {'items': 3}}], 'segment': ''}, {'id': 'fm3-11', 'wait': ['pack(o1-3,o2-3,o3-3)'], 'tasks': [{'name': 'load_pack', 'label': 'load_pack(p3)', 'params': {'x': 8, 'y': 8, 'weight': 10}}, {'name': 'move_to', 'label': 'move_to(p3,deliver_area)', 'params': {'x': 10, 'y': 10}}, {'name': 'unload_pack', 'label': 'unload_pack(p3)', 'params': {'x': 10, 'y': 10, 'weight': 10}}], 'segment': ''}]}
[INFO] [1787911266.518145033] [multi3_coordinator_node]: Fragment fm3-1 is now executable because all signal messages were received.
[INFO] [1787911266.518713384] [multi3_coordinator_node]: Fragment fm3-4 is now executable because all signal messages were received.
[INFO] [1787911266.519423779] [multi3_coordinator_node]: Fragment fm3-7 is now executable because all signal messages were received.
[INFO] [1787911268.317822257] [multi3_coordinator_node]: Received mission: {'mission': 'm5', 'priority': 1, 'fragments': [{'id': 'fm5-1', 'wait': [], 'tasks': [{'name': 'pick', 'label': 'pick(o1-5,shelf)', 'params': {'x': 1, 'y': 3, 'weight': 4}}, {'name': 'move_to', 'label': 'move_to(o1-5,scan_area)', 'params': {'x': 5, 'y': 5}}, {'name': 'place', 'label': 'place(o1-5,scan_area)', 'params': {'x': 5, 'y': 5, 'weight': 4}}], 'segment': 's1'}, {'id': 'fm5-2', 'wait': ['place(o1-5,scan_area)'], 'tasks': [{'name': 'scan', 'label': 'scan(o1-5)', 'params': {}}], 'segment': 's1'}, {'id': 'fm5-3', 'wait': ['scan(o1-5)'], 'tasks': [{'name': 'pick', 'label': 'pick(o1-5,scan_area)', 'params': {'x': 5, 'y': 5, 'weight': 4}}, {'name': 'move_to', 'label': 'move_to(o1-5,pack_area)', 'params': {'x': 8, 'y': 8}}, {'name': 'place', 'label': 'place(o1-5,pack_area)', 'params': {'x': 8, 'y': 8, 'weight': 4}}], 'segment': 's1'}, {'id': 'fm5-4', 'wait': [], 'tasks': [{'name': 'pick', 'label': 'pick(o2-5,shelf)', 'params': {'x': 5, 'y': 2, 'weight': 3}}, {'name': 'move_to', 'label': 'move_to(o2-5,scan_area)', 'params': {'x': 5, 'y': 5}}, {'name': 'place', 'label': 'place(o2-5,scan_area)', 'params': {'x': 5, 'y': 5, 'weight': 3}}], 'segment': 's2'}, {'id': 'fm5-5', 'wait': ['place(o2-5,scan_area)'], 'tasks': [{'name': 'scan', 'label': 'scan(o2-5)', 'params': {}}], 'segment': 's2'}, {'id': 'fm5-6', 'wait': ['scan(o2-5)'], 'tasks': [{'name': 'pick', 'label': 'pick(o2-5,scan_area)', 'params': {'x': 5, 'y': 5, 'weight': 3}}, {'name': 'move_to', 'label': 'move_to(o2-5,pack_area)', 'params': {'x': 8, 'y': 8}}, {'name': 'place', 'label': 'place(o2-5,pack_area)', 'params': {'x': 8, 'y': 8, 'weight': 3}}], 'segment': 's2'}, {'id': 'fm5-7', 'wait': [], 'tasks': [{'name': 'pick', 'label': 'pick(o3-5,shelf)', 'params': {'x': 2, 'y': 2, 'weight': 5}}, {'name': 'move_to', 'label': 'move_to(o3-5,scan_area)', 'params': {'x': 5, 'y': 5}}, {'name': 'place', 'label': 'place(o3-5,scan_area)', 'params': {'x': 5, 'y': 5, 'weight': 5}}], 'segment': 's3'}, {'id': 'fm5-8', 'wait': ['place(o3-5,scan_area)'], 'tasks': [{'name': 'scan', 'label': 'scan(o3-5)', 'params': {}}], 'segment': 's3'}, {'id': 'fm5-9', 'wait': ['scan(o3-5)'], 'tasks': [{'name': 'pick', 'label': 'pick(o3-5,scan_area)', 'params': {'x': 5, 'y': 5, 'weight': 5}}, {'name': 'move_to', 'label': 'move_to(o3-5,pack_area)', 'params': {'x': 8, 'y': 8}}, {'name': 'place', 'label': 'place(o3-5,pack_area)', 'params': {'x': 8, 'y': 8, 'weight': 5}}], 'segment': 's3'}, {'id': 'fm5-10', 'wait': [], 'tasks': [{'name': 'pick', 'label': 'pick(o4-5,shelf)', 'params': {'x': 1, 'y': 3, 'weight': 4}}, {'name': 'move_to', 'label': 'move_to(o4-5,scan_area)', 'params': {'x': 5, 'y': 5}}, {'name': 'place', 'label': 'place(o4-5,scan_area)', 'params': {'x': 5, 'y': 5, 'weight': 4}}], 'segment': 's4'}, {'id': 'fm5-11', 'wait': ['place(o4-5,scan_area)'], 'tasks': [{'name': 'scan', 'label': 'scan(o4-5)', 'params': {}}], 'segment': 's4'}, {'id': 'fm5-12', 'wait': ['scan(o4-5)'], 'tasks': [{'name': 'pick', 'label': 'pick(o4-5,scan_area)', 'params': {'x': 5, 'y': 5, 'weight': 4}}, {'name': 'move_to', 'label': 'move_to(o4-5,pack_area)', 'params': {'x': 8, 'y': 8}}, {'name': 'place', 'label': 'place(o4-5,pack_area)', 'params': {'x': 8, 'y': 8, 'weight': 4}}], 'segment': 's4'}, {'id': 'fm5-13', 'wait': ['place(o1-5,pack_area)', 'place(o2-5,pack_area)', 'place(o3-5,pack_area)', 'place(o4-5,pack_area)'], 'tasks': [{'name': 'pack', 'label': 'pack(o1-5,o2-5,o3-5,o4-5)', 'params': {'items': 4}}], 'segment': ''}, {'id': 'fm5-14', 'wait': ['pack(o1-5,o2-5,o3-5,o4-5)'], 'tasks': [{'name': 'load_pack', 'label': 'load_pack(p5)', 'params': {'x': 8, 'y': 8, 'weight': 11}}, {'name': 'move_to', 'label': 'move_to(p5,deliver_area)', 'params': {'x': 10, 'y': 10}}, {'name': 'unload_pack', 'label': 'unload_pack(p5)', 'params': {'x': 10, 'y': 10, 'weight': 11}}], 'segment': ''}]}
[INFO] [1787911268.319426293] [multi3_coordinator_node]: Fragment fm5-1 is now executable because all signal messages were received.
[INFO] [1787911268.320757043] [multi3_coordinator_node]: Fragment fm5-4 is now executable because all signal messages were received.
[INFO] [1787911268.321694945] [multi3_coordinator_node]: Fragment fm5-7 is now executable because all signal messages were received.
[INFO] [1787911268.322665369] [multi3_coordinator_node]: Fragment fm5-10 is now executable because all signal messages were received.
[INFO] [1787911270.125075292] [multi3_coordinator_node]: Received mission: {'mission': 'm7', 'priority': 1, 'fragments': [{'id': 'fm7-1', 'wait': [], 'tasks': [{'name': 'pick', 'label': 'pick(o1-7,shelf)', 'params': {'x': 6, 'y': 3, 'weight': 5}}, {'name': 'move_to', 'label': 'move_to(o1-7,scan_area)', 'params': {'x': 5, 'y': 5}}, {'name': 'place', 'label': 'place(o1-7,scan_area)', 'params': {'x': 5, 'y': 5, 'weight': 5}}], 'segment': 's1'}, {'id': 'fm7-2', 'wait': ['place(o1-7,scan_area)'], 'tasks': [{'name': 'scan', 'label': 'scan(o1-7)', 'params': {}}], 'segment': 's1'}, {'id': 'fm7-3', 'wait': ['scan(o1-7)'], 'tasks': [{'name': 'pick', 'label': 'pick(o1-7,scan_area)', 'params': {'x': 5, 'y': 5, 'weight': 10}}, {'name': 'move_to', 'label': 'move_to(o1-7,pack_area)', 'params': {'x': 8, 'y': 8}}, {'name': 'place', 'label': 'place(o1-7,pack_area)', 'params': {'x': 8, 'y': 8, 'weight': 10}}], 'segment': 's1'}, {'id': 'fm7-4', 'wait': [], 'tasks': [{'name': 'pick', 'label': 'pick(o2-7,shelf)', 'params': {'x': 2, 'y': 4, 'weight': 3}}, {'name': 'move_to', 'label': 'move_to(o2-7,scan_area)', 'params': {'x': 5, 'y': 5}}, {'name': 'place', 'label': 'place(o2-7,scan_area)', 'params': {'x': 5, 'y': 5, 'weight': 3}}], 'segment': 's2'}, {'id': 'fm7-5', 'wait': ['place(o2-7,scan_area)'], 'tasks': [{'name': 'scan', 'label': 'scan(o2-7)', 'params': {}}], 'segment': 's2'}, {'id': 'fm7-6', 'wait': ['scan(o2-7)'], 'tasks': [{'name': 'pick', 'label': 'pick(o2-7,scan_area)', 'params': {'x': 5, 'y': 5, 'weight': 3}}, {'name': 'move_to', 'label': 'move_to(o2-7,pack_area)', 'params': {'x': 8, 'y': 8}}, {'name': 'place', 'label': 'place(o2-7,pack_area)', 'params': {'x': 8, 'y': 8, 'weight': 3}}], 'segment': 's2'}, {'id': 'fm7-7', 'wait': [], 'tasks': [{'name': 'pick', 'label': 'pick(o3-7,shelf)', 'params': {'x': 3, 'y': 6, 'weight': 3}}, {'name': 'move_to', 'label': 'move_to(o3-7,scan_area)', 'params': {'x': 5, 'y': 5}}, {'name': 'place', 'label': 'place(o3-7,scan_area)', 'params': {'x': 5, 'y': 5, 'weight': 3}}], 'segment': 's3'}, {'id': 'fm7-8', 'wait': ['place(o3-7,scan_area)'], 'tasks': [{'name': 'scan', 'label': 'scan(o3-7)', 'params': {}}], 'segment': 's3'}, {'id': 'fm7-9', 'wait': ['scan(o3-7)'], 'tasks': [{'name': 'pick', 'label': 'pick(o3-7,scan_area)', 'params': {'x': 5, 'y': 5, 'weight': 3}}, {'name': 'move_to', 'label': 'move_to(o3-7,pack_area)', 'params': {'x': 8, 'y': 8}}, {'name': 'place', 'label': 'place(o3-7,pack_area)', 'params': {'x': 8, 'y': 8, 'weight': 3}}], 'segment': 's3'}, {'id': 'fm7-10', 'wait': [], 'tasks': [{'name': 'pick', 'label': 'pick(o4-7,shelf)', 'params': {'x': 3, 'y': 7, 'weight': 2}}, {'name': 'move_to', 'label': 'move_to(o4-7,scan_area)', 'params': {'x': 5, 'y': 5}}, {'name': 'place', 'label': 'place(o4-7,scan_area)', 'params': {'x': 5, 'y': 5, 'weight': 2}}], 'segment': 's4'}, {'id': 'fm7-11', 'wait': ['place(o4-7,scan_area)'], 'tasks': [{'name': 'scan', 'label': 'scan(o4-7)', 'params': {}}], 'segment': 's4'}, {'id': 'fm7-12', 'wait': ['scan(o4-7)'], 'tasks': [{'name': 'pick', 'label': 'pick(o4-7,scan_area)', 'params': {'x': 5, 'y': 5, 'weight': 2}}, {'name': 'move_to', 'label': 'move_to(o4-7,pack_area)', 'params': {'x': 8, 'y': 8}}, {'name': 'place', 'label': 'place(o4-7,pack_area)', 'params': {'x': 8, 'y': 8, 'weight': 2}}], 'segment': 's4'}, {'id': 'fm7-13', 'wait': [], 'tasks': [{'name': 'pick', 'label': 'pick(o5-7,shelf)', 'params': {'x': 4, 'y': 1, 'weight': 5}}, {'name': 'move_to', 'label': 'move_to(o5-7,scan_area)', 'params': {'x': 5, 'y': 5}}, {'name': 'place', 'label': 'place(o5-7,scan_area)', 'params': {'x': 5, 'y': 5, 'weight': 5}}], 'segment': 's5'}, {'id': 'fm7-14', 'wait': ['place(o5-7,scan_area)'], 'tasks': [{'name': 'scan', 'label': 'scan(o5-7)', 'params': {}}], 'segment': 's5'}, {'id': 'fm7-15', 'wait': ['scan(o5-7)'], 'tasks': [{'name': 'pick', 'label': 'pick(o5-7,scan_area)', 'params': {'x': 5, 'y': 5, 'weight': 5}}, {'name': 'move_to', 'label': 'move_to(o5-7,pack_area)', 'params': {'x': 8, 'y': 8}}, {'name': 'place', 'label': 'place(o5-7,pack_area)', 'params': {'x': 8, 'y': 8, 'weight': 5}}], 'segment': 's5'}, {'id': 'fm7-16', 'wait': ['place(o1-7,pack_area)', 'place(o2-7,pack_area)', 'place(o3-7,pack_area)', 'place(o4-7,pack_area)', 'place(o5-7,pack_area)'], 'tasks': [{'name': 'pack', 'label': 'pack(o1-7,o2-7,o3-7,o4-7,o5-7)', 'params': {'items': 5}}], 'segment': ''}, {'id': 'fm7-17', 'wait': ['pack(o1-7,o2-7,o3-7,o4-7,o5-7)'], 'tasks': [{'name': 'load_pack', 'label': 'load_pack(p7)', 'params': {'x': 8, 'y': 8, 'weight': 19}}, {'name': 'move_to', 'label': 'move_to(p7,deliver_area)', 'params': {'x': 10, 'y': 10}}, {'name': 'unload_pack', 'label': 'unload_pack(p7)', 'params': {'x': 10, 'y': 10, 'weight': 19}}], 'segment': ''}]}
[INFO] [1787911270.126391892] [multi3_coordinator_node]: Fragment fm7-1 is now executable because all signal messages were received.
[INFO] [1787911270.127413069] [multi3_coordinator_node]: Fragment fm7-4 is now executable because all signal messages were received.
[INFO] [1787911270.128326277] [multi3_coordinator_node]: Fragment fm7-7 is now executable because all signal messages were received.
[INFO] [1787911270.129111562] [multi3_coordinator_node]: Fragment fm7-10 is now executable because all signal messages were received.
[INFO] [1787911270.129733024] [multi3_coordinator_node]: Fragment fm7-13 is now executable because all signal messages were received.
[INFO] [1787911277.452430779] [multi3_coordinator_node]: Execution start signal received. Starting fragment assignment.
[INFO] [1787911278.457239941] [multi3_coordinator_node]: Assigned fragment fm1-1 to robot robot1.
[INFO] [1787911278.460556991] [multi3_coordinator_node]: Assigned fragment fm1-4 to robot robot2.
[INFO] [1787911278.464469635] [multi3_coordinator_node]: Assigned fragment fm3-1 to robot robot3.
[INFO] [1787911278.467608122] [multi3_coordinator_node]: Assigned fragment fm3-4 to robot robot4.
[INFO] [1787911278.477735176] [multi3_coordinator_node]: Received robot state update from robot robot1: {'operational_state': 'working', 'current_assigned_fragment': 'fm1-1', 'state': {'position': {'x': 0.0, 'y': 0.0, 'z': 0.0}, 'docked': True}}
[INFO] [1787911278.487765915] [multi3_coordinator_node]: Received robot state update from robot robot3: {'operational_state': 'working', 'current_assigned_fragment': 'fm3-1', 'state': {'position': {'x': 0.0, 'y': 0.0, 'z': 0.0}, 'docked': True}}
[INFO] [1787911278.488876602] [multi3_coordinator_node]: Received robot state update from robot robot2: {'operational_state': 'working', 'current_assigned_fragment': 'fm1-4', 'state': {'position': {'x': 0.0, 'y': 0.0, 'z': 0.0}, 'docked': True}}
[INFO] [1787911278.518204932] [multi3_coordinator_node]: Received robot state update from robot robot4: {'operational_state': 'working', 'current_assigned_fragment': 'fm3-4', 'state': {'position': {'x': 0.0, 'y': 0.0, 'z': 0.0}, 'docked': True}}
[INFO] [1787911296.736105200] [multi3_coordinator_node]: Received coordination message: {'robot_name': 'robot2', 'completed_task': 'pick(o2-1,shelf)'}
[INFO] [1787911299.006558416] [multi3_coordinator_node]: Received coordination message: {'robot_name': 'robot4', 'completed_task': 'pick(o2-3,shelf)'}
[INFO] [1787911302.280151439] [multi3_coordinator_node]: Received coordination message: {'robot_name': 'robot3', 'completed_task': 'pick(o1-3,shelf)'}
[INFO] [1787911304.662754288] [multi3_coordinator_node]: Received coordination message: {'robot_name': 'robot4', 'completed_task': 'move_to(o2-3,scan_area)'}
[INFO] [1787911305.218311610] [multi3_coordinator_node]: Received coordination message: {'robot_name': 'robot2', 'completed_task': 'move_to(o2-1,scan_area)'}
[INFO] [1787911310.766158486] [multi3_coordinator_node]: Received coordination message: {'robot_name': 'robot3', 'completed_task': 'move_to(o1-3,scan_area)'}
[INFO] [1787911312.234343231] [multi3_coordinator_node]: Received robot state update from robot robot2: {'operational_state': 'idle', 'current_assigned_fragment': None, 'state': {'position': {'x': 5, 'y': 5, 'z': 0.0}, 'docked': False}}
[INFO] [1787911312.235946504] [multi3_coordinator_node]: Fragment fm1-5 is now executable because all signal messages were received.
[INFO] [1787911312.237090351] [multi3_coordinator_node]: Received coordination message: {'robot_name': 'robot2', 'completed_fragment': 'fm1-4', 'state': {'position': {'x': 5, 'y': 5, 'z': 0.0}, 'docked': False}}
[INFO] [1787911312.239095822] [multi3_coordinator_node]: Received coordination message: {'robot_name': 'robot2', 'completed_task': 'place(o2-1,scan_area)'}
[INFO] [1787911312.466249744] [multi3_coordinator_node]: Assigned fragment fm1-5 to robot robot5.
[INFO] [1787911312.468940323] [multi3_coordinator_node]: Assigned fragment fm3-7 to robot robot2.
[INFO] [1787911312.482183579] [multi3_coordinator_node]: Received robot state update from robot robot5: {'operational_state': 'working', 'current_assigned_fragment': 'fm1-5', 'state': {'position': {'x': 0.0, 'y': 0.0, 'z': 0.0}, 'docked': True}}
[INFO] [1787911312.483553316] [multi3_coordinator_node]: Received robot state update from robot robot2: {'operational_state': 'working', 'current_assigned_fragment': 'fm3-7', 'state': {'position': {'x': 5, 'y': 5, 'z': 0.0}, 'docked': False}}
[INFO] [1787911312.685603841] [multi3_coordinator_node]: Received robot state update from robot robot4: {'operational_state': 'idle', 'current_assigned_fragment': None, 'state': {'position': {'x': 5, 'y': 5, 'z': 0.0}, 'docked': False}}
[INFO] [1787911312.687169391] [multi3_coordinator_node]: Received coordination message: {'robot_name': 'robot4', 'completed_fragment': 'fm3-4', 'state': {'position': {'x': 5, 'y': 5, 'z': 0.0}, 'docked': False}}
[INFO] [1787911312.688020899] [multi3_coordinator_node]: Fragment fm3-5 is now executable because all signal messages were received.
[INFO] [1787911312.688679436] [multi3_coordinator_node]: Received coordination message: {'robot_name': 'robot4', 'completed_task': 'place(o2-3,scan_area)'}
[INFO] [1787911313.455589088] [multi3_coordinator_node]: Assigned fragment fm5-1 to robot robot4.
[INFO] [1787911313.473147609] [multi3_coordinator_node]: Received robot state update from robot robot4: {'operational_state': 'working', 'current_assigned_fragment': 'fm5-1', 'state': {'position': {'x': 5, 'y': 5, 'z': 0.0}, 'docked': False}}
[INFO] [1787911314.368758084] [multi3_coordinator_node]: Received coordination message: {'robot_name': 'robot1', 'completed_task': 'pick(o1-1,shelf)'}
[INFO] [1787911314.376933984] [multi3_coordinator_node]: Received coordination message: {'robot_name': 'robot1', 'completed_task': 'move_to(o1-1,scan_area)'}
[INFO] [1787911319.796967448] [multi3_coordinator_node]: Received robot state update from robot robot3: {'operational_state': 'idle', 'current_assigned_fragment': None, 'state': {'position': {'x': 5, 'y': 5, 'z': 0.0}, 'docked': False}}
[INFO] [1787911319.798253778] [multi3_coordinator_node]: Fragment fm3-2 is now executable because all signal messages were received.
[INFO] [1787911319.799113892] [multi3_coordinator_node]: Received coordination message: {'robot_name': 'robot3', 'completed_fragment': 'fm3-1', 'state': {'position': {'x': 5, 'y': 5, 'z': 0.0}, 'docked': False}}
[INFO] [1787911319.800158286] [multi3_coordinator_node]: Received coordination message: {'robot_name': 'robot3', 'completed_task': 'place(o1-3,scan_area)'}
[INFO] [1787911320.459433102] [multi3_coordinator_node]: Assigned fragment fm5-4 to robot robot3.
[INFO] [1787911320.487701278] [multi3_coordinator_node]: Received robot state update from robot robot3: {'operational_state': 'working', 'current_assigned_fragment': 'fm5-4', 'state': {'position': {'x': 5, 'y': 5, 'z': 0.0}, 'docked': False}}
[INFO] [1787911322.514971202] [multi3_coordinator_node]: Received coordination message: {'robot_name': 'robot5', 'completed_fragment': 'fm1-5', 'state': {'position': {'x': 0.0, 'y': 0.0, 'z': 0.0}, 'docked': True}}
[INFO] [1787911322.516578496] [multi3_coordinator_node]: Fragment fm1-6 is now executable because all signal messages were received.
[INFO] [1787911322.517823616] [multi3_coordinator_node]: Received robot state update from robot robot5: {'operational_state': 'idle', 'current_assigned_fragment': None, 'state': {'position': {'x': 0.0, 'y': 0.0, 'z': 0.0}, 'docked': True}}
[INFO] [1787911322.518915828] [multi3_coordinator_node]: Received coordination message: {'robot_name': 'robot5', 'completed_task': 'scan(o2-1)'}
[INFO] [1787911323.459857903] [multi3_coordinator_node]: Assigned fragment fm3-2 to robot robot5.
[INFO] [1787911323.475107454] [multi3_coordinator_node]: Received robot state update from robot robot5: {'operational_state': 'working', 'current_assigned_fragment': 'fm3-2', 'state': {'position': {'x': 0.0, 'y': 0.0, 'z': 0.0}, 'docked': True}}
[INFO] [1787911327.406778242] [multi3_coordinator_node]: Received robot state update from robot robot1: {'operational_state': 'idle', 'current_assigned_fragment': None, 'state': {'position': {'x': 5, 'y': 5, 'z': 0.0}, 'docked': False}}
[INFO] [1787911327.408459228] [multi3_coordinator_node]: Fragment fm1-2 is now executable because all signal messages were received.
[INFO] [1787911327.409372924] [multi3_coordinator_node]: Received coordination message: {'robot_name': 'robot1', 'completed_fragment': 'fm1-1', 'state': {'position': {'x': 5, 'y': 5, 'z': 0.0}, 'docked': False}}
[INFO] [1787911327.410445037] [multi3_coordinator_node]: Received coordination message: {'robot_name': 'robot1', 'completed_task': 'place(o1-1,scan_area)'}
[INFO] [1787911327.460353580] [multi3_coordinator_node]: Assigned fragment fm1-6 to robot robot1.
[INFO] [1787911327.483571031] [multi3_coordinator_node]: Received robot state update from robot robot1: {'operational_state': 'working', 'current_assigned_fragment': 'fm1-6', 'state': {'position': {'x': 5, 'y': 5, 'z': 0.0}, 'docked': False}}
[INFO] [1787911331.012769568] [multi3_coordinator_node]: Received coordination message: {'robot_name': 'robot2', 'completed_task': 'pick(o3-3,shelf)'}
[INFO] [1787911331.450278044] [multi3_coordinator_node]: Received coordination message: {'robot_name': 'robot4', 'completed_task': 'pick(o1-5,shelf)'}
[INFO] [1787911331.504920661] [multi3_coordinator_node]: Fragment fm3-3 is now executable because all signal messages were received.
[INFO] [1787911331.505423584] [multi3_coordinator_node]: Received coordination message: {'robot_name': 'robot5', 'completed_fragment': 'fm3-2', 'state': {'position': {'x': 0.0, 'y': 0.0, 'z': 0.0}, 'docked': True}}
[INFO] [1787911331.505803525] [multi3_coordinator_node]: Received robot state update from robot robot5: {'operational_state': 'idle', 'current_assigned_fragment': None, 'state': {'position': {'x': 0.0, 'y': 0.0, 'z': 0.0}, 'docked': True}}
[INFO] [1787911331.506931679] [multi3_coordinator_node]: Received coordination message: {'robot_name': 'robot5', 'completed_task': 'scan(o1-3)'}
[INFO] [1787911332.460968753] [multi3_coordinator_node]: Assigned fragment fm1-2 to robot robot5.
[INFO] [1787911332.489257128] [multi3_coordinator_node]: Received robot state update from robot robot5: {'operational_state': 'working', 'current_assigned_fragment': 'fm1-2', 'state': {'position': {'x': 0.0, 'y': 0.0, 'z': 0.0}, 'docked': True}}
[INFO] [1787911334.500473672] [multi3_coordinator_node]: Received coordination message: {'robot_name': 'robot3', 'completed_task': 'pick(o2-5,shelf)'}
[INFO] [1787911334.506676794] [multi3_coordinator_node]: Received coordination message: {'robot_name': 'robot1', 'completed_task': 'pick(o2-1,scan_area)'}
[INFO] [1787911334.508192867] [multi3_coordinator_node]: Received coordination message: {'robot_name': 'robot3', 'completed_task': 'move_to(o2-5,scan_area)'}
[INFO] [1787911339.485081014] [multi3_coordinator_node]: Received coordination message: {'robot_name': 'robot2', 'completed_task': 'move_to(o3-3,scan_area)'}
[INFO] [1787911340.509143321] [multi3_coordinator_node]: Fragment fm1-3 is now executable because all signal messages were received.
[INFO] [1787911340.510553927] [multi3_coordinator_node]: Received coordination message: {'robot_name': 'robot5', 'completed_fragment': 'fm1-2', 'state': {'position': {'x': 0.0, 'y': 0.0, 'z': 0.0}, 'docked': True}}
[INFO] [1787911340.511022414] [multi3_coordinator_node]: Received robot state update from robot robot5: {'operational_state': 'idle', 'current_assigned_fragment': None, 'state': {'position': {'x': 0.0, 'y': 0.0, 'z': 0.0}, 'docked': True}}
[INFO] [1787911340.512115742] [multi3_coordinator_node]: Received coordination message: {'robot_name': 'robot5', 'completed_task': 'scan(o1-1)'}
[INFO] [1787911341.455964710] [multi3_coordinator_node]: Assigned fragment fm3-5 to robot robot5.
[INFO] [1787911341.471011812] [multi3_coordinator_node]: Received robot state update from robot robot5: {'operational_state': 'working', 'current_assigned_fragment': 'fm3-5', 'state': {'position': {'x': 0.0, 'y': 0.0, 'z': 0.0}, 'docked': True}}
[INFO] [1787911342.534556868] [multi3_coordinator_node]: Fragment fm5-5 is now executable because all signal messages were received.
[INFO] [1787911342.536196387] [multi3_coordinator_node]: Received robot state update from robot robot3: {'operational_state': 'idle', 'current_assigned_fragment': None, 'state': {'position': {'x': 5, 'y': 5, 'z': 0.0}, 'docked': False}}
[INFO] [1787911342.537652859] [multi3_coordinator_node]: Received coordination message: {'robot_name': 'robot3', 'completed_fragment': 'fm5-4', 'state': {'position': {'x': 5, 'y': 5, 'z': 0.0}, 'docked': False}}
[INFO] [1787911342.538537497] [multi3_coordinator_node]: Received coordination message: {'robot_name': 'robot3', 'completed_task': 'place(o2-5,scan_area)'}
[INFO] [1787911342.744689756] [multi3_coordinator_node]: Received coordination message: {'robot_name': 'robot4', 'completed_task': 'move_to(o1-5,scan_area)'}
[INFO] [1787911343.002555756] [multi3_coordinator_node]: Received coordination message: {'robot_name': 'robot1', 'completed_task': 'move_to(o2-1,pack_area)'}
[INFO] [1787911343.456722824] [multi3_coordinator_node]: Assigned fragment fm1-3 to robot robot3.
[INFO] [1787911343.462685743] [multi3_coordinator_node]: Received robot state update from robot robot3: {'operational_state': 'working', 'current_assigned_fragment': 'fm1-3', 'state': {'position': {'x': 5, 'y': 5, 'z': 0.0}, 'docked': False}}
[INFO] [1787911349.484648204] [multi3_coordinator_node]: Fragment fm3-6 is now executable because all signal messages were received.
[INFO] [1787911349.489232090] [multi3_coordinator_node]: Received coordination message: {'robot_name': 'robot5', 'completed_task': 'scan(o2-3)'}
[INFO] [1787911349.490389820] [multi3_coordinator_node]: Received robot state update from robot robot5: {'operational_state': 'idle', 'current_assigned_fragment': None, 'state': {'position': {'x': 0.0, 'y': 0.0, 'z': 0.0}, 'docked': True}}
[INFO] [1787911349.503759048] [multi3_coordinator_node]: Received coordination message: {'robot_name': 'robot5', 'completed_fragment': 'fm3-5', 'state': {'position': {'x': 0.0, 'y': 0.0, 'z': 0.0}, 'docked': True}}
[INFO] [1787911349.509222591] [multi3_coordinator_node]: Fragment fm3-8 is now executable because all signal messages were received.
[INFO] [1787911349.510159010] [multi3_coordinator_node]: Received coordination message: {'robot_name': 'robot2', 'completed_fragment': 'fm3-7', 'state': {'position': {'x': 5, 'y': 5, 'z': 0.0}, 'docked': False}}
[INFO] [1787911349.511640544] [multi3_coordinator_node]: Received robot state update from robot robot2: {'operational_state': 'idle', 'current_assigned_fragment': None, 'state': {'position': {'x': 5, 'y': 5, 'z': 0.0}, 'docked': False}}
[INFO] [1787911349.512989771] [multi3_coordinator_node]: Received coordination message: {'robot_name': 'robot2', 'completed_task': 'place(o3-3,scan_area)'}
[INFO] [1787911350.022850993] [multi3_coordinator_node]: Received coordination message: {'robot_name': 'robot1', 'completed_fragment': 'fm1-6', 'state': {'position': {'x': 8, 'y': 8, 'z': 0.0}, 'docked': False}}
[INFO] [1787911350.024345901] [multi3_coordinator_node]: Received coordination message: {'robot_name': 'robot1', 'completed_task': 'place(o2-1,pack_area)'}
[INFO] [1787911350.025299553] [multi3_coordinator_node]: Received robot state update from robot robot1: {'operational_state': 'idle', 'current_assigned_fragment': None, 'state': {'position': {'x': 8, 'y': 8, 'z': 0.0}, 'docked': False}}
[INFO] [1787911350.456000193] [multi3_coordinator_node]: Assigned fragment fm3-3 to robot robot1.
[INFO] [1787911350.466300142] [multi3_coordinator_node]: Assigned fragment fm3-6 to robot robot2.
[INFO] [1787911350.481702777] [multi3_coordinator_node]: Assigned fragment fm3-8 to robot robot5.
[INFO] [1787911350.495438020] [multi3_coordinator_node]: Received robot state update from robot robot1: {'operational_state': 'working', 'current_assigned_fragment': 'fm3-3', 'state': {'position': {'x': 8, 'y': 8, 'z': 0.0}, 'docked': False}}
[INFO] [1787911350.498748423] [multi3_coordinator_node]: Received robot state update from robot robot2: {'operational_state': 'working', 'current_assigned_fragment': 'fm3-6', 'state': {'position': {'x': 5, 'y': 5, 'z': 0.0}, 'docked': False}}
[INFO] [1787911350.500440403] [multi3_coordinator_node]: Received robot state update from robot robot5: {'operational_state': 'working', 'current_assigned_fragment': 'fm3-8', 'state': {'position': {'x': 0.0, 'y': 0.0, 'z': 0.0}, 'docked': True}}
[INFO] [1787911351.778495506] [multi3_coordinator_node]: Received robot state update from robot robot4: {'operational_state': 'idle', 'current_assigned_fragment': None, 'state': {'position': {'x': 5, 'y': 5, 'z': 0.0}, 'docked': False}}
[INFO] [1787911351.779466239] [multi3_coordinator_node]: Fragment fm5-2 is now executable because all signal messages were received.
[INFO] [1787911351.780689846] [multi3_coordinator_node]: Received coordination message: {'robot_name': 'robot4', 'completed_fragment': 'fm5-1', 'state': {'position': {'x': 5, 'y': 5, 'z': 0.0}, 'docked': False}}
[INFO] [1787911351.781493637] [multi3_coordinator_node]: Received coordination message: {'robot_name': 'robot4', 'completed_task': 'place(o1-5,scan_area)'}
[INFO] [1787911352.460004983] [multi3_coordinator_node]: Assigned fragment fm5-7 to robot robot4.
[INFO] [1787911352.466877295] [multi3_coordinator_node]: Received robot state update from robot robot4: {'operational_state': 'working', 'current_assigned_fragment': 'fm5-7', 'state': {'position': {'x': 5, 'y': 5, 'z': 0.0}, 'docked': False}}
[INFO] [1787911356.476810383] [multi3_coordinator_node]: Received coordination message: {'robot_name': 'robot3', 'completed_task': 'pick(o1-1,scan_area)'}
[INFO] [1787911360.498970319] [multi3_coordinator_node]: Fragment fm3-9 is now executable because all signal messages were received.
[INFO] [1787911360.539285603] [multi3_coordinator_node]: Received coordination message: {'robot_name': 'robot5', 'completed_task': 'scan(o3-3)'}
[INFO] [1787911360.542797370] [multi3_coordinator_node]: Received coordination message: {'robot_name': 'robot2', 'completed_task': 'pick(o2-3,scan_area)'}
[INFO] [1787911360.543773788] [multi3_coordinator_node]: Received robot state update from robot robot5: {'operational_state': 'idle', 'current_assigned_fragment': None, 'state': {'position': {'x': 0.0, 'y': 0.0, 'z': 0.0}, 'docked': True}}
[INFO] [1787911360.544626177] [multi3_coordinator_node]: Received coordination message: {'robot_name': 'robot5', 'completed_fragment': 'fm3-8', 'state': {'position': {'x': 0.0, 'y': 0.0, 'z': 0.0}, 'docked': True}}
[INFO] [1787911361.461719291] [multi3_coordinator_node]: Assigned fragment fm5-2 to robot robot5.
[INFO] [1787911361.477088582] [multi3_coordinator_node]: Received robot state update from robot robot5: {'operational_state': 'working', 'current_assigned_fragment': 'fm5-2', 'state': {'position': {'x': 0.0, 'y': 0.0, 'z': 0.0}, 'docked': True}}
[INFO] [1787911365.003198703] [multi3_coordinator_node]: Received coordination message: {'robot_name': 'robot3', 'completed_task': 'move_to(o1-1,pack_area)'}
[INFO] [1787911367.963250868] [multi3_coordinator_node]: Received mission: {'mission': 'm2', 'priority': 1, 'fragments': [{'id': 'fm2-1', 'wait': [], 'tasks': [{'name': 'pick', 'label': 'pick(o1-2,shelf)', 'params': {'x': 1, 'y': 3, 'weight': 5}}, {'name': 'move_to', 'label': 'move_to(o1-2,scan_area)', 'params': {'x': 5, 'y': 5}}, {'name': 'place', 'label': 'place(o1-2,scan_area)', 'params': {'x': 5, 'y': 5, 'weight': 5}}], 'segment': 's1'}, {'id': 'fm2-2', 'wait': ['place(o1-2,scan_area)'], 'tasks': [{'name': 'scan', 'label': 'scan(o1-2)', 'params': {}}], 'segment': 's1'}, {'id': 'fm2-3', 'wait': ['scan(o1-2)'], 'tasks': [{'name': 'pick', 'label': 'pick(o1-2,scan_area)', 'params': {'x': 5, 'y': 5, 'weight': 5}}, {'name': 'move_to', 'label': 'move_to(o1-2,pack_area)', 'params': {'x': 8, 'y': 8}}, {'name': 'place', 'label': 'place(o1-2,pack_area)', 'params': {'x': 8, 'y': 8, 'weight': 5}}], 'segment': 's1'}, {'id': 'fm2-4', 'wait': [], 'tasks': [{'name': 'pick', 'label': 'pick(o2-2,shelf)', 'params': {'x': 2, 'y': 6, 'weight': 2}}, {'name': 'move_to', 'label': 'move_to(o2-2,scan_area)', 'params': {'x': 5, 'y': 5}}, {'name': 'place', 'label': 'place(o2-2,scan_area)', 'params': {'x': 5, 'y': 5, 'weight': 2}}], 'segment': 's2'}, {'id': 'fm2-5', 'wait': ['place(o2-2,scan_area)'], 'tasks': [{'name': 'scan', 'label': 'scan(o2-2)', 'params': {}}], 'segment': 's2'}, {'id': 'fm2-6', 'wait': ['scan(o2-2)'], 'tasks': [{'name': 'pick', 'label': 'pick(o2-2,scan_area)', 'params': {'x': 5, 'y': 5, 'weight': 2}}, {'name': 'move_to', 'label': 'move_to(o2-2,pack_area)', 'params': {'x': 8, 'y': 8}}, {'name': 'place', 'label': 'place(o2-2,pack_area)', 'params': {'x': 8, 'y': 8, 'weight': 2}}], 'segment': 's2'}, {'id': 'fm2-7', 'wait': ['place(o1-2,pack_area)', 'place(o2-2,pack_area)'], 'tasks': [{'name': 'pack', 'label': 'pack(o1-2,o2-2)', 'params': {'items': 2}}], 'segment': ''}, {'id': 'fm2-8', 'wait': ['pack(o1-2,o2-2)'], 'tasks': [{'name': 'load_pack', 'label': 'load_pack(p2)', 'params': {'x': 8, 'y': 8, 'weight': 7}}, {'name': 'move_to', 'label': 'move_to(p2,deliver_area)', 'params': {'x': 10, 'y': 10}}, {'name': 'unload_pack', 'label': 'unload_pack(p2)', 'params': {'x': 10, 'y': 10, 'weight': 7}}], 'segment': ''}]}
[INFO] [1787911367.964061944] [multi3_coordinator_node]: Fragment fm2-1 is now executable because all signal messages were received.
[INFO] [1787911367.965101155] [multi3_coordinator_node]: Fragment fm2-4 is now executable because all signal messages were received.
[INFO] [1787911368.004462178] [multi3_coordinator_node]: Received coordination message: {'robot_name': 'robot1', 'completed_task': 'pick(o1-3,scan_area)'}
[INFO] [1787911368.994886218] [multi3_coordinator_node]: Received coordination message: {'robot_name': 'robot2', 'completed_task': 'move_to(o2-3,pack_area)'}
[INFO] [1787911369.503336635] [multi3_coordinator_node]: Received coordination message: {'robot_name': 'robot5', 'completed_fragment': 'fm5-2', 'state': {'position': {'x': 0.0, 'y': 0.0, 'z': 0.0}, 'docked': True}}
[INFO] [1787911369.505534598] [multi3_coordinator_node]: Fragment fm5-3 is now executable because all signal messages were received.
[INFO] [1787911369.507476640] [multi3_coordinator_node]: Received robot state update from robot robot5: {'operational_state': 'idle', 'current_assigned_fragment': None, 'state': {'position': {'x': 0.0, 'y': 0.0, 'z': 0.0}, 'docked': True}}
[INFO] [1787911369.510452247] [multi3_coordinator_node]: Received coordination message: {'robot_name': 'robot5', 'completed_task': 'scan(o1-5)'}
[INFO] [1787911369.768348786] [multi3_coordinator_node]: Received mission: {'mission': 'm8', 'priority': 1, 'fragments': [{'id': 'fm8-1', 'wait': [], 'tasks': [{'name': 'pick', 'label': 'pick(o1-8,shelf)', 'params': {'x': 8, 'y': 0, 'weight': 3}}, {'name': 'move_to', 'label': 'move_to(o1-8,scan_area)', 'params': {'x': 5, 'y': 5}}, {'name': 'place', 'label': 'place(o1-8,scan_area)', 'params': {'x': 5, 'y': 5, 'weight': 3}}], 'segment': 's1'}, {'id': 'fm8-2', 'wait': ['place(o1-8,scan_area)'], 'tasks': [{'name': 'scan', 'label': 'scan(o1-8)', 'params': {}}], 'segment': 's1'}, {'id': 'fm8-3', 'wait': ['scan(o1-8)'], 'tasks': [{'name': 'pick', 'label': 'pick(o1-8,scan_area)', 'params': {'x': 5, 'y': 5, 'weight': 4}}, {'name': 'move_to', 'label': 'move_to(o1-8,pack_area)', 'params': {'x': 8, 'y': 8}}, {'name': 'place', 'label': 'place(o1-8,pack_area)', 'params': {'x': 8, 'y': 8, 'weight': 4}}], 'segment': 's1'}, {'id': 'fm8-4', 'wait': [], 'tasks': [{'name': 'pick', 'label': 'pick(o2-8,shelf)', 'params': {'x': 1, 'y': 5, 'weight': 3}}, {'name': 'move_to', 'label': 'move_to(o2-8,scan_area)', 'params': {'x': 5, 'y': 5}}, {'name': 'place', 'label': 'place(o2-8,scan_area)', 'params': {'x': 5, 'y': 5, 'weight': 3}}], 'segment': 's2'}, {'id': 'fm8-5', 'wait': ['place(o2-8,scan_area)'], 'tasks': [{'name': 'scan', 'label': 'scan(o2-8)', 'params': {}}], 'segment': 's2'}, {'id': 'fm8-6', 'wait': ['scan(o2-8)'], 'tasks': [{'name': 'pick', 'label': 'pick(o2-8,scan_area)', 'params': {'x': 5, 'y': 5, 'weight': 3}}, {'name': 'move_to', 'label': 'move_to(o2-8,pack_area)', 'params': {'x': 8, 'y': 8}}, {'name': 'place', 'label': 'place(o2-8,pack_area)', 'params': {'x': 8, 'y': 8, 'weight': 3}}], 'segment': 's2'}, {'id': 'fm8-7', 'wait': [], 'tasks': [{'name': 'pick', 'label': 'pick(o3-8,shelf)', 'params': {'x': 3, 'y': 6, 'weight': 3}}, {'name': 'move_to', 'label': 'move_to(o3-8,scan_area)', 'params': {'x': 5, 'y': 5}}, {'name': 'place', 'label': 'place(o3-8,scan_area)', 'params': {'x': 5, 'y': 5, 'weight': 3}}], 'segment': 's3'}, {'id': 'fm8-8', 'wait': ['place(o3-8,scan_area)'], 'tasks': [{'name': 'scan', 'label': 'scan(o3-8)', 'params': {}}], 'segment': 's3'}, {'id': 'fm8-9', 'wait': ['scan(o3-8)'], 'tasks': [{'name': 'pick', 'label': 'pick(o3-8,scan_area)', 'params': {'x': 5, 'y': 5, 'weight': 3}}, {'name': 'move_to', 'label': 'move_to(o3-8,pack_area)', 'params': {'x': 8, 'y': 8}}, {'name': 'place', 'label': 'place(o3-8,pack_area)', 'params': {'x': 8, 'y': 8, 'weight': 3}}], 'segment': 's3'}, {'id': 'fm8-10', 'wait': [], 'tasks': [{'name': 'pick', 'label': 'pick(o4-8,shelf)', 'params': {'x': 1, 'y': 6, 'weight': 7}}, {'name': 'move_to', 'label': 'move_to(o4-8,scan_area)', 'params': {'x': 5, 'y': 5}}, {'name': 'place', 'label': 'place(o4-8,scan_area)', 'params': {'x': 5, 'y': 5, 'weight': 7}}], 'segment': 's4'}, {'id': 'fm8-11', 'wait': ['place(o4-8,scan_area)'], 'tasks': [{'name': 'scan', 'label': 'scan(o4-8)', 'params': {}}], 'segment': 's4'}, {'id': 'fm8-12', 'wait': ['scan(o4-8)'], 'tasks': [{'name': 'pick', 'label': 'pick(o4-8,scan_area)', 'params': {'x': 5, 'y': 5, 'weight': 7}}, {'name': 'move_to', 'label': 'move_to(o4-8,pack_area)', 'params': {'x': 8, 'y': 8}}, {'name': 'place', 'label': 'place(o4-8,pack_area)', 'params': {'x': 8, 'y': 8, 'weight': 7}}], 'segment': 's4'}, {'id': 'fm8-13', 'wait': [], 'tasks': [{'name': 'pick', 'label': 'pick(o5-8,shelf)', 'params': {'x': 4, 'y': 4, 'weight': 5}}, {'name': 'move_to', 'label': 'move_to(o5-8,scan_area)', 'params': {'x': 5, 'y': 5}}, {'name': 'place', 'label': 'place(o5-8,scan_area)', 'params': {'x': 5, 'y': 5, 'weight': 5}}], 'segment': 's5'}, {'id': 'fm8-14', 'wait': ['place(o5-8,scan_area)'], 'tasks': [{'name': 'scan', 'label': 'scan(o5-8)', 'params': {}}], 'segment': 's5'}, {'id': 'fm8-15', 'wait': ['scan(o5-8)'], 'tasks': [{'name': 'pick', 'label': 'pick(o5-8,scan_area)', 'params': {'x': 5, 'y': 5, 'weight': 5}}, {'name': 'move_to', 'label': 'move_to(o5-8,pack_area)', 'params': {'x': 8, 'y': 8}}, {'name': 'place', 'label': 'place(o5-8,pack_area)', 'params': {'x': 8, 'y': 8, 'weight': 5}}], 'segment': 's5'}, {'id': 'fm8-16', 'wait': ['place(o1-8,pack_area)', 'place(o2-8,pack_area)', 'place(o3-8,pack_area)', 'place(o4-8,pack_area)', 'place(o5-8,pack_area)'], 'tasks': [{'name': 'pack', 'label': 'pack(o1-8,o2-8,o3-8,o4-8,o5-8)', 'params': {'items': 5}}], 'segment': ''}, {'id': 'fm8-17', 'wait': ['pack(o1-8,o2-8,o3-8,o4-8,o5-8)'], 'tasks': [{'name': 'load_pack', 'label': 'load_pack(p8)', 'params': {'x': 8, 'y': 8, 'weight': 22}}, {'name': 'move_to', 'label': 'move_to(p8,deliver_area)', 'params': {'x': 10, 'y': 10}}, {'name': 'unload_pack', 'label': 'unload_pack(p7)', 'params': {'x': 10, 'y': 10, 'weight': 22}}], 'segment': ''}]}
[INFO] [1787911369.769318896] [multi3_coordinator_node]: Fragment fm8-1 is now executable because all signal messages were received.
[INFO] [1787911369.769920890] [multi3_coordinator_node]: Fragment fm8-4 is now executable because all signal messages were received.
[INFO] [1787911369.770441913] [multi3_coordinator_node]: Fragment fm8-7 is now executable because all signal messages were received.
[INFO] [1787911369.771208563] [multi3_coordinator_node]: Fragment fm8-10 is now executable because all signal messages were received.
[INFO] [1787911369.771695066] [multi3_coordinator_node]: Fragment fm8-13 is now executable because all signal messages were received.
[INFO] [1787911370.462127968] [multi3_coordinator_node]: Assigned fragment fm5-5 to robot robot5.
[INFO] [1787911370.480222815] [multi3_coordinator_node]: Received robot state update from robot robot5: {'operational_state': 'working', 'current_assigned_fragment': 'fm5-5', 'state': {'position': {'x': 0.0, 'y': 0.0, 'z': 0.0}, 'docked': True}}
[INFO] [1787911370.982163423] [multi3_coordinator_node]: Received coordination message: {'robot_name': 'robot4', 'completed_task': 'pick(o3-5,shelf)'}
[INFO] [1787911376.507622607] [multi3_coordinator_node]: Received coordination message: {'robot_name': 'robot1', 'completed_task': 'move_to(o1-3,pack_area)'}
[INFO] [1787911377.031931469] [multi3_coordinator_node]: Received coordination message: {'robot_name': 'robot2', 'completed_task': 'place(o2-3,pack_area)'}
[INFO] [1787911377.034056303] [multi3_coordinator_node]: Received coordination message: {'robot_name': 'robot2', 'completed_fragment': 'fm3-6', 'state': {'position': {'x': 8, 'y': 8, 'z': 0.0}, 'docked': False}}
[INFO] [1787911377.035179673] [multi3_coordinator_node]: Received robot state update from robot robot2: {'operational_state': 'idle', 'current_assigned_fragment': None, 'state': {'position': {'x': 8, 'y': 8, 'z': 0.0}, 'docked': False}}
[INFO] [1787911377.456260852] [multi3_coordinator_node]: Assigned fragment fm3-9 to robot robot2.
[INFO] [1787911377.469971126] [multi3_coordinator_node]: Received robot state update from robot robot2: {'operational_state': 'working', 'current_assigned_fragment': 'fm3-9', 'state': {'position': {'x': 8, 'y': 8, 'z': 0.0}, 'docked': False}}
[INFO] [1787911378.018216923] [multi3_coordinator_node]: Received coordination message: {'robot_name': 'robot3', 'completed_fragment': 'fm1-3', 'state': {'position': {'x': 8, 'y': 8, 'z': 0.0}, 'docked': False}}
[INFO] [1787911378.019409512] [multi3_coordinator_node]: Fragment fm1-7 is now executable because all signal messages were received.
[INFO] [1787911378.020571816] [multi3_coordinator_node]: Received robot state update from robot robot3: {'operational_state': 'idle', 'current_assigned_fragment': None, 'state': {'position': {'x': 8, 'y': 8, 'z': 0.0}, 'docked': False}}
[INFO] [1787911378.021278980] [multi3_coordinator_node]: Received coordination message: {'robot_name': 'robot3', 'completed_task': 'place(o1-1,pack_area)'}
[INFO] [1787911378.455919070] [multi3_coordinator_node]: Assigned fragment fm1-7 to robot robot6.
[INFO] [1787911378.460068234] [multi3_coordinator_node]: Assigned fragment fm5-3 to robot robot3.
[INFO] [1787911378.506529809] [multi3_coordinator_node]: Fragment fm5-6 is now executable because all signal messages were received.
[INFO] [1787911378.508351733] [multi3_coordinator_node]: Received coordination message: {'robot_name': 'robot5', 'completed_fragment': 'fm5-5', 'state': {'position': {'x': 0.0, 'y': 0.0, 'z': 0.0}, 'docked': True}}
[INFO] [1787911378.512912499] [multi3_coordinator_node]: Received robot state update from robot robot3: {'operational_state': 'working', 'current_assigned_fragment': 'fm5-3', 'state': {'position': {'x': 8, 'y': 8, 'z': 0.0}, 'docked': False}}
[INFO] [1787911378.516120183] [multi3_coordinator_node]: Received robot state update from robot robot6: {'operational_state': 'working', 'current_assigned_fragment': 'fm1-7', 'state': {'position': {'x': 0.0, 'y': 0.0, 'z': 0.0}, 'docked': True}}
[INFO] [1787911378.517323724] [multi3_coordinator_node]: Received robot state update from robot robot5: {'operational_state': 'idle', 'current_assigned_fragment': None, 'state': {'position': {'x': 0.0, 'y': 0.0, 'z': 0.0}, 'docked': True}}
[INFO] [1787911378.518386134] [multi3_coordinator_node]: Received coordination message: {'robot_name': 'robot5', 'completed_task': 'scan(o2-5)'}
[INFO] [1787911379.469928197] [multi3_coordinator_node]: Received coordination message: {'robot_name': 'robot4', 'completed_task': 'move_to(o3-5,scan_area)'}
[INFO] [1787911385.571662644] [multi3_coordinator_node]: Received coordination message: {'robot_name': 'robot1', 'completed_fragment': 'fm3-3', 'state': {'position': {'x': 8, 'y': 8, 'z': 0.0}, 'docked': False}}
[INFO] [1787911385.572836589] [multi3_coordinator_node]: Received robot state update from robot robot1: {'operational_state': 'idle', 'current_assigned_fragment': None, 'state': {'position': {'x': 8, 'y': 8, 'z': 0.0}, 'docked': False}}
[INFO] [1787911385.573395541] [multi3_coordinator_node]: Received coordination message: {'robot_name': 'robot1', 'completed_task': 'place(o1-3,pack_area)'}
[INFO] [1787911386.460745890] [multi3_coordinator_node]: Assigned fragment fm5-6 to robot robot1.
[INFO] [1787911386.476194497] [multi3_coordinator_node]: Received robot state update from robot robot1: {'operational_state': 'working', 'current_assigned_fragment': 'fm5-6', 'state': {'position': {'x': 8, 'y': 8, 'z': 0.0}, 'docked': False}}
[INFO] [1787911389.549194710] [multi3_coordinator_node]: Received robot state update from robot robot4: {'operational_state': 'idle', 'current_assigned_fragment': None, 'state': {'position': {'x': 5, 'y': 5, 'z': 0.0}, 'docked': False}}
[INFO] [1787911389.550554241] [multi3_coordinator_node]: Fragment fm5-8 is now executable because all signal messages were received.
[INFO] [1787911389.551203260] [multi3_coordinator_node]: Received coordination message: {'robot_name': 'robot4', 'completed_fragment': 'fm5-7', 'state': {'position': {'x': 5, 'y': 5, 'z': 0.0}, 'docked': False}}
[INFO] [1787911389.551997904] [multi3_coordinator_node]: Received coordination message: {'robot_name': 'robot4', 'completed_task': 'place(o3-5,scan_area)'}
[INFO] [1787911390.458707148] [multi3_coordinator_node]: Assigned fragment fm5-8 to robot robot5.
[INFO] [1787911390.477958072] [multi3_coordinator_node]: Assigned fragment fm5-10 to robot robot4.
[INFO] [1787911390.501305043] [multi3_coordinator_node]: Received robot state update from robot robot4: {'operational_state': 'working', 'current_assigned_fragment': 'fm5-10', 'state': {'position': {'x': 5, 'y': 5, 'z': 0.0}, 'docked': False}}
[INFO] [1787911390.503212882] [multi3_coordinator_node]: Received robot state update from robot robot5: {'operational_state': 'working', 'current_assigned_fragment': 'fm5-8', 'state': {'position': {'x': 0.0, 'y': 0.0, 'z': 0.0}, 'docked': True}}
[INFO] [1787911396.042625219] [multi3_coordinator_node]: Received coordination message: {'robot_name': 'robot3', 'completed_task': 'pick(o1-5,scan_area)'}
[INFO] [1787911396.043791877] [multi3_coordinator_node]: Received coordination message: {'robot_name': 'robot2', 'completed_task': 'pick(o3-3,scan_area)'}
[INFO] [1787911397.527575354] [multi3_coordinator_node]: Fragment fm1-8 is now executable because all signal messages were received.
[INFO] [1787911397.530339006] [multi3_coordinator_node]: Received robot state update from robot robot6: {'operational_state': 'idle', 'current_assigned_fragment': None, 'state': {'position': {'x': 0.0, 'y': 0.0, 'z': 0.0}, 'docked': True}}
[INFO] [1787911397.530703524] [multi3_coordinator_node]: Received coordination message: {'robot_name': 'robot6', 'completed_fragment': 'fm1-7', 'state': {'position': {'x': 0.0, 'y': 0.0, 'z': 0.0}, 'docked': True}}
[INFO] [1787911397.531108917] [multi3_coordinator_node]: Received coordination message: {'robot_name': 'robot6', 'completed_task': 'pack(o1-1,o2-1)'}
[INFO] [1787911398.457546642] [multi3_coordinator_node]: Assigned fragment fm1-8 to robot robot7.
[INFO] [1787911398.468799053] [multi3_coordinator_node]: Received robot state update from robot robot7: {'operational_state': 'working', 'current_assigned_fragment': 'fm1-8', 'state': {'position': {'x': 0.0, 'y': 0.0, 'z': 0.0}, 'docked': True}}
[INFO] [1787911400.527014060] [multi3_coordinator_node]: Received robot state update from robot robot5: {'operational_state': 'idle', 'current_assigned_fragment': None, 'state': {'position': {'x': 0.0, 'y': 0.0, 'z': 0.0}, 'docked': True}}
[INFO] [1787911400.528765622] [multi3_coordinator_node]: Fragment fm5-9 is now executable because all signal messages were received.
[INFO] [1787911400.540772636] [multi3_coordinator_node]: Received coordination message: {'robot_name': 'robot5', 'completed_fragment': 'fm5-8', 'state': {'position': {'x': 0.0, 'y': 0.0, 'z': 0.0}, 'docked': True}}
[INFO] [1787911400.542156107] [multi3_coordinator_node]: Received coordination message: {'robot_name': 'robot5', 'completed_task': 'scan(o3-5)'}
[INFO] [1787911403.007800263] [multi3_coordinator_node]: Received coordination message: {'robot_name': 'robot1', 'completed_task': 'pick(o2-5,scan_area)'}
[INFO] [1787911404.506428670] [multi3_coordinator_node]: Received coordination message: {'robot_name': 'robot2', 'completed_task': 'move_to(o3-3,pack_area)'}
[INFO] [1787911404.517357696] [multi3_coordinator_node]: Received coordination message: {'robot_name': 'robot3', 'completed_task': 'move_to(o1-5,pack_area)'}
[INFO] [1787911408.484100037] [multi3_coordinator_node]: Received coordination message: {'robot_name': 'robot4', 'completed_task': 'pick(o4-5,shelf)'}
[INFO] [1787911411.494096631] [multi3_coordinator_node]: Received coordination message: {'robot_name': 'robot1', 'completed_task': 'move_to(o2-5,pack_area)'}
[INFO] [1787911413.542662998] [multi3_coordinator_node]: Received coordination message: {'robot_name': 'robot3', 'completed_fragment': 'fm5-3', 'state': {'position': {'x': 8, 'y': 8, 'z': 0.0}, 'docked': False}}
[INFO] [1787911413.544038804] [multi3_coordinator_node]: Received robot state update from robot robot3: {'operational_state': 'idle', 'current_assigned_fragment': None, 'state': {'position': {'x': 8, 'y': 8, 'z': 0.0}, 'docked': False}}
[INFO] [1787911413.544783651] [multi3_coordinator_node]: Received coordination message: {'robot_name': 'robot3', 'completed_task': 'place(o1-5,pack_area)'}
[INFO] [1787911414.461633054] [multi3_coordinator_node]: Assigned fragment fm5-9 to robot robot3.
[INFO] [1787911414.497194927] [multi3_coordinator_node]: Received robot state update from robot robot3: {'operational_state': 'working', 'current_assigned_fragment': 'fm5-9', 'state': {'position': {'x': 8, 'y': 8, 'z': 0.0}, 'docked': False}}
[INFO] [1787911414.583056070] [multi3_coordinator_node]: Received coordination message: {'robot_name': 'robot2', 'completed_fragment': 'fm3-9', 'state': {'position': {'x': 8, 'y': 8, 'z': 0.0}, 'docked': False}}
[INFO] [1787911414.587455972] [multi3_coordinator_node]: Fragment fm3-10 is now executable because all signal messages were received.
[INFO] [1787911414.588092591] [multi3_coordinator_node]: Received robot state update from robot robot2: {'operational_state': 'idle', 'current_assigned_fragment': None, 'state': {'position': {'x': 8, 'y': 8, 'z': 0.0}, 'docked': False}}
[INFO] [1787911414.589173264] [multi3_coordinator_node]: Received coordination message: {'robot_name': 'robot2', 'completed_task': 'place(o3-3,pack_area)'}
[INFO] [1787911415.462872213] [multi3_coordinator_node]: Assigned fragment fm3-10 to robot robot6.
[INFO] [1787911415.466142114] [multi3_coordinator_node]: Assigned fragment fm7-1 to robot robot2.
[INFO] [1787911415.488525263] [multi3_coordinator_node]: Received robot state update from robot robot2: {'operational_state': 'working', 'current_assigned_fragment': 'fm7-1', 'state': {'position': {'x': 8, 'y': 8, 'z': 0.0}, 'docked': False}}
[INFO] [1787911415.491182820] [multi3_coordinator_node]: Received robot state update from robot robot6: {'operational_state': 'working', 'current_assigned_fragment': 'fm3-10', 'state': {'position': {'x': 0.0, 'y': 0.0, 'z': 0.0}, 'docked': True}}
[INFO] [1787911419.541333417] [multi3_coordinator_node]: Received coordination message: {'robot_name': 'robot1', 'completed_task': 'place(o2-5,pack_area)'}
[INFO] [1787911419.542395280] [multi3_coordinator_node]: Received robot state update from robot robot1: {'operational_state': 'idle', 'current_assigned_fragment': None, 'state': {'position': {'x': 8, 'y': 8, 'z': 0.0}, 'docked': False}}
[INFO] [1787911419.543771636] [multi3_coordinator_node]: Received coordination message: {'robot_name': 'robot1', 'completed_fragment': 'fm5-6', 'state': {'position': {'x': 8, 'y': 8, 'z': 0.0}, 'docked': False}}
[INFO] [1787911419.836434309] [multi3_coordinator_node]: Received coordination message: {'robot_name': 'robot4', 'completed_task': 'move_to(o4-5,scan_area)'}
[INFO] [1787911420.460332776] [multi3_coordinator_node]: Assigned fragment fm7-4 to robot robot1.
[INFO] [1787911420.479491879] [multi3_coordinator_node]: Received robot state update from robot robot1: {'operational_state': 'working', 'current_assigned_fragment': 'fm7-4', 'state': {'position': {'x': 8, 'y': 8, 'z': 0.0}, 'docked': False}}
[INFO] [1787911428.827316876] [multi3_coordinator_node]: Received robot state update from robot robot4: {'operational_state': 'idle', 'current_assigned_fragment': None, 'state': {'position': {'x': 5, 'y': 5, 'z': 0.0}, 'docked': False}}
[INFO] [1787911428.828781552] [multi3_coordinator_node]: Received coordination message: {'robot_name': 'robot4', 'completed_fragment': 'fm5-10', 'state': {'position': {'x': 5, 'y': 5, 'z': 0.0}, 'docked': False}}
[INFO] [1787911428.829448697] [multi3_coordinator_node]: Fragment fm5-11 is now executable because all signal messages were received.
[INFO] [1787911428.830013064] [multi3_coordinator_node]: Received coordination message: {'robot_name': 'robot4', 'completed_task': 'place(o4-5,scan_area)'}
[INFO] [1787911429.456382998] [multi3_coordinator_node]: Assigned fragment fm5-11 to robot robot5.
[INFO] [1787911429.459260588] [multi3_coordinator_node]: Assigned fragment fm7-7 to robot robot4.
[INFO] [1787911429.490250992] [multi3_coordinator_node]: Received robot state update from robot robot5: {'operational_state': 'working', 'current_assigned_fragment': 'fm5-11', 'state': {'position': {'x': 0.0, 'y': 0.0, 'z': 0.0}, 'docked': True}}
[INFO] [1787911429.491086876] [multi3_coordinator_node]: Received robot state update from robot robot4: {'operational_state': 'working', 'current_assigned_fragment': 'fm7-7', 'state': {'position': {'x': 5, 'y': 5, 'z': 0.0}, 'docked': False}}
[INFO] [1787911433.003651508] [multi3_coordinator_node]: Received coordination message: {'robot_name': 'robot3', 'completed_task': 'pick(o3-5,scan_area)'}
[INFO] [1787911433.132170738] [multi3_coordinator_node]: Received coordination message: {'robot_name': 'robot6', 'completed_fragment': 'fm3-10', 'state': {'position': {'x': 0.0, 'y': 0.0, 'z': 0.0}, 'docked': True}}
[INFO] [1787911433.133526595] [multi3_coordinator_node]: Received robot state update from robot robot6: {'operational_state': 'idle', 'current_assigned_fragment': None, 'state': {'position': {'x': 0.0, 'y': 0.0, 'z': 0.0}, 'docked': True}}
[INFO] [1787911433.134140961] [multi3_coordinator_node]: Fragment fm3-11 is now executable because all signal messages were received.
[INFO] [1787911433.135557276] [multi3_coordinator_node]: Received coordination message: {'robot_name': 'robot6', 'completed_task': 'pack(o1-3,o2-3,o3-3)'}
[INFO] [1787911436.358889473] [multi3_coordinator_node]: Received coordination message: {'robot_name': 'robot2', 'completed_task': 'pick(o1-7,shelf)'}
[INFO] [1787911439.156933558] [multi3_coordinator_node]: Received coordination message: {'robot_name': 'robot2', 'completed_task': 'move_to(o1-7,scan_area)'}
[INFO] [1787911439.511012828] [multi3_coordinator_node]: Fragment fm5-12 is now executable because all signal messages were received.
[INFO] [1787911439.513841574] [multi3_coordinator_node]: Received coordination message: {'robot_name': 'robot5', 'completed_fragment': 'fm5-11', 'state': {'position': {'x': 0.0, 'y': 0.0, 'z': 0.0}, 'docked': True}}
[INFO] [1787911439.514909242] [multi3_coordinator_node]: Received robot state update from robot robot5: {'operational_state': 'idle', 'current_assigned_fragment': None, 'state': {'position': {'x': 0.0, 'y': 0.0, 'z': 0.0}, 'docked': True}}
[INFO] [1787911439.515514379] [multi3_coordinator_node]: Received coordination message: {'robot_name': 'robot5', 'completed_task': 'scan(o4-5)'}
[INFO] [1787911441.491079992] [multi3_coordinator_node]: Received coordination message: {'robot_name': 'robot3', 'completed_task': 'move_to(o3-5,pack_area)'}
[INFO] [1787911441.977964422] [multi3_coordinator_node]: Received coordination message: {'robot_name': 'robot4', 'completed_task': 'pick(o3-7,shelf)'}
[INFO] [1787911442.159226042] [multi3_coordinator_node]: Received coordination message: {'robot_name': 'robot7', 'completed_task': 'load_pack(p1)'}
[INFO] [1787911442.943183954] [multi3_coordinator_node]: Received coordination message: {'robot_name': 'robot1', 'completed_task': 'pick(o2-7,shelf)'}
[INFO] [1787911447.651964946] [multi3_coordinator_node]: Received coordination message: {'robot_name': 'robot4', 'completed_task': 'move_to(o3-7,scan_area)'}
[INFO] [1787911447.831195753] [multi3_coordinator_node]: Received coordination message: {'robot_name': 'robot7', 'completed_task': 'move_to(p1,deliver_area)'}
[INFO] [1787911449.179849936] [multi3_coordinator_node]: Fragment fm7-2 is now executable because all signal messages were received.
[INFO] [1787911449.182257056] [multi3_coordinator_node]: Received coordination message: {'robot_name': 'robot2', 'completed_fragment': 'fm7-1', 'state': {'position': {'x': 5, 'y': 5, 'z': 0.0}, 'docked': False}}
[INFO] [1787911449.183313498] [multi3_coordinator_node]: Received robot state update from robot robot2: {'operational_state': 'idle', 'current_assigned_fragment': None, 'state': {'position': {'x': 5, 'y': 5, 'z': 0.0}, 'docked': False}}
[INFO] [1787911449.184177304] [multi3_coordinator_node]: Received coordination message: {'robot_name': 'robot2', 'completed_task': 'place(o1-7,scan_area)'}
[INFO] [1787911449.460035090] [multi3_coordinator_node]: Assigned fragment fm5-12 to robot robot2.
[INFO] [1787911449.464259675] [multi3_coordinator_node]: Assigned fragment fm7-2 to robot robot5.
[INFO] [1787911449.496654625] [multi3_coordinator_node]: Received robot state update from robot robot2: {'operational_state': 'working', 'current_assigned_fragment': 'fm5-12', 'state': {'position': {'x': 5, 'y': 5, 'z': 0.0}, 'docked': False}}
[INFO] [1787911449.497506274] [multi3_coordinator_node]: Received robot state update from robot robot5: {'operational_state': 'working', 'current_assigned_fragment': 'fm7-2', 'state': {'position': {'x': 0.0, 'y': 0.0, 'z': 0.0}, 'docked': True}}
[INFO] [1787911451.423945186] [multi3_coordinator_node]: Received coordination message: {'robot_name': 'robot1', 'completed_task': 'move_to(o2-7,scan_area)'}
[INFO] [1787911451.516895736] [multi3_coordinator_node]: Received coordination message: {'robot_name': 'robot3', 'completed_fragment': 'fm5-9', 'state': {'position': {'x': 8, 'y': 8, 'z': 0.0}, 'docked': False}}
[INFO] [1787911451.518454082] [multi3_coordinator_node]: Received robot state update from robot robot3: {'operational_state': 'idle', 'current_assigned_fragment': None, 'state': {'position': {'x': 8, 'y': 8, 'z': 0.0}, 'docked': False}}
[INFO] [1787911451.519475848] [multi3_coordinator_node]: Received coordination message: {'robot_name': 'robot3', 'completed_task': 'place(o3-5,pack_area)'}
[INFO] [1787911452.457080681] [multi3_coordinator_node]: Assigned fragment fm7-10 to robot robot3.
[INFO] [1787911452.480516365] [multi3_coordinator_node]: Received robot state update from robot robot3: {'operational_state': 'working', 'current_assigned_fragment': 'fm7-10', 'state': {'position': {'x': 8, 'y': 8, 'z': 0.0}, 'docked': False}}
[INFO] [1787911455.690800217] [multi3_coordinator_node]: Received coordination message: {'robot_name': 'robot4', 'completed_fragment': 'fm7-7', 'state': {'position': {'x': 5, 'y': 5, 'z': 0.0}, 'docked': False}}
[INFO] [1787911455.691903764] [multi3_coordinator_node]: Received robot state update from robot robot4: {'operational_state': 'idle', 'current_assigned_fragment': None, 'state': {'position': {'x': 5, 'y': 5, 'z': 0.0}, 'docked': False}}
[INFO] [1787911455.692595150] [multi3_coordinator_node]: Fragment fm7-8 is now executable because all signal messages were received.
[INFO] [1787911455.693146532] [multi3_coordinator_node]: Received coordination message: {'robot_name': 'robot4', 'completed_task': 'place(o3-7,scan_area)'}
[INFO] [1787911456.458356629] [multi3_coordinator_node]: Assigned fragment fm7-13 to robot robot4.
[INFO] [1787911456.476167856] [multi3_coordinator_node]: Received robot state update from robot robot4: {'operational_state': 'working', 'current_assigned_fragment': 'fm7-13', 'state': {'position': {'x': 5, 'y': 5, 'z': 0.0}, 'docked': False}}
[INFO] [1787911458.036802466] [multi3_coordinator_node]: Received mission: {'mission': 'm4', 'priority': 1, 'fragments': [{'id': 'fm4-1', 'wait': [], 'tasks': [{'name': 'pick', 'label': 'pick(o1-4,shelf)', 'params': {'x': 2, 'y': 5, 'weight': 4}}, {'name': 'move_to', 'label': 'move_to(o1-4,scan_area)', 'params': {'x': 5, 'y': 5}}, {'name': 'place', 'label': 'place(o1-4,scan_area)', 'params': {'x': 5, 'y': 5, 'weight': 4}}], 'segment': 's1'}, {'id': 'fm4-2', 'wait': ['place(o1-4,scan_area)'], 'tasks': [{'name': 'scan', 'label': 'scan(o1-4)', 'params': {}}], 'segment': 's1'}, {'id': 'fm4-3', 'wait': ['scan(o1-4)'], 'tasks': [{'name': 'pick', 'label': 'pick(o1-4,scan_area)', 'params': {'x': 5, 'y': 5, 'weight': 4}}, {'name': 'move_to', 'label': 'move_to(o1-4,pack_area)', 'params': {'x': 8, 'y': 8}}, {'name': 'place', 'label': 'place(o1-4,pack_area)', 'params': {'x': 8, 'y': 8, 'weight': 4}}], 'segment': 's1'}, {'id': 'fm4-4', 'wait': [], 'tasks': [{'name': 'pick', 'label': 'pick(o2-4,shelf)', 'params': {'x': 3, 'y': 3, 'weight': 3}}, {'name': 'move_to', 'label': 'move_to(o2-4,scan_area)', 'params': {'x': 5, 'y': 5}}, {'name': 'place', 'label': 'place(o2-4,scan_area)', 'params': {'x': 5, 'y': 5, 'weight': 3}}], 'segment': 's2'}, {'id': 'fm4-5', 'wait': ['place(o2-4,scan_area)'], 'tasks': [{'name': 'scan', 'label': 'scan(o2-4)', 'params': {}}], 'segment': 's2'}, {'id': 'fm4-6', 'wait': ['scan(o2-4)'], 'tasks': [{'name': 'pick', 'label': 'pick(o2-4,scan_area)', 'params': {'x': 5, 'y': 5, 'weight': 3}}, {'name': 'move_to', 'label': 'move_to(o2-4,pack_area)', 'params': {'x': 8, 'y': 8}}, {'name': 'place', 'label': 'place(o2-4,pack_area)', 'params': {'x': 8, 'y': 8, 'weight': 3}}], 'segment': 's2'}, {'id': 'fm4-7', 'wait': [], 'tasks': [{'name': 'pick', 'label': 'pick(o3-4,shelf)', 'params': {'x': 2, 'y': 8, 'weight': 5}}, {'name': 'move_to', 'label': 'move_to(o3-4,scan_area)', 'params': {'x': 5, 'y': 5}}, {'name': 'place', 'label': 'place(o3-4,scan_area)', 'params': {'x': 5, 'y': 5, 'weight': 5}}], 'segment': 's3'}, {'id': 'fm4-8', 'wait': ['place(o3-4,scan_area)'], 'tasks': [{'name': 'scan', 'label': 'scan(o3-4)', 'params': {}}], 'segment': 's3'}, {'id': 'fm4-9', 'wait': ['scan(o3-4)'], 'tasks': [{'name': 'pick', 'label': 'pick(o3-4,scan_area)', 'params': {'x': 5, 'y': 5, 'weight': 5}}, {'name': 'move_to', 'label': 'move_to(o3-4,pack_area)', 'params': {'x': 8, 'y': 8}}, {'name': 'place', 'label': 'place(o3-4,pack_area)', 'params': {'x': 8, 'y': 8, 'weight': 5}}], 'segment': 's3'}, {'id': 'fm4-10', 'wait': ['place(o1-4,pack_area)', 'place(o2-4,pack_area)', 'place(o3-4,pack_area)'], 'tasks': [{'name': 'pack', 'label': 'pack(o1-4,o2-4,o3-4)', 'params': {'items': 3}}], 'segment': ''}, {'id': 'fm4-11', 'wait': ['pack(o1-4,o2-4,o3-4)'], 'tasks': [{'name': 'load_pack', 'label': 'load_pack(p4)', 'params': {'x': 8, 'y': 8, 'weight': 10}}, {'name': 'move_to', 'label': 'move_to(p4,deliver_area)', 'params': {'x': 10, 'y': 10}}, {'name': 'unload_pack', 'label': 'unload_pack(p4)', 'params': {'x': 10, 'y': 10, 'weight': 10}}], 'segment': ''}]}
[INFO] [1787911458.037514457] [multi3_coordinator_node]: Fragment fm4-1 is now executable because all signal messages were received.
[INFO] [1787911458.038000121] [multi3_coordinator_node]: Fragment fm4-4 is now executable because all signal messages were received.
[INFO] [1787911458.038586589] [multi3_coordinator_node]: Fragment fm4-7 is now executable because all signal messages were received.
[INFO] [1787911458.524085799] [multi3_coordinator_node]: Received coordination message: {'robot_name': 'robot2', 'completed_task': 'pick(o4-5,scan_area)'}
[INFO] [1787911459.475490484] [multi3_coordinator_node]: Fragment fm7-5 is now executable because all signal messages were received.
[INFO] [1787911459.502594241] [multi3_coordinator_node]: Received robot state update from robot robot1: {'operational_state': 'idle', 'current_assigned_fragment': None, 'state': {'position': {'x': 5, 'y': 5, 'z': 0.0}, 'docked': False}}
[INFO] [1787911459.506211037] [multi3_coordinator_node]: Assigned fragment fm2-1 to robot robot1.
[INFO] [1787911459.510961906] [multi3_coordinator_node]: Received coordination message: {'robot_name': 'robot1', 'completed_fragment': 'fm7-4', 'state': {'position': {'x': 5, 'y': 5, 'z': 0.0}, 'docked': False}}
[INFO] [1787911459.516693634] [multi3_coordinator_node]: Received robot state update from robot robot1: {'operational_state': 'working', 'current_assigned_fragment': 'fm2-1', 'state': {'position': {'x': 5, 'y': 5, 'z': 0.0}, 'docked': False}}
[INFO] [1787911459.519037696] [multi3_coordinator_node]: Received coordination message: {'robot_name': 'robot5', 'completed_fragment': 'fm7-2', 'state': {'position': {'x': 0.0, 'y': 0.0, 'z': 0.0}, 'docked': True}}
[INFO] [1787911459.519459995] [multi3_coordinator_node]: Received coordination message: {'robot_name': 'robot1', 'completed_task': 'place(o2-7,scan_area)'}
[INFO] [1787911459.520671760] [multi3_coordinator_node]: Fragment fm7-3 is now executable because all signal messages were received.
[INFO] [1787911459.521260620] [multi3_coordinator_node]: Received robot state update from robot robot5: {'operational_state': 'idle', 'current_assigned_fragment': None, 'state': {'position': {'x': 0.0, 'y': 0.0, 'z': 0.0}, 'docked': True}}
[INFO] [1787911459.522351306] [multi3_coordinator_node]: Received coordination message: {'robot_name': 'robot5', 'completed_task': 'scan(o1-7)'}
[INFO] [1787911459.828681238] [multi3_coordinator_node]: Received mission: {'mission': 'm6', 'priority': 1, 'fragments': [{'id': 'fm6-1', 'wait': [], 'tasks': [{'name': 'pick', 'label': 'pick(o1-6,shelf)', 'params': {'x': 5, 'y': 1, 'weight': 10}}, {'name': 'move_to', 'label': 'move_to(o1-6,scan_area)', 'params': {'x': 5, 'y': 5}}, {'name': 'place', 'label': 'place(o1-6,scan_area)', 'params': {'x': 5, 'y': 5, 'weight': 10}}], 'segment': 's1'}, {'id': 'fm6-2', 'wait': ['place(o1-6,scan_area)'], 'tasks': [{'name': 'scan', 'label': 'scan(o1-6)', 'params': {}}], 'segment': 's1'}, {'id': 'fm6-3', 'wait': ['scan(o1-6)'], 'tasks': [{'name': 'pick', 'label': 'pick(o1-6,scan_area)', 'params': {'x': 5, 'y': 5, 'weight': 10}}, {'name': 'move_to', 'label': 'move_to(o1-6,pack_area)', 'params': {'x': 8, 'y': 8}}, {'name': 'place', 'label': 'place(o1-6,pack_area)', 'params': {'x': 8, 'y': 8, 'weight': 10}}], 'segment': 's1'}, {'id': 'fm6-4', 'wait': [], 'tasks': [{'name': 'pick', 'label': 'pick(o2-6,shelf)', 'params': {'x': 1, 'y': 3, 'weight': 3}}, {'name': 'move_to', 'label': 'move_to(o2-6,scan_area)', 'params': {'x': 5, 'y': 5}}, {'name': 'place', 'label': 'place(o2-6,scan_area)', 'params': {'x': 5, 'y': 5, 'weight': 3}}], 'segment': 's2'}, {'id': 'fm6-5', 'wait': ['place(o2-6,scan_area)'], 'tasks': [{'name': 'scan', 'label': 'scan(o2-6)', 'params': {}}], 'segment': 's2'}, {'id': 'fm6-6', 'wait': ['scan(o2-6)'], 'tasks': [{'name': 'pick', 'label': 'pick(o2-6,scan_area)', 'params': {'x': 5, 'y': 5, 'weight': 3}}, {'name': 'move_to', 'label': 'move_to(o2-6,pack_area)', 'params': {'x': 8, 'y': 8}}, {'name': 'place', 'label': 'place(o2-6,pack_area)', 'params': {'x': 8, 'y': 8, 'weight': 3}}], 'segment': 's2'}, {'id': 'fm6-7', 'wait': [], 'tasks': [{'name': 'pick', 'label': 'pick(o3-6,shelf)', 'params': {'x': 2, 'y': 4, 'weight': 5}}, {'name': 'move_to', 'label': 'move_to(o3-6,scan_area)', 'params': {'x': 5, 'y': 5}}, {'name': 'place', 'label': 'place(o3-6,scan_area)', 'params': {'x': 5, 'y': 5, 'weight': 5}}], 'segment': 's3'}, {'id': 'fm6-8', 'wait': ['place(o3-6,scan_area)'], 'tasks': [{'name': 'scan', 'label': 'scan(o3-6)', 'params': {}}], 'segment': 's3'}, {'id': 'fm6-9', 'wait': ['scan(o3-6)'], 'tasks': [{'name': 'pick', 'label': 'pick(o3-6,scan_area)', 'params': {'x': 5, 'y': 5, 'weight': 5}}, {'name': 'move_to', 'label': 'move_to(o3-6,pack_area)', 'params': {'x': 8, 'y': 8}}, {'name': 'place', 'label': 'place(o3-6,pack_area)', 'params': {'x': 8, 'y': 8, 'weight': 5}}], 'segment': 's3'}, {'id': 'fm6-10', 'wait': [], 'tasks': [{'name': 'pick', 'label': 'pick(o4-6,shelf)', 'params': {'x': 1, 'y': 1, 'weight': 4}}, {'name': 'move_to', 'label': 'move_to(o4-6,scan_area)', 'params': {'x': 5, 'y': 5}}, {'name': 'place', 'label': 'place(o4-6,scan_area)', 'params': {'x': 5, 'y': 5, 'weight': 4}}], 'segment': 's4'}, {'id': 'fm6-11', 'wait': ['place(o4-6,scan_area)'], 'tasks': [{'name': 'scan', 'label': 'scan(o4-6)', 'params': {}}], 'segment': 's4'}, {'id': 'fm6-12', 'wait': ['scan(o4-6)'], 'tasks': [{'name': 'pick', 'label': 'pick(o4-6,scan_area)', 'params': {'x': 5, 'y': 5, 'weight': 4}}, {'name': 'move_to', 'label': 'move_to(o4-6,pack_area)', 'params': {'x': 8, 'y': 8}}, {'name': 'place', 'label': 'place(o4-6,pack_area)', 'params': {'x': 8, 'y': 8, 'weight': 4}}], 'segment': 's4'}, {'id': 'fm6-13', 'wait': ['place(o1-6,pack_area)', 'place(o2-6,pack_area)', 'place(o3-6,pack_area)', 'place(o4-6,pack_area)'], 'tasks': [{'name': 'pack', 'label': 'pack(o1-6,o2-6,o3-6,o4-6)', 'params': {'items': 4}}], 'segment': ''}, {'id': 'fm6-14', 'wait': ['pack(o1-6,o2-6,o3-6,o4-6)'], 'tasks': [{'name': 'load_pack', 'label': 'load_pack(p6)', 'params': {'x': 8, 'y': 8, 'weight': 22}}, {'name': 'move_to', 'label': 'move_to(p6,deliver_area)', 'params': {'x': 10, 'y': 10}}, {'name': 'unload_pack', 'label': 'unload_pack(p6)', 'params': {'x': 10, 'y': 10, 'weight': 22}}], 'segment': ''}]}
[INFO] [1787911459.830180158] [multi3_coordinator_node]: Fragment fm6-1 is now executable because all signal messages were received.
[INFO] [1787911459.830956528] [multi3_coordinator_node]: Fragment fm6-4 is now executable because all signal messages were received.
[INFO] [1787911459.831845869] [multi3_coordinator_node]: Fragment fm6-7 is now executable because all signal messages were received.
[INFO] [1787911459.832733463] [multi3_coordinator_node]: Fragment fm6-10 is now executable because all signal messages were received.
[INFO] [1787911460.464415311] [multi3_coordinator_node]: Assigned fragment fm7-5 to robot robot5.
[INFO] [1787911460.484213933] [multi3_coordinator_node]: Received robot state update from robot robot5: {'operational_state': 'working', 'current_assigned_fragment': 'fm7-5', 'state': {'position': {'x': 0.0, 'y': 0.0, 'z': 0.0}, 'docked': True}}
[INFO] [1787911460.878104951] [multi3_coordinator_node]: Received coordination message: {'robot_name': 'robot7', 'completed_task': 'unload_pack(p1)'}
[INFO] [1787911460.879078403] [multi3_coordinator_node]: Received robot state update from robot robot7: {'operational_state': 'idle', 'current_assigned_fragment': None, 'state': {'position': {'x': 10, 'y': 10, 'z': 0.0}, 'docked': False}}
[INFO] [1787911460.879882852] [multi3_coordinator_node]: Received coordination message: {'robot_name': 'robot7', 'completed_fragment': 'fm1-8', 'state': {'position': {'x': 10, 'y': 10, 'z': 0.0}, 'docked': False}}
[INFO] [1787911461.459441429] [multi3_coordinator_node]: Assigned fragment fm3-11 to robot robot7.
[INFO] [1787911461.476149850] [multi3_coordinator_node]: Received robot state update from robot robot7: {'operational_state': 'working', 'current_assigned_fragment': 'fm3-11', 'state': {'position': {'x': 10, 'y': 10, 'z': 0.0}, 'docked': False}}
[INFO] [1787911467.035583697] [multi3_coordinator_node]: Received coordination message: {'robot_name': 'robot2', 'completed_task': 'move_to(o4-5,pack_area)'}
[INFO] [1787911469.702456243] [multi3_coordinator_node]: Received coordination message: {'robot_name': 'robot3', 'completed_task': 'pick(o4-7,shelf)'}
[INFO] [1787911470.514853328] [multi3_coordinator_node]: Fragment fm7-6 is now executable because all signal messages were received.
[INFO] [1787911470.518429447] [multi3_coordinator_node]: Received robot state update from robot robot5: {'operational_state': 'idle', 'current_assigned_fragment': None, 'state': {'position': {'x': 0.0, 'y': 0.0, 'z': 0.0}, 'docked': True}}
[INFO] [1787911470.520429598] [multi3_coordinator_node]: Received coordination message: {'robot_name': 'robot5', 'completed_fragment': 'fm7-5', 'state': {'position': {'x': 0.0, 'y': 0.0, 'z': 0.0}, 'docked': True}}
[INFO] [1787911470.521058409] [multi3_coordinator_node]: Received coordination message: {'robot_name': 'robot5', 'completed_task': 'scan(o2-7)'}
[INFO] [1787911471.462821667] [multi3_coordinator_node]: Assigned fragment fm7-8 to robot robot5.
[INFO] [1787911471.489197722] [multi3_coordinator_node]: Received robot state update from robot robot5: {'operational_state': 'working', 'current_assigned_fragment': 'fm7-8', 'state': {'position': {'x': 0.0, 'y': 0.0, 'z': 0.0}, 'docked': True}}
[INFO] [1787911474.779502322] [multi3_coordinator_node]: Received coordination message: {'robot_name': 'robot4', 'completed_task': 'pick(o5-7,shelf)'}
[INFO] [1787911475.384751519] [multi3_coordinator_node]: Received coordination message: {'robot_name': 'robot3', 'completed_task': 'move_to(o4-7,scan_area)'}
[INFO] [1787911476.072236643] [multi3_coordinator_node]: Fragment fm5-13 is now executable because all signal messages were received.
[INFO] [1787911476.074103612] [multi3_coordinator_node]: Received robot state update from robot robot2: {'operational_state': 'idle', 'current_assigned_fragment': None, 'state': {'position': {'x': 8, 'y': 8, 'z': 0.0}, 'docked': False}}
[INFO] [1787911476.075278738] [multi3_coordinator_node]: Received coordination message: {'robot_name': 'robot2', 'completed_fragment': 'fm5-12', 'state': {'position': {'x': 8, 'y': 8, 'z': 0.0}, 'docked': False}}
[INFO] [1787911476.075935484] [multi3_coordinator_node]: Received coordination message: {'robot_name': 'robot2', 'completed_task': 'place(o4-5,pack_area)'}
[INFO] [1787911476.456388388] [multi3_coordinator_node]: Assigned fragment fm5-13 to robot robot6.
[INFO] [1787911476.460508496] [multi3_coordinator_node]: Assigned fragment fm7-3 to robot robot2.
[INFO] [1787911476.483382513] [multi3_coordinator_node]: Received robot state update from robot robot2: {'operational_state': 'working', 'current_assigned_fragment': 'fm7-3', 'state': {'position': {'x': 8, 'y': 8, 'z': 0.0}, 'docked': False}}
[INFO] [1787911476.504843392] [multi3_coordinator_node]: Received robot state update from robot robot6: {'operational_state': 'working', 'current_assigned_fragment': 'fm5-13', 'state': {'position': {'x': 0.0, 'y': 0.0, 'z': 0.0}, 'docked': True}}
[INFO] [1787911477.585233794] [multi3_coordinator_node]: Received coordination message: {'robot_name': 'robot4', 'completed_task': 'move_to(o5-7,scan_area)'}
[INFO] [1787911478.457480243] [multi3_coordinator_node]: Received coordination message: {'robot_name': 'robot1', 'completed_task': 'pick(o1-2,shelf)'}
[INFO] [1787911479.567145919] [multi3_coordinator_node]: Received robot state update from robot robot5: {'operational_state': 'idle', 'current_assigned_fragment': None, 'state': {'position': {'x': 0.0, 'y': 0.0, 'z': 0.0}, 'docked': True}}
[INFO] [1787911479.568441895] [multi3_coordinator_node]: Fragment fm7-9 is now executable because all signal messages were received.
[INFO] [1787911479.569557522] [multi3_coordinator_node]: Received coordination message: {'robot_name': 'robot5', 'completed_fragment': 'fm7-8', 'state': {'position': {'x': 0.0, 'y': 0.0, 'z': 0.0}, 'docked': True}}
[INFO] [1787911479.570343896] [multi3_coordinator_node]: Received coordination message: {'robot_name': 'robot5', 'completed_task': 'scan(o3-7)'}
[INFO] [1787911482.164151393] [multi3_coordinator_node]: Received coordination message: {'robot_name': 'robot7', 'completed_task': 'load_pack(p3)'}
[INFO] [1787911482.404724877] [multi3_coordinator_node]: Fragment fm7-11 is now executable because all signal messages were received.
[INFO] [1787911482.410189679] [multi3_coordinator_node]: Received coordination message: {'robot_name': 'robot3', 'completed_task': 'place(o4-7,scan_area)'}
[INFO] [1787911482.411384958] [multi3_coordinator_node]: Received coordination message: {'robot_name': 'robot3', 'completed_fragment': 'fm7-10', 'state': {'position': {'x': 5, 'y': 5, 'z': 0.0}, 'docked': False}}
[INFO] [1787911482.412348614] [multi3_coordinator_node]: Received robot state update from robot robot3: {'operational_state': 'idle', 'current_assigned_fragment': None, 'state': {'position': {'x': 5, 'y': 5, 'z': 0.0}, 'docked': False}}
[INFO] [1787911482.456739813] [multi3_coordinator_node]: Assigned fragment fm7-6 to robot robot3.
[INFO] [1787911482.463835324] [multi3_coordinator_node]: Assigned fragment fm7-11 to robot robot5.
[INFO] [1787911482.472941197] [multi3_coordinator_node]: Received robot state update from robot robot5: {'operational_state': 'working', 'current_assigned_fragment': 'fm7-11', 'state': {'position': {'x': 0.0, 'y': 0.0, 'z': 0.0}, 'docked': True}}
[INFO] [1787911482.497262569] [multi3_coordinator_node]: Received robot state update from robot robot3: {'operational_state': 'working', 'current_assigned_fragment': 'fm7-6', 'state': {'position': {'x': 5, 'y': 5, 'z': 0.0}, 'docked': False}}
[INFO] [1787911487.631912040] [multi3_coordinator_node]: Fragment fm7-14 is now executable because all signal messages were received.
[INFO] [1787911487.633838229] [multi3_coordinator_node]: Received robot state update from robot robot4: {'operational_state': 'idle', 'current_assigned_fragment': None, 'state': {'position': {'x': 5, 'y': 5, 'z': 0.0}, 'docked': False}}
[INFO] [1787911487.635200406] [multi3_coordinator_node]: Received coordination message: {'robot_name': 'robot4', 'completed_fragment': 'fm7-13', 'state': {'position': {'x': 5, 'y': 5, 'z': 0.0}, 'docked': False}}
[INFO] [1787911487.637204904] [multi3_coordinator_node]: Received coordination message: {'robot_name': 'robot4', 'completed_task': 'place(o5-7,scan_area)'}
[INFO] [1787911487.832006543] [multi3_coordinator_node]: Received coordination message: {'robot_name': 'robot7', 'completed_task': 'move_to(p3,deliver_area)'}
[INFO] [1787911488.461673597] [multi3_coordinator_node]: Assigned fragment fm7-9 to robot robot4.
[INFO] [1787911488.483031478] [multi3_coordinator_node]: Received robot state update from robot robot4: {'operational_state': 'working', 'current_assigned_fragment': 'fm7-9', 'state': {'position': {'x': 5, 'y': 5, 'z': 0.0}, 'docked': False}}
[INFO] [1787911489.771097659] [multi3_coordinator_node]: Received coordination message: {'robot_name': 'robot1', 'completed_task': 'move_to(o1-2,scan_area)'}
[INFO] [1787911490.524869429] [multi3_coordinator_node]: Received coordination message: {'robot_name': 'robot3', 'completed_task': 'pick(o2-7,scan_area)'}
[INFO] [1787911492.540727904] [multi3_coordinator_node]: Fragment fm7-12 is now executable because all signal messages were received.
[INFO] [1787911492.542330249] [multi3_coordinator_node]: Received coordination message: {'robot_name': 'robot5', 'completed_fragment': 'fm7-11', 'state': {'position': {'x': 0.0, 'y': 0.0, 'z': 0.0}, 'docked': True}}
[INFO] [1787911492.543787723] [multi3_coordinator_node]: Received robot state update from robot robot5: {'operational_state': 'idle', 'current_assigned_fragment': None, 'state': {'position': {'x': 0.0, 'y': 0.0, 'z': 0.0}, 'docked': True}}
[INFO] [1787911492.545006608] [multi3_coordinator_node]: Received coordination message: {'robot_name': 'robot5', 'completed_task': 'scan(o4-7)'}
[INFO] [1787911493.455879253] [multi3_coordinator_node]: Assigned fragment fm7-14 to robot robot5.
[INFO] [1787911493.474101197] [multi3_coordinator_node]: Received robot state update from robot robot5: {'operational_state': 'working', 'current_assigned_fragment': 'fm7-14', 'state': {'position': {'x': 0.0, 'y': 0.0, 'z': 0.0}, 'docked': True}}
[INFO] [1787911496.520631702] [multi3_coordinator_node]: Received coordination message: {'robot_name': 'robot4', 'completed_task': 'pick(o3-7,scan_area)'}
[INFO] [1787911499.010675626] [multi3_coordinator_node]: Received coordination message: {'robot_name': 'robot3', 'completed_task': 'move_to(o2-7,pack_area)'}
[INFO] [1787911499.825176674] [multi3_coordinator_node]: Fragment fm2-2 is now executable because all signal messages were received.
[INFO] [1787911499.827304088] [multi3_coordinator_node]: Received robot state update from robot robot1: {'operational_state': 'idle', 'current_assigned_fragment': None, 'state': {'position': {'x': 5, 'y': 5, 'z': 0.0}, 'docked': False}}
[INFO] [1787911499.827930307] [multi3_coordinator_node]: Received coordination message: {'robot_name': 'robot1', 'completed_fragment': 'fm2-1', 'state': {'position': {'x': 5, 'y': 5, 'z': 0.0}, 'docked': False}}
[INFO] [1787911499.828800969] [multi3_coordinator_node]: Received coordination message: {'robot_name': 'robot1', 'completed_task': 'place(o1-2,scan_area)'}
[INFO] [1787911500.040895196] [multi3_coordinator_node]: Received coordination message: {'robot_name': 'robot2', 'completed_task': 'pick(o1-7,scan_area)'}
[INFO] [1787911500.351647157] [multi3_coordinator_node]: Received coordination message: {'robot_name': 'robot6', 'completed_fragment': 'fm5-13', 'state': {'position': {'x': 0.0, 'y': 0.0, 'z': 0.0}, 'docked': True}}
[INFO] [1787911500.352690222] [multi3_coordinator_node]: Fragment fm5-14 is now executable because all signal messages were received.
[INFO] [1787911500.353117090] [multi3_coordinator_node]: Received robot state update from robot robot6: {'operational_state': 'idle', 'current_assigned_fragment': None, 'state': {'position': {'x': 0.0, 'y': 0.0, 'z': 0.0}, 'docked': True}}
[INFO] [1787911500.353889038] [multi3_coordinator_node]: Received coordination message: {'robot_name': 'robot6', 'completed_task': 'pack(o1-5,o2-5,o3-5,o4-5)'}
[INFO] [1787911500.461991712] [multi3_coordinator_node]: Assigned fragment fm7-12 to robot robot1.
[INFO] [1787911500.480790963] [multi3_coordinator_node]: Received robot state update from robot robot1: {'operational_state': 'working', 'current_assigned_fragment': 'fm7-12', 'state': {'position': {'x': 5, 'y': 5, 'z': 0.0}, 'docked': False}}
[INFO] [1787911500.908835657] [multi3_coordinator_node]: Received coordination message: {'robot_name': 'robot7', 'completed_task': 'unload_pack(p3)'}
[INFO] [1787911500.909955832] [multi3_coordinator_node]: Received robot state update from robot robot7: {'operational_state': 'idle', 'current_assigned_fragment': None, 'state': {'position': {'x': 10, 'y': 10, 'z': 0.0}, 'docked': False}}
[INFO] [1787911500.910966863] [multi3_coordinator_node]: Received coordination message: {'robot_name': 'robot7', 'completed_fragment': 'fm3-11', 'state': {'position': {'x': 10, 'y': 10, 'z': 0.0}, 'docked': False}}
[INFO] [1787911501.460355140] [multi3_coordinator_node]: Assigned fragment fm5-14 to robot robot7.
[INFO] [1787911501.501072565] [multi3_coordinator_node]: Received coordination message: {'robot_name': 'robot5', 'completed_fragment': 'fm7-14', 'state': {'position': {'x': 0.0, 'y': 0.0, 'z': 0.0}, 'docked': True}}
[INFO] [1787911501.501497871] [multi3_coordinator_node]: Received robot state update from robot robot7: {'operational_state': 'working', 'current_assigned_fragment': 'fm5-14', 'state': {'position': {'x': 10, 'y': 10, 'z': 0.0}, 'docked': False}}
[INFO] [1787911501.503426614] [multi3_coordinator_node]: Received robot state update from robot robot5: {'operational_state': 'idle', 'current_assigned_fragment': None, 'state': {'position': {'x': 0.0, 'y': 0.0, 'z': 0.0}, 'docked': True}}
[INFO] [1787911501.504084875] [multi3_coordinator_node]: Fragment fm7-15 is now executable because all signal messages were received.
[INFO] [1787911501.504612472] [multi3_coordinator_node]: Received coordination message: {'robot_name': 'robot5', 'completed_task': 'scan(o5-7)'}
[INFO] [1787911502.461160039] [multi3_coordinator_node]: Assigned fragment fm2-2 to robot robot5.
[INFO] [1787911502.475704494] [multi3_coordinator_node]: Received robot state update from robot robot5: {'operational_state': 'working', 'current_assigned_fragment': 'fm2-2', 'state': {'position': {'x': 0.0, 'y': 0.0, 'z': 0.0}, 'docked': True}}
[INFO] [1787911505.006453199] [multi3_coordinator_node]: Received coordination message: {'robot_name': 'robot4', 'completed_task': 'move_to(o3-7,pack_area)'}
[INFO] [1787911507.057060313] [multi3_coordinator_node]: Received coordination message: {'robot_name': 'robot3', 'completed_fragment': 'fm7-6', 'state': {'position': {'x': 8, 'y': 8, 'z': 0.0}, 'docked': False}}
[INFO] [1787911507.058130322] [multi3_coordinator_node]: Received coordination message: {'robot_name': 'robot3', 'completed_task': 'place(o2-7,pack_area)'}
[INFO] [1787911507.058653049] [multi3_coordinator_node]: Received robot state update from robot robot3: {'operational_state': 'idle', 'current_assigned_fragment': None, 'state': {'position': {'x': 8, 'y': 8, 'z': 0.0}, 'docked': False}}
[INFO] [1787911507.462161510] [multi3_coordinator_node]: Assigned fragment fm7-15 to robot robot3.
[INFO] [1787911507.478781834] [multi3_coordinator_node]: Received robot state update from robot robot3: {'operational_state': 'working', 'current_assigned_fragment': 'fm7-15', 'state': {'position': {'x': 8, 'y': 8, 'z': 0.0}, 'docked': False}}
[INFO] [1787911507.563885166] [multi3_coordinator_node]: Received coordination message: {'robot_name': 'robot1', 'completed_task': 'pick(o4-7,scan_area)'}
[INFO] [1787911508.512772110] [multi3_coordinator_node]: Received coordination message: {'robot_name': 'robot2', 'completed_task': 'move_to(o1-7,pack_area)'}
[INFO] [1787911510.508855919] [multi3_coordinator_node]: Received robot state update from robot robot5: {'operational_state': 'idle', 'current_assigned_fragment': None, 'state': {'position': {'x': 0.0, 'y': 0.0, 'z': 0.0}, 'docked': True}}
[INFO] [1787911510.510462356] [multi3_coordinator_node]: Fragment fm2-3 is now executable because all signal messages were received.
[INFO] [1787911510.511090101] [multi3_coordinator_node]: Received coordination message: {'robot_name': 'robot5', 'completed_fragment': 'fm2-2', 'state': {'position': {'x': 0.0, 'y': 0.0, 'z': 0.0}, 'docked': True}}
[INFO] [1787911510.512093386] [multi3_coordinator_node]: Received coordination message: {'robot_name': 'robot5', 'completed_task': 'scan(o1-2)'}
[INFO] [1787911513.043216023] [multi3_coordinator_node]: Received coordination message: {'robot_name': 'robot4', 'completed_task': 'place(o3-7,pack_area)'}
[INFO] [1787911513.044700355] [multi3_coordinator_node]: Received robot state update from robot robot4: {'operational_state': 'idle', 'current_assigned_fragment': None, 'state': {'position': {'x': 8, 'y': 8, 'z': 0.0}, 'docked': False}}
[INFO] [1787911513.045439039] [multi3_coordinator_node]: Received coordination message: {'robot_name': 'robot4', 'completed_fragment': 'fm7-9', 'state': {'position': {'x': 8, 'y': 8, 'z': 0.0}, 'docked': False}}
[INFO] [1787911513.460410197] [multi3_coordinator_node]: Assigned fragment fm2-3 to robot robot4.
[INFO] [1787911513.488204898] [multi3_coordinator_node]: Received robot state update from robot robot4: {'operational_state': 'working', 'current_assigned_fragment': 'fm2-3', 'state': {'position': {'x': 8, 'y': 8, 'z': 0.0}, 'docked': False}}
[INFO] [1787911516.010268822] [multi3_coordinator_node]: Received coordination message: {'robot_name': 'robot1', 'completed_task': 'move_to(o4-7,pack_area)'}
[INFO] [1787911522.157644091] [multi3_coordinator_node]: Received coordination message: {'robot_name': 'robot7', 'completed_task': 'load_pack(p5)'}
[INFO] [1787911523.040980506] [multi3_coordinator_node]: Received coordination message: {'robot_name': 'robot1', 'completed_fragment': 'fm7-12', 'state': {'position': {'x': 8, 'y': 8, 'z': 0.0}, 'docked': False}}
[INFO] [1787911523.042767744] [multi3_coordinator_node]: Received coordination message: {'robot_name': 'robot1', 'completed_task': 'place(o4-7,pack_area)'}
[INFO] [1787911523.043735503] [multi3_coordinator_node]: Received robot state update from robot robot1: {'operational_state': 'idle', 'current_assigned_fragment': None, 'state': {'position': {'x': 8, 'y': 8, 'z': 0.0}, 'docked': False}}
[INFO] [1787911523.460444565] [multi3_coordinator_node]: Assigned fragment fm2-4 to robot robot1.
[INFO] [1787911523.508751523] [multi3_coordinator_node]: Received robot state update from robot robot1: {'operational_state': 'working', 'current_assigned_fragment': 'fm2-4', 'state': {'position': {'x': 8, 'y': 8, 'z': 0.0}, 'docked': False}}
[INFO] [1787911523.527048035] [multi3_coordinator_node]: Received robot state update from robot robot2: {'operational_state': 'idle', 'current_assigned_fragment': None, 'state': {'position': {'x': 8, 'y': 8, 'z': 0.0}, 'docked': False}}
[INFO] [1787911523.528351832] [multi3_coordinator_node]: Received coordination message: {'robot_name': 'robot2', 'completed_task': 'place(o1-7,pack_area)'}
[INFO] [1787911523.529791152] [multi3_coordinator_node]: Received coordination message: {'robot_name': 'robot2', 'completed_fragment': 'fm7-3', 'state': {'position': {'x': 8, 'y': 8, 'z': 0.0}, 'docked': False}}
[INFO] [1787911524.461727321] [multi3_coordinator_node]: Assigned fragment fm8-1 to robot robot2.
[INFO] [1787911524.498001707] [multi3_coordinator_node]: Received robot state update from robot robot2: {'operational_state': 'working', 'current_assigned_fragment': 'fm8-1', 'state': {'position': {'x': 8, 'y': 8, 'z': 0.0}, 'docked': False}}
[INFO] [1787911526.008457110] [multi3_coordinator_node]: Received coordination message: {'robot_name': 'robot3', 'completed_task': 'pick(o5-7,scan_area)'}
[INFO] [1787911527.829830327] [multi3_coordinator_node]: Received coordination message: {'robot_name': 'robot7', 'completed_task': 'move_to(p5,deliver_area)'}
[INFO] [1787911531.998010869] [multi3_coordinator_node]: Received coordination message: {'robot_name': 'robot4', 'completed_task': 'pick(o1-2,scan_area)'}
[INFO] [1787911534.514253577] [multi3_coordinator_node]: Received coordination message: {'robot_name': 'robot3', 'completed_task': 'move_to(o5-7,pack_area)'}
[INFO] [1787911540.509897460] [multi3_coordinator_node]: Received coordination message: {'robot_name': 'robot4', 'completed_task': 'move_to(o1-2,pack_area)'}
[INFO] [1787911540.863004217] [multi3_coordinator_node]: Received coordination message: {'robot_name': 'robot7', 'completed_task': 'unload_pack(p5)'}
[INFO] [1787911540.864772222] [multi3_coordinator_node]: Received coordination message: {'robot_name': 'robot7', 'completed_fragment': 'fm5-14', 'state': {'position': {'x': 10, 'y': 10, 'z': 0.0}, 'docked': False}}
[INFO] [1787911540.865856421] [multi3_coordinator_node]: Received robot state update from robot robot7: {'operational_state': 'idle', 'current_assigned_fragment': None, 'state': {'position': {'x': 10, 'y': 10, 'z': 0.0}, 'docked': False}}
[INFO] [1787911543.172657505] [multi3_coordinator_node]: Received coordination message: {'robot_name': 'robot1', 'completed_task': 'pick(o2-2,shelf)'}
[INFO] [1787911544.568838787] [multi3_coordinator_node]: Received coordination message: {'robot_name': 'robot3', 'completed_fragment': 'fm7-15', 'state': {'position': {'x': 8, 'y': 8, 'z': 0.0}, 'docked': False}}
[INFO] [1787911544.570950850] [multi3_coordinator_node]: Received robot state update from robot robot3: {'operational_state': 'idle', 'current_assigned_fragment': None, 'state': {'position': {'x': 8, 'y': 8, 'z': 0.0}, 'docked': False}}
[INFO] [1787911544.571335726] [multi3_coordinator_node]: Fragment fm7-16 is now executable because all signal messages were received.
[INFO] [1787911544.572138958] [multi3_coordinator_node]: Received coordination message: {'robot_name': 'robot3', 'completed_task': 'place(o5-7,pack_area)'}
[INFO] [1787911545.460948323] [multi3_coordinator_node]: Assigned fragment fm7-16 to robot robot6.
[INFO] [1787911545.464907659] [multi3_coordinator_node]: Assigned fragment fm8-4 to robot robot3.
[INFO] [1787911545.483627090] [multi3_coordinator_node]: Received robot state update from robot robot3: {'operational_state': 'working', 'current_assigned_fragment': 'fm8-4', 'state': {'position': {'x': 8, 'y': 8, 'z': 0.0}, 'docked': False}}
[INFO] [1787911545.488403986] [multi3_coordinator_node]: Received robot state update from robot robot6: {'operational_state': 'working', 'current_assigned_fragment': 'fm7-16', 'state': {'position': {'x': 0.0, 'y': 0.0, 'z': 0.0}, 'docked': True}}
[INFO] [1787911548.534499313] [multi3_coordinator_node]: Received coordination message: {'robot_name': 'robot2', 'completed_task': 'pick(o1-8,shelf)'}
[INFO] [1787911550.555568126] [multi3_coordinator_node]: Received robot state update from robot robot4: {'operational_state': 'idle', 'current_assigned_fragment': None, 'state': {'position': {'x': 8, 'y': 8, 'z': 0.0}, 'docked': False}}
[INFO] [1787911550.557096131] [multi3_coordinator_node]: Received coordination message: {'robot_name': 'robot4', 'completed_fragment': 'fm2-3', 'state': {'position': {'x': 8, 'y': 8, 'z': 0.0}, 'docked': False}}
[INFO] [1787911550.557661127] [multi3_coordinator_node]: Received coordination message: {'robot_name': 'robot4', 'completed_task': 'place(o1-2,pack_area)'}
[INFO] [1787911551.458227063] [multi3_coordinator_node]: Assigned fragment fm8-7 to robot robot4.
[INFO] [1787911551.484818756] [multi3_coordinator_node]: Received robot state update from robot robot4: {'operational_state': 'working', 'current_assigned_fragment': 'fm8-7', 'state': {'position': {'x': 8, 'y': 8, 'z': 0.0}, 'docked': False}}
[INFO] [1787911551.701469872] [multi3_coordinator_node]: Received coordination message: {'robot_name': 'robot1', 'completed_task': 'move_to(o2-2,scan_area)'}
[INFO] [1787911557.021844473] [multi3_coordinator_node]: Received coordination message: {'robot_name': 'robot2', 'completed_task': 'move_to(o1-8,scan_area)'}
[INFO] [1787911558.736037335] [multi3_coordinator_node]: Received coordination message: {'robot_name': 'robot1', 'completed_fragment': 'fm2-4', 'state': {'position': {'x': 5, 'y': 5, 'z': 0.0}, 'docked': False}}
[INFO] [1787911558.736664945] [multi3_coordinator_node]: Received robot state update from robot robot1: {'operational_state': 'idle', 'current_assigned_fragment': None, 'state': {'position': {'x': 5, 'y': 5, 'z': 0.0}, 'docked': False}}
[INFO] [1787911558.736996038] [multi3_coordinator_node]: Fragment fm2-5 is now executable because all signal messages were received.
[INFO] [1787911558.737737525] [multi3_coordinator_node]: Received coordination message: {'robot_name': 'robot1', 'completed_task': 'place(o2-2,scan_area)'}
[INFO] [1787911559.455439690] [multi3_coordinator_node]: Assigned fragment fm2-5 to robot robot5.
[INFO] [1787911559.456532889] [multi3_coordinator_node]: Assigned fragment fm8-10 to robot robot1.
[INFO] [1787911559.508468505] [multi3_coordinator_node]: Received robot state update from robot robot5: {'operational_state': 'working', 'current_assigned_fragment': 'fm2-5', 'state': {'position': {'x': 0.0, 'y': 0.0, 'z': 0.0}, 'docked': True}}
[INFO] [1787911559.508911498] [multi3_coordinator_node]: Received robot state update from robot robot1: {'operational_state': 'working', 'current_assigned_fragment': 'fm8-10', 'state': {'position': {'x': 5, 'y': 5, 'z': 0.0}, 'docked': False}}
[INFO] [1787911565.035273534] [multi3_coordinator_node]: Fragment fm8-2 is now executable because all signal messages were received.
[INFO] [1787911565.038181427] [multi3_coordinator_node]: Received robot state update from robot robot2: {'operational_state': 'idle', 'current_assigned_fragment': None, 'state': {'position': {'x': 5, 'y': 5, 'z': 0.0}, 'docked': False}}
[INFO] [1787911565.039324224] [multi3_coordinator_node]: Received coordination message: {'robot_name': 'robot2', 'completed_task': 'place(o1-8,scan_area)'}
[INFO] [1787911565.039960724] [multi3_coordinator_node]: Received coordination message: {'robot_name': 'robot2', 'completed_fragment': 'fm8-1', 'state': {'position': {'x': 5, 'y': 5, 'z': 0.0}, 'docked': False}}
[INFO] [1787911565.464856745] [multi3_coordinator_node]: Assigned fragment fm8-13 to robot robot2.
[INFO] [1787911565.492517089] [multi3_coordinator_node]: Received robot state update from robot robot2: {'operational_state': 'working', 'current_assigned_fragment': 'fm8-13', 'state': {'position': {'x': 5, 'y': 5, 'z': 0.0}, 'docked': False}}
[INFO] [1787911568.759884235] [multi3_coordinator_node]: Received coordination message: {'robot_name': 'robot3', 'completed_task': 'pick(o2-8,shelf)'}
[INFO] [1787911569.540975631] [multi3_coordinator_node]: Fragment fm2-6 is now executable because all signal messages were received.
[INFO] [1787911569.542374352] [multi3_coordinator_node]: Received coordination message: {'robot_name': 'robot5', 'completed_fragment': 'fm2-5', 'state': {'position': {'x': 0.0, 'y': 0.0, 'z': 0.0}, 'docked': True}}
[INFO] [1787911569.543897937] [multi3_coordinator_node]: Received robot state update from robot robot5: {'operational_state': 'idle', 'current_assigned_fragment': None, 'state': {'position': {'x': 0.0, 'y': 0.0, 'z': 0.0}, 'docked': True}}
[INFO] [1787911569.545339684] [multi3_coordinator_node]: Received coordination message: {'robot_name': 'robot5', 'completed_task': 'scan(o2-2)'}
[INFO] [1787911570.276949569] [multi3_coordinator_node]: Received coordination message: {'robot_name': 'robot4', 'completed_task': 'pick(o3-8,shelf)'}
[INFO] [1787911570.470298142] [multi3_coordinator_node]: Assigned fragment fm8-2 to robot robot5.
[INFO] [1787911570.477533120] [multi3_coordinator_node]: Received robot state update from robot robot5: {'operational_state': 'working', 'current_assigned_fragment': 'fm8-2', 'state': {'position': {'x': 0.0, 'y': 0.0, 'z': 0.0}, 'docked': True}}
[INFO] [1787911571.527709286] [multi3_coordinator_node]: Fragment fm7-17 is now executable because all signal messages were received.
[INFO] [1787911571.529699937] [multi3_coordinator_node]: Received robot state update from robot robot6: {'operational_state': 'idle', 'current_assigned_fragment': None, 'state': {'position': {'x': 0.0, 'y': 0.0, 'z': 0.0}, 'docked': True}}
[INFO] [1787911571.531387733] [multi3_coordinator_node]: Received coordination message: {'robot_name': 'robot6', 'completed_fragment': 'fm7-16', 'state': {'position': {'x': 0.0, 'y': 0.0, 'z': 0.0}, 'docked': True}}
[INFO] [1787911571.532478794] [multi3_coordinator_node]: Received coordination message: {'robot_name': 'robot6', 'completed_task': 'pack(o1-7,o2-7,o3-7,o4-7,o5-7)'}
[INFO] [1787911572.461271340] [multi3_coordinator_node]: Assigned fragment fm7-17 to robot robot7.
[INFO] [1787911572.503928275] [multi3_coordinator_node]: Received robot state update from robot robot7: {'operational_state': 'working', 'current_assigned_fragment': 'fm7-17', 'state': {'position': {'x': 10, 'y': 10, 'z': 0.0}, 'docked': False}}
[INFO] [1787911575.938469877] [multi3_coordinator_node]: Received coordination message: {'robot_name': 'robot4', 'completed_task': 'move_to(o3-8,scan_area)'}
[INFO] [1787911578.346916570] [multi3_coordinator_node]: Received coordination message: {'robot_name': 'robot2', 'completed_task': 'pick(o5-8,shelf)'}
[INFO] [1787911578.541673171] [multi3_coordinator_node]: Received coordination message: {'robot_name': 'robot5', 'completed_fragment': 'fm8-2', 'state': {'position': {'x': 0.0, 'y': 0.0, 'z': 0.0}, 'docked': True}}
[INFO] [1787911578.542648432] [multi3_coordinator_node]: Fragment fm8-3 is now executable because all signal messages were received.
[INFO] [1787911578.543355844] [multi3_coordinator_node]: Received robot state update from robot robot5: {'operational_state': 'idle', 'current_assigned_fragment': None, 'state': {'position': {'x': 0.0, 'y': 0.0, 'z': 0.0}, 'docked': True}}
[INFO] [1787911578.544331879] [multi3_coordinator_node]: Received coordination message: {'robot_name': 'robot5', 'completed_task': 'scan(o1-8)'}
[INFO] [1787911579.773159259] [multi3_coordinator_node]: Received coordination message: {'robot_name': 'robot1', 'completed_task': 'pick(o4-8,shelf)'}
[INFO] [1787911580.068819971] [multi3_coordinator_node]: Received coordination message: {'robot_name': 'robot3', 'completed_task': 'move_to(o2-8,scan_area)'}
[INFO] [1787911581.187012335] [multi3_coordinator_node]: Received coordination message: {'robot_name': 'robot2', 'completed_task': 'move_to(o5-8,scan_area)'}
[INFO] [1787911583.982679805] [multi3_coordinator_node]: Received coordination message: {'robot_name': 'robot4', 'completed_fragment': 'fm8-7', 'state': {'position': {'x': 5, 'y': 5, 'z': 0.0}, 'docked': False}}
[INFO] [1787911583.983515569] [multi3_coordinator_node]: Received robot state update from robot robot4: {'operational_state': 'idle', 'current_assigned_fragment': None, 'state': {'position': {'x': 5, 'y': 5, 'z': 0.0}, 'docked': False}}
[INFO] [1787911583.984225237] [multi3_coordinator_node]: Fragment fm8-8 is now executable because all signal messages were received.
[INFO] [1787911583.984828961] [multi3_coordinator_node]: Received coordination message: {'robot_name': 'robot4', 'completed_task': 'place(o3-8,scan_area)'}
[INFO] [1787911584.456940409] [multi3_coordinator_node]: Assigned fragment fm2-6 to robot robot4.
[INFO] [1787911584.458914385] [multi3_coordinator_node]: Assigned fragment fm8-8 to robot robot5.
[INFO] [1787911584.482146527] [multi3_coordinator_node]: Received robot state update from robot robot5: {'operational_state': 'working', 'current_assigned_fragment': 'fm8-8', 'state': {'position': {'x': 0.0, 'y': 0.0, 'z': 0.0}, 'docked': True}}
[INFO] [1787911584.483085196] [multi3_coordinator_node]: Received robot state update from robot robot4: {'operational_state': 'working', 'current_assigned_fragment': 'fm2-6', 'state': {'position': {'x': 5, 'y': 5, 'z': 0.0}, 'docked': False}}
[INFO] [1787911588.101686066] [multi3_coordinator_node]: Fragment fm8-5 is now executable because all signal messages were received.
[INFO] [1787911588.102868981] [multi3_coordinator_node]: Received robot state update from robot robot3: {'operational_state': 'idle', 'current_assigned_fragment': None, 'state': {'position': {'x': 5, 'y': 5, 'z': 0.0}, 'docked': False}}
[INFO] [1787911588.104274283] [multi3_coordinator_node]: Received coordination message: {'robot_name': 'robot3', 'completed_fragment': 'fm8-4', 'state': {'position': {'x': 5, 'y': 5, 'z': 0.0}, 'docked': False}}
[INFO] [1787911588.105237747] [multi3_coordinator_node]: Received coordination message: {'robot_name': 'robot3', 'completed_task': 'place(o2-8,scan_area)'}
[INFO] [1787911588.461062786] [multi3_coordinator_node]: Assigned fragment fm8-3 to robot robot3.
[INFO] [1787911588.487335281] [multi3_coordinator_node]: Received robot state update from robot robot3: {'operational_state': 'working', 'current_assigned_fragment': 'fm8-3', 'state': {'position': {'x': 5, 'y': 5, 'z': 0.0}, 'docked': False}}
[INFO] [1787911591.095286715] [multi3_coordinator_node]: Received coordination message: {'robot_name': 'robot1', 'completed_task': 'move_to(o4-8,scan_area)'}
[INFO] [1787911591.207400884] [multi3_coordinator_node]: Received robot state update from robot robot2: {'operational_state': 'idle', 'current_assigned_fragment': None, 'state': {'position': {'x': 5, 'y': 5, 'z': 0.0}, 'docked': False}}
[INFO] [1787911591.207892861] [multi3_coordinator_node]: Received coordination message: {'robot_name': 'robot2', 'completed_fragment': 'fm8-13', 'state': {'position': {'x': 5, 'y': 5, 'z': 0.0}, 'docked': False}}
[INFO] [1787911591.208723467] [multi3_coordinator_node]: Fragment fm8-14 is now executable because all signal messages were received.
[INFO] [1787911591.209222701] [multi3_coordinator_node]: Received coordination message: {'robot_name': 'robot2', 'completed_task': 'place(o5-8,scan_area)'}
[INFO] [1787911591.455898831] [multi3_coordinator_node]: Assigned fragment fm4-1 to robot robot2.
[INFO] [1787911591.469157977] [multi3_coordinator_node]: Received robot state update from robot robot2: {'operational_state': 'working', 'current_assigned_fragment': 'fm4-1', 'state': {'position': {'x': 5, 'y': 5, 'z': 0.0}, 'docked': False}}
[INFO] [1787911591.495798862] [multi3_coordinator_node]: Received coordination message: {'robot_name': 'robot4', 'completed_task': 'pick(o2-2,scan_area)'}
[INFO] [1787911594.527829127] [multi3_coordinator_node]: Received coordination message: {'robot_name': 'robot5', 'completed_fragment': 'fm8-8', 'state': {'position': {'x': 0.0, 'y': 0.0, 'z': 0.0}, 'docked': True}}
[INFO] [1787911594.529958239] [multi3_coordinator_node]: Received robot state update from robot robot5: {'operational_state': 'idle', 'current_assigned_fragment': None, 'state': {'position': {'x': 0.0, 'y': 0.0, 'z': 0.0}, 'docked': True}}
[INFO] [1787911594.531798834] [multi3_coordinator_node]: Fragment fm8-9 is now executable because all signal messages were received.
[INFO] [1787911594.532617891] [multi3_coordinator_node]: Received coordination message: {'robot_name': 'robot5', 'completed_task': 'scan(o3-8)'}
[INFO] [1787911595.183203707] [multi3_coordinator_node]: Received coordination message: {'robot_name': 'robot7', 'completed_task': 'load_pack(p7)'}
[INFO] [1787911595.460152143] [multi3_coordinator_node]: Assigned fragment fm8-5 to robot robot5.
[INFO] [1787911595.500124992] [multi3_coordinator_node]: Received robot state update from robot robot5: {'operational_state': 'working', 'current_assigned_fragment': 'fm8-5', 'state': {'position': {'x': 0.0, 'y': 0.0, 'z': 0.0}, 'docked': True}}
[INFO] [1787911597.547942414] [multi3_coordinator_node]: Received coordination message: {'robot_name': 'robot3', 'completed_task': 'pick(o1-8,scan_area)'}
[INFO] [1787911600.001758385] [multi3_coordinator_node]: Received coordination message: {'robot_name': 'robot4', 'completed_task': 'move_to(o2-2,pack_area)'}
[INFO] [1787911600.872847572] [multi3_coordinator_node]: Received coordination message: {'robot_name': 'robot7', 'completed_task': 'move_to(p7,deliver_area)'}
[INFO] [1787911603.170719634] [multi3_coordinator_node]: Received robot state update from robot robot1: {'operational_state': 'idle', 'current_assigned_fragment': None, 'state': {'position': {'x': 5, 'y': 5, 'z': 0.0}, 'docked': False}}
[INFO] [1787911603.171613525] [multi3_coordinator_node]: Fragment fm8-11 is now executable because all signal messages were received.
[INFO] [1787911603.172356580] [multi3_coordinator_node]: Received coordination message: {'robot_name': 'robot1', 'completed_fragment': 'fm8-10', 'state': {'position': {'x': 5, 'y': 5, 'z': 0.0}, 'docked': False}}
[INFO] [1787911603.173050470] [multi3_coordinator_node]: Received coordination message: {'robot_name': 'robot1', 'completed_task': 'place(o4-8,scan_area)'}
[INFO] [1787911603.458690620] [multi3_coordinator_node]: Assigned fragment fm8-9 to robot robot1.
[INFO] [1787911603.542376494] [multi3_coordinator_node]: Fragment fm8-6 is now executable because all signal messages were received.
[INFO] [1787911603.543557762] [multi3_coordinator_node]: Received robot state update from robot robot5: {'operational_state': 'idle', 'current_assigned_fragment': None, 'state': {'position': {'x': 0.0, 'y': 0.0, 'z': 0.0}, 'docked': True}}
[INFO] [1787911603.545634243] [multi3_coordinator_node]: Received coordination message: {'robot_name': 'robot5', 'completed_fragment': 'fm8-5', 'state': {'position': {'x': 0.0, 'y': 0.0, 'z': 0.0}, 'docked': True}}
[INFO] [1787911603.546817507] [multi3_coordinator_node]: Received robot state update from robot robot1: {'operational_state': 'working', 'current_assigned_fragment': 'fm8-9', 'state': {'position': {'x': 5, 'y': 5, 'z': 0.0}, 'docked': False}}
[INFO] [1787911603.547255489] [multi3_coordinator_node]: Received coordination message: {'robot_name': 'robot5', 'completed_task': 'scan(o2-8)'}
[INFO] [1787911604.462846052] [multi3_coordinator_node]: Assigned fragment fm8-11 to robot robot5.
[INFO] [1787911604.513507539] [multi3_coordinator_node]: Received robot state update from robot robot5: {'operational_state': 'working', 'current_assigned_fragment': 'fm8-11', 'state': {'position': {'x': 0.0, 'y': 0.0, 'z': 0.0}, 'docked': True}}
[INFO] [1787911606.046795012] [multi3_coordinator_node]: Received coordination message: {'robot_name': 'robot3', 'completed_task': 'move_to(o1-8,pack_area)'}
[INFO] [1787911606.543222403] [multi3_coordinator_node]: Received coordination message: {'robot_name': 'robot2', 'completed_task': 'pick(o1-4,shelf)'}
[INFO] [1787911607.019630317] [multi3_coordinator_node]: Received robot state update from robot robot4: {'operational_state': 'idle', 'current_assigned_fragment': None, 'state': {'position': {'x': 8, 'y': 8, 'z': 0.0}, 'docked': False}}
[INFO] [1787911607.020940724] [multi3_coordinator_node]: Received coordination message: {'robot_name': 'robot4', 'completed_fragment': 'fm2-6', 'state': {'position': {'x': 8, 'y': 8, 'z': 0.0}, 'docked': False}}
[INFO] [1787911607.021975035] [multi3_coordinator_node]: Fragment fm2-7 is now executable because all signal messages were received.
[INFO] [1787911607.022778948] [multi3_coordinator_node]: Received coordination message: {'robot_name': 'robot4', 'completed_task': 'place(o2-2,pack_area)'}
[INFO] [1787911607.457533261] [multi3_coordinator_node]: Assigned fragment fm2-7 to robot robot6.
[INFO] [1787911607.460900757] [multi3_coordinator_node]: Assigned fragment fm8-6 to robot robot4.
[INFO] [1787911607.472880965] [multi3_coordinator_node]: Received robot state update from robot robot4: {'operational_state': 'working', 'current_assigned_fragment': 'fm8-6', 'state': {'position': {'x': 8, 'y': 8, 'z': 0.0}, 'docked': False}}
[INFO] [1787911607.483423275] [multi3_coordinator_node]: Received robot state update from robot robot6: {'operational_state': 'working', 'current_assigned_fragment': 'fm2-7', 'state': {'position': {'x': 0.0, 'y': 0.0, 'z': 0.0}, 'docked': True}}
[INFO] [1787911611.494944897] [multi3_coordinator_node]: Received coordination message: {'robot_name': 'robot1', 'completed_task': 'pick(o3-8,scan_area)'}
[INFO] [1787911613.888243009] [multi3_coordinator_node]: Received coordination message: {'robot_name': 'robot7', 'completed_task': 'unload_pack(p7)'}
[INFO] [1787911613.889195571] [multi3_coordinator_node]: Received robot state update from robot robot7: {'operational_state': 'idle', 'current_assigned_fragment': None, 'state': {'position': {'x': 10, 'y': 10, 'z': 0.0}, 'docked': False}}
[INFO] [1787911613.890057232] [multi3_coordinator_node]: Received coordination message: {'robot_name': 'robot7', 'completed_fragment': 'fm7-17', 'state': {'position': {'x': 10, 'y': 10, 'z': 0.0}, 'docked': False}}
[INFO] [1787911614.518396891] [multi3_coordinator_node]: Fragment fm8-12 is now executable because all signal messages were received.
[INFO] [1787911614.520076506] [multi3_coordinator_node]: Received robot state update from robot robot5: {'operational_state': 'idle', 'current_assigned_fragment': None, 'state': {'position': {'x': 0.0, 'y': 0.0, 'z': 0.0}, 'docked': True}}
[INFO] [1787911614.522664022] [multi3_coordinator_node]: Received coordination message: {'robot_name': 'robot5', 'completed_fragment': 'fm8-11', 'state': {'position': {'x': 0.0, 'y': 0.0, 'z': 0.0}, 'docked': True}}
[INFO] [1787911614.524135704] [multi3_coordinator_node]: Received coordination message: {'robot_name': 'robot5', 'completed_task': 'scan(o4-8)'}
[INFO] [1787911615.053614994] [multi3_coordinator_node]: Received coordination message: {'robot_name': 'robot2', 'completed_task': 'move_to(o1-4,scan_area)'}
[INFO] [1787911615.089523136] [multi3_coordinator_node]: Received coordination message: {'robot_name': 'robot3', 'completed_task': 'place(o1-8,pack_area)'}
[INFO] [1787911615.090550484] [multi3_coordinator_node]: Received robot state update from robot robot3: {'operational_state': 'idle', 'current_assigned_fragment': None, 'state': {'position': {'x': 8, 'y': 8, 'z': 0.0}, 'docked': False}}
[INFO] [1787911615.091813389] [multi3_coordinator_node]: Received coordination message: {'robot_name': 'robot3', 'completed_fragment': 'fm8-3', 'state': {'position': {'x': 8, 'y': 8, 'z': 0.0}, 'docked': False}}
[INFO] [1787911615.457976915] [multi3_coordinator_node]: Assigned fragment fm8-12 to robot robot3.
[INFO] [1787911615.472734563] [multi3_coordinator_node]: Assigned fragment fm8-14 to robot robot5.
[INFO] [1787911615.481898179] [multi3_coordinator_node]: Received robot state update from robot robot3: {'operational_state': 'working', 'current_assigned_fragment': 'fm8-12', 'state': {'position': {'x': 8, 'y': 8, 'z': 0.0}, 'docked': False}}
[INFO] [1787911615.487843634] [multi3_coordinator_node]: Received robot state update from robot robot5: {'operational_state': 'working', 'current_assigned_fragment': 'fm8-14', 'state': {'position': {'x': 0.0, 'y': 0.0, 'z': 0.0}, 'docked': True}}
[INFO] [1787911619.991689443] [multi3_coordinator_node]: Received coordination message: {'robot_name': 'robot1', 'completed_task': 'move_to(o3-8,pack_area)'}
[INFO] [1787911623.540969612] [multi3_coordinator_node]: Fragment fm8-15 is now executable because all signal messages were received.
[INFO] [1787911623.541909611] [multi3_coordinator_node]: Received coordination message: {'robot_name': 'robot5', 'completed_fragment': 'fm8-14', 'state': {'position': {'x': 0.0, 'y': 0.0, 'z': 0.0}, 'docked': True}}
[INFO] [1787911623.543508169] [multi3_coordinator_node]: Received robot state update from robot robot5: {'operational_state': 'idle', 'current_assigned_fragment': None, 'state': {'position': {'x': 0.0, 'y': 0.0, 'z': 0.0}, 'docked': True}}
[INFO] [1787911623.543896154] [multi3_coordinator_node]: Received coordination message: {'robot_name': 'robot5', 'completed_task': 'scan(o5-8)'}
[INFO] [1787911623.989618548] [multi3_coordinator_node]: Received coordination message: {'robot_name': 'robot4', 'completed_task': 'pick(o2-8,scan_area)'}
[INFO] [1787911624.079813264] [multi3_coordinator_node]: Fragment fm4-2 is now executable because all signal messages were received.
[INFO] [1787911624.083065006] [multi3_coordinator_node]: Received coordination message: {'robot_name': 'robot2', 'completed_fragment': 'fm4-1', 'state': {'position': {'x': 5, 'y': 5, 'z': 0.0}, 'docked': False}}
[INFO] [1787911624.084331949] [multi3_coordinator_node]: Received robot state update from robot robot2: {'operational_state': 'idle', 'current_assigned_fragment': None, 'state': {'position': {'x': 5, 'y': 5, 'z': 0.0}, 'docked': False}}
[INFO] [1787911624.085487064] [multi3_coordinator_node]: Received coordination message: {'robot_name': 'robot2', 'completed_task': 'place(o1-4,scan_area)'}
[INFO] [1787911624.457332854] [multi3_coordinator_node]: Assigned fragment fm8-15 to robot robot2.
[INFO] [1787911624.461546921] [multi3_coordinator_node]: Assigned fragment fm4-2 to robot robot5.
[INFO] [1787911624.473064122] [multi3_coordinator_node]: Received robot state update from robot robot5: {'operational_state': 'working', 'current_assigned_fragment': 'fm4-2', 'state': {'position': {'x': 0.0, 'y': 0.0, 'z': 0.0}, 'docked': True}}
[INFO] [1787911624.483818696] [multi3_coordinator_node]: Received robot state update from robot robot2: {'operational_state': 'working', 'current_assigned_fragment': 'fm8-15', 'state': {'position': {'x': 5, 'y': 5, 'z': 0.0}, 'docked': False}}
[INFO] [1787911626.512057106] [multi3_coordinator_node]: Fragment fm2-8 is now executable because all signal messages were received.
[INFO] [1787911626.514693834] [multi3_coordinator_node]: Received robot state update from robot robot6: {'operational_state': 'idle', 'current_assigned_fragment': None, 'state': {'position': {'x': 0.0, 'y': 0.0, 'z': 0.0}, 'docked': True}}
[INFO] [1787911626.515998330] [multi3_coordinator_node]: Received coordination message: {'robot_name': 'robot6', 'completed_fragment': 'fm2-7', 'state': {'position': {'x': 0.0, 'y': 0.0, 'z': 0.0}, 'docked': True}}
[INFO] [1787911626.516969774] [multi3_coordinator_node]: Received coordination message: {'robot_name': 'robot6', 'completed_task': 'pack(o1-2,o2-2)'}
[INFO] [1787911627.458849446] [multi3_coordinator_node]: Assigned fragment fm2-8 to robot robot7.
[INFO] [1787911627.487901827] [multi3_coordinator_node]: Received robot state update from robot robot7: {'operational_state': 'working', 'current_assigned_fragment': 'fm2-8', 'state': {'position': {'x': 10, 'y': 10, 'z': 0.0}, 'docked': False}}
[INFO] [1787911628.026929879] [multi3_coordinator_node]: Received coordination message: {'robot_name': 'robot1', 'completed_task': 'place(o3-8,pack_area)'}
[INFO] [1787911628.028714984] [multi3_coordinator_node]: Received robot state update from robot robot1: {'operational_state': 'idle', 'current_assigned_fragment': None, 'state': {'position': {'x': 8, 'y': 8, 'z': 0.0}, 'docked': False}}
[INFO] [1787911628.029659096] [multi3_coordinator_node]: Received coordination message: {'robot_name': 'robot1', 'completed_fragment': 'fm8-9', 'state': {'position': {'x': 8, 'y': 8, 'z': 0.0}, 'docked': False}}
[INFO] [1787911628.460927377] [multi3_coordinator_node]: Assigned fragment fm4-4 to robot robot1.
[INFO] [1787911628.472784072] [multi3_coordinator_node]: Received robot state update from robot robot1: {'operational_state': 'working', 'current_assigned_fragment': 'fm4-4', 'state': {'position': {'x': 8, 'y': 8, 'z': 0.0}, 'docked': False}}
[INFO] [1787911632.476530478] [multi3_coordinator_node]: Received coordination message: {'robot_name': 'robot4', 'completed_task': 'move_to(o2-8,pack_area)'}
[INFO] [1787911634.549488238] [multi3_coordinator_node]: Received robot state update from robot robot5: {'operational_state': 'idle', 'current_assigned_fragment': None, 'state': {'position': {'x': 0.0, 'y': 0.0, 'z': 0.0}, 'docked': True}}
[INFO] [1787911634.552868658] [multi3_coordinator_node]: Fragment fm4-3 is now executable because all signal messages were received.
[INFO] [1787911634.554931161] [multi3_coordinator_node]: Received coordination message: {'robot_name': 'robot5', 'completed_fragment': 'fm4-2', 'state': {'position': {'x': 0.0, 'y': 0.0, 'z': 0.0}, 'docked': True}}
[INFO] [1787911634.555511662] [multi3_coordinator_node]: Received coordination message: {'robot_name': 'robot5', 'completed_task': 'scan(o1-4)'}
[INFO] [1787911635.997865530] [multi3_coordinator_node]: Received coordination message: {'robot_name': 'robot3', 'completed_task': 'pick(o4-8,scan_area)'}
[INFO] [1787911636.505058682] [multi3_coordinator_node]: Received coordination message: {'robot_name': 'robot2', 'completed_task': 'pick(o5-8,scan_area)'}
[INFO] [1787911640.498332222] [multi3_coordinator_node]: Received coordination message: {'robot_name': 'robot4', 'completed_fragment': 'fm8-6', 'state': {'position': {'x': 8, 'y': 8, 'z': 0.0}, 'docked': False}}
[INFO] [1787911640.499675816] [multi3_coordinator_node]: Received coordination message: {'robot_name': 'robot4', 'completed_task': 'place(o2-8,pack_area)'}
[INFO] [1787911640.500311544] [multi3_coordinator_node]: Received robot state update from robot robot4: {'operational_state': 'idle', 'current_assigned_fragment': None, 'state': {'position': {'x': 8, 'y': 8, 'z': 0.0}, 'docked': False}}
[INFO] [1787911641.460141881] [multi3_coordinator_node]: Assigned fragment fm4-3 to robot robot4.
[INFO] [1787911641.499560938] [multi3_coordinator_node]: Received robot state update from robot robot4: {'operational_state': 'working', 'current_assigned_fragment': 'fm4-3', 'state': {'position': {'x': 8, 'y': 8, 'z': 0.0}, 'docked': False}}
[INFO] [1787911644.484434027] [multi3_coordinator_node]: Received coordination message: {'robot_name': 'robot3', 'completed_task': 'move_to(o4-8,pack_area)'}
[INFO] [1787911645.008794546] [multi3_coordinator_node]: Received coordination message: {'robot_name': 'robot2', 'completed_task': 'move_to(o5-8,pack_area)'}
[INFO] [1787911645.162954383] [multi3_coordinator_node]: Received coordination message: {'robot_name': 'robot7', 'completed_task': 'load_pack(p2)'}
[INFO] [1787911650.667605000] [multi3_coordinator_node]: Received coordination message: {'robot_name': 'robot1', 'completed_task': 'pick(o2-4,shelf)'}
[INFO] [1787911650.850681715] [multi3_coordinator_node]: Received coordination message: {'robot_name': 'robot7', 'completed_task': 'move_to(p2,deliver_area)'}
[INFO] [1787911655.046765316] [multi3_coordinator_node]: Received coordination message: {'robot_name': 'robot2', 'completed_fragment': 'fm8-15', 'state': {'position': {'x': 8, 'y': 8, 'z': 0.0}, 'docked': False}}
[INFO] [1787911655.048571690] [multi3_coordinator_node]: Received coordination message: {'robot_name': 'robot2', 'completed_task': 'place(o5-8,pack_area)'}
[INFO] [1787911655.049601874] [multi3_coordinator_node]: Received robot state update from robot robot2: {'operational_state': 'idle', 'current_assigned_fragment': None, 'state': {'position': {'x': 8, 'y': 8, 'z': 0.0}, 'docked': False}}
[INFO] [1787911655.455834700] [multi3_coordinator_node]: Assigned fragment fm4-7 to robot robot2.
[INFO] [1787911655.490383376] [multi3_coordinator_node]: Received robot state update from robot robot2: {'operational_state': 'working', 'current_assigned_fragment': 'fm4-7', 'state': {'position': {'x': 8, 'y': 8, 'z': 0.0}, 'docked': False}}
[INFO] [1787911656.306832128] [multi3_coordinator_node]: Received coordination message: {'robot_name': 'robot1', 'completed_task': 'move_to(o2-4,scan_area)'}
[INFO] [1787911656.518574801] [multi3_coordinator_node]: Fragment fm8-16 is now executable because all signal messages were received.
[INFO] [1787911656.523205794] [multi3_coordinator_node]: Received robot state update from robot robot3: {'operational_state': 'idle', 'current_assigned_fragment': None, 'state': {'position': {'x': 8, 'y': 8, 'z': 0.0}, 'docked': False}}
[INFO] [1787911656.524969834] [multi3_coordinator_node]: Received coordination message: {'robot_name': 'robot3', 'completed_fragment': 'fm8-12', 'state': {'position': {'x': 8, 'y': 8, 'z': 0.0}, 'docked': False}}
[INFO] [1787911656.527346576] [multi3_coordinator_node]: Received coordination message: {'robot_name': 'robot3', 'completed_task': 'place(o4-8,pack_area)'}
[INFO] [1787911657.458457888] [multi3_coordinator_node]: Assigned fragment fm8-16 to robot robot6.
[INFO] [1787911657.468628441] [multi3_coordinator_node]: Assigned fragment fm6-1 to robot robot3.
[INFO] [1787911657.502083585] [multi3_coordinator_node]: Received robot state update from robot robot3: {'operational_state': 'working', 'current_assigned_fragment': 'fm6-1', 'state': {'position': {'x': 8, 'y': 8, 'z': 0.0}, 'docked': False}}
[INFO] [1787911657.503056408] [multi3_coordinator_node]: Received robot state update from robot robot6: {'operational_state': 'working', 'current_assigned_fragment': 'fm8-16', 'state': {'position': {'x': 0.0, 'y': 0.0, 'z': 0.0}, 'docked': True}}
[INFO] [1787911658.987961228] [multi3_coordinator_node]: Received coordination message: {'robot_name': 'robot4', 'completed_task': 'pick(o1-4,scan_area)'}
[INFO] [1787911662.852922928] [multi3_coordinator_node]: Received robot state update from robot robot7: {'operational_state': 'idle', 'current_assigned_fragment': None, 'state': {'position': {'x': 10, 'y': 10, 'z': 0.0}, 'docked': False}}
[INFO] [1787911662.854451133] [multi3_coordinator_node]: Received coordination message: {'robot_name': 'robot7', 'completed_task': 'unload_pack(p2)'}
[INFO] [1787911662.855528245] [multi3_coordinator_node]: Received coordination message: {'robot_name': 'robot7', 'completed_fragment': 'fm2-8', 'state': {'position': {'x': 10, 'y': 10, 'z': 0.0}, 'docked': False}}
[INFO] [1787911664.345658116] [multi3_coordinator_node]: Received robot state update from robot robot1: {'operational_state': 'idle', 'current_assigned_fragment': None, 'state': {'position': {'x': 5, 'y': 5, 'z': 0.0}, 'docked': False}}
[INFO] [1787911664.346984273] [multi3_coordinator_node]: Fragment fm4-5 is now executable because all signal messages were received.
[INFO] [1787911664.347963263] [multi3_coordinator_node]: Received coordination message: {'robot_name': 'robot1', 'completed_fragment': 'fm4-4', 'state': {'position': {'x': 5, 'y': 5, 'z': 0.0}, 'docked': False}}
[INFO] [1787911664.348708968] [multi3_coordinator_node]: Received coordination message: {'robot_name': 'robot1', 'completed_task': 'place(o2-4,scan_area)'}
[INFO] [1787911664.456629008] [multi3_coordinator_node]: Assigned fragment fm4-5 to robot robot5.
[INFO] [1787911664.459046038] [multi3_coordinator_node]: Assigned fragment fm6-4 to robot robot1.
[INFO] [1787911664.473265227] [multi3_coordinator_node]: Received robot state update from robot robot1: {'operational_state': 'working', 'current_assigned_fragment': 'fm6-4', 'state': {'position': {'x': 5, 'y': 5, 'z': 0.0}, 'docked': False}}
[INFO] [1787911664.474103665] [multi3_coordinator_node]: Received robot state update from robot robot5: {'operational_state': 'working', 'current_assigned_fragment': 'fm4-5', 'state': {'position': {'x': 0.0, 'y': 0.0, 'z': 0.0}, 'docked': True}}
[INFO] [1787911667.485842565] [multi3_coordinator_node]: Received coordination message: {'robot_name': 'robot4', 'completed_task': 'move_to(o1-4,pack_area)'}
[INFO] [1787911674.575007212] [multi3_coordinator_node]: Received coordination message: {'robot_name': 'robot5', 'completed_fragment': 'fm4-5', 'state': {'position': {'x': 0.0, 'y': 0.0, 'z': 0.0}, 'docked': True}}
[INFO] [1787911674.576792835] [multi3_coordinator_node]: Fragment fm4-6 is now executable because all signal messages were received.
[INFO] [1787911674.578941857] [multi3_coordinator_node]: Received coordination message: {'robot_name': 'robot5', 'completed_task': 'scan(o2-4)'}
[INFO] [1787911674.579578895] [multi3_coordinator_node]: Received robot state update from robot robot5: {'operational_state': 'idle', 'current_assigned_fragment': None, 'state': {'position': {'x': 0.0, 'y': 0.0, 'z': 0.0}, 'docked': True}}
[INFO] [1787911676.531611036] [multi3_coordinator_node]: Received coordination message: {'robot_name': 'robot4', 'completed_fragment': 'fm4-3', 'state': {'position': {'x': 8, 'y': 8, 'z': 0.0}, 'docked': False}}
[INFO] [1787911676.532320236] [multi3_coordinator_node]: Received coordination message: {'robot_name': 'robot4', 'completed_task': 'place(o1-4,pack_area)'}
[INFO] [1787911676.533346853] [multi3_coordinator_node]: Received robot state update from robot robot4: {'operational_state': 'idle', 'current_assigned_fragment': None, 'state': {'position': {'x': 8, 'y': 8, 'z': 0.0}, 'docked': False}}
[INFO] [1787911677.458238361] [multi3_coordinator_node]: Assigned fragment fm4-6 to robot robot4.
[INFO] [1787911677.487044155] [multi3_coordinator_node]: Received robot state update from robot robot4: {'operational_state': 'working', 'current_assigned_fragment': 'fm4-6', 'state': {'position': {'x': 8, 'y': 8, 'z': 0.0}, 'docked': False}}
[INFO] [1787911677.499944779] [multi3_coordinator_node]: Received coordination message: {'robot_name': 'robot2', 'completed_task': 'pick(o3-4,shelf)'}
[INFO] [1787911681.437057668] [multi3_coordinator_node]: Received coordination message: {'robot_name': 'robot1', 'completed_task': 'pick(o2-6,shelf)'}
[INFO] [1787911683.504331701] [multi3_coordinator_node]: Received coordination message: {'robot_name': 'robot6', 'completed_fragment': 'fm8-16', 'state': {'position': {'x': 0.0, 'y': 0.0, 'z': 0.0}, 'docked': True}}
[INFO] [1787911683.504864597] [multi3_coordinator_node]: Received robot state update from robot robot6: {'operational_state': 'idle', 'current_assigned_fragment': None, 'state': {'position': {'x': 0.0, 'y': 0.0, 'z': 0.0}, 'docked': True}}
[INFO] [1787911683.505839920] [multi3_coordinator_node]: Fragment fm8-17 is now executable because all signal messages were received.
[INFO] [1787911683.506434292] [multi3_coordinator_node]: Received coordination message: {'robot_name': 'robot6', 'completed_task': 'pack(o1-8,o2-8,o3-8,o4-8,o5-8)'}
[INFO] [1787911684.461255334] [multi3_coordinator_node]: Assigned fragment fm8-17 to robot robot7.
[INFO] [1787911684.507904762] [multi3_coordinator_node]: Received robot state update from robot robot7: {'operational_state': 'working', 'current_assigned_fragment': 'fm8-17', 'state': {'position': {'x': 10, 'y': 10, 'z': 0.0}, 'docked': False}}
[INFO] [1787911685.997831468] [multi3_coordinator_node]: Received coordination message: {'robot_name': 'robot2', 'completed_task': 'move_to(o3-4,scan_area)'}
[INFO] [1787911687.740108784] [multi3_coordinator_node]: Received coordination message: {'robot_name': 'robot3', 'completed_task': 'move_to(o1-6,scan_area)'}
[INFO] [1787911687.741300022] [multi3_coordinator_node]: Received coordination message: {'robot_name': 'robot3', 'completed_task': 'pick(o1-6,shelf)'}
[INFO] [1787911692.797799353] [multi3_coordinator_node]: Received coordination message: {'robot_name': 'robot1', 'completed_task': 'move_to(o2-6,scan_area)'}
[INFO] [1787911694.025263070] [multi3_coordinator_node]: Received coordination message: {'robot_name': 'robot4', 'completed_task': 'pick(o2-4,scan_area)'}
[INFO] [1787911696.017668427] [multi3_coordinator_node]: Fragment fm4-8 is now executable because all signal messages were received.
[INFO] [1787911696.023176579] [multi3_coordinator_node]: Received coordination message: {'robot_name': 'robot2', 'completed_fragment': 'fm4-7', 'state': {'position': {'x': 5, 'y': 5, 'z': 0.0}, 'docked': False}}
[INFO] [1787911696.023924458] [multi3_coordinator_node]: Received robot state update from robot robot2: {'operational_state': 'idle', 'current_assigned_fragment': None, 'state': {'position': {'x': 5, 'y': 5, 'z': 0.0}, 'docked': False}}
[INFO] [1787911696.025142493] [multi3_coordinator_node]: Received coordination message: {'robot_name': 'robot2', 'completed_task': 'place(o3-4,scan_area)'}
[INFO] [1787911696.457921496] [multi3_coordinator_node]: Assigned fragment fm4-8 to robot robot5.
[INFO] [1787911696.460046200] [multi3_coordinator_node]: Assigned fragment fm6-7 to robot robot2.
[INFO] [1787911696.484880745] [multi3_coordinator_node]: Received robot state update from robot robot5: {'operational_state': 'working', 'current_assigned_fragment': 'fm4-8', 'state': {'position': {'x': 0.0, 'y': 0.0, 'z': 0.0}, 'docked': True}}
[INFO] [1787911696.487654881] [multi3_coordinator_node]: Received robot state update from robot robot2: {'operational_state': 'working', 'current_assigned_fragment': 'fm6-7', 'state': {'position': {'x': 5, 'y': 5, 'z': 0.0}, 'docked': False}}
[INFO] [1787911700.776305580] [multi3_coordinator_node]: Fragment fm6-5 is now executable because all signal messages were received.
[INFO] [1787911700.781016812] [multi3_coordinator_node]: Received coordination message: {'robot_name': 'robot1', 'completed_fragment': 'fm6-4', 'state': {'position': {'x': 5, 'y': 5, 'z': 0.0}, 'docked': False}}
[INFO] [1787911700.782066551] [multi3_coordinator_node]: Received coordination message: {'robot_name': 'robot1', 'completed_task': 'place(o2-6,scan_area)'}
[INFO] [1787911700.782568288] [multi3_coordinator_node]: Received robot state update from robot robot1: {'operational_state': 'idle', 'current_assigned_fragment': None, 'state': {'position': {'x': 5, 'y': 5, 'z': 0.0}, 'docked': False}}
[INFO] [1787911701.467045978] [multi3_coordinator_node]: Assigned fragment fm6-10 to robot robot1.
[INFO] [1787911701.475206802] [multi3_coordinator_node]: Received robot state update from robot robot1: {'operational_state': 'working', 'current_assigned_fragment': 'fm6-10', 'state': {'position': {'x': 5, 'y': 5, 'z': 0.0}, 'docked': False}}
[INFO] [1787911702.499157729] [multi3_coordinator_node]: Received coordination message: {'robot_name': 'robot4', 'completed_task': 'move_to(o2-4,pack_area)'}
[INFO] [1787911702.788362061] [multi3_coordinator_node]: Fragment fm6-2 is now executable because all signal messages were received.
[INFO] [1787911702.789060341] [multi3_coordinator_node]: Received robot state update from robot robot3: {'operational_state': 'idle', 'current_assigned_fragment': None, 'state': {'position': {'x': 5, 'y': 5, 'z': 0.0}, 'docked': False}}
[INFO] [1787911702.790238679] [multi3_coordinator_node]: Received coordination message: {'robot_name': 'robot3', 'completed_fragment': 'fm6-1', 'state': {'position': {'x': 5, 'y': 5, 'z': 0.0}, 'docked': False}}
[INFO] [1787911702.791069038] [multi3_coordinator_node]: Received coordination message: {'robot_name': 'robot3', 'completed_task': 'place(o1-6,scan_area)'}
[INFO] [1787911706.506362019] [multi3_coordinator_node]: Received coordination message: {'robot_name': 'robot5', 'completed_fragment': 'fm4-8', 'state': {'position': {'x': 0.0, 'y': 0.0, 'z': 0.0}, 'docked': True}}
[INFO] [1787911706.507807883] [multi3_coordinator_node]: Received robot state update from robot robot5: {'operational_state': 'idle', 'current_assigned_fragment': None, 'state': {'position': {'x': 0.0, 'y': 0.0, 'z': 0.0}, 'docked': True}}
[INFO] [1787911706.508278892] [multi3_coordinator_node]: Fragment fm4-9 is now executable because all signal messages were received.
[INFO] [1787911706.509265204] [multi3_coordinator_node]: Received coordination message: {'robot_name': 'robot5', 'completed_task': 'scan(o3-4)'}
[INFO] [1787911707.180081981] [multi3_coordinator_node]: Received coordination message: {'robot_name': 'robot7', 'completed_task': 'load_pack(p8)'}
[INFO] [1787911707.460546811] [multi3_coordinator_node]: Assigned fragment fm4-9 to robot robot3.
[INFO] [1787911707.465296068] [multi3_coordinator_node]: Assigned fragment fm6-2 to robot robot5.
[INFO] [1787911707.480719090] [multi3_coordinator_node]: Received robot state update from robot robot3: {'operational_state': 'working', 'current_assigned_fragment': 'fm4-9', 'state': {'position': {'x': 5, 'y': 5, 'z': 0.0}, 'docked': False}}
[INFO] [1787911707.481718242] [multi3_coordinator_node]: Received robot state update from robot robot5: {'operational_state': 'working', 'current_assigned_fragment': 'fm6-2', 'state': {'position': {'x': 0.0, 'y': 0.0, 'z': 0.0}, 'docked': True}}
[INFO] [1787911710.543952058] [multi3_coordinator_node]: Received coordination message: {'robot_name': 'robot4', 'completed_task': 'place(o2-4,pack_area)'}
[INFO] [1787911710.546338096] [multi3_coordinator_node]: Received robot state update from robot robot4: {'operational_state': 'idle', 'current_assigned_fragment': None, 'state': {'position': {'x': 8, 'y': 8, 'z': 0.0}, 'docked': False}}
[INFO] [1787911710.547096432] [multi3_coordinator_node]: Received coordination message: {'robot_name': 'robot4', 'completed_fragment': 'fm4-6', 'state': {'position': {'x': 8, 'y': 8, 'z': 0.0}, 'docked': False}}
[INFO] [1787911712.838850053] [multi3_coordinator_node]: Received coordination message: {'robot_name': 'robot7', 'completed_task': 'move_to(p8,deliver_area)'}
[INFO] [1787911712.839459396] [multi3_coordinator_node]: Received coordination message: {'robot_name': 'robot2', 'completed_task': 'pick(o3-6,shelf)'}
[INFO] [1787911715.507230150] [multi3_coordinator_node]: Received robot state update from robot robot5: {'operational_state': 'idle', 'current_assigned_fragment': None, 'state': {'position': {'x': 0.0, 'y': 0.0, 'z': 0.0}, 'docked': True}}
[INFO] [1787911715.508112813] [multi3_coordinator_node]: Fragment fm6-3 is now executable because all signal messages were received.
[INFO] [1787911715.508586687] [multi3_coordinator_node]: Received coordination message: {'robot_name': 'robot5', 'completed_fragment': 'fm6-2', 'state': {'position': {'x': 0.0, 'y': 0.0, 'z': 0.0}, 'docked': True}}
[INFO] [1787911715.509343817] [multi3_coordinator_node]: Received coordination message: {'robot_name': 'robot5', 'completed_task': 'scan(o1-6)'}
[INFO] [1787911716.460976854] [multi3_coordinator_node]: Assigned fragment fm6-3 to robot robot4.
[INFO] [1787911716.464053666] [multi3_coordinator_node]: Assigned fragment fm6-5 to robot robot5.
[INFO] [1787911716.477994513] [multi3_coordinator_node]: Received robot state update from robot robot5: {'operational_state': 'working', 'current_assigned_fragment': 'fm6-5', 'state': {'position': {'x': 0.0, 'y': 0.0, 'z': 0.0}, 'docked': True}}
[INFO] [1787911716.502222982] [multi3_coordinator_node]: Received robot state update from robot robot4: {'operational_state': 'working', 'current_assigned_fragment': 'fm6-3', 'state': {'position': {'x': 8, 'y': 8, 'z': 0.0}, 'docked': False}}
[INFO] [1787911717.500599784] [multi3_coordinator_node]: Received coordination message: {'robot_name': 'robot3', 'completed_task': 'pick(o3-4,scan_area)'}
[INFO] [1787911721.314809560] [multi3_coordinator_node]: Received coordination message: {'robot_name': 'robot2', 'completed_task': 'move_to(o3-6,scan_area)'}
[INFO] [1787911721.822832130] [multi3_coordinator_node]: Received coordination message: {'robot_name': 'robot1', 'completed_task': 'pick(o4-6,shelf)'}
[INFO] [1787911724.570707686] [multi3_coordinator_node]: Fragment fm6-6 is now executable because all signal messages were received.
[INFO] [1787911724.578238264] [multi3_coordinator_node]: Received robot state update from robot robot5: {'operational_state': 'idle', 'current_assigned_fragment': None, 'state': {'position': {'x': 0.0, 'y': 0.0, 'z': 0.0}, 'docked': True}}
[INFO] [1787911724.579072402] [multi3_coordinator_node]: Received coordination message: {'robot_name': 'robot5', 'completed_fragment': 'fm6-5', 'state': {'position': {'x': 0.0, 'y': 0.0, 'z': 0.0}, 'docked': True}}
[INFO] [1787911724.580040803] [multi3_coordinator_node]: Received coordination message: {'robot_name': 'robot5', 'completed_task': 'scan(o2-6)'}
[INFO] [1787911725.884905053] [multi3_coordinator_node]: Received coordination message: {'robot_name': 'robot7', 'completed_fragment': 'fm8-17', 'state': {'position': {'x': 10, 'y': 10, 'z': 0.0}, 'docked': False}}
[INFO] [1787911725.887544504] [multi3_coordinator_node]: Received coordination message: {'robot_name': 'robot7', 'completed_task': 'unload_pack(p7)'}
[INFO] [1787911725.888280454] [multi3_coordinator_node]: Received robot state update from robot robot7: {'operational_state': 'idle', 'current_assigned_fragment': None, 'state': {'position': {'x': 10, 'y': 10, 'z': 0.0}, 'docked': False}}
[INFO] [1787911726.037461876] [multi3_coordinator_node]: Received coordination message: {'robot_name': 'robot3', 'completed_task': 'move_to(o3-4,pack_area)'}
[INFO] [1787911731.354038552] [multi3_coordinator_node]: Fragment fm6-8 is now executable because all signal messages were received.
[INFO] [1787911731.357068241] [multi3_coordinator_node]: Received robot state update from robot robot2: {'operational_state': 'idle', 'current_assigned_fragment': None, 'state': {'position': {'x': 5, 'y': 5, 'z': 0.0}, 'docked': False}}
[INFO] [1787911731.358100162] [multi3_coordinator_node]: Received coordination message: {'robot_name': 'robot2', 'completed_fragment': 'fm6-7', 'state': {'position': {'x': 5, 'y': 5, 'z': 0.0}, 'docked': False}}
[INFO] [1787911731.358838904] [multi3_coordinator_node]: Received coordination message: {'robot_name': 'robot2', 'completed_task': 'place(o3-6,scan_area)'}
[INFO] [1787911731.461111866] [multi3_coordinator_node]: Assigned fragment fm6-6 to robot robot2.
[INFO] [1787911731.465564940] [multi3_coordinator_node]: Assigned fragment fm6-8 to robot robot5.
[INFO] [1787911731.513921728] [multi3_coordinator_node]: Received robot state update from robot robot5: {'operational_state': 'working', 'current_assigned_fragment': 'fm6-8', 'state': {'position': {'x': 0.0, 'y': 0.0, 'z': 0.0}, 'docked': True}}
[INFO] [1787911731.514651948] [multi3_coordinator_node]: Received robot state update from robot robot2: {'operational_state': 'working', 'current_assigned_fragment': 'fm6-6', 'state': {'position': {'x': 5, 'y': 5, 'z': 0.0}, 'docked': False}}
[INFO] [1787911733.155414811] [multi3_coordinator_node]: Received coordination message: {'robot_name': 'robot1', 'completed_task': 'move_to(o4-6,scan_area)'}
[INFO] [1787911736.065240593] [multi3_coordinator_node]: Fragment fm4-10 is now executable because all signal messages were received.
[INFO] [1787911736.067881318] [multi3_coordinator_node]: Received robot state update from robot robot3: {'operational_state': 'idle', 'current_assigned_fragment': None, 'state': {'position': {'x': 8, 'y': 8, 'z': 0.0}, 'docked': False}}
[INFO] [1787911736.068301530] [multi3_coordinator_node]: Received coordination message: {'robot_name': 'robot3', 'completed_fragment': 'fm4-9', 'state': {'position': {'x': 8, 'y': 8, 'z': 0.0}, 'docked': False}}
[INFO] [1787911736.069024857] [multi3_coordinator_node]: Received coordination message: {'robot_name': 'robot3', 'completed_task': 'place(o3-4,pack_area)'}
[INFO] [1787911736.467938601] [multi3_coordinator_node]: Assigned fragment fm4-10 to robot robot6.
[INFO] [1787911736.489954979] [multi3_coordinator_node]: Received robot state update from robot robot6: {'operational_state': 'working', 'current_assigned_fragment': 'fm4-10', 'state': {'position': {'x': 0.0, 'y': 0.0, 'z': 0.0}, 'docked': True}}
[INFO] [1787911739.523039247] [multi3_coordinator_node]: Received coordination message: {'robot_name': 'robot2', 'completed_task': 'pick(o2-6,scan_area)'}
[INFO] [1787911741.526152388] [multi3_coordinator_node]: Received robot state update from robot robot5: {'operational_state': 'idle', 'current_assigned_fragment': None, 'state': {'position': {'x': 0.0, 'y': 0.0, 'z': 0.0}, 'docked': True}}
[INFO] [1787911741.527641034] [multi3_coordinator_node]: Fragment fm6-9 is now executable because all signal messages were received.
[INFO] [1787911741.528828837] [multi3_coordinator_node]: Received coordination message: {'robot_name': 'robot5', 'completed_fragment': 'fm6-8', 'state': {'position': {'x': 0.0, 'y': 0.0, 'z': 0.0}, 'docked': True}}
[INFO] [1787911741.529521368] [multi3_coordinator_node]: Received coordination message: {'robot_name': 'robot5', 'completed_task': 'scan(o3-6)'}
[INFO] [1787911742.014501707] [multi3_coordinator_node]: Received coordination message: {'robot_name': 'robot4', 'completed_task': 'pick(o1-6,scan_area)'}
[INFO] [1787911742.198541141] [multi3_coordinator_node]: Received coordination message: {'robot_name': 'robot1', 'completed_fragment': 'fm6-10', 'state': {'position': {'x': 5, 'y': 5, 'z': 0.0}, 'docked': False}}
[INFO] [1787911742.199605272] [multi3_coordinator_node]: Received robot state update from robot robot1: {'operational_state': 'idle', 'current_assigned_fragment': None, 'state': {'position': {'x': 5, 'y': 5, 'z': 0.0}, 'docked': False}}
[INFO] [1787911742.200269531] [multi3_coordinator_node]: Fragment fm6-11 is now executable because all signal messages were received.
[INFO] [1787911742.200816389] [multi3_coordinator_node]: Received coordination message: {'robot_name': 'robot1', 'completed_task': 'place(o4-6,scan_area)'}
[INFO] [1787911742.457841776] [multi3_coordinator_node]: Assigned fragment fm6-9 to robot robot1.
[INFO] [1787911742.461175337] [multi3_coordinator_node]: Assigned fragment fm6-11 to robot robot5.
[INFO] [1787911742.473385298] [multi3_coordinator_node]: Received robot state update from robot robot1: {'operational_state': 'working', 'current_assigned_fragment': 'fm6-9', 'state': {'position': {'x': 5, 'y': 5, 'z': 0.0}, 'docked': False}}
[INFO] [1787911742.485981589] [multi3_coordinator_node]: Received robot state update from robot robot5: {'operational_state': 'working', 'current_assigned_fragment': 'fm6-11', 'state': {'position': {'x': 0.0, 'y': 0.0, 'z': 0.0}, 'docked': True}}
[INFO] [1787911747.993453532] [multi3_coordinator_node]: Received coordination message: {'robot_name': 'robot2', 'completed_task': 'move_to(o2-6,pack_area)'}
[INFO] [1787911750.524893375] [multi3_coordinator_node]: Received coordination message: {'robot_name': 'robot4', 'completed_task': 'move_to(o1-6,pack_area)'}
[INFO] [1787911752.538575563] [multi3_coordinator_node]: Received coordination message: {'robot_name': 'robot5', 'completed_fragment': 'fm6-11', 'state': {'position': {'x': 0.0, 'y': 0.0, 'z': 0.0}, 'docked': True}}
[INFO] [1787911752.541535833] [multi3_coordinator_node]: Fragment fm6-12 is now executable because all signal messages were received.
[INFO] [1787911752.542130503] [multi3_coordinator_node]: Received robot state update from robot robot5: {'operational_state': 'idle', 'current_assigned_fragment': None, 'state': {'position': {'x': 0.0, 'y': 0.0, 'z': 0.0}, 'docked': True}}
[INFO] [1787911752.542959909] [multi3_coordinator_node]: Received coordination message: {'robot_name': 'robot5', 'completed_task': 'scan(o4-6)'}
[INFO] [1787911753.462112130] [multi3_coordinator_node]: Assigned fragment fm6-12 to robot robot3.
[INFO] [1787911753.473495788] [multi3_coordinator_node]: Received robot state update from robot robot3: {'operational_state': 'working', 'current_assigned_fragment': 'fm6-12', 'state': {'position': {'x': 8, 'y': 8, 'z': 0.0}, 'docked': False}}
[INFO] [1787911754.522887055] [multi3_coordinator_node]: Received coordination message: {'robot_name': 'robot1', 'completed_task': 'pick(o3-6,scan_area)'}
[INFO] [1787911756.052861326] [multi3_coordinator_node]: Received coordination message: {'robot_name': 'robot2', 'completed_task': 'place(o2-6,pack_area)'}
[INFO] [1787911756.054080085] [multi3_coordinator_node]: Received coordination message: {'robot_name': 'robot2', 'completed_fragment': 'fm6-6', 'state': {'position': {'x': 8, 'y': 8, 'z': 0.0}, 'docked': False}}
[INFO] [1787911756.054471750] [multi3_coordinator_node]: Received robot state update from robot robot2: {'operational_state': 'idle', 'current_assigned_fragment': None, 'state': {'position': {'x': 8, 'y': 8, 'z': 0.0}, 'docked': False}}
[INFO] [1787911756.162012527] [multi3_coordinator_node]: Fragment fm4-11 is now executable because all signal messages were received.
[INFO] [1787911756.164127810] [multi3_coordinator_node]: Received coordination message: {'robot_name': 'robot6', 'completed_fragment': 'fm4-10', 'state': {'position': {'x': 0.0, 'y': 0.0, 'z': 0.0}, 'docked': True}}
[INFO] [1787911756.164663242] [multi3_coordinator_node]: Received robot state update from robot robot6: {'operational_state': 'idle', 'current_assigned_fragment': None, 'state': {'position': {'x': 0.0, 'y': 0.0, 'z': 0.0}, 'docked': True}}
[INFO] [1787911756.165611915] [multi3_coordinator_node]: Received coordination message: {'robot_name': 'robot6', 'completed_task': 'pack(o1-4,o2-4,o3-4)'}
[INFO] [1787911756.460358654] [multi3_coordinator_node]: Assigned fragment fm4-11 to robot robot7.
[INFO] [1787911756.486592799] [multi3_coordinator_node]: Received robot state update from robot robot7: {'operational_state': 'working', 'current_assigned_fragment': 'fm4-11', 'state': {'position': {'x': 10, 'y': 10, 'z': 0.0}, 'docked': False}}
[INFO] [1787911763.014121074] [multi3_coordinator_node]: Received coordination message: {'robot_name': 'robot1', 'completed_task': 'move_to(o3-6,pack_area)'}
[INFO] [1787911765.531430350] [multi3_coordinator_node]: Received robot state update from robot robot4: {'operational_state': 'idle', 'current_assigned_fragment': None, 'state': {'position': {'x': 8, 'y': 8, 'z': 0.0}, 'docked': False}}
[INFO] [1787911765.532557203] [multi3_coordinator_node]: Received coordination message: {'robot_name': 'robot4', 'completed_fragment': 'fm6-3', 'state': {'position': {'x': 8, 'y': 8, 'z': 0.0}, 'docked': False}}
[INFO] [1787911765.533169585] [multi3_coordinator_node]: Received coordination message: {'robot_name': 'robot4', 'completed_task': 'place(o1-6,pack_area)'}
[INFO] [1787911770.981362882] [multi3_coordinator_node]: Received coordination message: {'robot_name': 'robot3', 'completed_task': 'pick(o4-6,scan_area)'}
[INFO] [1787911773.037032391] [multi3_coordinator_node]: Received robot state update from robot robot1: {'operational_state': 'idle', 'current_assigned_fragment': None, 'state': {'position': {'x': 8, 'y': 8, 'z': 0.0}, 'docked': False}}
[INFO] [1787911773.038161413] [multi3_coordinator_node]: Received coordination message: {'robot_name': 'robot1', 'completed_task': 'place(o3-6,pack_area)'}
[INFO] [1787911773.038845105] [multi3_coordinator_node]: Received coordination message: {'robot_name': 'robot1', 'completed_fragment': 'fm6-9', 'state': {'position': {'x': 8, 'y': 8, 'z': 0.0}, 'docked': False}}
[INFO] [1787911779.173562200] [multi3_coordinator_node]: Received coordination message: {'robot_name': 'robot7', 'completed_task': 'load_pack(p4)'}
[INFO] [1787911779.476799098] [multi3_coordinator_node]: Received coordination message: {'robot_name': 'robot3', 'completed_task': 'move_to(o4-6,pack_area)'}
[INFO] [1787911784.835582889] [multi3_coordinator_node]: Received coordination message: {'robot_name': 'robot7', 'completed_task': 'move_to(p4,deliver_area)'}
[INFO] [1787911788.518056366] [multi3_coordinator_node]: Fragment fm6-13 is now executable because all signal messages were received.
[INFO] [1787911788.519699082] [multi3_coordinator_node]: Received coordination message: {'robot_name': 'robot3', 'completed_fragment': 'fm6-12', 'state': {'position': {'x': 8, 'y': 8, 'z': 0.0}, 'docked': False}}
[INFO] [1787911788.520707277] [multi3_coordinator_node]: Received robot state update from robot robot3: {'operational_state': 'idle', 'current_assigned_fragment': None, 'state': {'position': {'x': 8, 'y': 8, 'z': 0.0}, 'docked': False}}
[INFO] [1787911788.521699799] [multi3_coordinator_node]: Received coordination message: {'robot_name': 'robot3', 'completed_task': 'place(o4-6,pack_area)'}
[INFO] [1787911789.456154602] [multi3_coordinator_node]: Assigned fragment fm6-13 to robot robot6.
[INFO] [1787911789.486058726] [multi3_coordinator_node]: Received robot state update from robot robot6: {'operational_state': 'working', 'current_assigned_fragment': 'fm6-13', 'state': {'position': {'x': 0.0, 'y': 0.0, 'z': 0.0}, 'docked': True}}
[INFO] [1787911797.848263386] [multi3_coordinator_node]: Received coordination message: {'robot_name': 'robot7', 'completed_task': 'unload_pack(p4)'}
[INFO] [1787911797.855064043] [multi3_coordinator_node]: Received coordination message: {'robot_name': 'robot7', 'completed_fragment': 'fm4-11', 'state': {'position': {'x': 10, 'y': 10, 'z': 0.0}, 'docked': False}}
[INFO] [1787911797.856325142] [multi3_coordinator_node]: Received robot state update from robot robot7: {'operational_state': 'idle', 'current_assigned_fragment': None, 'state': {'position': {'x': 10, 'y': 10, 'z': 0.0}, 'docked': False}}
[INFO] [1787911811.308589329] [multi3_coordinator_node]: Fragment fm6-14 is now executable because all signal messages were received.
[INFO] [1787911811.310600906] [multi3_coordinator_node]: Received coordination message: {'robot_name': 'robot6', 'completed_fragment': 'fm6-13', 'state': {'position': {'x': 0.0, 'y': 0.0, 'z': 0.0}, 'docked': True}}
[INFO] [1787911811.311811593] [multi3_coordinator_node]: Received robot state update from robot robot6: {'operational_state': 'idle', 'current_assigned_fragment': None, 'state': {'position': {'x': 0.0, 'y': 0.0, 'z': 0.0}, 'docked': True}}
[INFO] [1787911811.312478473] [multi3_coordinator_node]: Received coordination message: {'robot_name': 'robot6', 'completed_task': 'pack(o1-6,o2-6,o3-6,o4-6)'}
[INFO] [1787911811.456021113] [multi3_coordinator_node]: Assigned fragment fm6-14 to robot robot7.
[INFO] [1787911811.481741422] [multi3_coordinator_node]: Received robot state update from robot robot7: {'operational_state': 'working', 'current_assigned_fragment': 'fm6-14', 'state': {'position': {'x': 10, 'y': 10, 'z': 0.0}, 'docked': False}}
[INFO] [1787911834.168800554] [multi3_coordinator_node]: Received coordination message: {'robot_name': 'robot7', 'completed_task': 'load_pack(p6)'}
[INFO] [1787911839.839131675] [multi3_coordinator_node]: Received coordination message: {'robot_name': 'robot7', 'completed_task': 'move_to(p6,deliver_area)'}
[INFO] [1787911852.876343361] [multi3_coordinator_node]: Received coordination message: {'robot_name': 'robot7', 'completed_task': 'unload_pack(p6)'}
[INFO] [1787911852.877444924] [multi3_coordinator_node]: Received robot state update from robot robot7: {'operational_state': 'idle', 'current_assigned_fragment': None, 'state': {'position': {'x': 10, 'y': 10, 'z': 0.0}, 'docked': False}}
[INFO] [1787911852.878168371] [multi3_coordinator_node]: Received coordination message: {'robot_name': 'robot7', 'completed_fragment': 'fm6-14', 'state': {'position': {'x': 10, 'y': 10, 'z': 0.0}, 'docked': False}}
Traceback (most recent call last):
  File "/root/ros2_ws/install/multi3_coordinator/lib/multi3_coordinator/coordinator", line 33, in <module>
    sys.exit(load_entry_point('multi3-coordinator==0.0.0', 'console_scripts', 'coordinator')())
  File "/root/ros2_ws/install/multi3_coordinator/lib/python3.10/site-packages/nodes/coordinator.py", line 372, in main
    executor.spin()
  File "/opt/ros/humble/local/lib/python3.10/dist-packages/rclpy/executors.py", line 323, in spin
    self.spin_once()
  File "/opt/ros/humble/local/lib/python3.10/dist-packages/rclpy/executors.py", line 863, in spin_once
    self._spin_once_impl(timeout_sec)
  File "/opt/ros/humble/local/lib/python3.10/dist-packages/rclpy/executors.py", line 844, in _spin_once_impl
    handler, entity, node = self.wait_for_ready_callbacks(
  File "/opt/ros/humble/local/lib/python3.10/dist-packages/rclpy/executors.py", line 780, in wait_for_ready_callbacks
    return next(self._cb_iter)
  File "/opt/ros/humble/local/lib/python3.10/dist-packages/rclpy/executors.py", line 653, in _wait_for_ready_callbacks
    wait_set = _rclpy.WaitSet(
rclpy._rclpy_pybind11.RCLError: failed to initialize wait set: the given context is not valid, either rcl_init() was not called or rcl_shutdown() was called., at ./src/rcl/wait.c:130
