=== Test: spec: robots=[(3, ['undock', 'check_room', 'move_to', 'vacuum', 'disinfect']), (2, ['undock', 'check_room', 'move_to', 'mop', 'disinfect']), (4, ['undock', 'check_room', 'move_to', 'mop'])], mission_arrivals=[(0, ['cleaning_3_size15'])], strategy=baseline


--- coordinator.log ---
[INFO] [1787854908.204541214] [multi3_coordinator_node]: Assignment strategy parameter: baseline
[INFO] [1787854908.206113762] [multi3_coordinator_node]: Using assignment strategy: baseline
[INFO] [1787854908.212999984] [multi3_coordinator_node]: Coordinator node started.
[INFO] [1787854911.129251337] [multi3_coordinator_node]: Received new robot info: {'name': 'robot1', 'operational_state': 'idle', 'capabilities': ['undock', 'check_room', 'move_to', 'vacuum', 'disinfect'], 'state': {'position': {'x': 0.0, 'y': 0.0, 'z': 0.0}, 'docked': True}, 'last_heartbeat': 1787854911}
[INFO] [1787854913.458442881] [multi3_coordinator_node]: Received new robot info: {'name': 'robot2', 'operational_state': 'idle', 'capabilities': ['undock', 'check_room', 'move_to', 'vacuum', 'disinfect'], 'state': {'position': {'x': 0.0, 'y': 0.0, 'z': 0.0}, 'docked': True}, 'last_heartbeat': 1787854913}
[INFO] [1787854915.499845607] [multi3_coordinator_node]: Received new robot info: {'name': 'robot3', 'operational_state': 'idle', 'capabilities': ['undock', 'check_room', 'move_to', 'vacuum', 'disinfect'], 'state': {'position': {'x': 0.0, 'y': 0.0, 'z': 0.0}, 'docked': True}, 'last_heartbeat': 1787854915}
[INFO] [1787854917.485511297] [multi3_coordinator_node]: Received new robot info: {'name': 'robot4', 'operational_state': 'idle', 'capabilities': ['undock', 'check_room', 'move_to', 'mop', 'disinfect'], 'state': {'position': {'x': 0.0, 'y': 0.0, 'z': 0.0}, 'docked': True}, 'last_heartbeat': 1787854917}
[INFO] [1787854919.519876260] [multi3_coordinator_node]: Received new robot info: {'name': 'robot5', 'operational_state': 'idle', 'capabilities': ['undock', 'check_room', 'move_to', 'mop', 'disinfect'], 'state': {'position': {'x': 0.0, 'y': 0.0, 'z': 0.0}, 'docked': True}, 'last_heartbeat': 1787854919}
[INFO] [1787854921.521895771] [multi3_coordinator_node]: Received new robot info: {'name': 'robot6', 'operational_state': 'idle', 'capabilities': ['undock', 'check_room', 'move_to', 'mop'], 'state': {'position': {'x': 0.0, 'y': 0.0, 'z': 0.0}, 'docked': True}, 'last_heartbeat': 1787854921}
[INFO] [1787854923.525018115] [multi3_coordinator_node]: Received new robot info: {'name': 'robot7', 'operational_state': 'idle', 'capabilities': ['undock', 'check_room', 'move_to', 'mop'], 'state': {'position': {'x': 0.0, 'y': 0.0, 'z': 0.0}, 'docked': True}, 'last_heartbeat': 1787854923}
[INFO] [1787854925.510930823] [multi3_coordinator_node]: Received new robot info: {'name': 'robot8', 'operational_state': 'idle', 'capabilities': ['undock', 'check_room', 'move_to', 'mop'], 'state': {'position': {'x': 0.0, 'y': 0.0, 'z': 0.0}, 'docked': True}, 'last_heartbeat': 1787854925}
[INFO] [1787854927.595869397] [multi3_coordinator_node]: Received new robot info: {'name': 'robot9', 'operational_state': 'idle', 'capabilities': ['undock', 'check_room', 'move_to', 'mop'], 'state': {'position': {'x': 0.0, 'y': 0.0, 'z': 0.0}, 'docked': True}, 'last_heartbeat': 1787854927}
[INFO] [1787854929.136344998] [multi3_coordinator_node]: Received mission: {'mission': 'm3', 'priority': 1, 'fragments': [{'id': 'fm3-1', 'wait': [], 'tasks': [{'name': 'check_room', 'label': 'check_room(r1)', 'params': {'x': 4, 'y': 2, 'size': 6}}], 'segment': 's1'}, {'id': 'fm3-2', 'wait': ['check_room(r1)'], 'tasks': [{'name': 'vacuum', 'label': 'vacuum(r1)', 'params': {'x': 4, 'y': 2, 'size': 6}}], 'segment': 's1'}, {'id': 'fm3-3', 'wait': ['vacuum(r1)'], 'tasks': [{'name': 'mop', 'label': 'mop(r1)', 'params': {'x': 4, 'y': 2, 'size': 6}}], 'segment': 's1'}, {'id': 'fm3-4', 'wait': ['mop(r1)'], 'tasks': [{'name': 'disinfect', 'label': 'disinfect(r1)', 'params': {'x': 4, 'y': 2, 'size': 6}}], 'segment': 's1'}, {'id': 'fm3-5', 'wait': ['disinfect(r1)'], 'tasks': [{'name': 'final_room_check', 'label': 'final_room_check(r1)', 'params': {'x': 4, 'y': 2, 'size': 6}}], 'segment': 's1'}, {'id': 'fm3-6', 'wait': [], 'tasks': [{'name': 'check_room', 'label': 'check_room(r2)', 'params': {'x': 10, 'y': 5, 'size': 3}}], 'segment': 's2'}, {'id': 'fm3-7', 'wait': ['check_room(r2)'], 'tasks': [{'name': 'vacuum', 'label': 'vacuum(r2)', 'params': {'x': 10, 'y': 5, 'size': 3}}], 'segment': 's2'}, {'id': 'fm3-8', 'wait': ['vacuum(r2)'], 'tasks': [{'name': 'mop', 'label': 'mop(r2)', 'params': {'x': 10, 'y': 5, 'size': 3}}], 'segment': 's2'}, {'id': 'fm3-9', 'wait': ['mop(r2)'], 'tasks': [{'name': 'disinfect', 'label': 'disinfect(r2)', 'params': {'x': 10, 'y': 5, 'size': 3}}], 'segment': 's2'}, {'id': 'fm3-10', 'wait': ['disinfect(r2)'], 'tasks': [{'name': 'final_room_check', 'label': 'final_room_check(r2)', 'params': {'x': 10, 'y': 5, 'size': 3}}], 'segment': 's2'}, {'id': 'fm3-11', 'wait': [], 'tasks': [{'name': 'check_room', 'label': 'check_room(r3)', 'params': {'x': 3, 'y': 11, 'size': 7}}], 'segment': 's3'}, {'id': 'fm3-12', 'wait': ['check_room(r3)'], 'tasks': [{'name': 'vacuum', 'label': 'vacuum(r3)', 'params': {'x': 3, 'y': 11, 'size': 7}}], 'segment': 's3'}, {'id': 'fm3-13', 'wait': ['vacuum(r3)'], 'tasks': [{'name': 'mop', 'label': 'mop(r3)', 'params': {'x': 3, 'y': 11, 'size': 7}}], 'segment': 's3'}, {'id': 'fm3-14', 'wait': ['mop(r3)'], 'tasks': [{'name': 'disinfect', 'label': 'disinfect(r3)', 'params': {'x': 3, 'y': 11, 'size': 7}}], 'segment': 's3'}, {'id': 'fm3-15', 'wait': ['disinfect(r3)'], 'tasks': [{'name': 'final_room_check', 'label': 'final_room_check(r3)', 'params': {'x': 3, 'y': 11, 'size': 7}}], 'segment': 's3'}, {'id': 'fm3-16', 'wait': [], 'tasks': [{'name': 'check_room', 'label': 'check_room(r4)', 'params': {'x': 8, 'y': 9, 'size': 4}}], 'segment': 's4'}, {'id': 'fm3-17', 'wait': ['check_room(r4)'], 'tasks': [{'name': 'vacuum', 'label': 'vacuum(r4)', 'params': {'x': 8, 'y': 9, 'size': 4}}], 'segment': 's4'}, {'id': 'fm3-18', 'wait': ['vacuum(r4)'], 'tasks': [{'name': 'mop', 'label': 'mop(r4)', 'params': {'x': 8, 'y': 9, 'size': 4}}], 'segment': 's4'}, {'id': 'fm3-19', 'wait': ['mop(r4)'], 'tasks': [{'name': 'disinfect', 'label': 'disinfect(r4)', 'params': {'x': 8, 'y': 9, 'size': 4}}], 'segment': 's4'}, {'id': 'fm3-20', 'wait': ['disinfect(r4)'], 'tasks': [{'name': 'final_room_check', 'label': 'final_room_check(r4)', 'params': {'x': 8, 'y': 9, 'size': 4}}], 'segment': 's4'}, {'id': 'fm3-21', 'wait': [], 'tasks': [{'name': 'check_room', 'label': 'check_room(r5)', 'params': {'x': 12, 'y': 3, 'size': 5}}], 'segment': 's5'}, {'id': 'fm3-22', 'wait': ['check_room(r5)'], 'tasks': [{'name': 'vacuum', 'label': 'vacuum(r5)', 'params': {'x': 12, 'y': 3, 'size': 5}}], 'segment': 's5'}, {'id': 'fm3-23', 'wait': ['vacuum(r5)'], 'tasks': [{'name': 'mop', 'label': 'mop(r5)', 'params': {'x': 12, 'y': 3, 'size': 5}}], 'segment': 's5'}, {'id': 'fm3-24', 'wait': ['mop(r5)'], 'tasks': [{'name': 'disinfect', 'label': 'disinfect(r5)', 'params': {'x': 12, 'y': 3, 'size': 5}}], 'segment': 's5'}, {'id': 'fm3-25', 'wait': ['disinfect(r5)'], 'tasks': [{'name': 'final_room_check', 'label': 'final_room_check(r5)', 'params': {'x': 12, 'y': 3, 'size': 5}}], 'segment': 's5'}, {'id': 'fm3-26', 'wait': [], 'tasks': [{'name': 'check_room', 'label': 'check_room(r6)', 'params': {'x': 6, 'y': 12, 'size': 6}}], 'segment': 's6'}, {'id': 'fm3-27', 'wait': ['check_room(r6)'], 'tasks': [{'name': 'vacuum', 'label': 'vacuum(r6)', 'params': {'x': 6, 'y': 12, 'size': 6}}], 'segment': 's6'}, {'id': 'fm3-28', 'wait': ['vacuum(r6)'], 'tasks': [{'name': 'mop', 'label': 'mop(r6)', 'params': {'x': 6, 'y': 12, 'size': 6}}], 'segment': 's6'}, {'id': 'fm3-29', 'wait': ['mop(r6)'], 'tasks': [{'name': 'disinfect', 'label': 'disinfect(r6)', 'params': {'x': 6, 'y': 12, 'size': 6}}], 'segment': 's6'}, {'id': 'fm3-30', 'wait': ['disinfect(r6)'], 'tasks': [{'name': 'final_room_check', 'label': 'final_room_check(r6)', 'params': {'x': 6, 'y': 12, 'size': 6}}], 'segment': 's6'}, {'id': 'fm3-31', 'wait': [], 'tasks': [{'name': 'check_room', 'label': 'check_room(r7)', 'params': {'x': 9, 'y': 7, 'size': 3}}], 'segment': 's7'}, {'id': 'fm3-32', 'wait': ['check_room(r7)'], 'tasks': [{'name': 'vacuum', 'label': 'vacuum(r7)', 'params': {'x': 9, 'y': 7, 'size': 3}}], 'segment': 's7'}, {'id': 'fm3-33', 'wait': ['vacuum(r7)'], 'tasks': [{'name': 'mop', 'label': 'mop(r7)', 'params': {'x': 9, 'y': 7, 'size': 3}}], 'segment': 's7'}, {'id': 'fm3-34', 'wait': ['mop(r7)'], 'tasks': [{'name': 'disinfect', 'label': 'disinfect(r7)', 'params': {'x': 9, 'y': 7, 'size': 3}}], 'segment': 's7'}, {'id': 'fm3-35', 'wait': ['disinfect(r7)'], 'tasks': [{'name': 'final_room_check', 'label': 'final_room_check(r7)', 'params': {'x': 9, 'y': 7, 'size': 3}}], 'segment': 's7'}, {'id': 'fm3-36', 'wait': [], 'tasks': [{'name': 'check_room', 'label': 'check_room(r8)', 'params': {'x': 2, 'y': 8, 'size': 7}}], 'segment': 's8'}, {'id': 'fm3-37', 'wait': ['check_room(r8)'], 'tasks': [{'name': 'vacuum', 'label': 'vacuum(r8)', 'params': {'x': 2, 'y': 8, 'size': 7}}], 'segment': 's8'}, {'id': 'fm3-38', 'wait': ['vacuum(r8)'], 'tasks': [{'name': 'mop', 'label': 'mop(r8)', 'params': {'x': 2, 'y': 8, 'size': 7}}], 'segment': 's8'}, {'id': 'fm3-39', 'wait': ['mop(r8)'], 'tasks': [{'name': 'disinfect', 'label': 'disinfect(r8)', 'params': {'x': 2, 'y': 8, 'size': 7}}], 'segment': 's8'}, {'id': 'fm3-40', 'wait': ['disinfect(r8)'], 'tasks': [{'name': 'final_room_check', 'label': 'final_room_check(r8)', 'params': {'x': 2, 'y': 8, 'size': 7}}], 'segment': 's8'}, {'id': 'fm3-41', 'wait': [], 'tasks': [{'name': 'check_room', 'label': 'check_room(r9)', 'params': {'x': 14, 'y': 18, 'size': 4}}], 'segment': 's9'}, {'id': 'fm3-42', 'wait': ['check_room(r9)'], 'tasks': [{'name': 'vacuum', 'label': 'vacuum(r9)', 'params': {'x': 14, 'y': 18, 'size': 4}}], 'segment': 's9'}, {'id': 'fm3-43', 'wait': ['vacuum(r9)'], 'tasks': [{'name': 'mop', 'label': 'mop(r9)', 'params': {'x': 14, 'y': 18, 'size': 4}}], 'segment': 's9'}, {'id': 'fm3-44', 'wait': ['mop(r9)'], 'tasks': [{'name': 'disinfect', 'label': 'disinfect(r9)', 'params': {'x': 14, 'y': 18, 'size': 4}}], 'segment': 's9'}, {'id': 'fm3-45', 'wait': ['disinfect(r9)'], 'tasks': [{'name': 'final_room_check', 'label': 'final_room_check(r9)', 'params': {'x': 14, 'y': 18, 'size': 4}}], 'segment': 's9'}, {'id': 'fm3-46', 'wait': [], 'tasks': [{'name': 'check_room', 'label': 'check_room(r10)', 'params': {'x': 21, 'y': 6, 'size': 5}}], 'segment': 's10'}, {'id': 'fm3-47', 'wait': ['check_room(r10)'], 'tasks': [{'name': 'vacuum', 'label': 'vacuum(r10)', 'params': {'x': 21, 'y': 6, 'size': 5}}], 'segment': 's10'}, {'id': 'fm3-48', 'wait': ['vacuum(r10)'], 'tasks': [{'name': 'mop', 'label': 'mop(r10)', 'params': {'x': 21, 'y': 6, 'size': 5}}], 'segment': 's10'}, {'id': 'fm3-49', 'wait': ['mop(r10)'], 'tasks': [{'name': 'disinfect', 'label': 'disinfect(r10)', 'params': {'x': 21, 'y': 6, 'size': 5}}], 'segment': 's10'}, {'id': 'fm3-50', 'wait': ['disinfect(r10)'], 'tasks': [{'name': 'final_room_check', 'label': 'final_room_check(r10)', 'params': {'x': 21, 'y': 6, 'size': 5}}], 'segment': 's10'}, {'id': 'fm3-51', 'wait': [], 'tasks': [{'name': 'check_room', 'label': 'check_room(r11)', 'params': {'x': 17, 'y': 23, 'size': 6}}], 'segment': 's11'}, {'id': 'fm3-52', 'wait': ['check_room(r11)'], 'tasks': [{'name': 'vacuum', 'label': 'vacuum(r11)', 'params': {'x': 17, 'y': 23, 'size': 6}}], 'segment': 's11'}, {'id': 'fm3-53', 'wait': ['vacuum(r11)'], 'tasks': [{'name': 'mop', 'label': 'mop(r11)', 'params': {'x': 17, 'y': 23, 'size': 6}}], 'segment': 's11'}, {'id': 'fm3-54', 'wait': ['mop(r11)'], 'tasks': [{'name': 'disinfect', 'label': 'disinfect(r11)', 'params': {'x': 17, 'y': 23, 'size': 6}}], 'segment': 's11'}, {'id': 'fm3-55', 'wait': ['disinfect(r11)'], 'tasks': [{'name': 'final_room_check', 'label': 'final_room_check(r11)', 'params': {'x': 17, 'y': 23, 'size': 6}}], 'segment': 's11'}, {'id': 'fm3-56', 'wait': [], 'tasks': [{'name': 'check_room', 'label': 'check_room(r12)', 'params': {'x': 24, 'y': 14, 'size': 3}}], 'segment': 's12'}, {'id': 'fm3-57', 'wait': ['check_room(r12)'], 'tasks': [{'name': 'vacuum', 'label': 'vacuum(r12)', 'params': {'x': 24, 'y': 14, 'size': 3}}], 'segment': 's12'}, {'id': 'fm3-58', 'wait': ['vacuum(r12)'], 'tasks': [{'name': 'mop', 'label': 'mop(r12)', 'params': {'x': 24, 'y': 14, 'size': 3}}], 'segment': 's12'}, {'id': 'fm3-59', 'wait': ['mop(r12)'], 'tasks': [{'name': 'disinfect', 'label': 'disinfect(r12)', 'params': {'x': 24, 'y': 14, 'size': 3}}], 'segment': 's12'}, {'id': 'fm3-60', 'wait': ['disinfect(r12)'], 'tasks': [{'name': 'final_room_check', 'label': 'final_room_check(r12)', 'params': {'x': 24, 'y': 14, 'size': 3}}], 'segment': 's12'}, {'id': 'fm3-61', 'wait': [], 'tasks': [{'name': 'check_room', 'label': 'check_room(r13)', 'params': {'x': 7, 'y': 20, 'size': 7}}], 'segment': 's13'}, {'id': 'fm3-62', 'wait': ['check_room(r13)'], 'tasks': [{'name': 'vacuum', 'label': 'vacuum(r13)', 'params': {'x': 7, 'y': 20, 'size': 7}}], 'segment': 's13'}, {'id': 'fm3-63', 'wait': ['vacuum(r13)'], 'tasks': [{'name': 'mop', 'label': 'mop(r13)', 'params': {'x': 7, 'y': 20, 'size': 7}}], 'segment': 's13'}, {'id': 'fm3-64', 'wait': ['mop(r13)'], 'tasks': [{'name': 'disinfect', 'label': 'disinfect(r13)', 'params': {'x': 7, 'y': 20, 'size': 7}}], 'segment': 's13'}, {'id': 'fm3-65', 'wait': ['disinfect(r13)'], 'tasks': [{'name': 'final_room_check', 'label': 'final_room_check(r13)', 'params': {'x': 7, 'y': 20, 'size': 7}}], 'segment': 's13'}, {'id': 'fm3-66', 'wait': [], 'tasks': [{'name': 'check_room', 'label': 'check_room(r14)', 'params': {'x': 19, 'y': 10, 'size': 4}}], 'segment': 's14'}, {'id': 'fm3-67', 'wait': ['check_room(r14)'], 'tasks': [{'name': 'vacuum', 'label': 'vacuum(r14)', 'params': {'x': 19, 'y': 10, 'size': 4}}], 'segment': 's14'}, {'id': 'fm3-68', 'wait': ['vacuum(r14)'], 'tasks': [{'name': 'mop', 'label': 'mop(r14)', 'params': {'x': 19, 'y': 10, 'size': 4}}], 'segment': 's14'}, {'id': 'fm3-69', 'wait': ['mop(r14)'], 'tasks': [{'name': 'disinfect', 'label': 'disinfect(r14)', 'params': {'x': 19, 'y': 10, 'size': 4}}], 'segment': 's14'}, {'id': 'fm3-70', 'wait': ['disinfect(r14)'], 'tasks': [{'name': 'final_room_check', 'label': 'final_room_check(r14)', 'params': {'x': 19, 'y': 10, 'size': 4}}], 'segment': 's14'}, {'id': 'fm3-71', 'wait': [], 'tasks': [{'name': 'check_room', 'label': 'check_room(r15)', 'params': {'x': 13, 'y': 24, 'size': 5}}], 'segment': 's15'}, {'id': 'fm3-72', 'wait': ['check_room(r15)'], 'tasks': [{'name': 'vacuum', 'label': 'vacuum(r15)', 'params': {'x': 13, 'y': 24, 'size': 5}}], 'segment': 's15'}, {'id': 'fm3-73', 'wait': ['vacuum(r15)'], 'tasks': [{'name': 'mop', 'label': 'mop(r15)', 'params': {'x': 13, 'y': 24, 'size': 5}}], 'segment': 's15'}, {'id': 'fm3-74', 'wait': ['mop(r15)'], 'tasks': [{'name': 'disinfect', 'label': 'disinfect(r15)', 'params': {'x': 13, 'y': 24, 'size': 5}}], 'segment': 's15'}, {'id': 'fm3-75', 'wait': ['disinfect(r15)'], 'tasks': [{'name': 'final_room_check', 'label': 'final_room_check(r15)', 'params': {'x': 13, 'y': 24, 'size': 5}}], 'segment': 's15'}]}
[INFO] [1787854929.138605021] [multi3_coordinator_node]: Fragment fm3-1 is now executable because all signal messages were received.
[INFO] [1787854929.139951722] [multi3_coordinator_node]: Fragment fm3-6 is now executable because all signal messages were received.
[INFO] [1787854929.141200087] [multi3_coordinator_node]: Fragment fm3-11 is now executable because all signal messages were received.
[INFO] [1787854929.142283466] [multi3_coordinator_node]: Fragment fm3-16 is now executable because all signal messages were received.
[INFO] [1787854929.143198407] [multi3_coordinator_node]: Fragment fm3-21 is now executable because all signal messages were received.
[INFO] [1787854929.144100555] [multi3_coordinator_node]: Fragment fm3-26 is now executable because all signal messages were received.
[INFO] [1787854929.144993318] [multi3_coordinator_node]: Fragment fm3-31 is now executable because all signal messages were received.
[INFO] [1787854929.145920390] [multi3_coordinator_node]: Fragment fm3-36 is now executable because all signal messages were received.
[INFO] [1787854929.146918952] [multi3_coordinator_node]: Fragment fm3-41 is now executable because all signal messages were received.
[INFO] [1787854929.148020253] [multi3_coordinator_node]: Fragment fm3-46 is now executable because all signal messages were received.
[INFO] [1787854929.148806583] [multi3_coordinator_node]: Fragment fm3-51 is now executable because all signal messages were received.
[INFO] [1787854929.149634969] [multi3_coordinator_node]: Fragment fm3-56 is now executable because all signal messages were received.
[INFO] [1787854929.150291393] [multi3_coordinator_node]: Fragment fm3-61 is now executable because all signal messages were received.
[INFO] [1787854929.151048102] [multi3_coordinator_node]: Fragment fm3-66 is now executable because all signal messages were received.
[INFO] [1787854929.151805283] [multi3_coordinator_node]: Fragment fm3-71 is now executable because all signal messages were received.
[INFO] [1787854936.454587828] [multi3_coordinator_node]: Execution start signal received. Starting fragment assignment.
[INFO] [1787854937.475589063] [multi3_coordinator_node]: Assigned fragment fm3-1 to robot robot6.
[INFO] [1787854937.478192559] [multi3_coordinator_node]: Assigned fragment fm3-6 to robot robot5.
[INFO] [1787854937.480533318] [multi3_coordinator_node]: Received robot state update from robot robot6: {'operational_state': 'working', 'current_assigned_fragment': 'fm3-1', 'state': {'position': {'x': 0.0, 'y': 0.0, 'z': 0.0}, 'docked': True}}
[INFO] [1787854937.481627041] [multi3_coordinator_node]: Assigned fragment fm3-11 to robot robot4.
[INFO] [1787854937.483673471] [multi3_coordinator_node]: Assigned fragment fm3-16 to robot robot7.
[INFO] [1787854937.485981800] [multi3_coordinator_node]: Assigned fragment fm3-21 to robot robot9.
[INFO] [1787854937.490187653] [multi3_coordinator_node]: Assigned fragment fm3-26 to robot robot2.
[INFO] [1787854937.493542816] [multi3_coordinator_node]: Assigned fragment fm3-31 to robot robot1.
[INFO] [1787854937.498443363] [multi3_coordinator_node]: Assigned fragment fm3-36 to robot robot8.
[INFO] [1787854937.504052355] [multi3_coordinator_node]: Received robot state update from robot robot4: {'operational_state': 'working', 'current_assigned_fragment': 'fm3-11', 'state': {'position': {'x': 0.0, 'y': 0.0, 'z': 0.0}, 'docked': True}}
[INFO] [1787854937.505446993] [multi3_coordinator_node]: Assigned fragment fm3-41 to robot robot3.
[INFO] [1787854937.509531501] [multi3_coordinator_node]: Received robot state update from robot robot5: {'operational_state': 'working', 'current_assigned_fragment': 'fm3-6', 'state': {'position': {'x': 0.0, 'y': 0.0, 'z': 0.0}, 'docked': True}}
[INFO] [1787854937.558322630] [multi3_coordinator_node]: Received robot state update from robot robot7: {'operational_state': 'working', 'current_assigned_fragment': 'fm3-16', 'state': {'position': {'x': 0.0, 'y': 0.0, 'z': 0.0}, 'docked': True}}
[INFO] [1787854937.561069187] [multi3_coordinator_node]: Received robot state update from robot robot1: {'operational_state': 'working', 'current_assigned_fragment': 'fm3-31', 'state': {'position': {'x': 0.0, 'y': 0.0, 'z': 0.0}, 'docked': True}}
[INFO] [1787854937.562626029] [multi3_coordinator_node]: Received robot state update from robot robot8: {'operational_state': 'working', 'current_assigned_fragment': 'fm3-36', 'state': {'position': {'x': 0.0, 'y': 0.0, 'z': 0.0}, 'docked': True}}
[INFO] [1787854937.564101410] [multi3_coordinator_node]: Received robot state update from robot robot9: {'operational_state': 'working', 'current_assigned_fragment': 'fm3-21', 'state': {'position': {'x': 0.0, 'y': 0.0, 'z': 0.0}, 'docked': True}}
[INFO] [1787854937.564439383] [multi3_coordinator_node]: Received robot state update from robot robot2: {'operational_state': 'working', 'current_assigned_fragment': 'fm3-26', 'state': {'position': {'x': 0.0, 'y': 0.0, 'z': 0.0}, 'docked': True}}
[INFO] [1787854937.565151007] [multi3_coordinator_node]: Received robot state update from robot robot3: {'operational_state': 'working', 'current_assigned_fragment': 'fm3-41', 'state': {'position': {'x': 0.0, 'y': 0.0, 'z': 0.0}, 'docked': True}}
[INFO] [1787854959.512880348] [multi3_coordinator_node]: Assigned fragment fm3-46 to robot robot6.
[INFO] [1787854959.528754422] [multi3_coordinator_node]: Received coordination message: {'robot_name': 'robot6', 'completed_fragment': 'fm3-1', 'state': {'position': {'x': 4, 'y': 2, 'z': 0.0}, 'docked': False}}
[INFO] [1787854959.552688517] [multi3_coordinator_node]: Fragment fm3-2 is now executable because all signal messages were received.
[INFO] [1787854959.554075726] [multi3_coordinator_node]: Received robot state update from robot robot6: {'operational_state': 'idle', 'current_assigned_fragment': None, 'state': {'position': {'x': 4, 'y': 2, 'z': 0.0}, 'docked': False}}
[INFO] [1787854959.562192459] [multi3_coordinator_node]: Received coordination message: {'robot_name': 'robot6', 'completed_task': 'check_room(r1)'}
[INFO] [1787854959.562942087] [multi3_coordinator_node]: Received robot state update from robot robot6: {'operational_state': 'working', 'current_assigned_fragment': 'fm3-46', 'state': {'position': {'x': 4, 'y': 2, 'z': 0.0}, 'docked': False}}
[INFO] [1787854968.409116630] [multi3_coordinator_node]: Fragment fm3-7 is now executable because all signal messages were received.
[INFO] [1787854968.409815923] [multi3_coordinator_node]: Received robot state update from robot robot5: {'operational_state': 'idle', 'current_assigned_fragment': None, 'state': {'position': {'x': 10, 'y': 5, 'z': 0.0}, 'docked': False}}
[INFO] [1787854968.411233219] [multi3_coordinator_node]: Received coordination message: {'robot_name': 'robot5', 'completed_fragment': 'fm3-6', 'state': {'position': {'x': 10, 'y': 5, 'z': 0.0}, 'docked': False}}
[INFO] [1787854968.411822159] [multi3_coordinator_node]: Received coordination message: {'robot_name': 'robot5', 'completed_task': 'check_room(r2)'}
[INFO] [1787854968.468836934] [multi3_coordinator_node]: Assigned fragment fm3-51 to robot robot5.
[INFO] [1787854968.492116829] [multi3_coordinator_node]: Received robot state update from robot robot5: {'operational_state': 'working', 'current_assigned_fragment': 'fm3-51', 'state': {'position': {'x': 10, 'y': 5, 'z': 0.0}, 'docked': False}}
[INFO] [1787854968.548001220] [multi3_coordinator_node]: Received robot state update from robot robot8: {'operational_state': 'idle', 'current_assigned_fragment': None, 'state': {'position': {'x': 2, 'y': 8, 'z': 0.0}, 'docked': False}}
[INFO] [1787854968.549307164] [multi3_coordinator_node]: Fragment fm3-37 is now executable because all signal messages were received.
[INFO] [1787854968.550385732] [multi3_coordinator_node]: Received coordination message: {'robot_name': 'robot8', 'completed_fragment': 'fm3-36', 'state': {'position': {'x': 2, 'y': 8, 'z': 0.0}, 'docked': False}}
[INFO] [1787854968.551456863] [multi3_coordinator_node]: Received coordination message: {'robot_name': 'robot8', 'completed_task': 'check_room(r8)'}
[INFO] [1787854968.835160919] [multi3_coordinator_node]: Received coordination message: {'robot_name': 'robot1', 'completed_fragment': 'fm3-31', 'state': {'position': {'x': 9, 'y': 7, 'z': 0.0}, 'docked': False}}
[INFO] [1787854968.836060998] [multi3_coordinator_node]: Received robot state update from robot robot1: {'operational_state': 'idle', 'current_assigned_fragment': None, 'state': {'position': {'x': 9, 'y': 7, 'z': 0.0}, 'docked': False}}
[INFO] [1787854968.836772682] [multi3_coordinator_node]: Fragment fm3-32 is now executable because all signal messages were received.
[INFO] [1787854968.837308305] [multi3_coordinator_node]: Received coordination message: {'robot_name': 'robot1', 'completed_task': 'check_room(r7)'}
[INFO] [1787854969.468313661] [multi3_coordinator_node]: Assigned fragment fm3-2 to robot robot1.
[INFO] [1787854969.471510138] [multi3_coordinator_node]: Assigned fragment fm3-56 to robot robot8.
[INFO] [1787854969.518592796] [multi3_coordinator_node]: Received robot state update from robot robot1: {'operational_state': 'working', 'current_assigned_fragment': 'fm3-2', 'state': {'position': {'x': 9, 'y': 7, 'z': 0.0}, 'docked': False}}
[INFO] [1787854969.519242012] [multi3_coordinator_node]: Received robot state update from robot robot8: {'operational_state': 'working', 'current_assigned_fragment': 'fm3-56', 'state': {'position': {'x': 2, 'y': 8, 'z': 0.0}, 'docked': False}}
[INFO] [1787854971.642313821] [multi3_coordinator_node]: Fragment fm3-17 is now executable because all signal messages were received.
[INFO] [1787854971.643214616] [multi3_coordinator_node]: Received robot state update from robot robot7: {'operational_state': 'idle', 'current_assigned_fragment': None, 'state': {'position': {'x': 8, 'y': 9, 'z': 0.0}, 'docked': False}}
[INFO] [1787854971.644336461] [multi3_coordinator_node]: Received coordination message: {'robot_name': 'robot7', 'completed_fragment': 'fm3-16', 'state': {'position': {'x': 8, 'y': 9, 'z': 0.0}, 'docked': False}}
[INFO] [1787854971.645250694] [multi3_coordinator_node]: Received coordination message: {'robot_name': 'robot7', 'completed_task': 'check_room(r4)'}
[INFO] [1787854972.466163224] [multi3_coordinator_node]: Assigned fragment fm3-61 to robot robot7.
[INFO] [1787854972.488423059] [multi3_coordinator_node]: Received robot state update from robot robot7: {'operational_state': 'working', 'current_assigned_fragment': 'fm3-61', 'state': {'position': {'x': 8, 'y': 9, 'z': 0.0}, 'docked': False}}
[INFO] [1787854973.786731346] [multi3_coordinator_node]: Received coordination message: {'robot_name': 'robot9', 'completed_fragment': 'fm3-21', 'state': {'position': {'x': 12, 'y': 3, 'z': 0.0}, 'docked': False}}
[INFO] [1787854973.788413428] [multi3_coordinator_node]: Fragment fm3-22 is now executable because all signal messages were received.
[INFO] [1787854973.789718641] [multi3_coordinator_node]: Received robot state update from robot robot9: {'operational_state': 'idle', 'current_assigned_fragment': None, 'state': {'position': {'x': 12, 'y': 3, 'z': 0.0}, 'docked': False}}
[INFO] [1787854973.790866635] [multi3_coordinator_node]: Received coordination message: {'robot_name': 'robot9', 'completed_task': 'check_room(r5)'}
[INFO] [1787854974.467677903] [multi3_coordinator_node]: Assigned fragment fm3-66 to robot robot9.
[INFO] [1787854974.533515106] [multi3_coordinator_node]: Received robot state update from robot robot9: {'operational_state': 'working', 'current_assigned_fragment': 'fm3-66', 'state': {'position': {'x': 12, 'y': 3, 'z': 0.0}, 'docked': False}}
[INFO] [1787854974.836910912] [multi3_coordinator_node]: Received robot state update from robot robot4: {'operational_state': 'idle', 'current_assigned_fragment': None, 'state': {'position': {'x': 3, 'y': 11, 'z': 0.0}, 'docked': False}}
[INFO] [1787854974.838399417] [multi3_coordinator_node]: Received coordination message: {'robot_name': 'robot4', 'completed_fragment': 'fm3-11', 'state': {'position': {'x': 3, 'y': 11, 'z': 0.0}, 'docked': False}}
[INFO] [1787854974.839616405] [multi3_coordinator_node]: Fragment fm3-12 is now executable because all signal messages were received.
[INFO] [1787854974.840522616] [multi3_coordinator_node]: Received coordination message: {'robot_name': 'robot4', 'completed_task': 'check_room(r3)'}
[INFO] [1787854975.465584591] [multi3_coordinator_node]: Assigned fragment fm3-71 to robot robot4.
[INFO] [1787854975.484108135] [multi3_coordinator_node]: Received robot state update from robot robot4: {'operational_state': 'working', 'current_assigned_fragment': 'fm3-71', 'state': {'position': {'x': 3, 'y': 11, 'z': 0.0}, 'docked': False}}
[INFO] [1787854977.430040437] [multi3_coordinator_node]: Received coordination message: {'robot_name': 'robot2', 'completed_fragment': 'fm3-26', 'state': {'position': {'x': 6, 'y': 12, 'z': 0.0}, 'docked': False}}
[INFO] [1787854977.430916513] [multi3_coordinator_node]: Fragment fm3-27 is now executable because all signal messages were received.
[INFO] [1787854977.431554319] [multi3_coordinator_node]: Received robot state update from robot robot2: {'operational_state': 'idle', 'current_assigned_fragment': None, 'state': {'position': {'x': 6, 'y': 12, 'z': 0.0}, 'docked': False}}
[INFO] [1787854977.432321503] [multi3_coordinator_node]: Received coordination message: {'robot_name': 'robot2', 'completed_task': 'check_room(r6)'}
[INFO] [1787854977.464016827] [multi3_coordinator_node]: Assigned fragment fm3-7 to robot robot2.
[INFO] [1787854977.478507288] [multi3_coordinator_node]: Received robot state update from robot robot2: {'operational_state': 'working', 'current_assigned_fragment': 'fm3-7', 'state': {'position': {'x': 6, 'y': 12, 'z': 0.0}, 'docked': False}}
[INFO] [1787854993.161000484] [multi3_coordinator_node]: Received robot state update from robot robot3: {'operational_state': 'idle', 'current_assigned_fragment': None, 'state': {'position': {'x': 14, 'y': 18, 'z': 0.0}, 'docked': False}}
[INFO] [1787854993.163216343] [multi3_coordinator_node]: Fragment fm3-42 is now executable because all signal messages were received.
[INFO] [1787854993.164907301] [multi3_coordinator_node]: Received coordination message: {'robot_name': 'robot3', 'completed_fragment': 'fm3-41', 'state': {'position': {'x': 14, 'y': 18, 'z': 0.0}, 'docked': False}}
[INFO] [1787854993.166049759] [multi3_coordinator_node]: Received coordination message: {'robot_name': 'robot3', 'completed_task': 'check_room(r9)'}
[INFO] [1787854993.468223605] [multi3_coordinator_node]: Assigned fragment fm3-12 to robot robot3.
[INFO] [1787854993.513238891] [multi3_coordinator_node]: Received robot state update from robot robot3: {'operational_state': 'working', 'current_assigned_fragment': 'fm3-12', 'state': {'position': {'x': 14, 'y': 18, 'z': 0.0}, 'docked': False}}
[INFO] [1787854995.148400165] [multi3_coordinator_node]: Fragment fm3-67 is now executable because all signal messages were received.
[INFO] [1787854995.148935278] [multi3_coordinator_node]: Received robot state update from robot robot9: {'operational_state': 'idle', 'current_assigned_fragment': None, 'state': {'position': {'x': 19, 'y': 10, 'z': 0.0}, 'docked': False}}
[INFO] [1787854995.149797238] [multi3_coordinator_node]: Received coordination message: {'robot_name': 'robot9', 'completed_fragment': 'fm3-66', 'state': {'position': {'x': 19, 'y': 10, 'z': 0.0}, 'docked': False}}
[INFO] [1787854995.150758478] [multi3_coordinator_node]: Received coordination message: {'robot_name': 'robot9', 'completed_task': 'check_room(r14)'}
[INFO] [1787854996.314599916] [multi3_coordinator_node]: Fragment fm3-8 is now executable because all signal messages were received.
[INFO] [1787854996.317537165] [multi3_coordinator_node]: Received coordination message: {'robot_name': 'robot2', 'completed_fragment': 'fm3-7', 'state': {'position': {'x': 10, 'y': 5, 'z': 0.0}, 'docked': False}}
[INFO] [1787854996.318539923] [multi3_coordinator_node]: Received robot state update from robot robot2: {'operational_state': 'idle', 'current_assigned_fragment': None, 'state': {'position': {'x': 10, 'y': 5, 'z': 0.0}, 'docked': False}}
[INFO] [1787854996.319017289] [multi3_coordinator_node]: Received coordination message: {'robot_name': 'robot2', 'completed_task': 'vacuum(r2)'}
[INFO] [1787854996.468835545] [multi3_coordinator_node]: Assigned fragment fm3-8 to robot robot9.
[INFO] [1787854996.472240274] [multi3_coordinator_node]: Assigned fragment fm3-17 to robot robot2.
[INFO] [1787854996.493211306] [multi3_coordinator_node]: Received robot state update from robot robot2: {'operational_state': 'working', 'current_assigned_fragment': 'fm3-17', 'state': {'position': {'x': 10, 'y': 5, 'z': 0.0}, 'docked': False}}
[INFO] [1787854996.506343014] [multi3_coordinator_node]: Received robot state update from robot robot9: {'operational_state': 'working', 'current_assigned_fragment': 'fm3-8', 'state': {'position': {'x': 19, 'y': 10, 'z': 0.0}, 'docked': False}}
[INFO] [1787855001.357324703] [multi3_coordinator_node]: Received robot state update from robot robot6: {'operational_state': 'idle', 'current_assigned_fragment': None, 'state': {'position': {'x': 21, 'y': 6, 'z': 0.0}, 'docked': False}}
[INFO] [1787855001.358824110] [multi3_coordinator_node]: Received coordination message: {'robot_name': 'robot6', 'completed_fragment': 'fm3-46', 'state': {'position': {'x': 21, 'y': 6, 'z': 0.0}, 'docked': False}}
[INFO] [1787855001.359419479] [multi3_coordinator_node]: Fragment fm3-47 is now executable because all signal messages were received.
[INFO] [1787855001.359872347] [multi3_coordinator_node]: Received coordination message: {'robot_name': 'robot6', 'completed_task': 'check_room(r10)'}
[INFO] [1787855007.042153312] [multi3_coordinator_node]: Fragment fm3-52 is now executable because all signal messages were received.
[INFO] [1787855007.044112217] [multi3_coordinator_node]: Received coordination message: {'robot_name': 'robot5', 'completed_fragment': 'fm3-51', 'state': {'position': {'x': 17, 'y': 23, 'z': 0.0}, 'docked': False}}
[INFO] [1787855007.044899822] [multi3_coordinator_node]: Received robot state update from robot robot5: {'operational_state': 'idle', 'current_assigned_fragment': None, 'state': {'position': {'x': 17, 'y': 23, 'z': 0.0}, 'docked': False}}
[INFO] [1787855007.045793516] [multi3_coordinator_node]: Received coordination message: {'robot_name': 'robot5', 'completed_task': 'check_room(r11)'}
[INFO] [1787855007.086950428] [multi3_coordinator_node]: Received coordination message: {'robot_name': 'robot7', 'completed_fragment': 'fm3-61', 'state': {'position': {'x': 7, 'y': 20, 'z': 0.0}, 'docked': False}}
[INFO] [1787855007.087836440] [multi3_coordinator_node]: Fragment fm3-62 is now executable because all signal messages were received.
[INFO] [1787855007.088718609] [multi3_coordinator_node]: Received robot state update from robot robot7: {'operational_state': 'idle', 'current_assigned_fragment': None, 'state': {'position': {'x': 7, 'y': 20, 'z': 0.0}, 'docked': False}}
[INFO] [1787855007.089387763] [multi3_coordinator_node]: Received coordination message: {'robot_name': 'robot7', 'completed_task': 'check_room(r13)'}
[INFO] [1787855007.739823614] [multi3_coordinator_node]: Received coordination message: {'robot_name': 'robot1', 'completed_fragment': 'fm3-2', 'state': {'position': {'x': 4, 'y': 2, 'z': 0.0}, 'docked': False}}
[INFO] [1787855007.740986792] [multi3_coordinator_node]: Fragment fm3-3 is now executable because all signal messages were received.
[INFO] [1787855007.742051177] [multi3_coordinator_node]: Received robot state update from robot robot1: {'operational_state': 'idle', 'current_assigned_fragment': None, 'state': {'position': {'x': 4, 'y': 2, 'z': 0.0}, 'docked': False}}
[INFO] [1787855007.742960720] [multi3_coordinator_node]: Received coordination message: {'robot_name': 'robot1', 'completed_task': 'vacuum(r1)'}
[INFO] [1787855008.469002633] [multi3_coordinator_node]: Assigned fragment fm3-3 to robot robot7.
[INFO] [1787855008.471858683] [multi3_coordinator_node]: Assigned fragment fm3-22 to robot robot1.
[INFO] [1787855008.483899651] [multi3_coordinator_node]: Received robot state update from robot robot1: {'operational_state': 'working', 'current_assigned_fragment': 'fm3-22', 'state': {'position': {'x': 4, 'y': 2, 'z': 0.0}, 'docked': False}}
[INFO] [1787855008.508280022] [multi3_coordinator_node]: Received robot state update from robot robot7: {'operational_state': 'working', 'current_assigned_fragment': 'fm3-3', 'state': {'position': {'x': 7, 'y': 20, 'z': 0.0}, 'docked': False}}
[INFO] [1787855015.026300228] [multi3_coordinator_node]: Fragment fm3-18 is now executable because all signal messages were received.
[INFO] [1787855015.027120279] [multi3_coordinator_node]: Received robot state update from robot robot2: {'operational_state': 'idle', 'current_assigned_fragment': None, 'state': {'position': {'x': 8, 'y': 9, 'z': 0.0}, 'docked': False}}
[INFO] [1787855015.027751603] [multi3_coordinator_node]: Received coordination message: {'robot_name': 'robot2', 'completed_fragment': 'fm3-17', 'state': {'position': {'x': 8, 'y': 9, 'z': 0.0}, 'docked': False}}
[INFO] [1787855015.028490313] [multi3_coordinator_node]: Received coordination message: {'robot_name': 'robot2', 'completed_task': 'vacuum(r4)'}
[INFO] [1787855015.472973795] [multi3_coordinator_node]: Assigned fragment fm3-18 to robot robot6.
[INFO] [1787855015.475132985] [multi3_coordinator_node]: Assigned fragment fm3-27 to robot robot2.
[INFO] [1787855015.505497139] [multi3_coordinator_node]: Received robot state update from robot robot6: {'operational_state': 'working', 'current_assigned_fragment': 'fm3-18', 'state': {'position': {'x': 21, 'y': 6, 'z': 0.0}, 'docked': False}}
[INFO] [1787855015.506153231] [multi3_coordinator_node]: Received robot state update from robot robot2: {'operational_state': 'working', 'current_assigned_fragment': 'fm3-27', 'state': {'position': {'x': 8, 'y': 9, 'z': 0.0}, 'docked': False}}
[INFO] [1787855024.145945462] [multi3_coordinator_node]: Received coordination message: {'robot_name': 'robot8', 'completed_fragment': 'fm3-56', 'state': {'position': {'x': 24, 'y': 14, 'z': 0.0}, 'docked': False}}
[INFO] [1787855024.147667901] [multi3_coordinator_node]: Received robot state update from robot robot8: {'operational_state': 'idle', 'current_assigned_fragment': None, 'state': {'position': {'x': 24, 'y': 14, 'z': 0.0}, 'docked': False}}
[INFO] [1787855024.148665451] [multi3_coordinator_node]: Fragment fm3-57 is now executable because all signal messages were received.
[INFO] [1787855024.149269913] [multi3_coordinator_node]: Received coordination message: {'robot_name': 'robot8', 'completed_task': 'check_room(r12)'}
[INFO] [1787855029.539225792] [multi3_coordinator_node]: Fragment fm3-72 is now executable because all signal messages were received.
[INFO] [1787855029.541181590] [multi3_coordinator_node]: Received robot state update from robot robot4: {'operational_state': 'idle', 'current_assigned_fragment': None, 'state': {'position': {'x': 13, 'y': 24, 'z': 0.0}, 'docked': False}}
[INFO] [1787855029.542089944] [multi3_coordinator_node]: Received coordination message: {'robot_name': 'robot4', 'completed_task': 'check_room(r15)'}
[INFO] [1787855029.542458941] [multi3_coordinator_node]: Received coordination message: {'robot_name': 'robot4', 'completed_fragment': 'fm3-71', 'state': {'position': {'x': 13, 'y': 24, 'z': 0.0}, 'docked': False}}
[INFO] [1787855040.882501883] [multi3_coordinator_node]: Received robot state update from robot robot3: {'operational_state': 'idle', 'current_assigned_fragment': None, 'state': {'position': {'x': 3, 'y': 11, 'z': 0.0}, 'docked': False}}
[INFO] [1787855040.884442163] [multi3_coordinator_node]: Received coordination message: {'robot_name': 'robot3', 'completed_fragment': 'fm3-12', 'state': {'position': {'x': 3, 'y': 11, 'z': 0.0}, 'docked': False}}
[INFO] [1787855040.885110011] [multi3_coordinator_node]: Fragment fm3-13 is now executable because all signal messages were received.
[INFO] [1787855040.885571530] [multi3_coordinator_node]: Received coordination message: {'robot_name': 'robot3', 'completed_task': 'vacuum(r3)'}
[INFO] [1787855041.458512824] [multi3_coordinator_node]: Assigned fragment fm3-13 to robot robot4.
[INFO] [1787855041.464522234] [multi3_coordinator_node]: Assigned fragment fm3-32 to robot robot3.
[INFO] [1787855041.469163893] [multi3_coordinator_node]: Received robot state update from robot robot4: {'operational_state': 'working', 'current_assigned_fragment': 'fm3-13', 'state': {'position': {'x': 13, 'y': 24, 'z': 0.0}, 'docked': False}}
[INFO] [1787855041.484772704] [multi3_coordinator_node]: Received robot state update from robot robot3: {'operational_state': 'working', 'current_assigned_fragment': 'fm3-32', 'state': {'position': {'x': 3, 'y': 11, 'z': 0.0}, 'docked': False}}
[INFO] [1787855042.143607540] [multi3_coordinator_node]: Received robot state update from robot robot1: {'operational_state': 'idle', 'current_assigned_fragment': None, 'state': {'position': {'x': 12, 'y': 3, 'z': 0.0}, 'docked': False}}
[INFO] [1787855042.145576577] [multi3_coordinator_node]: Fragment fm3-23 is now executable because all signal messages were received.
[INFO] [1787855042.146601255] [multi3_coordinator_node]: Received coordination message: {'robot_name': 'robot1', 'completed_fragment': 'fm3-22', 'state': {'position': {'x': 12, 'y': 3, 'z': 0.0}, 'docked': False}}
[INFO] [1787855042.147710549] [multi3_coordinator_node]: Received coordination message: {'robot_name': 'robot1', 'completed_task': 'vacuum(r5)'}
[INFO] [1787855042.463209262] [multi3_coordinator_node]: Assigned fragment fm3-23 to robot robot5.
[INFO] [1787855042.471346217] [multi3_coordinator_node]: Assigned fragment fm3-37 to robot robot1.
[INFO] [1787855042.488448678] [multi3_coordinator_node]: Received robot state update from robot robot1: {'operational_state': 'working', 'current_assigned_fragment': 'fm3-37', 'state': {'position': {'x': 12, 'y': 3, 'z': 0.0}, 'docked': False}}
[INFO] [1787855042.489677977] [multi3_coordinator_node]: Received robot state update from robot robot5: {'operational_state': 'working', 'current_assigned_fragment': 'fm3-23', 'state': {'position': {'x': 17, 'y': 23, 'z': 0.0}, 'docked': False}}
[INFO] [1787855045.479176928] [multi3_coordinator_node]: Assigned fragment fm3-28 to robot robot8.
[INFO] [1787855045.504969738] [multi3_coordinator_node]: Assigned fragment fm3-42 to robot robot2.
[INFO] [1787855045.506337987] [multi3_coordinator_node]: Received robot state update from robot robot2: {'operational_state': 'idle', 'current_assigned_fragment': None, 'state': {'position': {'x': 6, 'y': 12, 'z': 0.0}, 'docked': False}}
[INFO] [1787855045.571595423] [multi3_coordinator_node]: Fragment fm3-28 is now executable because all signal messages were received.
[INFO] [1787855045.572449604] [multi3_coordinator_node]: Received robot state update from robot robot8: {'operational_state': 'working', 'current_assigned_fragment': 'fm3-28', 'state': {'position': {'x': 24, 'y': 14, 'z': 0.0}, 'docked': False}}
[INFO] [1787855045.573783005] [multi3_coordinator_node]: Received coordination message: {'robot_name': 'robot2', 'completed_fragment': 'fm3-27', 'state': {'position': {'x': 6, 'y': 12, 'z': 0.0}, 'docked': False}}
[INFO] [1787855045.574609770] [multi3_coordinator_node]: Received robot state update from robot robot2: {'operational_state': 'working', 'current_assigned_fragment': 'fm3-42', 'state': {'position': {'x': 6, 'y': 12, 'z': 0.0}, 'docked': False}}
[INFO] [1787855045.575294243] [multi3_coordinator_node]: Received coordination message: {'robot_name': 'robot2', 'completed_task': 'vacuum(r6)'}
[INFO] [1787855048.354008123] [multi3_coordinator_node]: Fragment fm3-9 is now executable because all signal messages were received.
[INFO] [1787855048.356517049] [multi3_coordinator_node]: Received robot state update from robot robot9: {'operational_state': 'idle', 'current_assigned_fragment': None, 'state': {'position': {'x': 10, 'y': 5, 'z': 0.0}, 'docked': False}}
[INFO] [1787855048.357997203] [multi3_coordinator_node]: Received coordination message: {'robot_name': 'robot9', 'completed_fragment': 'fm3-8', 'state': {'position': {'x': 10, 'y': 5, 'z': 0.0}, 'docked': False}}
[INFO] [1787855048.358423766] [multi3_coordinator_node]: Received coordination message: {'robot_name': 'robot9', 'completed_task': 'mop(r2)'}
[INFO] [1787855053.183731410] [multi3_coordinator_node]: Received coordination message: {'robot_name': 'robot7', 'completed_fragment': 'fm3-3', 'state': {'position': {'x': 4, 'y': 2, 'z': 0.0}, 'docked': False}}
[INFO] [1787855053.186242550] [multi3_coordinator_node]: Received robot state update from robot robot7: {'operational_state': 'idle', 'current_assigned_fragment': None, 'state': {'position': {'x': 4, 'y': 2, 'z': 0.0}, 'docked': False}}
[INFO] [1787855053.187318688] [multi3_coordinator_node]: Fragment fm3-4 is now executable because all signal messages were received.
[INFO] [1787855053.188603885] [multi3_coordinator_node]: Received coordination message: {'robot_name': 'robot7', 'completed_task': 'mop(r1)'}
[INFO] [1787855066.476555753] [multi3_coordinator_node]: Assigned fragment fm3-4 to robot robot3.
[INFO] [1787855066.499546583] [multi3_coordinator_node]: Received robot state update from robot robot3: {'operational_state': 'idle', 'current_assigned_fragment': None, 'state': {'position': {'x': 9, 'y': 7, 'z': 0.0}, 'docked': False}}
[INFO] [1787855066.508958033] [multi3_coordinator_node]: Received robot state update from robot robot3: {'operational_state': 'working', 'current_assigned_fragment': 'fm3-4', 'state': {'position': {'x': 9, 'y': 7, 'z': 0.0}, 'docked': False}}
[INFO] [1787855066.509668719] [multi3_coordinator_node]: Assigned fragment fm3-33 to robot robot9.
[INFO] [1787855066.514985365] [multi3_coordinator_node]: Received coordination message: {'robot_name': 'robot3', 'completed_fragment': 'fm3-32', 'state': {'position': {'x': 9, 'y': 7, 'z': 0.0}, 'docked': False}}
[INFO] [1787855066.516269370] [multi3_coordinator_node]: Fragment fm3-33 is now executable because all signal messages were received.
[INFO] [1787855066.519717356] [multi3_coordinator_node]: Received robot state update from robot robot9: {'operational_state': 'working', 'current_assigned_fragment': 'fm3-33', 'state': {'position': {'x': 10, 'y': 5, 'z': 0.0}, 'docked': False}}
[INFO] [1787855066.520615863] [multi3_coordinator_node]: Received coordination message: {'robot_name': 'robot3', 'completed_task': 'vacuum(r7)'}
[INFO] [1787855074.923449845] [multi3_coordinator_node]: Fragment fm3-19 is now executable because all signal messages were received.
[INFO] [1787855074.925628344] [multi3_coordinator_node]: Received robot state update from robot robot6: {'operational_state': 'idle', 'current_assigned_fragment': None, 'state': {'position': {'x': 8, 'y': 9, 'z': 0.0}, 'docked': False}}
[INFO] [1787855074.926399096] [multi3_coordinator_node]: Received coordination message: {'robot_name': 'robot6', 'completed_fragment': 'fm3-18', 'state': {'position': {'x': 8, 'y': 9, 'z': 0.0}, 'docked': False}}
[INFO] [1787855074.927294536] [multi3_coordinator_node]: Received coordination message: {'robot_name': 'robot6', 'completed_task': 'mop(r4)'}
[INFO] [1787855088.385621865] [multi3_coordinator_node]: Received coordination message: {'robot_name': 'robot2', 'completed_fragment': 'fm3-42', 'state': {'position': {'x': 14, 'y': 18, 'z': 0.0}, 'docked': False}}
[INFO] [1787855088.387263535] [multi3_coordinator_node]: Received robot state update from robot robot2: {'operational_state': 'idle', 'current_assigned_fragment': None, 'state': {'position': {'x': 14, 'y': 18, 'z': 0.0}, 'docked': False}}
[INFO] [1787855088.387961484] [multi3_coordinator_node]: Fragment fm3-43 is now executable because all signal messages were received.
[INFO] [1787855088.388590281] [multi3_coordinator_node]: Received coordination message: {'robot_name': 'robot2', 'completed_task': 'vacuum(r9)'}
[INFO] [1787855088.459189276] [multi3_coordinator_node]: Assigned fragment fm3-9 to robot robot2.
[INFO] [1787855088.468079021] [multi3_coordinator_node]: Assigned fragment fm3-43 to robot robot6.
[INFO] [1787855088.472942551] [multi3_coordinator_node]: Received robot state update from robot robot2: {'operational_state': 'working', 'current_assigned_fragment': 'fm3-9', 'state': {'position': {'x': 14, 'y': 18, 'z': 0.0}, 'docked': False}}
[INFO] [1787855088.475883787] [multi3_coordinator_node]: Received robot state update from robot robot6: {'operational_state': 'working', 'current_assigned_fragment': 'fm3-43', 'state': {'position': {'x': 8, 'y': 9, 'z': 0.0}, 'docked': False}}
[INFO] [1787855088.617410301] [multi3_coordinator_node]: Fragment fm3-38 is now executable because all signal messages were received.
[INFO] [1787855088.619595184] [multi3_coordinator_node]: Received robot state update from robot robot1: {'operational_state': 'idle', 'current_assigned_fragment': None, 'state': {'position': {'x': 2, 'y': 8, 'z': 0.0}, 'docked': False}}
[INFO] [1787855088.620472009] [multi3_coordinator_node]: Received coordination message: {'robot_name': 'robot1', 'completed_fragment': 'fm3-37', 'state': {'position': {'x': 2, 'y': 8, 'z': 0.0}, 'docked': False}}
[INFO] [1787855088.621025359] [multi3_coordinator_node]: Received coordination message: {'robot_name': 'robot1', 'completed_task': 'vacuum(r8)'}
[INFO] [1787855089.463466597] [multi3_coordinator_node]: Assigned fragment fm3-19 to robot robot1.
[INFO] [1787855089.468815436] [multi3_coordinator_node]: Assigned fragment fm3-38 to robot robot7.
[INFO] [1787855089.498213114] [multi3_coordinator_node]: Received robot state update from robot robot1: {'operational_state': 'working', 'current_assigned_fragment': 'fm3-19', 'state': {'position': {'x': 2, 'y': 8, 'z': 0.0}, 'docked': False}}
[INFO] [1787855089.499330181] [multi3_coordinator_node]: Received robot state update from robot robot7: {'operational_state': 'working', 'current_assigned_fragment': 'fm3-38', 'state': {'position': {'x': 4, 'y': 2, 'z': 0.0}, 'docked': False}}
[INFO] [1787855091.390186316] [multi3_coordinator_node]: Fragment fm3-34 is now executable because all signal messages were received.
[INFO] [1787855091.390585780] [multi3_coordinator_node]: Received coordination message: {'robot_name': 'robot9', 'completed_fragment': 'fm3-33', 'state': {'position': {'x': 9, 'y': 7, 'z': 0.0}, 'docked': False}}
[INFO] [1787855091.391400095] [multi3_coordinator_node]: Received robot state update from robot robot9: {'operational_state': 'idle', 'current_assigned_fragment': None, 'state': {'position': {'x': 9, 'y': 7, 'z': 0.0}, 'docked': False}}
[INFO] [1787855091.392140234] [multi3_coordinator_node]: Received coordination message: {'robot_name': 'robot9', 'completed_task': 'mop(r7)'}
[INFO] [1787855095.744376510] [multi3_coordinator_node]: Received coordination message: {'robot_name': 'robot3', 'completed_fragment': 'fm3-4', 'state': {'position': {'x': 4, 'y': 2, 'z': 0.0}, 'docked': False}}
[INFO] [1787855095.745619409] [multi3_coordinator_node]: Fragment fm3-5 is now executable because all signal messages were received.
[INFO] [1787855095.746091632] [multi3_coordinator_node]: Received robot state update from robot robot3: {'operational_state': 'idle', 'current_assigned_fragment': None, 'state': {'position': {'x': 4, 'y': 2, 'z': 0.0}, 'docked': False}}
[INFO] [1787855095.747011891] [multi3_coordinator_node]: Received coordination message: {'robot_name': 'robot3', 'completed_task': 'disinfect(r1)'}
[INFO] [1787855096.496657519] [multi3_coordinator_node]: Received robot state update from robot robot3: {'operational_state': 'working', 'current_assigned_fragment': 'fm3-5', 'state': {'position': {'x': 4, 'y': 2, 'z': 0.0}, 'docked': False}}
[INFO] [1787855096.497284954] [multi3_coordinator_node]: Assigned fragment fm3-5 to robot robot3.
[INFO] [1787855099.779270582] [multi3_coordinator_node]: Fragment fm3-24 is now executable because all signal messages were received.
[INFO] [1787855099.782234604] [multi3_coordinator_node]: Received coordination message: {'robot_name': 'robot5', 'completed_fragment': 'fm3-23', 'state': {'position': {'x': 12, 'y': 3, 'z': 0.0}, 'docked': False}}
[INFO] [1787855099.783371560] [multi3_coordinator_node]: Received robot state update from robot robot5: {'operational_state': 'idle', 'current_assigned_fragment': None, 'state': {'position': {'x': 12, 'y': 3, 'z': 0.0}, 'docked': False}}
[INFO] [1787855099.783843001] [multi3_coordinator_node]: Received coordination message: {'robot_name': 'robot5', 'completed_task': 'mop(r5)'}
[INFO] [1787855100.467761735] [multi3_coordinator_node]: Assigned fragment fm3-24 to robot robot5.
[INFO] [1787855100.517156032] [multi3_coordinator_node]: Received robot state update from robot robot5: {'operational_state': 'working', 'current_assigned_fragment': 'fm3-24', 'state': {'position': {'x': 12, 'y': 3, 'z': 0.0}, 'docked': False}}
[INFO] [1787855102.520551097] [multi3_coordinator_node]: Assigned fragment fm3-14 to robot robot4.
[INFO] [1787855102.523316998] [multi3_coordinator_node]: Received robot state update from robot robot4: {'operational_state': 'idle', 'current_assigned_fragment': None, 'state': {'position': {'x': 3, 'y': 11, 'z': 0.0}, 'docked': False}}
[INFO] [1787855102.524436054] [multi3_coordinator_node]: Fragment fm3-14 is now executable because all signal messages were received.
[INFO] [1787855102.525739230] [multi3_coordinator_node]: Received coordination message: {'robot_name': 'robot4', 'completed_fragment': 'fm3-13', 'state': {'position': {'x': 3, 'y': 11, 'z': 0.0}, 'docked': False}}
[INFO] [1787855102.526618552] [multi3_coordinator_node]: Received robot state update from robot robot4: {'operational_state': 'working', 'current_assigned_fragment': 'fm3-14', 'state': {'position': {'x': 3, 'y': 11, 'z': 0.0}, 'docked': False}}
[INFO] [1787855102.527343978] [multi3_coordinator_node]: Received coordination message: {'robot_name': 'robot4', 'completed_task': 'mop(r3)'}
[INFO] [1787855105.521626336] [multi3_coordinator_node]: Received coordination message: {'robot_name': 'robot3', 'completed_task': 'final_room_check(r1)'}
[INFO] [1787855105.522493925] [multi3_coordinator_node]: Received robot state update from robot robot3: {'operational_state': 'idle', 'current_assigned_fragment': None, 'state': {'position': {'x': 4, 'y': 2, 'z': 0.0}, 'docked': False}}
[INFO] [1787855105.523070703] [multi3_coordinator_node]: Received coordination message: {'robot_name': 'robot3', 'completed_fragment': 'fm3-5', 'state': {'position': {'x': 4, 'y': 2, 'z': 0.0}, 'docked': False}}
[INFO] [1787855106.463379328] [multi3_coordinator_node]: Assigned fragment fm3-34 to robot robot3.
[INFO] [1787855106.515621689] [multi3_coordinator_node]: Received robot state update from robot robot3: {'operational_state': 'working', 'current_assigned_fragment': 'fm3-34', 'state': {'position': {'x': 4, 'y': 2, 'z': 0.0}, 'docked': False}}
[INFO] [1787855110.537475408] [multi3_coordinator_node]: Fragment fm3-25 is now executable because all signal messages were received.
[INFO] [1787855110.542224122] [multi3_coordinator_node]: Received coordination message: {'robot_name': 'robot5', 'completed_task': 'disinfect(r5)'}
[INFO] [1787855110.542864899] [multi3_coordinator_node]: Received coordination message: {'robot_name': 'robot5', 'completed_fragment': 'fm3-24', 'state': {'position': {'x': 12, 'y': 3, 'z': 0.0}, 'docked': False}}
[INFO] [1787855110.543106132] [multi3_coordinator_node]: Received robot state update from robot robot5: {'operational_state': 'idle', 'current_assigned_fragment': None, 'state': {'position': {'x': 12, 'y': 3, 'z': 0.0}, 'docked': False}}
[INFO] [1787855111.495479696] [multi3_coordinator_node]: Assigned fragment fm3-25 to robot robot9.
[INFO] [1787855111.535406177] [multi3_coordinator_node]: Received robot state update from robot robot9: {'operational_state': 'working', 'current_assigned_fragment': 'fm3-25', 'state': {'position': {'x': 9, 'y': 7, 'z': 0.0}, 'docked': False}}
[INFO] [1787855114.235474669] [multi3_coordinator_node]: Received robot state update from robot robot2: {'operational_state': 'idle', 'current_assigned_fragment': None, 'state': {'position': {'x': 10, 'y': 5, 'z': 0.0}, 'docked': False}}
[INFO] [1787855114.236818138] [multi3_coordinator_node]: Fragment fm3-10 is now executable because all signal messages were received.
[INFO] [1787855114.237807059] [multi3_coordinator_node]: Received coordination message: {'robot_name': 'robot2', 'completed_fragment': 'fm3-9', 'state': {'position': {'x': 10, 'y': 5, 'z': 0.0}, 'docked': False}}
[INFO] [1787855114.238640497] [multi3_coordinator_node]: Received coordination message: {'robot_name': 'robot2', 'completed_task': 'disinfect(r2)'}
[INFO] [1787855114.474609396] [multi3_coordinator_node]: Assigned fragment fm3-10 to robot robot5.
[INFO] [1787855114.482203101] [multi3_coordinator_node]: Received robot state update from robot robot5: {'operational_state': 'working', 'current_assigned_fragment': 'fm3-10', 'state': {'position': {'x': 12, 'y': 3, 'z': 0.0}, 'docked': False}}
[INFO] [1787855114.488551499] [multi3_coordinator_node]: Assigned fragment fm3-47 to robot robot2.
[INFO] [1787855114.516419746] [multi3_coordinator_node]: Received robot state update from robot robot2: {'operational_state': 'working', 'current_assigned_fragment': 'fm3-47', 'state': {'position': {'x': 10, 'y': 5, 'z': 0.0}, 'docked': False}}
[INFO] [1787855116.028437644] [multi3_coordinator_node]: Received robot state update from robot robot1: {'operational_state': 'idle', 'current_assigned_fragment': None, 'state': {'position': {'x': 8, 'y': 9, 'z': 0.0}, 'docked': False}}
[INFO] [1787855116.029035299] [multi3_coordinator_node]: Fragment fm3-20 is now executable because all signal messages were received.
[INFO] [1787855116.029852381] [multi3_coordinator_node]: Received coordination message: {'robot_name': 'robot1', 'completed_fragment': 'fm3-19', 'state': {'position': {'x': 8, 'y': 9, 'z': 0.0}, 'docked': False}}
[INFO] [1787855116.030619917] [multi3_coordinator_node]: Received coordination message: {'robot_name': 'robot1', 'completed_task': 'disinfect(r4)'}
[INFO] [1787855116.463860023] [multi3_coordinator_node]: Assigned fragment fm3-20 to robot robot1.
[INFO] [1787855116.478489800] [multi3_coordinator_node]: Received robot state update from robot robot1: {'operational_state': 'working', 'current_assigned_fragment': 'fm3-20', 'state': {'position': {'x': 8, 'y': 9, 'z': 0.0}, 'docked': False}}
[INFO] [1787855118.544152743] [multi3_coordinator_node]: Fragment fm3-15 is now executable because all signal messages were received.
[INFO] [1787855118.545049523] [multi3_coordinator_node]: Received coordination message: {'robot_name': 'robot4', 'completed_fragment': 'fm3-14', 'state': {'position': {'x': 3, 'y': 11, 'z': 0.0}, 'docked': False}}
[INFO] [1787855118.546058252] [multi3_coordinator_node]: Received robot state update from robot robot4: {'operational_state': 'idle', 'current_assigned_fragment': None, 'state': {'position': {'x': 3, 'y': 11, 'z': 0.0}, 'docked': False}}
[INFO] [1787855118.546718224] [multi3_coordinator_node]: Received coordination message: {'robot_name': 'robot4', 'completed_task': 'disinfect(r3)'}
[INFO] [1787855119.464297120] [multi3_coordinator_node]: Assigned fragment fm3-15 to robot robot4.
[INFO] [1787855119.480624602] [multi3_coordinator_node]: Received robot state update from robot robot4: {'operational_state': 'working', 'current_assigned_fragment': 'fm3-15', 'state': {'position': {'x': 3, 'y': 11, 'z': 0.0}, 'docked': False}}
[INFO] [1787855122.528542168] [multi3_coordinator_node]: Received robot state update from robot robot1: {'operational_state': 'idle', 'current_assigned_fragment': None, 'state': {'position': {'x': 8, 'y': 9, 'z': 0.0}, 'docked': False}}
[INFO] [1787855122.529845136] [multi3_coordinator_node]: Received coordination message: {'robot_name': 'robot1', 'completed_task': 'final_room_check(r4)'}
[INFO] [1787855122.530419966] [multi3_coordinator_node]: Received coordination message: {'robot_name': 'robot1', 'completed_fragment': 'fm3-20', 'state': {'position': {'x': 8, 'y': 9, 'z': 0.0}, 'docked': False}}
[INFO] [1787855123.473553097] [multi3_coordinator_node]: Assigned fragment fm3-52 to robot robot1.
[INFO] [1787855123.495965110] [multi3_coordinator_node]: Received robot state update from robot robot1: {'operational_state': 'working', 'current_assigned_fragment': 'fm3-52', 'state': {'position': {'x': 8, 'y': 9, 'z': 0.0}, 'docked': False}}
[INFO] [1787855123.828621882] [multi3_coordinator_node]: Fragment fm3-29 is now executable because all signal messages were received.
[INFO] [1787855123.829996616] [multi3_coordinator_node]: Received robot state update from robot robot8: {'operational_state': 'idle', 'current_assigned_fragment': None, 'state': {'position': {'x': 6, 'y': 12, 'z': 0.0}, 'docked': False}}
[INFO] [1787855123.831044719] [multi3_coordinator_node]: Received coordination message: {'robot_name': 'robot8', 'completed_fragment': 'fm3-28', 'state': {'position': {'x': 6, 'y': 12, 'z': 0.0}, 'docked': False}}
[INFO] [1787855123.831727164] [multi3_coordinator_node]: Received coordination message: {'robot_name': 'robot8', 'completed_task': 'mop(r6)'}
[INFO] [1787855124.191414569] [multi3_coordinator_node]: Received coordination message: {'robot_name': 'robot3', 'completed_fragment': 'fm3-34', 'state': {'position': {'x': 9, 'y': 7, 'z': 0.0}, 'docked': False}}
[INFO] [1787855124.192347501] [multi3_coordinator_node]: Received robot state update from robot robot3: {'operational_state': 'idle', 'current_assigned_fragment': None, 'state': {'position': {'x': 9, 'y': 7, 'z': 0.0}, 'docked': False}}
[INFO] [1787855124.192831000] [multi3_coordinator_node]: Fragment fm3-35 is now executable because all signal messages were received.
[INFO] [1787855124.193295008] [multi3_coordinator_node]: Received coordination message: {'robot_name': 'robot3', 'completed_task': 'disinfect(r7)'}
[INFO] [1787855124.466986844] [multi3_coordinator_node]: Assigned fragment fm3-29 to robot robot3.
[INFO] [1787855124.469970036] [multi3_coordinator_node]: Assigned fragment fm3-35 to robot robot8.
[INFO] [1787855124.483141457] [multi3_coordinator_node]: Received robot state update from robot robot8: {'operational_state': 'working', 'current_assigned_fragment': 'fm3-35', 'state': {'position': {'x': 6, 'y': 12, 'z': 0.0}, 'docked': False}}
[INFO] [1787855124.552449268] [multi3_coordinator_node]: Received robot state update from robot robot3: {'operational_state': 'working', 'current_assigned_fragment': 'fm3-29', 'state': {'position': {'x': 9, 'y': 7, 'z': 0.0}, 'docked': False}}
[INFO] [1787855132.018214643] [multi3_coordinator_node]: Received coordination message: {'robot_name': 'robot4', 'completed_fragment': 'fm3-15', 'state': {'position': {'x': 3, 'y': 11, 'z': 0.0}, 'docked': False}}
[INFO] [1787855132.019919472] [multi3_coordinator_node]: Received robot state update from robot robot4: {'operational_state': 'idle', 'current_assigned_fragment': None, 'state': {'position': {'x': 3, 'y': 11, 'z': 0.0}, 'docked': False}}
[INFO] [1787855132.020836355] [multi3_coordinator_node]: Received coordination message: {'robot_name': 'robot4', 'completed_task': 'final_room_check(r3)'}
[INFO] [1787855133.623713853] [multi3_coordinator_node]: Received robot state update from robot robot5: {'operational_state': 'idle', 'current_assigned_fragment': None, 'state': {'position': {'x': 10, 'y': 5, 'z': 0.0}, 'docked': False}}
[INFO] [1787855133.624390890] [multi3_coordinator_node]: Received coordination message: {'robot_name': 'robot5', 'completed_task': 'final_room_check(r2)'}
[INFO] [1787855133.625043512] [multi3_coordinator_node]: Received coordination message: {'robot_name': 'robot5', 'completed_fragment': 'fm3-10', 'state': {'position': {'x': 10, 'y': 5, 'z': 0.0}, 'docked': False}}
[INFO] [1787855134.466419040] [multi3_coordinator_node]: Received coordination message: {'robot_name': 'robot9', 'completed_task': 'final_room_check(r5)'}
[INFO] [1787855134.469367007] [multi3_coordinator_node]: Received coordination message: {'robot_name': 'robot9', 'completed_fragment': 'fm3-25', 'state': {'position': {'x': 12, 'y': 3, 'z': 0.0}, 'docked': False}}
[INFO] [1787855134.470154937] [multi3_coordinator_node]: Received robot state update from robot robot9: {'operational_state': 'idle', 'current_assigned_fragment': None, 'state': {'position': {'x': 12, 'y': 3, 'z': 0.0}, 'docked': False}}
[INFO] [1787855135.346233819] [multi3_coordinator_node]: Received coordination message: {'robot_name': 'robot8', 'completed_fragment': 'fm3-35', 'state': {'position': {'x': 9, 'y': 7, 'z': 0.0}, 'docked': False}}
[INFO] [1787855135.346794996] [multi3_coordinator_node]: Received robot state update from robot robot8: {'operational_state': 'idle', 'current_assigned_fragment': None, 'state': {'position': {'x': 9, 'y': 7, 'z': 0.0}, 'docked': False}}
[INFO] [1787855135.348090296] [multi3_coordinator_node]: Received coordination message: {'robot_name': 'robot8', 'completed_task': 'final_room_check(r7)'}
[INFO] [1787855135.855659866] [multi3_coordinator_node]: Received robot state update from robot robot6: {'operational_state': 'idle', 'current_assigned_fragment': None, 'state': {'position': {'x': 14, 'y': 18, 'z': 0.0}, 'docked': False}}
[INFO] [1787855135.857114707] [multi3_coordinator_node]: Received coordination message: {'robot_name': 'robot6', 'completed_fragment': 'fm3-43', 'state': {'position': {'x': 14, 'y': 18, 'z': 0.0}, 'docked': False}}
[INFO] [1787855135.858050914] [multi3_coordinator_node]: Fragment fm3-44 is now executable because all signal messages were received.
[INFO] [1787855135.858826033] [multi3_coordinator_node]: Received coordination message: {'robot_name': 'robot6', 'completed_task': 'mop(r9)'}
[INFO] [1787855136.467577604] [multi3_coordinator_node]: Assigned fragment fm3-44 to robot robot4.
[INFO] [1787855136.490755920] [multi3_coordinator_node]: Received robot state update from robot robot4: {'operational_state': 'working', 'current_assigned_fragment': 'fm3-44', 'state': {'position': {'x': 3, 'y': 11, 'z': 0.0}, 'docked': False}}
[INFO] [1787855138.966853687] [multi3_coordinator_node]: Received robot state update from robot robot7: {'operational_state': 'idle', 'current_assigned_fragment': None, 'state': {'position': {'x': 2, 'y': 8, 'z': 0.0}, 'docked': False}}
[INFO] [1787855138.968178560] [multi3_coordinator_node]: Received coordination message: {'robot_name': 'robot7', 'completed_fragment': 'fm3-38', 'state': {'position': {'x': 2, 'y': 8, 'z': 0.0}, 'docked': False}}
[INFO] [1787855138.969142097] [multi3_coordinator_node]: Fragment fm3-39 is now executable because all signal messages were received.
[INFO] [1787855138.969983064] [multi3_coordinator_node]: Received coordination message: {'robot_name': 'robot7', 'completed_task': 'mop(r8)'}
[INFO] [1787855139.463692944] [multi3_coordinator_node]: Assigned fragment fm3-39 to robot robot5.
[INFO] [1787855139.513924428] [multi3_coordinator_node]: Received robot state update from robot robot5: {'operational_state': 'working', 'current_assigned_fragment': 'fm3-39', 'state': {'position': {'x': 10, 'y': 5, 'z': 0.0}, 'docked': False}}
[INFO] [1787855145.045933248] [multi3_coordinator_node]: Received robot state update from robot robot3: {'operational_state': 'idle', 'current_assigned_fragment': None, 'state': {'position': {'x': 6, 'y': 12, 'z': 0.0}, 'docked': False}}
[INFO] [1787855145.047396135] [multi3_coordinator_node]: Received coordination message: {'robot_name': 'robot3', 'completed_fragment': 'fm3-29', 'state': {'position': {'x': 6, 'y': 12, 'z': 0.0}, 'docked': False}}
[INFO] [1787855145.048051524] [multi3_coordinator_node]: Fragment fm3-30 is now executable because all signal messages were received.
[INFO] [1787855145.048589255] [multi3_coordinator_node]: Received coordination message: {'robot_name': 'robot3', 'completed_task': 'disinfect(r6)'}
[INFO] [1787855145.463594487] [multi3_coordinator_node]: Assigned fragment fm3-30 to robot robot9.
[INFO] [1787855145.474214266] [multi3_coordinator_node]: Assigned fragment fm3-57 to robot robot3.
[INFO] [1787855145.496078144] [multi3_coordinator_node]: Received robot state update from robot robot3: {'operational_state': 'working', 'current_assigned_fragment': 'fm3-57', 'state': {'position': {'x': 6, 'y': 12, 'z': 0.0}, 'docked': False}}
[INFO] [1787855145.571527622] [multi3_coordinator_node]: Received robot state update from robot robot9: {'operational_state': 'working', 'current_assigned_fragment': 'fm3-30', 'state': {'position': {'x': 12, 'y': 3, 'z': 0.0}, 'docked': False}}
[INFO] [1787855155.521145640] [multi3_coordinator_node]: Assigned fragment fm3-48 to robot robot6.
[INFO] [1787855155.544289620] [multi3_coordinator_node]: Fragment fm3-48 is now executable because all signal messages were received.
[INFO] [1787855155.553683906] [multi3_coordinator_node]: Received coordination message: {'robot_name': 'robot2', 'completed_fragment': 'fm3-47', 'state': {'position': {'x': 21, 'y': 6, 'z': 0.0}, 'docked': False}}
[INFO] [1787855155.561136251] [multi3_coordinator_node]: Assigned fragment fm3-62 to robot robot2.
[INFO] [1787855155.562046289] [multi3_coordinator_node]: Received robot state update from robot robot2: {'operational_state': 'idle', 'current_assigned_fragment': None, 'state': {'position': {'x': 21, 'y': 6, 'z': 0.0}, 'docked': False}}
[INFO] [1787855155.563264867] [multi3_coordinator_node]: Received coordination message: {'robot_name': 'robot2', 'completed_task': 'vacuum(r10)'}
[INFO] [1787855155.563930498] [multi3_coordinator_node]: Received robot state update from robot robot6: {'operational_state': 'working', 'current_assigned_fragment': 'fm3-48', 'state': {'position': {'x': 14, 'y': 18, 'z': 0.0}, 'docked': False}}
[INFO] [1787855155.564233003] [multi3_coordinator_node]: Received robot state update from robot robot2: {'operational_state': 'working', 'current_assigned_fragment': 'fm3-62', 'state': {'position': {'x': 21, 'y': 6, 'z': 0.0}, 'docked': False}}
[INFO] [1787855168.600927137] [multi3_coordinator_node]: Received coordination message: {'robot_name': 'robot9', 'completed_task': 'final_room_check(r6)'}
[INFO] [1787855168.605775946] [multi3_coordinator_node]: Received coordination message: {'robot_name': 'robot9', 'completed_fragment': 'fm3-30', 'state': {'position': {'x': 6, 'y': 12, 'z': 0.0}, 'docked': False}}
[INFO] [1787855168.606980524] [multi3_coordinator_node]: Received robot state update from robot robot9: {'operational_state': 'idle', 'current_assigned_fragment': None, 'state': {'position': {'x': 6, 'y': 12, 'z': 0.0}, 'docked': False}}
[INFO] [1787855172.023157012] [multi3_coordinator_node]: Fragment fm3-40 is now executable because all signal messages were received.
[INFO] [1787855172.024341077] [multi3_coordinator_node]: Received robot state update from robot robot5: {'operational_state': 'idle', 'current_assigned_fragment': None, 'state': {'position': {'x': 2, 'y': 8, 'z': 0.0}, 'docked': False}}
[INFO] [1787855172.025913123] [multi3_coordinator_node]: Received coordination message: {'robot_name': 'robot5', 'completed_fragment': 'fm3-39', 'state': {'position': {'x': 2, 'y': 8, 'z': 0.0}, 'docked': False}}
[INFO] [1787855172.027705836] [multi3_coordinator_node]: Received coordination message: {'robot_name': 'robot5', 'completed_task': 'disinfect(r8)'}
[INFO] [1787855172.463372621] [multi3_coordinator_node]: Assigned fragment fm3-40 to robot robot7.
[INFO] [1787855172.474786380] [multi3_coordinator_node]: Received robot state update from robot robot7: {'operational_state': 'working', 'current_assigned_fragment': 'fm3-40', 'state': {'position': {'x': 2, 'y': 8, 'z': 0.0}, 'docked': False}}
[INFO] [1787855179.528361908] [multi3_coordinator_node]: Fragment fm3-53 is now executable because all signal messages were received.
[INFO] [1787855179.529716168] [multi3_coordinator_node]: Received coordination message: {'robot_name': 'robot1', 'completed_fragment': 'fm3-52', 'state': {'position': {'x': 17, 'y': 23, 'z': 0.0}, 'docked': False}}
[INFO] [1787855179.530978425] [multi3_coordinator_node]: Received robot state update from robot robot1: {'operational_state': 'idle', 'current_assigned_fragment': None, 'state': {'position': {'x': 17, 'y': 23, 'z': 0.0}, 'docked': False}}
[INFO] [1787855179.531827772] [multi3_coordinator_node]: Received coordination message: {'robot_name': 'robot1', 'completed_task': 'vacuum(r11)'}
[INFO] [1787855180.471846443] [multi3_coordinator_node]: Assigned fragment fm3-53 to robot robot8.
[INFO] [1787855180.477136000] [multi3_coordinator_node]: Assigned fragment fm3-67 to robot robot1.
[INFO] [1787855180.513216471] [multi3_coordinator_node]: Received robot state update from robot robot8: {'operational_state': 'working', 'current_assigned_fragment': 'fm3-53', 'state': {'position': {'x': 9, 'y': 7, 'z': 0.0}, 'docked': False}}
[INFO] [1787855180.514117463] [multi3_coordinator_node]: Received robot state update from robot robot1: {'operational_state': 'working', 'current_assigned_fragment': 'fm3-67', 'state': {'position': {'x': 17, 'y': 23, 'z': 0.0}, 'docked': False}}
[INFO] [1787855181.793680822] [multi3_coordinator_node]: Received coordination message: {'robot_name': 'robot4', 'completed_fragment': 'fm3-44', 'state': {'position': {'x': 14, 'y': 18, 'z': 0.0}, 'docked': False}}
[INFO] [1787855181.794735503] [multi3_coordinator_node]: Fragment fm3-45 is now executable because all signal messages were received.
[INFO] [1787855181.795539266] [multi3_coordinator_node]: Received robot state update from robot robot4: {'operational_state': 'idle', 'current_assigned_fragment': None, 'state': {'position': {'x': 14, 'y': 18, 'z': 0.0}, 'docked': False}}
[INFO] [1787855181.796250171] [multi3_coordinator_node]: Received coordination message: {'robot_name': 'robot4', 'completed_task': 'disinfect(r9)'}
[INFO] [1787855182.470751074] [multi3_coordinator_node]: Assigned fragment fm3-45 to robot robot4.
[INFO] [1787855182.509498321] [multi3_coordinator_node]: Received robot state update from robot robot4: {'operational_state': 'working', 'current_assigned_fragment': 'fm3-45', 'state': {'position': {'x': 14, 'y': 18, 'z': 0.0}, 'docked': False}}
[INFO] [1787855183.000452678] [multi3_coordinator_node]: Received coordination message: {'robot_name': 'robot7', 'completed_task': 'final_room_check(r8)'}
[INFO] [1787855183.001898873] [multi3_coordinator_node]: Received coordination message: {'robot_name': 'robot7', 'completed_fragment': 'fm3-40', 'state': {'position': {'x': 2, 'y': 8, 'z': 0.0}, 'docked': False}}
[INFO] [1787855183.003269891] [multi3_coordinator_node]: Received robot state update from robot robot7: {'operational_state': 'idle', 'current_assigned_fragment': None, 'state': {'position': {'x': 2, 'y': 8, 'z': 0.0}, 'docked': False}}
[INFO] [1787855188.602613902] [multi3_coordinator_node]: Received robot state update from robot robot4: {'operational_state': 'idle', 'current_assigned_fragment': None, 'state': {'position': {'x': 14, 'y': 18, 'z': 0.0}, 'docked': False}}
[INFO] [1787855188.605509983] [multi3_coordinator_node]: Received coordination message: {'robot_name': 'robot4', 'completed_task': 'final_room_check(r9)'}
[INFO] [1787855188.606416484] [multi3_coordinator_node]: Received coordination message: {'robot_name': 'robot4', 'completed_fragment': 'fm3-45', 'state': {'position': {'x': 14, 'y': 18, 'z': 0.0}, 'docked': False}}
[INFO] [1787855195.568632375] [multi3_coordinator_node]: Assigned fragment fm3-58 to robot robot7.
[INFO] [1787855195.589127962] [multi3_coordinator_node]: Fragment fm3-58 is now executable because all signal messages were received.
[INFO] [1787855195.597728668] [multi3_coordinator_node]: Received robot state update from robot robot3: {'operational_state': 'idle', 'current_assigned_fragment': None, 'state': {'position': {'x': 24, 'y': 14, 'z': 0.0}, 'docked': False}}
[INFO] [1787855195.600196334] [multi3_coordinator_node]: Assigned fragment fm3-72 to robot robot3.
[INFO] [1787855195.601605027] [multi3_coordinator_node]: Received coordination message: {'robot_name': 'robot3', 'completed_fragment': 'fm3-57', 'state': {'position': {'x': 24, 'y': 14, 'z': 0.0}, 'docked': False}}
[INFO] [1787855195.605475000] [multi3_coordinator_node]: Received coordination message: {'robot_name': 'robot3', 'completed_task': 'vacuum(r12)'}
[INFO] [1787855195.606603248] [multi3_coordinator_node]: Received robot state update from robot robot3: {'operational_state': 'working', 'current_assigned_fragment': 'fm3-72', 'state': {'position': {'x': 24, 'y': 14, 'z': 0.0}, 'docked': False}}
[INFO] [1787855195.607606998] [multi3_coordinator_node]: Received robot state update from robot robot7: {'operational_state': 'working', 'current_assigned_fragment': 'fm3-58', 'state': {'position': {'x': 2, 'y': 8, 'z': 0.0}, 'docked': False}}
[INFO] [1787855206.321766562] [multi3_coordinator_node]: Fragment fm3-49 is now executable because all signal messages were received.
[INFO] [1787855206.322787335] [multi3_coordinator_node]: Received coordination message: {'robot_name': 'robot6', 'completed_fragment': 'fm3-48', 'state': {'position': {'x': 21, 'y': 6, 'z': 0.0}, 'docked': False}}
[INFO] [1787855206.324843262] [multi3_coordinator_node]: Received coordination message: {'robot_name': 'robot6', 'completed_task': 'mop(r10)'}
[INFO] [1787855206.325950035] [multi3_coordinator_node]: Received robot state update from robot robot6: {'operational_state': 'idle', 'current_assigned_fragment': None, 'state': {'position': {'x': 21, 'y': 6, 'z': 0.0}, 'docked': False}}
[INFO] [1787855206.466309573] [multi3_coordinator_node]: Assigned fragment fm3-49 to robot robot4.
[INFO] [1787855206.531967830] [multi3_coordinator_node]: Received robot state update from robot robot4: {'operational_state': 'working', 'current_assigned_fragment': 'fm3-49', 'state': {'position': {'x': 14, 'y': 18, 'z': 0.0}, 'docked': False}}
[INFO] [1787855208.142048690] [multi3_coordinator_node]: Received coordination message: {'robot_name': 'robot2', 'completed_fragment': 'fm3-62', 'state': {'position': {'x': 7, 'y': 20, 'z': 0.0}, 'docked': False}}
[INFO] [1787855208.143305178] [multi3_coordinator_node]: Fragment fm3-63 is now executable because all signal messages were received.
[INFO] [1787855208.143950853] [multi3_coordinator_node]: Received robot state update from robot robot2: {'operational_state': 'idle', 'current_assigned_fragment': None, 'state': {'position': {'x': 7, 'y': 20, 'z': 0.0}, 'docked': False}}
[INFO] [1787855208.145107131] [multi3_coordinator_node]: Received coordination message: {'robot_name': 'robot2', 'completed_task': 'vacuum(r13)'}
[INFO] [1787855208.459269000] [multi3_coordinator_node]: Assigned fragment fm3-63 to robot robot6.
[INFO] [1787855208.475761966] [multi3_coordinator_node]: Received robot state update from robot robot6: {'operational_state': 'working', 'current_assigned_fragment': 'fm3-63', 'state': {'position': {'x': 21, 'y': 6, 'z': 0.0}, 'docked': False}}
[INFO] [1787855209.085912005] [multi3_coordinator_node]: Received coordination message: {'robot_name': 'robot1', 'completed_fragment': 'fm3-67', 'state': {'position': {'x': 19, 'y': 10, 'z': 0.0}, 'docked': False}}
[INFO] [1787855209.087452148] [multi3_coordinator_node]: Fragment fm3-68 is now executable because all signal messages were received.
[INFO] [1787855209.088928421] [multi3_coordinator_node]: Received robot state update from robot robot1: {'operational_state': 'idle', 'current_assigned_fragment': None, 'state': {'position': {'x': 19, 'y': 10, 'z': 0.0}, 'docked': False}}
[INFO] [1787855209.090758937] [multi3_coordinator_node]: Received coordination message: {'robot_name': 'robot1', 'completed_task': 'vacuum(r14)'}
[INFO] [1787855209.461343110] [multi3_coordinator_node]: Assigned fragment fm3-68 to robot robot9.
[INFO] [1787855209.476643494] [multi3_coordinator_node]: Received robot state update from robot robot9: {'operational_state': 'working', 'current_assigned_fragment': 'fm3-68', 'state': {'position': {'x': 6, 'y': 12, 'z': 0.0}, 'docked': False}}
[INFO] [1787855235.145025572] [multi3_coordinator_node]: Fragment fm3-73 is now executable because all signal messages were received.
[INFO] [1787855235.146731926] [multi3_coordinator_node]: Received robot state update from robot robot3: {'operational_state': 'idle', 'current_assigned_fragment': None, 'state': {'position': {'x': 13, 'y': 24, 'z': 0.0}, 'docked': False}}
[INFO] [1787855235.148030206] [multi3_coordinator_node]: Received coordination message: {'robot_name': 'robot3', 'completed_fragment': 'fm3-72', 'state': {'position': {'x': 13, 'y': 24, 'z': 0.0}, 'docked': False}}
[INFO] [1787855235.149599783] [multi3_coordinator_node]: Received coordination message: {'robot_name': 'robot3', 'completed_task': 'vacuum(r15)'}
[INFO] [1787855235.460256779] [multi3_coordinator_node]: Assigned fragment fm3-73 to robot robot5.
[INFO] [1787855235.478811473] [multi3_coordinator_node]: Received robot state update from robot robot5: {'operational_state': 'working', 'current_assigned_fragment': 'fm3-73', 'state': {'position': {'x': 2, 'y': 8, 'z': 0.0}, 'docked': False}}
[INFO] [1787855239.764402782] [multi3_coordinator_node]: Received coordination message: {'robot_name': 'robot4', 'completed_fragment': 'fm3-49', 'state': {'position': {'x': 21, 'y': 6, 'z': 0.0}, 'docked': False}}
[INFO] [1787855239.765498552] [multi3_coordinator_node]: Fragment fm3-50 is now executable because all signal messages were received.
[INFO] [1787855239.766815214] [multi3_coordinator_node]: Received robot state update from robot robot4: {'operational_state': 'idle', 'current_assigned_fragment': None, 'state': {'position': {'x': 21, 'y': 6, 'z': 0.0}, 'docked': False}}
[INFO] [1787855239.767921568] [multi3_coordinator_node]: Received coordination message: {'robot_name': 'robot4', 'completed_task': 'disinfect(r10)'}
[INFO] [1787855240.460951945] [multi3_coordinator_node]: Assigned fragment fm3-50 to robot robot3.
[INFO] [1787855240.501963398] [multi3_coordinator_node]: Received robot state update from robot robot3: {'operational_state': 'working', 'current_assigned_fragment': 'fm3-50', 'state': {'position': {'x': 13, 'y': 24, 'z': 0.0}, 'docked': False}}
[INFO] [1787855245.790043123] [multi3_coordinator_node]: Fragment fm3-54 is now executable because all signal messages were received.
[INFO] [1787855245.791837349] [multi3_coordinator_node]: Received coordination message: {'robot_name': 'robot8', 'completed_fragment': 'fm3-53', 'state': {'position': {'x': 17, 'y': 23, 'z': 0.0}, 'docked': False}}
[INFO] [1787855245.793074515] [multi3_coordinator_node]: Received robot state update from robot robot8: {'operational_state': 'idle', 'current_assigned_fragment': None, 'state': {'position': {'x': 17, 'y': 23, 'z': 0.0}, 'docked': False}}
[INFO] [1787855245.793973540] [multi3_coordinator_node]: Received coordination message: {'robot_name': 'robot8', 'completed_task': 'mop(r11)'}
[INFO] [1787855246.471373204] [multi3_coordinator_node]: Assigned fragment fm3-54 to robot robot2.
[INFO] [1787855246.501214176] [multi3_coordinator_node]: Received robot state update from robot robot2: {'operational_state': 'working', 'current_assigned_fragment': 'fm3-54', 'state': {'position': {'x': 7, 'y': 20, 'z': 0.0}, 'docked': False}}
[INFO] [1787855260.736182488] [multi3_coordinator_node]: Received coordination message: {'robot_name': 'robot9', 'completed_fragment': 'fm3-68', 'state': {'position': {'x': 19, 'y': 10, 'z': 0.0}, 'docked': False}}
[INFO] [1787855260.737504220] [multi3_coordinator_node]: Fragment fm3-69 is now executable because all signal messages were received.
[INFO] [1787855260.737865505] [multi3_coordinator_node]: Received robot state update from robot robot9: {'operational_state': 'idle', 'current_assigned_fragment': None, 'state': {'position': {'x': 19, 'y': 10, 'z': 0.0}, 'docked': False}}
[INFO] [1787855260.738671943] [multi3_coordinator_node]: Received coordination message: {'robot_name': 'robot9', 'completed_task': 'mop(r14)'}
[INFO] [1787855261.470279955] [multi3_coordinator_node]: Assigned fragment fm3-69 to robot robot4.
[INFO] [1787855261.481891155] [multi3_coordinator_node]: Received robot state update from robot robot4: {'operational_state': 'working', 'current_assigned_fragment': 'fm3-69', 'state': {'position': {'x': 21, 'y': 6, 'z': 0.0}, 'docked': False}}
[INFO] [1787855264.232708693] [multi3_coordinator_node]: Fragment fm3-59 is now executable because all signal messages were received.
[INFO] [1787855264.268054788] [multi3_coordinator_node]: Received coordination message: {'robot_name': 'robot7', 'completed_task': 'mop(r12)'}
[INFO] [1787855264.269071143] [multi3_coordinator_node]: Received coordination message: {'robot_name': 'robot7', 'completed_fragment': 'fm3-58', 'state': {'position': {'x': 24, 'y': 14, 'z': 0.0}, 'docked': False}}
[INFO] [1787855264.269690293] [multi3_coordinator_node]: Received robot state update from robot robot7: {'operational_state': 'idle', 'current_assigned_fragment': None, 'state': {'position': {'x': 24, 'y': 14, 'z': 0.0}, 'docked': False}}
[INFO] [1787855264.467034070] [multi3_coordinator_node]: Assigned fragment fm3-59 to robot robot1.
[INFO] [1787855264.508900017] [multi3_coordinator_node]: Received robot state update from robot robot1: {'operational_state': 'working', 'current_assigned_fragment': 'fm3-59', 'state': {'position': {'x': 19, 'y': 10, 'z': 0.0}, 'docked': False}}
[INFO] [1787855269.297020186] [multi3_coordinator_node]: Received coordination message: {'robot_name': 'robot3', 'completed_task': 'final_room_check(r10)'}
[INFO] [1787855269.298277474] [multi3_coordinator_node]: Received coordination message: {'robot_name': 'robot3', 'completed_fragment': 'fm3-50', 'state': {'position': {'x': 21, 'y': 6, 'z': 0.0}, 'docked': False}}
[INFO] [1787855269.298904184] [multi3_coordinator_node]: Received robot state update from robot robot3: {'operational_state': 'idle', 'current_assigned_fragment': None, 'state': {'position': {'x': 21, 'y': 6, 'z': 0.0}, 'docked': False}}
[INFO] [1787855275.093241681] [multi3_coordinator_node]: Received robot state update from robot robot6: {'operational_state': 'idle', 'current_assigned_fragment': None, 'state': {'position': {'x': 7, 'y': 20, 'z': 0.0}, 'docked': False}}
[INFO] [1787855275.093810225] [multi3_coordinator_node]: Fragment fm3-64 is now executable because all signal messages were received.
[INFO] [1787855275.094378207] [multi3_coordinator_node]: Received coordination message: {'robot_name': 'robot6', 'completed_fragment': 'fm3-63', 'state': {'position': {'x': 7, 'y': 20, 'z': 0.0}, 'docked': False}}
[INFO] [1787855275.095690442] [multi3_coordinator_node]: Received coordination message: {'robot_name': 'robot6', 'completed_task': 'mop(r13)'}
[INFO] [1787855275.466576136] [multi3_coordinator_node]: Assigned fragment fm3-64 to robot robot3.
[INFO] [1787855275.499273594] [multi3_coordinator_node]: Received robot state update from robot robot3: {'operational_state': 'working', 'current_assigned_fragment': 'fm3-64', 'state': {'position': {'x': 21, 'y': 6, 'z': 0.0}, 'docked': False}}
[INFO] [1787855286.686032125] [multi3_coordinator_node]: Received robot state update from robot robot1: {'operational_state': 'idle', 'current_assigned_fragment': None, 'state': {'position': {'x': 24, 'y': 14, 'z': 0.0}, 'docked': False}}
[INFO] [1787855286.686971413] [multi3_coordinator_node]: Fragment fm3-60 is now executable because all signal messages were received.
[INFO] [1787855286.687501188] [multi3_coordinator_node]: Received coordination message: {'robot_name': 'robot1', 'completed_fragment': 'fm3-59', 'state': {'position': {'x': 24, 'y': 14, 'z': 0.0}, 'docked': False}}
[INFO] [1787855286.688270690] [multi3_coordinator_node]: Received coordination message: {'robot_name': 'robot1', 'completed_task': 'disinfect(r12)'}
[INFO] [1787855287.459896067] [multi3_coordinator_node]: Assigned fragment fm3-60 to robot robot7.
[INFO] [1787855287.470313272] [multi3_coordinator_node]: Received robot state update from robot robot7: {'operational_state': 'working', 'current_assigned_fragment': 'fm3-60', 'state': {'position': {'x': 24, 'y': 14, 'z': 0.0}, 'docked': False}}
[INFO] [1787855293.935379550] [multi3_coordinator_node]: Received robot state update from robot robot4: {'operational_state': 'idle', 'current_assigned_fragment': None, 'state': {'position': {'x': 19, 'y': 10, 'z': 0.0}, 'docked': False}}
[INFO] [1787855293.937356470] [multi3_coordinator_node]: Fragment fm3-70 is now executable because all signal messages were received.
[INFO] [1787855293.937922818] [multi3_coordinator_node]: Received coordination message: {'robot_name': 'robot4', 'completed_fragment': 'fm3-69', 'state': {'position': {'x': 19, 'y': 10, 'z': 0.0}, 'docked': False}}
[INFO] [1787855293.938884746] [multi3_coordinator_node]: Received coordination message: {'robot_name': 'robot4', 'completed_task': 'disinfect(r14)'}
[INFO] [1787855294.002135908] [multi3_coordinator_node]: Received robot state update from robot robot7: {'operational_state': 'idle', 'current_assigned_fragment': None, 'state': {'position': {'x': 24, 'y': 14, 'z': 0.0}, 'docked': False}}
[INFO] [1787855294.003657561] [multi3_coordinator_node]: Received coordination message: {'robot_name': 'robot7', 'completed_fragment': 'fm3-60', 'state': {'position': {'x': 24, 'y': 14, 'z': 0.0}, 'docked': False}}
[INFO] [1787855294.004357039] [multi3_coordinator_node]: Received coordination message: {'robot_name': 'robot7', 'completed_task': 'final_room_check(r12)'}
[INFO] [1787855294.463334036] [multi3_coordinator_node]: Assigned fragment fm3-70 to robot robot9.
[INFO] [1787855294.474256038] [multi3_coordinator_node]: Received robot state update from robot robot9: {'operational_state': 'working', 'current_assigned_fragment': 'fm3-70', 'state': {'position': {'x': 19, 'y': 10, 'z': 0.0}, 'docked': False}}
[INFO] [1787855296.255259820] [multi3_coordinator_node]: Received coordination message: {'robot_name': 'robot2', 'completed_fragment': 'fm3-54', 'state': {'position': {'x': 17, 'y': 23, 'z': 0.0}, 'docked': False}}
[INFO] [1787855296.256310394] [multi3_coordinator_node]: Received robot state update from robot robot2: {'operational_state': 'idle', 'current_assigned_fragment': None, 'state': {'position': {'x': 17, 'y': 23, 'z': 0.0}, 'docked': False}}
[INFO] [1787855296.257215173] [multi3_coordinator_node]: Fragment fm3-55 is now executable because all signal messages were received.
[INFO] [1787855296.259178120] [multi3_coordinator_node]: Received coordination message: {'robot_name': 'robot2', 'completed_task': 'disinfect(r11)'}
[INFO] [1787855296.459271973] [multi3_coordinator_node]: Assigned fragment fm3-55 to robot robot1.
[INFO] [1787855296.510093333] [multi3_coordinator_node]: Received robot state update from robot robot1: {'operational_state': 'working', 'current_assigned_fragment': 'fm3-55', 'state': {'position': {'x': 24, 'y': 14, 'z': 0.0}, 'docked': False}}
[INFO] [1787855300.497894364] [multi3_coordinator_node]: Received coordination message: {'robot_name': 'robot9', 'completed_task': 'final_room_check(r14)'}
[INFO] [1787855300.499523142] [multi3_coordinator_node]: Received robot state update from robot robot9: {'operational_state': 'idle', 'current_assigned_fragment': None, 'state': {'position': {'x': 19, 'y': 10, 'z': 0.0}, 'docked': False}}
[INFO] [1787855300.500633991] [multi3_coordinator_node]: Received coordination message: {'robot_name': 'robot9', 'completed_fragment': 'fm3-70', 'state': {'position': {'x': 19, 'y': 10, 'z': 0.0}, 'docked': False}}
[INFO] [1787855314.232913639] [multi3_coordinator_node]: Received coordination message: {'robot_name': 'robot5', 'completed_fragment': 'fm3-73', 'state': {'position': {'x': 13, 'y': 24, 'z': 0.0}, 'docked': False}}
[INFO] [1787855314.237369255] [multi3_coordinator_node]: Fragment fm3-74 is now executable because all signal messages were received.
[INFO] [1787855314.238379998] [multi3_coordinator_node]: Received robot state update from robot robot5: {'operational_state': 'idle', 'current_assigned_fragment': None, 'state': {'position': {'x': 13, 'y': 24, 'z': 0.0}, 'docked': False}}
[INFO] [1787855314.239500045] [multi3_coordinator_node]: Received coordination message: {'robot_name': 'robot5', 'completed_task': 'mop(r15)'}
[INFO] [1787855314.461203127] [multi3_coordinator_node]: Assigned fragment fm3-74 to robot robot5.
[INFO] [1787855314.482165983] [multi3_coordinator_node]: Received robot state update from robot robot5: {'operational_state': 'working', 'current_assigned_fragment': 'fm3-74', 'state': {'position': {'x': 13, 'y': 24, 'z': 0.0}, 'docked': False}}
[INFO] [1787855319.588382856] [multi3_coordinator_node]: Fragment fm3-65 is now executable because all signal messages were received.
[INFO] [1787855319.589074437] [multi3_coordinator_node]: Received coordination message: {'robot_name': 'robot3', 'completed_fragment': 'fm3-64', 'state': {'position': {'x': 7, 'y': 20, 'z': 0.0}, 'docked': False}}
[INFO] [1787855319.590169855] [multi3_coordinator_node]: Received robot state update from robot robot3: {'operational_state': 'idle', 'current_assigned_fragment': None, 'state': {'position': {'x': 7, 'y': 20, 'z': 0.0}, 'docked': False}}
[INFO] [1787855319.591114755] [multi3_coordinator_node]: Received coordination message: {'robot_name': 'robot3', 'completed_task': 'disinfect(r13)'}
[INFO] [1787855320.473359660] [multi3_coordinator_node]: Assigned fragment fm3-65 to robot robot6.
[INFO] [1787855320.516777315] [multi3_coordinator_node]: Received robot state update from robot robot6: {'operational_state': 'working', 'current_assigned_fragment': 'fm3-65', 'state': {'position': {'x': 7, 'y': 20, 'z': 0.0}, 'docked': False}}
[INFO] [1787855321.694760592] [multi3_coordinator_node]: Received robot state update from robot robot1: {'operational_state': 'idle', 'current_assigned_fragment': None, 'state': {'position': {'x': 17, 'y': 23, 'z': 0.0}, 'docked': False}}
[INFO] [1787855321.695805376] [multi3_coordinator_node]: Received coordination message: {'robot_name': 'robot1', 'completed_fragment': 'fm3-55', 'state': {'position': {'x': 17, 'y': 23, 'z': 0.0}, 'docked': False}}
[INFO] [1787855321.696194733] [multi3_coordinator_node]: Received coordination message: {'robot_name': 'robot1', 'completed_task': 'final_room_check(r11)'}
[INFO] [1787855324.521799305] [multi3_coordinator_node]: Received coordination message: {'robot_name': 'robot5', 'completed_fragment': 'fm3-74', 'state': {'position': {'x': 13, 'y': 24, 'z': 0.0}, 'docked': False}}
[INFO] [1787855324.522739400] [multi3_coordinator_node]: Received robot state update from robot robot5: {'operational_state': 'idle', 'current_assigned_fragment': None, 'state': {'position': {'x': 13, 'y': 24, 'z': 0.0}, 'docked': False}}
[INFO] [1787855324.523472688] [multi3_coordinator_node]: Fragment fm3-75 is now executable because all signal messages were received.
[INFO] [1787855324.524041851] [multi3_coordinator_node]: Received coordination message: {'robot_name': 'robot5', 'completed_task': 'disinfect(r15)'}
[INFO] [1787855325.461952610] [multi3_coordinator_node]: Assigned fragment fm3-75 to robot robot5.
[INFO] [1787855325.478875783] [multi3_coordinator_node]: Received robot state update from robot robot5: {'operational_state': 'working', 'current_assigned_fragment': 'fm3-75', 'state': {'position': {'x': 13, 'y': 24, 'z': 0.0}, 'docked': False}}
[INFO] [1787855331.050686572] [multi3_coordinator_node]: Received robot state update from robot robot6: {'operational_state': 'idle', 'current_assigned_fragment': None, 'state': {'position': {'x': 7, 'y': 20, 'z': 0.0}, 'docked': False}}
[INFO] [1787855331.051565382] [multi3_coordinator_node]: Received coordination message: {'robot_name': 'robot6', 'completed_task': 'final_room_check(r13)'}
[INFO] [1787855331.052283223] [multi3_coordinator_node]: Received coordination message: {'robot_name': 'robot6', 'completed_fragment': 'fm3-65', 'state': {'position': {'x': 7, 'y': 20, 'z': 0.0}, 'docked': False}}
[INFO] [1787855335.056233669] [multi3_coordinator_node]: Received coordination message: {'robot_name': 'robot5', 'completed_fragment': 'fm3-75', 'state': {'position': {'x': 13, 'y': 24, 'z': 0.0}, 'docked': False}}
[INFO] [1787855335.060879241] [multi3_coordinator_node]: Received coordination message: {'robot_name': 'robot5', 'completed_task': 'final_room_check(r15)'}
[INFO] [1787855335.061712762] [multi3_coordinator_node]: Received robot state update from robot robot5: {'operational_state': 'idle', 'current_assigned_fragment': None, 'state': {'position': {'x': 13, 'y': 24, 'z': 0.0}, 'docked': False}}
Traceback (most recent call last):
  File "/root/ros2_ws/install/multi3_coordinator/lib/multi3_coordinator/coordinator", line 33, in <module>
    sys.exit(load_entry_point('multi3-coordinator==0.0.0', 'console_scripts', 'coordinator')())
  File "/root/ros2_ws/install/multi3_coordinator/lib/python3.10/site-packages/nodes/coordinator.py", line 371, in main
    rclpy.shutdown()
  File "/opt/ros/humble/local/lib/python3.10/dist-packages/rclpy/__init__.py", line 130, in shutdown
    _shutdown(context=context)
  File "/opt/ros/humble/local/lib/python3.10/dist-packages/rclpy/utilities.py", line 58, in shutdown
    return context.shutdown()
  File "/opt/ros/humble/local/lib/python3.10/dist-packages/rclpy/context.py", line 102, in shutdown
    self.__context.shutdown()
rclpy._rclpy_pybind11.RCLError: failed to shutdown: rcl_shutdown already called on the given context, at ./src/rcl/init.c:241

--- executor_robot1.log ---
[INFO] [1787854911.113232147] [robot1.fragment_exec_node]: Setting up skill: UndockSkill
[INFO] [1787854911.114209145] [robot1.fragment_exec_node]: Setting up skill: NavigateSkill
[INFO] [1787854911.115034585] [robot1.fragment_exec_node]: Setting up skill: CheckRoomSkill
[INFO] [1787854911.115885888] [robot1.fragment_exec_node]: Setting up skill: VacuumSkill
[INFO] [1787854911.116528061] [robot1.fragment_exec_node]: Setting up skill: DisinfectSkill
[INFO] [1787854911.117196255] [robot1.fragment_exec_node]: Setting up skill: CheckRoomSkill
[INFO] [1787854911.122699643] [robot1.fragment_exec_node]: Published robot registration: {'name': 'robot1', 'operational_state': 'idle', 'capabilities': ['undock', 'check_room', 'move_to', 'vacuum', 'disinfect'], 'state': {'position': {'x': 0.0, 'y': 0.0, 'z': 0.0}, 'docked': True}}
[INFO] [1787854937.493903897] [robot1.fragment_exec_node]: Received fragment assignment: {'robot': 'robot1', 'fragment': {'id': 'fm3-31', 'mission': 'm3', 'state': 'assigned', 'wait': [], 'tasks': [{'name': 'check_room', 'label': 'check_room(r7)', 'params': {'x': 9, 'y': 7, 'size': 3}}], 'arrive_timestamp': 1787854929, 'priority': 1, 'segment': 's7'}}
[INFO] [1787854937.496506428] [robot1.fragment_exec_node]: Starting execution of fragment fm3-31...
[INFO] [1787854937.498707881] [robot1.fragment_exec_node]: Executing task check_room(r7). Params: {'x': 9, 'y': 7, 'size': 3}, Virtual state: {'position': {'x': 0.0, 'y': 0.0, 'z': 0.0}, 'docked': True}
[INFO] [1787854937.501108165] [robot1.fragment_exec_node]: EventType: Control (Task: check_room), Activity: undock, Robot: robot1, Mission: m3, Segment: s7, Start: 1787854937.4996083
[INFO] [1787854937.503566001] [robot1.fragment_exec_node]: Simulating undock skill...
[INFO] [1787854941.506440280] [robot1.fragment_exec_node]: Undock completed!
[INFO] [1787854941.507378311] [robot1.fragment_exec_node]: EventType: Control (Task: check_room), Activity: undock, Robot: robot1, Mission: m3, Segment: s7, End: 1787854941.5067427
[INFO] [1787854941.508254021] [robot1.fragment_exec_node]: EventType: Control (Task: check_room), Activity: move_to, Robot: robot1, Mission: m3, Segment: s7, Start: 1787854941.5077543
[INFO] [1787854941.509303423] [robot1.fragment_exec_node]: Simulating navigate skill from position (0.0, 0.0) to (9, 7) (22.80350850198276 seconds)...
[INFO] [1787854964.315632996] [robot1.fragment_exec_node]: Navigation completed!
[INFO] [1787854964.317487119] [robot1.fragment_exec_node]: EventType: Control (Task: check_room), Activity: move_to, Robot: robot1, Mission: m3, Segment: s7, End: 1787854964.3162913
[INFO] [1787854964.318660154] [robot1.fragment_exec_node]: EventType: Task, Activity: check_room, Robot: robot1, Mission: m3, Segment: s7, Start: 1787854964.317929
[INFO] [1787854964.319725562] [robot1.fragment_exec_node]: Simulating check_room skill (4.5s to complete)...
[INFO] [1787854968.821494594] [robot1.fragment_exec_node]: Check room completed!
[INFO] [1787854968.822436706] [robot1.fragment_exec_node]: EventType: Task, Activity: check_room, Robot: robot1, Mission: m3, Segment: s7, End: 1787854968.8219461
[INFO] [1787854968.823301672] [robot1.fragment_exec_node]: Execution of fragment fm3-31 completed!
[INFO] [1787854969.478463258] [robot1.fragment_exec_node]: Received fragment assignment: {'robot': 'robot1', 'fragment': {'id': 'fm3-2', 'mission': 'm3', 'state': 'assigned', 'wait': ['check_room(r1)'], 'tasks': [{'name': 'vacuum', 'label': 'vacuum(r1)', 'params': {'x': 4, 'y': 2, 'size': 6}}], 'arrive_timestamp': 1787854929, 'priority': 1, 'segment': 's1'}}
[INFO] [1787854969.479690529] [robot1.fragment_exec_node]: Starting execution of fragment fm3-2...
[INFO] [1787854969.481345893] [robot1.fragment_exec_node]: Executing task vacuum(r1). Params: {'x': 4, 'y': 2, 'size': 6}, Virtual state: {'position': {'x': 9, 'y': 7, 'z': 0.0}, 'docked': False}
[INFO] [1787854969.482326620] [robot1.fragment_exec_node]: EventType: Control (Task: vacuum), Activity: move_to, Robot: robot1, Mission: m3, Segment: s1, Start: 1787854969.481686
[INFO] [1787854969.483272670] [robot1.fragment_exec_node]: Simulating navigate skill from position (9, 7) to (4, 2) (17.204650534085253 seconds)...
[INFO] [1787854986.691232656] [robot1.fragment_exec_node]: Navigation completed!
[INFO] [1787854986.694130015] [robot1.fragment_exec_node]: EventType: Control (Task: vacuum), Activity: move_to, Robot: robot1, Mission: m3, Segment: s1, End: 1787854986.69248
[INFO] [1787854986.696763803] [robot1.fragment_exec_node]: EventType: Task, Activity: vacuum, Robot: robot1, Mission: m3, Segment: s1, Start: 1787854986.6947894
[INFO] [1787854986.698064523] [robot1.fragment_exec_node]: Simulating vacuum skill (21.0s to complete)...
[INFO] [1787855007.701718033] [robot1.fragment_exec_node]: Vacuum completed!
[INFO] [1787855007.704563515] [robot1.fragment_exec_node]: EventType: Task, Activity: vacuum, Robot: robot1, Mission: m3, Segment: s1, End: 1787855007.7026813
[INFO] [1787855007.708030743] [robot1.fragment_exec_node]: Execution of fragment fm3-2 completed!
[INFO] [1787855008.477547441] [robot1.fragment_exec_node]: Received fragment assignment: {'robot': 'robot1', 'fragment': {'id': 'fm3-22', 'mission': 'm3', 'state': 'assigned', 'wait': ['check_room(r5)'], 'tasks': [{'name': 'vacuum', 'label': 'vacuum(r5)', 'params': {'x': 12, 'y': 3, 'size': 5}}], 'arrive_timestamp': 1787854929, 'priority': 1, 'segment': 's5'}}
[INFO] [1787855008.479310121] [robot1.fragment_exec_node]: Starting execution of fragment fm3-22...
[INFO] [1787855008.480957922] [robot1.fragment_exec_node]: Executing task vacuum(r5). Params: {'x': 12, 'y': 3, 'size': 5}, Virtual state: {'position': {'x': 4, 'y': 2, 'z': 0.0}, 'docked': False}
[INFO] [1787855008.482463637] [robot1.fragment_exec_node]: EventType: Control (Task: vacuum), Activity: move_to, Robot: robot1, Mission: m3, Segment: s5, Start: 1787855008.4813368
[INFO] [1787855008.483699120] [robot1.fragment_exec_node]: Simulating navigate skill from position (4, 2) to (12, 3) (16.1245154965971 seconds)...
[INFO] [1787855024.611515866] [robot1.fragment_exec_node]: Navigation completed!
[INFO] [1787855024.613525617] [robot1.fragment_exec_node]: EventType: Control (Task: vacuum), Activity: move_to, Robot: robot1, Mission: m3, Segment: s5, End: 1787855024.612511
[INFO] [1787855024.615225961] [robot1.fragment_exec_node]: EventType: Task, Activity: vacuum, Robot: robot1, Mission: m3, Segment: s5, Start: 1787855024.6141098
[INFO] [1787855024.616941831] [robot1.fragment_exec_node]: Simulating vacuum skill (17.5s to complete)...
[INFO] [1787855042.120464223] [robot1.fragment_exec_node]: Vacuum completed!
[INFO] [1787855042.124942699] [robot1.fragment_exec_node]: EventType: Task, Activity: vacuum, Robot: robot1, Mission: m3, Segment: s5, End: 1787855042.122966
[INFO] [1787855042.127592217] [robot1.fragment_exec_node]: Execution of fragment fm3-22 completed!
[INFO] [1787855042.471939753] [robot1.fragment_exec_node]: Received fragment assignment: {'robot': 'robot1', 'fragment': {'id': 'fm3-37', 'mission': 'm3', 'state': 'assigned', 'wait': ['check_room(r8)'], 'tasks': [{'name': 'vacuum', 'label': 'vacuum(r8)', 'params': {'x': 2, 'y': 8, 'size': 7}}], 'arrive_timestamp': 1787854929, 'priority': 1, 'segment': 's8'}}
[INFO] [1787855042.473519872] [robot1.fragment_exec_node]: Starting execution of fragment fm3-37...
[INFO] [1787855042.475142136] [robot1.fragment_exec_node]: Executing task vacuum(r8). Params: {'x': 2, 'y': 8, 'size': 7}, Virtual state: {'position': {'x': 12, 'y': 3, 'z': 0.0}, 'docked': False}
[INFO] [1787855042.476306298] [robot1.fragment_exec_node]: EventType: Control (Task: vacuum), Activity: move_to, Robot: robot1, Mission: m3, Segment: s8, Start: 1787855042.4754586
[INFO] [1787855042.477389626] [robot1.fragment_exec_node]: Simulating navigate skill from position (12, 3) to (2, 8) (21.540659228538015 seconds)...
[INFO] [1787855064.021877188] [robot1.fragment_exec_node]: Navigation completed!
[INFO] [1787855064.025579669] [robot1.fragment_exec_node]: EventType: Control (Task: vacuum), Activity: move_to, Robot: robot1, Mission: m3, Segment: s8, End: 1787855064.0235868
[INFO] [1787855064.028109842] [robot1.fragment_exec_node]: EventType: Task, Activity: vacuum, Robot: robot1, Mission: m3, Segment: s8, Start: 1787855064.0263364
[INFO] [1787855064.031142609] [robot1.fragment_exec_node]: Simulating vacuum skill (24.5s to complete)...
[INFO] [1787855088.533076807] [robot1.fragment_exec_node]: Vacuum completed!
[INFO] [1787855088.534796607] [robot1.fragment_exec_node]: EventType: Task, Activity: vacuum, Robot: robot1, Mission: m3, Segment: s8, End: 1787855088.5340164
[INFO] [1787855088.536135475] [robot1.fragment_exec_node]: Execution of fragment fm3-37 completed!
[INFO] [1787855089.470053969] [robot1.fragment_exec_node]: Received fragment assignment: {'robot': 'robot1', 'fragment': {'id': 'fm3-19', 'mission': 'm3', 'state': 'assigned', 'wait': ['mop(r4)'], 'tasks': [{'name': 'disinfect', 'label': 'disinfect(r4)', 'params': {'x': 8, 'y': 9, 'size': 4}}], 'arrive_timestamp': 1787854929, 'priority': 1, 'segment': 's4'}}
[INFO] [1787855089.473848763] [robot1.fragment_exec_node]: Starting execution of fragment fm3-19...
[INFO] [1787855089.475615166] [robot1.fragment_exec_node]: Executing task disinfect(r4). Params: {'x': 8, 'y': 9, 'size': 4}, Virtual state: {'position': {'x': 2, 'y': 8, 'z': 0.0}, 'docked': False}
[INFO] [1787855089.476894932] [robot1.fragment_exec_node]: EventType: Control (Task: disinfect), Activity: move_to, Robot: robot1, Mission: m3, Segment: s4, Start: 1787855089.4761353
[INFO] [1787855089.477963970] [robot1.fragment_exec_node]: Simulating navigate skill from position (2, 8) to (8, 9) (18.439088914585774 seconds)...
[INFO] [1787855107.920019454] [robot1.fragment_exec_node]: Navigation completed!
[INFO] [1787855107.927913239] [robot1.fragment_exec_node]: EventType: Control (Task: disinfect), Activity: move_to, Robot: robot1, Mission: m3, Segment: s4, End: 1787855107.9258986
[INFO] [1787855107.929876400] [robot1.fragment_exec_node]: EventType: Task, Activity: disinfect, Robot: robot1, Mission: m3, Segment: s4, Start: 1787855107.9287798
[INFO] [1787855107.950377556] [robot1.fragment_exec_node]: Simulating disinfect skill (8s to complete)...
[INFO] [1787855115.954979617] [robot1.fragment_exec_node]: Disinfect completed!
[INFO] [1787855115.958040574] [robot1.fragment_exec_node]: EventType: Task, Activity: disinfect, Robot: robot1, Mission: m3, Segment: s4, End: 1787855115.9561596
[INFO] [1787855115.961287014] [robot1.fragment_exec_node]: Execution of fragment fm3-19 completed!
[INFO] [1787855116.469602948] [robot1.fragment_exec_node]: Received fragment assignment: {'robot': 'robot1', 'fragment': {'id': 'fm3-20', 'mission': 'm3', 'state': 'assigned', 'wait': ['disinfect(r4)'], 'tasks': [{'name': 'final_room_check', 'label': 'final_room_check(r4)', 'params': {'x': 8, 'y': 9, 'size': 4}}], 'arrive_timestamp': 1787854929, 'priority': 1, 'segment': 's4'}}
[INFO] [1787855116.471313939] [robot1.fragment_exec_node]: Starting execution of fragment fm3-20...
[ERROR] [1787855116.473002398] [robot1.fragment_exec_node]: Robot robot1 was assigned a fragment without required capabilities!
[INFO] [1787855116.474654708] [robot1.fragment_exec_node]: Executing task final_room_check(r4). Params: {'x': 8, 'y': 9, 'size': 4}, Virtual state: {'position': {'x': 8, 'y': 9, 'z': 0.0}, 'docked': False}
[INFO] [1787855116.476622030] [robot1.fragment_exec_node]: EventType: Task, Activity: final_room_check, Robot: robot1, Mission: m3, Segment: s4, Start: 1787855116.4756823
[INFO] [1787855116.477885614] [robot1.fragment_exec_node]: Simulating check_room skill (6.0s to complete)...
[INFO] [1787855122.482010181] [robot1.fragment_exec_node]: Check room completed!
[INFO] [1787855122.486865077] [robot1.fragment_exec_node]: EventType: Task, Activity: final_room_check, Robot: robot1, Mission: m3, Segment: s4, End: 1787855122.4848995
[INFO] [1787855122.490062545] [robot1.fragment_exec_node]: Execution of fragment fm3-20 completed!
[INFO] [1787855123.482792269] [robot1.fragment_exec_node]: Received fragment assignment: {'robot': 'robot1', 'fragment': {'id': 'fm3-52', 'mission': 'm3', 'state': 'assigned', 'wait': ['check_room(r11)'], 'tasks': [{'name': 'vacuum', 'label': 'vacuum(r11)', 'params': {'x': 17, 'y': 23, 'size': 6}}], 'arrive_timestamp': 1787854929, 'priority': 1, 'segment': 's11'}}
[INFO] [1787855123.484187472] [robot1.fragment_exec_node]: Starting execution of fragment fm3-52...
[INFO] [1787855123.485432213] [robot1.fragment_exec_node]: Executing task vacuum(r11). Params: {'x': 17, 'y': 23, 'size': 6}, Virtual state: {'position': {'x': 8, 'y': 9, 'z': 0.0}, 'docked': False}
[INFO] [1787855123.486214397] [robot1.fragment_exec_node]: EventType: Control (Task: vacuum), Activity: move_to, Robot: robot1, Mission: m3, Segment: s11, Start: 1787855123.485706
[INFO] [1787855123.486962941] [robot1.fragment_exec_node]: Simulating navigate skill from position (8, 9) to (17, 23) (34.9857113690718 seconds)...
[INFO] [1787855158.473854062] [robot1.fragment_exec_node]: Navigation completed!
[INFO] [1787855158.475681031] [robot1.fragment_exec_node]: EventType: Control (Task: vacuum), Activity: move_to, Robot: robot1, Mission: m3, Segment: s11, End: 1787855158.4751952
[INFO] [1787855158.476494807] [robot1.fragment_exec_node]: EventType: Task, Activity: vacuum, Robot: robot1, Mission: m3, Segment: s11, Start: 1787855158.4760118
[INFO] [1787855158.477121558] [robot1.fragment_exec_node]: Simulating vacuum skill (21.0s to complete)...
[INFO] [1787855179.481062278] [robot1.fragment_exec_node]: Vacuum completed!
[INFO] [1787855179.484527077] [robot1.fragment_exec_node]: EventType: Task, Activity: vacuum, Robot: robot1, Mission: m3, Segment: s11, End: 1787855179.4827929
[INFO] [1787855179.487654368] [robot1.fragment_exec_node]: Execution of fragment fm3-52 completed!
[INFO] [1787855180.481329181] [robot1.fragment_exec_node]: Received fragment assignment: {'robot': 'robot1', 'fragment': {'id': 'fm3-67', 'mission': 'm3', 'state': 'assigned', 'wait': ['check_room(r14)'], 'tasks': [{'name': 'vacuum', 'label': 'vacuum(r14)', 'params': {'x': 19, 'y': 10, 'size': 4}}], 'arrive_timestamp': 1787854929, 'priority': 1, 'segment': 's14'}}
[INFO] [1787855180.482587942] [robot1.fragment_exec_node]: Starting execution of fragment fm3-67...
[INFO] [1787855180.484201029] [robot1.fragment_exec_node]: Executing task vacuum(r14). Params: {'x': 19, 'y': 10, 'size': 4}, Virtual state: {'position': {'x': 17, 'y': 23, 'z': 0.0}, 'docked': False}
[INFO] [1787855180.485787186] [robot1.fragment_exec_node]: EventType: Control (Task: vacuum), Activity: move_to, Robot: robot1, Mission: m3, Segment: s14, Start: 1787855180.4847038
[INFO] [1787855180.486991208] [robot1.fragment_exec_node]: Simulating navigate skill from position (17, 23) to (19, 10) (14.560219778561036 seconds)...
[INFO] [1787855195.051365719] [robot1.fragment_exec_node]: Navigation completed!
[INFO] [1787855195.054617005] [robot1.fragment_exec_node]: EventType: Control (Task: vacuum), Activity: move_to, Robot: robot1, Mission: m3, Segment: s14, End: 1787855195.052606
[INFO] [1787855195.057027285] [robot1.fragment_exec_node]: EventType: Task, Activity: vacuum, Robot: robot1, Mission: m3, Segment: s14, Start: 1787855195.0555766
[INFO] [1787855195.058823158] [robot1.fragment_exec_node]: Simulating vacuum skill (14.0s to complete)...
[INFO] [1787855209.062997959] [robot1.fragment_exec_node]: Vacuum completed!
[INFO] [1787855209.065214547] [robot1.fragment_exec_node]: EventType: Task, Activity: vacuum, Robot: robot1, Mission: m3, Segment: s14, End: 1787855209.0641527
[INFO] [1787855209.068714654] [robot1.fragment_exec_node]: Execution of fragment fm3-67 completed!
[INFO] [1787855264.497933595] [robot1.fragment_exec_node]: Received fragment assignment: {'robot': 'robot1', 'fragment': {'id': 'fm3-59', 'mission': 'm3', 'state': 'assigned', 'wait': ['mop(r12)'], 'tasks': [{'name': 'disinfect', 'label': 'disinfect(r12)', 'params': {'x': 24, 'y': 14, 'size': 3}}], 'arrive_timestamp': 1787854929, 'priority': 1, 'segment': 's12'}}
[INFO] [1787855264.498595862] [robot1.fragment_exec_node]: Starting execution of fragment fm3-59...
[INFO] [1787855264.499326582] [robot1.fragment_exec_node]: Waiting for coordination messages before executing fragment fm3-59: ['mop(r12)']
[INFO] [1787855266.503842031] [robot1.fragment_exec_node]: Executing task disinfect(r12). Params: {'x': 24, 'y': 14, 'size': 3}, Virtual state: {'position': {'x': 19, 'y': 10, 'z': 0.0}, 'docked': False}
[INFO] [1787855266.505194717] [robot1.fragment_exec_node]: EventType: Control (Task: disinfect), Activity: move_to, Robot: robot1, Mission: m3, Segment: s12, Start: 1787855266.5042994
[INFO] [1787855266.506341482] [robot1.fragment_exec_node]: Simulating navigate skill from position (19, 10) to (24, 14) (14.142135623730951 seconds)...
[INFO] [1787855280.651772088] [robot1.fragment_exec_node]: Navigation completed!
[INFO] [1787855280.654638247] [robot1.fragment_exec_node]: EventType: Control (Task: disinfect), Activity: move_to, Robot: robot1, Mission: m3, Segment: s12, End: 1787855280.6527243
[INFO] [1787855280.657077265] [robot1.fragment_exec_node]: EventType: Task, Activity: disinfect, Robot: robot1, Mission: m3, Segment: s12, Start: 1787855280.655488
[INFO] [1787855280.659854374] [robot1.fragment_exec_node]: Simulating disinfect skill (6s to complete)...
[INFO] [1787855286.662347886] [robot1.fragment_exec_node]: Disinfect completed!
[INFO] [1787855286.663108385] [robot1.fragment_exec_node]: EventType: Task, Activity: disinfect, Robot: robot1, Mission: m3, Segment: s12, End: 1787855286.6627276
[INFO] [1787855286.664139417] [robot1.fragment_exec_node]: Execution of fragment fm3-59 completed!
[INFO] [1787855296.505859676] [robot1.fragment_exec_node]: Received fragment assignment: {'robot': 'robot1', 'fragment': {'id': 'fm3-55', 'mission': 'm3', 'state': 'assigned', 'wait': ['disinfect(r11)'], 'tasks': [{'name': 'final_room_check', 'label': 'final_room_check(r11)', 'params': {'x': 17, 'y': 23, 'size': 6}}], 'arrive_timestamp': 1787854929, 'priority': 1, 'segment': 's11'}}
[INFO] [1787855296.506816251] [robot1.fragment_exec_node]: Starting execution of fragment fm3-55...
[INFO] [1787855296.507965497] [robot1.fragment_exec_node]: Waiting for coordination messages before executing fragment fm3-55: ['disinfect(r11)']
[ERROR] [1787855298.511915579] [robot1.fragment_exec_node]: Robot robot1 was assigned a fragment without required capabilities!
[INFO] [1787855298.512656727] [robot1.fragment_exec_node]: Executing task final_room_check(r11). Params: {'x': 17, 'y': 23, 'size': 6}, Virtual state: {'position': {'x': 24, 'y': 14, 'z': 0.0}, 'docked': False}
[INFO] [1787855298.513597587] [robot1.fragment_exec_node]: EventType: Control (Task: final_room_check), Activity: move_to, Robot: robot1, Mission: m3, Segment: s11, Start: 1787855298.5130973
[INFO] [1787855298.514219456] [robot1.fragment_exec_node]: Simulating navigate skill from position (24, 14) to (17, 23) (14.142135623730951 seconds)...
[INFO] [1787855312.658466377] [robot1.fragment_exec_node]: Navigation completed!
[INFO] [1787855312.660061515] [robot1.fragment_exec_node]: EventType: Control (Task: final_room_check), Activity: move_to, Robot: robot1, Mission: m3, Segment: s11, End: 1787855312.6592855
[INFO] [1787855312.661614211] [robot1.fragment_exec_node]: EventType: Task, Activity: final_room_check, Robot: robot1, Mission: m3, Segment: s11, Start: 1787855312.6606042
[INFO] [1787855312.662658476] [robot1.fragment_exec_node]: Simulating check_room skill (9.0s to complete)...
[INFO] [1787855321.666880461] [robot1.fragment_exec_node]: Check room completed!
[INFO] [1787855321.668479493] [robot1.fragment_exec_node]: EventType: Task, Activity: final_room_check, Robot: robot1, Mission: m3, Segment: s11, End: 1787855321.6675563
[INFO] [1787855321.670877782] [robot1.fragment_exec_node]: Execution of fragment fm3-55 completed!
Traceback (most recent call last):
  File "/root/ros2_ws/install/multi3_executor/lib/multi3_executor/executor", line 33, in <module>
    sys.exit(load_entry_point('multi3-executor==0.0.0', 'console_scripts', 'executor')())
  File "/root/ros2_ws/install/multi3_executor/lib/python3.10/site-packages/multi3_executor/nodes/executor.py", line 313, in main
    rclpy.shutdown()
  File "/opt/ros/humble/local/lib/python3.10/dist-packages/rclpy/__init__.py", line 130, in shutdown
    _shutdown(context=context)
  File "/opt/ros/humble/local/lib/python3.10/dist-packages/rclpy/utilities.py", line 58, in shutdown
    return context.shutdown()
  File "/opt/ros/humble/local/lib/python3.10/dist-packages/rclpy/context.py", line 102, in shutdown
    self.__context.shutdown()
rclpy._rclpy_pybind11.RCLError: failed to shutdown: rcl_shutdown already called on the given context, at ./src/rcl/init.c:241

--- executor_robot2.log ---
[INFO] [1787854913.445475042] [robot2.fragment_exec_node]: Setting up skill: UndockSkill
[INFO] [1787854913.446336195] [robot2.fragment_exec_node]: Setting up skill: NavigateSkill
[INFO] [1787854913.447001117] [robot2.fragment_exec_node]: Setting up skill: CheckRoomSkill
[INFO] [1787854913.447576765] [robot2.fragment_exec_node]: Setting up skill: VacuumSkill
[INFO] [1787854913.448406405] [robot2.fragment_exec_node]: Setting up skill: DisinfectSkill
[INFO] [1787854913.448952109] [robot2.fragment_exec_node]: Setting up skill: CheckRoomSkill
[INFO] [1787854913.455493930] [robot2.fragment_exec_node]: Published robot registration: {'name': 'robot2', 'operational_state': 'idle', 'capabilities': ['undock', 'check_room', 'move_to', 'vacuum', 'disinfect'], 'state': {'position': {'x': 0.0, 'y': 0.0, 'z': 0.0}, 'docked': True}}
[INFO] [1787854937.501782849] [robot2.fragment_exec_node]: Received fragment assignment: {'robot': 'robot2', 'fragment': {'id': 'fm3-26', 'mission': 'm3', 'state': 'assigned', 'wait': [], 'tasks': [{'name': 'check_room', 'label': 'check_room(r6)', 'params': {'x': 6, 'y': 12, 'size': 6}}], 'arrive_timestamp': 1787854929, 'priority': 1, 'segment': 's6'}}
[INFO] [1787854937.502986651] [robot2.fragment_exec_node]: Starting execution of fragment fm3-26...
[INFO] [1787854937.508735156] [robot2.fragment_exec_node]: Executing task check_room(r6). Params: {'x': 6, 'y': 12, 'size': 6}, Virtual state: {'position': {'x': 0.0, 'y': 0.0, 'z': 0.0}, 'docked': True}
[INFO] [1787854937.510409720] [robot2.fragment_exec_node]: EventType: Control (Task: check_room), Activity: undock, Robot: robot2, Mission: m3, Segment: s6, Start: 1787854937.5090265
[INFO] [1787854937.513372587] [robot2.fragment_exec_node]: Simulating undock skill...
[INFO] [1787854941.515123752] [robot2.fragment_exec_node]: Undock completed!
[INFO] [1787854941.516057474] [robot2.fragment_exec_node]: EventType: Control (Task: check_room), Activity: undock, Robot: robot2, Mission: m3, Segment: s6, End: 1787854941.5156715
[INFO] [1787854941.516710703] [robot2.fragment_exec_node]: EventType: Control (Task: check_room), Activity: move_to, Robot: robot2, Mission: m3, Segment: s6, Start: 1787854941.5163372
[INFO] [1787854941.517323358] [robot2.fragment_exec_node]: Simulating navigate skill from position (0.0, 0.0) to (6, 12) (26.832815729997478 seconds)...
[INFO] [1787854968.351123116] [robot2.fragment_exec_node]: Navigation completed!
[INFO] [1787854968.352265875] [robot2.fragment_exec_node]: EventType: Control (Task: check_room), Activity: move_to, Robot: robot2, Mission: m3, Segment: s6, End: 1787854968.3517008
[INFO] [1787854968.353241552] [robot2.fragment_exec_node]: EventType: Task, Activity: check_room, Robot: robot2, Mission: m3, Segment: s6, Start: 1787854968.3526013
[INFO] [1787854968.354267728] [robot2.fragment_exec_node]: Simulating check_room skill (9.0s to complete)...
[INFO] [1787854977.357746537] [robot2.fragment_exec_node]: Check room completed!
[INFO] [1787854977.360795845] [robot2.fragment_exec_node]: EventType: Task, Activity: check_room, Robot: robot2, Mission: m3, Segment: s6, End: 1787854977.3588183
[INFO] [1787854977.363099738] [robot2.fragment_exec_node]: Execution of fragment fm3-26 completed!
[INFO] [1787854977.467072554] [robot2.fragment_exec_node]: Received fragment assignment: {'robot': 'robot2', 'fragment': {'id': 'fm3-7', 'mission': 'm3', 'state': 'assigned', 'wait': ['check_room(r2)'], 'tasks': [{'name': 'vacuum', 'label': 'vacuum(r2)', 'params': {'x': 10, 'y': 5, 'size': 3}}], 'arrive_timestamp': 1787854929, 'priority': 1, 'segment': 's2'}}
[INFO] [1787854977.469621076] [robot2.fragment_exec_node]: Starting execution of fragment fm3-7...
[INFO] [1787854977.471435577] [robot2.fragment_exec_node]: Executing task vacuum(r2). Params: {'x': 10, 'y': 5, 'size': 3}, Virtual state: {'position': {'x': 6, 'y': 12, 'z': 0.0}, 'docked': False}
[INFO] [1787854977.472864320] [robot2.fragment_exec_node]: EventType: Control (Task: vacuum), Activity: move_to, Robot: robot2, Mission: m3, Segment: s2, Start: 1787854977.4719927
[INFO] [1787854977.474640134] [robot2.fragment_exec_node]: Simulating navigate skill from position (6, 12) to (10, 5) (8.246211251235321 seconds)...
[INFO] [1787854985.724813458] [robot2.fragment_exec_node]: Navigation completed!
[INFO] [1787854985.727365161] [robot2.fragment_exec_node]: EventType: Control (Task: vacuum), Activity: move_to, Robot: robot2, Mission: m3, Segment: s2, End: 1787854985.725819
[INFO] [1787854985.729019979] [robot2.fragment_exec_node]: EventType: Task, Activity: vacuum, Robot: robot2, Mission: m3, Segment: s2, Start: 1787854985.7279758
[INFO] [1787854985.730766891] [robot2.fragment_exec_node]: Simulating vacuum skill (10.5s to complete)...
[INFO] [1787854996.232874613] [robot2.fragment_exec_node]: Vacuum completed!
[INFO] [1787854996.234256205] [robot2.fragment_exec_node]: EventType: Task, Activity: vacuum, Robot: robot2, Mission: m3, Segment: s2, End: 1787854996.2334282
[INFO] [1787854996.253905765] [robot2.fragment_exec_node]: Execution of fragment fm3-7 completed!
[INFO] [1787854996.490212104] [robot2.fragment_exec_node]: Received fragment assignment: {'robot': 'robot2', 'fragment': {'id': 'fm3-17', 'mission': 'm3', 'state': 'assigned', 'wait': ['check_room(r4)'], 'tasks': [{'name': 'vacuum', 'label': 'vacuum(r4)', 'params': {'x': 8, 'y': 9, 'size': 4}}], 'arrive_timestamp': 1787854929, 'priority': 1, 'segment': 's4'}}
[INFO] [1787854996.490984239] [robot2.fragment_exec_node]: Starting execution of fragment fm3-17...
[INFO] [1787854996.492212027] [robot2.fragment_exec_node]: Executing task vacuum(r4). Params: {'x': 8, 'y': 9, 'size': 4}, Virtual state: {'position': {'x': 10, 'y': 5, 'z': 0.0}, 'docked': False}
[INFO] [1787854996.493011096] [robot2.fragment_exec_node]: EventType: Control (Task: vacuum), Activity: move_to, Robot: robot2, Mission: m3, Segment: s4, Start: 1787854996.4925368
[INFO] [1787854996.493847343] [robot2.fragment_exec_node]: Simulating navigate skill from position (10, 5) to (8, 9) (4.47213595499958 seconds)...
[INFO] [1787855000.968805401] [robot2.fragment_exec_node]: Navigation completed!
[INFO] [1787855000.971069901] [robot2.fragment_exec_node]: EventType: Control (Task: vacuum), Activity: move_to, Robot: robot2, Mission: m3, Segment: s4, End: 1787855000.969641
[INFO] [1787855000.973006742] [robot2.fragment_exec_node]: EventType: Task, Activity: vacuum, Robot: robot2, Mission: m3, Segment: s4, Start: 1787855000.9718177
[INFO] [1787855000.974543805] [robot2.fragment_exec_node]: Simulating vacuum skill (14.0s to complete)...
[INFO] [1787855014.979019781] [robot2.fragment_exec_node]: Vacuum completed!
[INFO] [1787855014.982059048] [robot2.fragment_exec_node]: EventType: Task, Activity: vacuum, Robot: robot2, Mission: m3, Segment: s4, End: 1787855014.980274
[INFO] [1787855014.984326668] [robot2.fragment_exec_node]: Execution of fragment fm3-17 completed!
[INFO] [1787855015.483498171] [robot2.fragment_exec_node]: Received fragment assignment: {'robot': 'robot2', 'fragment': {'id': 'fm3-27', 'mission': 'm3', 'state': 'assigned', 'wait': ['check_room(r6)'], 'tasks': [{'name': 'vacuum', 'label': 'vacuum(r6)', 'params': {'x': 6, 'y': 12, 'size': 6}}], 'arrive_timestamp': 1787854929, 'priority': 1, 'segment': 's6'}}
[INFO] [1787855015.484401788] [robot2.fragment_exec_node]: Starting execution of fragment fm3-27...
[INFO] [1787855015.485533891] [robot2.fragment_exec_node]: Executing task vacuum(r6). Params: {'x': 6, 'y': 12, 'size': 6}, Virtual state: {'position': {'x': 8, 'y': 9, 'z': 0.0}, 'docked': False}
[INFO] [1787855015.486344393] [robot2.fragment_exec_node]: EventType: Control (Task: vacuum), Activity: move_to, Robot: robot2, Mission: m3, Segment: s6, Start: 1787855015.4858594
[INFO] [1787855015.487147163] [robot2.fragment_exec_node]: Simulating navigate skill from position (8, 9) to (6, 12) (8.94427190999916 seconds)...
[INFO] [1787855024.435203059] [robot2.fragment_exec_node]: Navigation completed!
[INFO] [1787855024.438173871] [robot2.fragment_exec_node]: EventType: Control (Task: vacuum), Activity: move_to, Robot: robot2, Mission: m3, Segment: s6, End: 1787855024.436195
[INFO] [1787855024.440826442] [robot2.fragment_exec_node]: EventType: Task, Activity: vacuum, Robot: robot2, Mission: m3, Segment: s6, Start: 1787855024.4391305
[INFO] [1787855024.443174387] [robot2.fragment_exec_node]: Simulating vacuum skill (21.0s to complete)...
[INFO] [1787855045.444421656] [robot2.fragment_exec_node]: Vacuum completed!
[INFO] [1787855045.445744317] [robot2.fragment_exec_node]: EventType: Task, Activity: vacuum, Robot: robot2, Mission: m3, Segment: s6, End: 1787855045.445371
[INFO] [1787855045.446678477] [robot2.fragment_exec_node]: Execution of fragment fm3-27 completed!
[INFO] [1787855045.485161511] [robot2.fragment_exec_node]: Received fragment assignment: {'robot': 'robot2', 'fragment': {'id': 'fm3-42', 'mission': 'm3', 'state': 'assigned', 'wait': ['check_room(r9)'], 'tasks': [{'name': 'vacuum', 'label': 'vacuum(r9)', 'params': {'x': 14, 'y': 18, 'size': 4}}], 'arrive_timestamp': 1787854929, 'priority': 1, 'segment': 's9'}}
[INFO] [1787855045.485931151] [robot2.fragment_exec_node]: Starting execution of fragment fm3-42...
[INFO] [1787855045.487021986] [robot2.fragment_exec_node]: Executing task vacuum(r9). Params: {'x': 14, 'y': 18, 'size': 4}, Virtual state: {'position': {'x': 6, 'y': 12, 'z': 0.0}, 'docked': False}
[INFO] [1787855045.487568807] [robot2.fragment_exec_node]: EventType: Control (Task: vacuum), Activity: move_to, Robot: robot2, Mission: m3, Segment: s9, Start: 1787855045.4872363
[INFO] [1787855045.488179533] [robot2.fragment_exec_node]: Simulating navigate skill from position (6, 12) to (14, 18) (28.844410203711913 seconds)...
[INFO] [1787855074.336883143] [robot2.fragment_exec_node]: Navigation completed!
[INFO] [1787855074.341294029] [robot2.fragment_exec_node]: EventType: Control (Task: vacuum), Activity: move_to, Robot: robot2, Mission: m3, Segment: s9, End: 1787855074.3393347
[INFO] [1787855074.344123771] [robot2.fragment_exec_node]: EventType: Task, Activity: vacuum, Robot: robot2, Mission: m3, Segment: s9, Start: 1787855074.3424902
[INFO] [1787855074.346321873] [robot2.fragment_exec_node]: Simulating vacuum skill (14.0s to complete)...
[INFO] [1787855088.348873411] [robot2.fragment_exec_node]: Vacuum completed!
[INFO] [1787855088.350819375] [robot2.fragment_exec_node]: EventType: Task, Activity: vacuum, Robot: robot2, Mission: m3, Segment: s9, End: 1787855088.349827
[INFO] [1787855088.353004346] [robot2.fragment_exec_node]: Execution of fragment fm3-42 completed!
[INFO] [1787855088.459602220] [robot2.fragment_exec_node]: Received fragment assignment: {'robot': 'robot2', 'fragment': {'id': 'fm3-9', 'mission': 'm3', 'state': 'assigned', 'wait': ['mop(r2)'], 'tasks': [{'name': 'disinfect', 'label': 'disinfect(r2)', 'params': {'x': 10, 'y': 5, 'size': 3}}], 'arrive_timestamp': 1787854929, 'priority': 1, 'segment': 's2'}}
[INFO] [1787855088.462318751] [robot2.fragment_exec_node]: Starting execution of fragment fm3-9...
[INFO] [1787855088.464710305] [robot2.fragment_exec_node]: Executing task disinfect(r2). Params: {'x': 10, 'y': 5, 'size': 3}, Virtual state: {'position': {'x': 14, 'y': 18, 'z': 0.0}, 'docked': False}
[INFO] [1787855088.473391795] [robot2.fragment_exec_node]: EventType: Control (Task: disinfect), Activity: move_to, Robot: robot2, Mission: m3, Segment: s2, Start: 1787855088.4729152
[INFO] [1787855088.474075626] [robot2.fragment_exec_node]: Simulating navigate skill from position (14, 18) to (10, 5) (19.697715603592208 seconds)...
[INFO] [1787855108.173963179] [robot2.fragment_exec_node]: Navigation completed!
[INFO] [1787855108.178313858] [robot2.fragment_exec_node]: EventType: Control (Task: disinfect), Activity: move_to, Robot: robot2, Mission: m3, Segment: s2, End: 1787855108.1760468
[INFO] [1787855108.180882986] [robot2.fragment_exec_node]: EventType: Task, Activity: disinfect, Robot: robot2, Mission: m3, Segment: s2, Start: 1787855108.179273
[INFO] [1787855108.182782094] [robot2.fragment_exec_node]: Simulating disinfect skill (6s to complete)...
[INFO] [1787855114.187028118] [robot2.fragment_exec_node]: Disinfect completed!
[INFO] [1787855114.189557067] [robot2.fragment_exec_node]: EventType: Task, Activity: disinfect, Robot: robot2, Mission: m3, Segment: s2, End: 1787855114.1881812
[INFO] [1787855114.192626971] [robot2.fragment_exec_node]: Execution of fragment fm3-9 completed!
[INFO] [1787855114.501715461] [robot2.fragment_exec_node]: Received fragment assignment: {'robot': 'robot2', 'fragment': {'id': 'fm3-47', 'mission': 'm3', 'state': 'assigned', 'wait': ['check_room(r10)'], 'tasks': [{'name': 'vacuum', 'label': 'vacuum(r10)', 'params': {'x': 21, 'y': 6, 'size': 5}}], 'arrive_timestamp': 1787854929, 'priority': 1, 'segment': 's10'}}
[INFO] [1787855114.502373526] [robot2.fragment_exec_node]: Starting execution of fragment fm3-47...
[INFO] [1787855114.503224738] [robot2.fragment_exec_node]: Executing task vacuum(r10). Params: {'x': 21, 'y': 6, 'size': 5}, Virtual state: {'position': {'x': 10, 'y': 5, 'z': 0.0}, 'docked': False}
[INFO] [1787855114.503745159] [robot2.fragment_exec_node]: EventType: Control (Task: vacuum), Activity: move_to, Robot: robot2, Mission: m3, Segment: s10, Start: 1787855114.5034513
[INFO] [1787855114.504457554] [robot2.fragment_exec_node]: Simulating navigate skill from position (10, 5) to (21, 6) (23.40939982143925 seconds)...
[INFO] [1787855137.917063991] [robot2.fragment_exec_node]: Navigation completed!
[INFO] [1787855137.921336977] [robot2.fragment_exec_node]: EventType: Control (Task: vacuum), Activity: move_to, Robot: robot2, Mission: m3, Segment: s10, End: 1787855137.920198
[INFO] [1787855137.923099978] [robot2.fragment_exec_node]: EventType: Task, Activity: vacuum, Robot: robot2, Mission: m3, Segment: s10, Start: 1787855137.9219978
[INFO] [1787855137.924764522] [robot2.fragment_exec_node]: Simulating vacuum skill (17.5s to complete)...
[INFO] [1787855155.427995041] [robot2.fragment_exec_node]: Vacuum completed!
[INFO] [1787855155.431448777] [robot2.fragment_exec_node]: EventType: Task, Activity: vacuum, Robot: robot2, Mission: m3, Segment: s10, End: 1787855155.429854
[INFO] [1787855155.434248866] [robot2.fragment_exec_node]: Execution of fragment fm3-47 completed!
[INFO] [1787855155.538941306] [robot2.fragment_exec_node]: Received fragment assignment: {'robot': 'robot2', 'fragment': {'id': 'fm3-62', 'mission': 'm3', 'state': 'assigned', 'wait': ['check_room(r13)'], 'tasks': [{'name': 'vacuum', 'label': 'vacuum(r13)', 'params': {'x': 7, 'y': 20, 'size': 7}}], 'arrive_timestamp': 1787854929, 'priority': 1, 'segment': 's13'}}
[INFO] [1787855155.539725937] [robot2.fragment_exec_node]: Starting execution of fragment fm3-62...
[INFO] [1787855155.540575929] [robot2.fragment_exec_node]: Executing task vacuum(r13). Params: {'x': 7, 'y': 20, 'size': 7}, Virtual state: {'position': {'x': 21, 'y': 6, 'z': 0.0}, 'docked': False}
[INFO] [1787855155.541216831] [robot2.fragment_exec_node]: EventType: Control (Task: vacuum), Activity: move_to, Robot: robot2, Mission: m3, Segment: s13, Start: 1787855155.5408938
[INFO] [1787855155.541888629] [robot2.fragment_exec_node]: Simulating navigate skill from position (21, 6) to (7, 20) (28.071337695236398 seconds)...
[INFO] [1787855183.616936615] [robot2.fragment_exec_node]: Navigation completed!
[INFO] [1787855183.619104925] [robot2.fragment_exec_node]: EventType: Control (Task: vacuum), Activity: move_to, Robot: robot2, Mission: m3, Segment: s13, End: 1787855183.618225
[INFO] [1787855183.620602310] [robot2.fragment_exec_node]: EventType: Task, Activity: vacuum, Robot: robot2, Mission: m3, Segment: s13, Start: 1787855183.619619
[INFO] [1787855183.621769950] [robot2.fragment_exec_node]: Simulating vacuum skill (24.5s to complete)...
[INFO] [1787855208.123742675] [robot2.fragment_exec_node]: Vacuum completed!
[INFO] [1787855208.124578555] [robot2.fragment_exec_node]: EventType: Task, Activity: vacuum, Robot: robot2, Mission: m3, Segment: s13, End: 1787855208.1241367
[INFO] [1787855208.126018957] [robot2.fragment_exec_node]: Execution of fragment fm3-62 completed!
[INFO] [1787855246.476299685] [robot2.fragment_exec_node]: Received fragment assignment: {'robot': 'robot2', 'fragment': {'id': 'fm3-54', 'mission': 'm3', 'state': 'assigned', 'wait': ['mop(r11)'], 'tasks': [{'name': 'disinfect', 'label': 'disinfect(r11)', 'params': {'x': 17, 'y': 23, 'size': 6}}], 'arrive_timestamp': 1787854929, 'priority': 1, 'segment': 's11'}}
[INFO] [1787855246.490335653] [robot2.fragment_exec_node]: Starting execution of fragment fm3-54...
[INFO] [1787855246.491409045] [robot2.fragment_exec_node]: Executing task disinfect(r11). Params: {'x': 17, 'y': 23, 'size': 6}, Virtual state: {'position': {'x': 7, 'y': 20, 'z': 0.0}, 'docked': False}
[INFO] [1787855246.492089837] [robot2.fragment_exec_node]: EventType: Control (Task: disinfect), Activity: move_to, Robot: robot2, Mission: m3, Segment: s11, Start: 1787855246.4917076
[INFO] [1787855246.492964628] [robot2.fragment_exec_node]: Simulating navigate skill from position (7, 20) to (17, 23) (37.73592452822641 seconds)...
[INFO] [1787855284.229935800] [robot2.fragment_exec_node]: Navigation completed!
[INFO] [1787855284.230755513] [robot2.fragment_exec_node]: EventType: Control (Task: disinfect), Activity: move_to, Robot: robot2, Mission: m3, Segment: s11, End: 1787855284.2303066
[INFO] [1787855284.231509295] [robot2.fragment_exec_node]: EventType: Task, Activity: disinfect, Robot: robot2, Mission: m3, Segment: s11, Start: 1787855284.2309394
[INFO] [1787855284.232530348] [robot2.fragment_exec_node]: Simulating disinfect skill (12s to complete)...
[INFO] [1787855296.234209105] [robot2.fragment_exec_node]: Disinfect completed!
[INFO] [1787855296.235571486] [robot2.fragment_exec_node]: EventType: Task, Activity: disinfect, Robot: robot2, Mission: m3, Segment: s11, End: 1787855296.234591
[INFO] [1787855296.236839416] [robot2.fragment_exec_node]: Execution of fragment fm3-54 completed!
Traceback (most recent call last):
  File "/root/ros2_ws/install/multi3_executor/lib/multi3_executor/executor", line 33, in <module>
    sys.exit(load_entry_point('multi3-executor==0.0.0', 'console_scripts', 'executor')())
  File "/root/ros2_ws/install/multi3_executor/lib/python3.10/site-packages/multi3_executor/nodes/executor.py", line 313, in main
    rclpy.shutdown()
  File "/opt/ros/humble/local/lib/python3.10/dist-packages/rclpy/__init__.py", line 130, in shutdown
    _shutdown(context=context)
  File "/opt/ros/humble/local/lib/python3.10/dist-packages/rclpy/utilities.py", line 58, in shutdown
    return context.shutdown()
  File "/opt/ros/humble/local/lib/python3.10/dist-packages/rclpy/context.py", line 102, in shutdown
    self.__context.shutdown()
rclpy._rclpy_pybind11.RCLError: failed to shutdown: rcl_shutdown already called on the given context, at ./src/rcl/init.c:241

--- executor_robot3.log ---
[INFO] [1787854915.477330541] [robot3.fragment_exec_node]: Setting up skill: UndockSkill
[INFO] [1787854915.478111050] [robot3.fragment_exec_node]: Setting up skill: NavigateSkill
[INFO] [1787854915.478896712] [robot3.fragment_exec_node]: Setting up skill: CheckRoomSkill
[INFO] [1787854915.479433031] [robot3.fragment_exec_node]: Setting up skill: VacuumSkill
[INFO] [1787854915.480030431] [robot3.fragment_exec_node]: Setting up skill: DisinfectSkill
[INFO] [1787854915.480647495] [robot3.fragment_exec_node]: Setting up skill: CheckRoomSkill
[INFO] [1787854915.487727928] [robot3.fragment_exec_node]: Published robot registration: {'name': 'robot3', 'operational_state': 'idle', 'capabilities': ['undock', 'check_room', 'move_to', 'vacuum', 'disinfect'], 'state': {'position': {'x': 0.0, 'y': 0.0, 'z': 0.0}, 'docked': True}}
[INFO] [1787854937.514535742] [robot3.fragment_exec_node]: Received fragment assignment: {'robot': 'robot3', 'fragment': {'id': 'fm3-41', 'mission': 'm3', 'state': 'assigned', 'wait': [], 'tasks': [{'name': 'check_room', 'label': 'check_room(r9)', 'params': {'x': 14, 'y': 18, 'size': 4}}], 'arrive_timestamp': 1787854929, 'priority': 1, 'segment': 's9'}}
[INFO] [1787854937.515332753] [robot3.fragment_exec_node]: Starting execution of fragment fm3-41...
[INFO] [1787854937.516315315] [robot3.fragment_exec_node]: Executing task check_room(r9). Params: {'x': 14, 'y': 18, 'size': 4}, Virtual state: {'position': {'x': 0.0, 'y': 0.0, 'z': 0.0}, 'docked': True}
[INFO] [1787854937.517068705] [robot3.fragment_exec_node]: EventType: Control (Task: check_room), Activity: undock, Robot: robot3, Mission: m3, Segment: s9, Start: 1787854937.516566
[INFO] [1787854937.517859355] [robot3.fragment_exec_node]: Simulating undock skill...
[INFO] [1787854941.519055712] [robot3.fragment_exec_node]: Undock completed!
[INFO] [1787854941.519600494] [robot3.fragment_exec_node]: EventType: Control (Task: check_room), Activity: undock, Robot: robot3, Mission: m3, Segment: s9, End: 1787854941.5192587
[INFO] [1787854941.520170522] [robot3.fragment_exec_node]: EventType: Control (Task: check_room), Activity: move_to, Robot: robot3, Mission: m3, Segment: s9, Start: 1787854941.519825
[INFO] [1787854941.520764863] [robot3.fragment_exec_node]: Simulating navigate skill from position (0.0, 0.0) to (14, 18) (45.60701700396552 seconds)...
[INFO] [1787854987.129512663] [robot3.fragment_exec_node]: Navigation completed!
[INFO] [1787854987.132656310] [robot3.fragment_exec_node]: EventType: Control (Task: check_room), Activity: move_to, Robot: robot3, Mission: m3, Segment: s9, End: 1787854987.1307435
[INFO] [1787854987.134968645] [robot3.fragment_exec_node]: EventType: Task, Activity: check_room, Robot: robot3, Mission: m3, Segment: s9, Start: 1787854987.133615
[INFO] [1787854987.136749293] [robot3.fragment_exec_node]: Simulating check_room skill (6.0s to complete)...
[INFO] [1787854993.140601326] [robot3.fragment_exec_node]: Check room completed!
[INFO] [1787854993.143438840] [robot3.fragment_exec_node]: EventType: Task, Activity: check_room, Robot: robot3, Mission: m3, Segment: s9, End: 1787854993.1416636
[INFO] [1787854993.145881300] [robot3.fragment_exec_node]: Execution of fragment fm3-41 completed!
[INFO] [1787854993.468821431] [robot3.fragment_exec_node]: Received fragment assignment: {'robot': 'robot3', 'fragment': {'id': 'fm3-12', 'mission': 'm3', 'state': 'assigned', 'wait': ['check_room(r3)'], 'tasks': [{'name': 'vacuum', 'label': 'vacuum(r3)', 'params': {'x': 3, 'y': 11, 'size': 7}}], 'arrive_timestamp': 1787854929, 'priority': 1, 'segment': 's3'}}
[INFO] [1787854993.470761823] [robot3.fragment_exec_node]: Starting execution of fragment fm3-12...
[INFO] [1787854993.472651522] [robot3.fragment_exec_node]: Executing task vacuum(r3). Params: {'x': 3, 'y': 11, 'size': 7}, Virtual state: {'position': {'x': 14, 'y': 18, 'z': 0.0}, 'docked': False}
[INFO] [1787854993.474043585] [robot3.fragment_exec_node]: EventType: Control (Task: vacuum), Activity: move_to, Robot: robot3, Mission: m3, Segment: s3, Start: 1787854993.473202
[INFO] [1787854993.475190669] [robot3.fragment_exec_node]: Simulating navigate skill from position (14, 18) to (3, 11) (22.80350850198276 seconds)...
[INFO] [1787855016.282741686] [robot3.fragment_exec_node]: Navigation completed!
[INFO] [1787855016.285964863] [robot3.fragment_exec_node]: EventType: Control (Task: vacuum), Activity: move_to, Robot: robot3, Mission: m3, Segment: s3, End: 1787855016.284001
[INFO] [1787855016.288145870] [robot3.fragment_exec_node]: EventType: Task, Activity: vacuum, Robot: robot3, Mission: m3, Segment: s3, Start: 1787855016.2868845
[INFO] [1787855016.289876202] [robot3.fragment_exec_node]: Simulating vacuum skill (24.5s to complete)...
[INFO] [1787855040.793863316] [robot3.fragment_exec_node]: Vacuum completed!
[INFO] [1787855040.798610032] [robot3.fragment_exec_node]: EventType: Task, Activity: vacuum, Robot: robot3, Mission: m3, Segment: s3, End: 1787855040.7965589
[INFO] [1787855040.801884599] [robot3.fragment_exec_node]: Execution of fragment fm3-12 completed!
[INFO] [1787855041.478997442] [robot3.fragment_exec_node]: Received fragment assignment: {'robot': 'robot3', 'fragment': {'id': 'fm3-32', 'mission': 'm3', 'state': 'assigned', 'wait': ['check_room(r7)'], 'tasks': [{'name': 'vacuum', 'label': 'vacuum(r7)', 'params': {'x': 9, 'y': 7, 'size': 3}}], 'arrive_timestamp': 1787854929, 'priority': 1, 'segment': 's7'}}
[INFO] [1787855041.479713654] [robot3.fragment_exec_node]: Starting execution of fragment fm3-32...
[INFO] [1787855041.480520609] [robot3.fragment_exec_node]: Executing task vacuum(r7). Params: {'x': 9, 'y': 7, 'size': 3}, Virtual state: {'position': {'x': 3, 'y': 11, 'z': 0.0}, 'docked': False}
[INFO] [1787855041.481254505] [robot3.fragment_exec_node]: EventType: Control (Task: vacuum), Activity: move_to, Robot: robot3, Mission: m3, Segment: s7, Start: 1787855041.480771
[INFO] [1787855041.481972393] [robot3.fragment_exec_node]: Simulating navigate skill from position (3, 11) to (9, 7) (14.422205101855956 seconds)...
[INFO] [1787855055.906311740] [robot3.fragment_exec_node]: Navigation completed!
[INFO] [1787855055.908708073] [robot3.fragment_exec_node]: EventType: Control (Task: vacuum), Activity: move_to, Robot: robot3, Mission: m3, Segment: s7, End: 1787855055.9079733
[INFO] [1787855055.910249072] [robot3.fragment_exec_node]: EventType: Task, Activity: vacuum, Robot: robot3, Mission: m3, Segment: s7, Start: 1787855055.9093056
[INFO] [1787855055.911619926] [robot3.fragment_exec_node]: Simulating vacuum skill (10.5s to complete)...
[INFO] [1787855066.415236242] [robot3.fragment_exec_node]: Vacuum completed!
[INFO] [1787855066.418263311] [robot3.fragment_exec_node]: EventType: Task, Activity: vacuum, Robot: robot3, Mission: m3, Segment: s7, End: 1787855066.4166253
[INFO] [1787855066.421857065] [robot3.fragment_exec_node]: Execution of fragment fm3-32 completed!
[INFO] [1787855066.482391094] [robot3.fragment_exec_node]: Received fragment assignment: {'robot': 'robot3', 'fragment': {'id': 'fm3-4', 'mission': 'm3', 'state': 'assigned', 'wait': ['mop(r1)'], 'tasks': [{'name': 'disinfect', 'label': 'disinfect(r1)', 'params': {'x': 4, 'y': 2, 'size': 6}}], 'arrive_timestamp': 1787854929, 'priority': 1, 'segment': 's1'}}
[INFO] [1787855066.483379353] [robot3.fragment_exec_node]: Starting execution of fragment fm3-4...
[INFO] [1787855066.484465074] [robot3.fragment_exec_node]: Executing task disinfect(r1). Params: {'x': 4, 'y': 2, 'size': 6}, Virtual state: {'position': {'x': 9, 'y': 7, 'z': 0.0}, 'docked': False}
[INFO] [1787855066.485360133] [robot3.fragment_exec_node]: EventType: Control (Task: disinfect), Activity: move_to, Robot: robot3, Mission: m3, Segment: s1, Start: 1787855066.484735
[INFO] [1787855066.486135060] [robot3.fragment_exec_node]: Simulating navigate skill from position (9, 7) to (4, 2) (17.204650534085253 seconds)...
[INFO] [1787855083.694820496] [robot3.fragment_exec_node]: Navigation completed!
[INFO] [1787855083.698186865] [robot3.fragment_exec_node]: EventType: Control (Task: disinfect), Activity: move_to, Robot: robot3, Mission: m3, Segment: s1, End: 1787855083.6968675
[INFO] [1787855083.699930321] [robot3.fragment_exec_node]: EventType: Task, Activity: disinfect, Robot: robot3, Mission: m3, Segment: s1, Start: 1787855083.6988173
[INFO] [1787855083.702469226] [robot3.fragment_exec_node]: Simulating disinfect skill (12s to complete)...
[INFO] [1787855095.705949076] [robot3.fragment_exec_node]: Disinfect completed!
[INFO] [1787855095.710821191] [robot3.fragment_exec_node]: EventType: Task, Activity: disinfect, Robot: robot3, Mission: m3, Segment: s1, End: 1787855095.7088988
[INFO] [1787855095.713649562] [robot3.fragment_exec_node]: Execution of fragment fm3-4 completed!
[INFO] [1787855096.467937276] [robot3.fragment_exec_node]: Received fragment assignment: {'robot': 'robot3', 'fragment': {'id': 'fm3-5', 'mission': 'm3', 'state': 'assigned', 'wait': ['disinfect(r1)'], 'tasks': [{'name': 'final_room_check', 'label': 'final_room_check(r1)', 'params': {'x': 4, 'y': 2, 'size': 6}}], 'arrive_timestamp': 1787854929, 'priority': 1, 'segment': 's1'}}
[INFO] [1787855096.469579030] [robot3.fragment_exec_node]: Starting execution of fragment fm3-5...
[ERROR] [1787855096.471247215] [robot3.fragment_exec_node]: Robot robot3 was assigned a fragment without required capabilities!
[INFO] [1787855096.472701353] [robot3.fragment_exec_node]: Executing task final_room_check(r1). Params: {'x': 4, 'y': 2, 'size': 6}, Virtual state: {'position': {'x': 4, 'y': 2, 'z': 0.0}, 'docked': False}
[INFO] [1787855096.474052705] [robot3.fragment_exec_node]: EventType: Task, Activity: final_room_check, Robot: robot3, Mission: m3, Segment: s1, Start: 1787855096.4731207
[INFO] [1787855096.475095194] [robot3.fragment_exec_node]: Simulating check_room skill (9.0s to complete)...
[INFO] [1787855105.477289028] [robot3.fragment_exec_node]: Check room completed!
[INFO] [1787855105.478726075] [robot3.fragment_exec_node]: EventType: Task, Activity: final_room_check, Robot: robot3, Mission: m3, Segment: s1, End: 1787855105.4781113
[INFO] [1787855105.479940460] [robot3.fragment_exec_node]: Execution of fragment fm3-5 completed!
[INFO] [1787855106.469940789] [robot3.fragment_exec_node]: Received fragment assignment: {'robot': 'robot3', 'fragment': {'id': 'fm3-34', 'mission': 'm3', 'state': 'assigned', 'wait': ['mop(r7)'], 'tasks': [{'name': 'disinfect', 'label': 'disinfect(r7)', 'params': {'x': 9, 'y': 7, 'size': 3}}], 'arrive_timestamp': 1787854929, 'priority': 1, 'segment': 's7'}}
[INFO] [1787855106.471217286] [robot3.fragment_exec_node]: Starting execution of fragment fm3-34...
[INFO] [1787855106.473516468] [robot3.fragment_exec_node]: Executing task disinfect(r7). Params: {'x': 9, 'y': 7, 'size': 3}, Virtual state: {'position': {'x': 4, 'y': 2, 'z': 0.0}, 'docked': False}
[INFO] [1787855106.474880026] [robot3.fragment_exec_node]: EventType: Control (Task: disinfect), Activity: move_to, Robot: robot3, Mission: m3, Segment: s7, Start: 1787855106.4741037
[INFO] [1787855106.475965982] [robot3.fragment_exec_node]: Simulating navigate skill from position (4, 2) to (9, 7) (11.661903789690601 seconds)...
[INFO] [1787855118.141329941] [robot3.fragment_exec_node]: Navigation completed!
[INFO] [1787855118.144290815] [robot3.fragment_exec_node]: EventType: Control (Task: disinfect), Activity: move_to, Robot: robot3, Mission: m3, Segment: s7, End: 1787855118.142992
[INFO] [1787855118.146011520] [robot3.fragment_exec_node]: EventType: Task, Activity: disinfect, Robot: robot3, Mission: m3, Segment: s7, Start: 1787855118.144899
[INFO] [1787855118.147786859] [robot3.fragment_exec_node]: Simulating disinfect skill (6s to complete)...
[INFO] [1787855124.150637103] [robot3.fragment_exec_node]: Disinfect completed!
[INFO] [1787855124.152045801] [robot3.fragment_exec_node]: EventType: Task, Activity: disinfect, Robot: robot3, Mission: m3, Segment: s7, End: 1787855124.1512315
[INFO] [1787855124.153440952] [robot3.fragment_exec_node]: Execution of fragment fm3-34 completed!
[INFO] [1787855124.502741447] [robot3.fragment_exec_node]: Received fragment assignment: {'robot': 'robot3', 'fragment': {'id': 'fm3-29', 'mission': 'm3', 'state': 'assigned', 'wait': ['mop(r6)'], 'tasks': [{'name': 'disinfect', 'label': 'disinfect(r6)', 'params': {'x': 6, 'y': 12, 'size': 6}}], 'arrive_timestamp': 1787854929, 'priority': 1, 'segment': 's6'}}
[INFO] [1787855124.503493743] [robot3.fragment_exec_node]: Starting execution of fragment fm3-29...
[INFO] [1787855124.504197365] [robot3.fragment_exec_node]: Executing task disinfect(r6). Params: {'x': 6, 'y': 12, 'size': 6}, Virtual state: {'position': {'x': 9, 'y': 7, 'z': 0.0}, 'docked': False}
[INFO] [1787855124.504822343] [robot3.fragment_exec_node]: EventType: Control (Task: disinfect), Activity: move_to, Robot: robot3, Mission: m3, Segment: s6, Start: 1787855124.5044458
[INFO] [1787855124.505323395] [robot3.fragment_exec_node]: Simulating navigate skill from position (9, 7) to (6, 12) (8.48528137423857 seconds)...
[INFO] [1787855132.993911770] [robot3.fragment_exec_node]: Navigation completed!
[INFO] [1787855132.997853715] [robot3.fragment_exec_node]: EventType: Control (Task: disinfect), Activity: move_to, Robot: robot3, Mission: m3, Segment: s6, End: 1787855132.9958594
[INFO] [1787855133.000224444] [robot3.fragment_exec_node]: EventType: Task, Activity: disinfect, Robot: robot3, Mission: m3, Segment: s6, Start: 1787855132.9987953
[INFO] [1787855133.001970711] [robot3.fragment_exec_node]: Simulating disinfect skill (12s to complete)...
[INFO] [1787855145.005931325] [robot3.fragment_exec_node]: Disinfect completed!
[INFO] [1787855145.009987084] [robot3.fragment_exec_node]: EventType: Task, Activity: disinfect, Robot: robot3, Mission: m3, Segment: s6, End: 1787855145.0079687
[INFO] [1787855145.013050525] [robot3.fragment_exec_node]: Execution of fragment fm3-29 completed!
[INFO] [1787855145.484086987] [robot3.fragment_exec_node]: Received fragment assignment: {'robot': 'robot3', 'fragment': {'id': 'fm3-57', 'mission': 'm3', 'state': 'assigned', 'wait': ['check_room(r12)'], 'tasks': [{'name': 'vacuum', 'label': 'vacuum(r12)', 'params': {'x': 24, 'y': 14, 'size': 3}}], 'arrive_timestamp': 1787854929, 'priority': 1, 'segment': 's12'}}
[INFO] [1787855145.485220215] [robot3.fragment_exec_node]: Starting execution of fragment fm3-57...
[INFO] [1787855145.486762368] [robot3.fragment_exec_node]: Executing task vacuum(r12). Params: {'x': 24, 'y': 14, 'size': 3}, Virtual state: {'position': {'x': 6, 'y': 12, 'z': 0.0}, 'docked': False}
[INFO] [1787855145.487623736] [robot3.fragment_exec_node]: EventType: Control (Task: vacuum), Activity: move_to, Robot: robot3, Mission: m3, Segment: s12, Start: 1787855145.4870732
[INFO] [1787855145.488516641] [robot3.fragment_exec_node]: Simulating navigate skill from position (6, 12) to (24, 14) (39.395431207184416 seconds)...
[INFO] [1787855184.886025306] [robot3.fragment_exec_node]: Navigation completed!
[INFO] [1787855184.887822648] [robot3.fragment_exec_node]: EventType: Control (Task: vacuum), Activity: move_to, Robot: robot3, Mission: m3, Segment: s12, End: 1787855184.8873513
[INFO] [1787855184.888600809] [robot3.fragment_exec_node]: EventType: Task, Activity: vacuum, Robot: robot3, Mission: m3, Segment: s12, Start: 1787855184.8881116
[INFO] [1787855184.889360648] [robot3.fragment_exec_node]: Simulating vacuum skill (10.5s to complete)...
[INFO] [1787855195.392517681] [robot3.fragment_exec_node]: Vacuum completed!
[INFO] [1787855195.395619715] [robot3.fragment_exec_node]: EventType: Task, Activity: vacuum, Robot: robot3, Mission: m3, Segment: s12, End: 1787855195.3937242
[INFO] [1787855195.398836555] [robot3.fragment_exec_node]: Execution of fragment fm3-57 completed!
[INFO] [1787855195.579021500] [robot3.fragment_exec_node]: Received fragment assignment: {'robot': 'robot3', 'fragment': {'id': 'fm3-72', 'mission': 'm3', 'state': 'assigned', 'wait': ['check_room(r15)'], 'tasks': [{'name': 'vacuum', 'label': 'vacuum(r15)', 'params': {'x': 13, 'y': 24, 'size': 5}}], 'arrive_timestamp': 1787854929, 'priority': 1, 'segment': 's15'}}
[INFO] [1787855195.580040398] [robot3.fragment_exec_node]: Starting execution of fragment fm3-72...
[INFO] [1787855195.580840129] [robot3.fragment_exec_node]: Executing task vacuum(r15). Params: {'x': 13, 'y': 24, 'size': 5}, Virtual state: {'position': {'x': 24, 'y': 14, 'z': 0.0}, 'docked': False}
[INFO] [1787855195.581955586] [robot3.fragment_exec_node]: EventType: Control (Task: vacuum), Activity: move_to, Robot: robot3, Mission: m3, Segment: s15, Start: 1787855195.5814757
[INFO] [1787855195.582670677] [robot3.fragment_exec_node]: Simulating navigate skill from position (24, 14) to (13, 24) (22.0 seconds)...
[INFO] [1787855217.586196585] [robot3.fragment_exec_node]: Navigation completed!
[INFO] [1787855217.588858679] [robot3.fragment_exec_node]: EventType: Control (Task: vacuum), Activity: move_to, Robot: robot3, Mission: m3, Segment: s15, End: 1787855217.5873964
[INFO] [1787855217.590637455] [robot3.fragment_exec_node]: EventType: Task, Activity: vacuum, Robot: robot3, Mission: m3, Segment: s15, Start: 1787855217.589559
[INFO] [1787855217.592400941] [robot3.fragment_exec_node]: Simulating vacuum skill (17.5s to complete)...
[INFO] [1787855235.096194123] [robot3.fragment_exec_node]: Vacuum completed!
[INFO] [1787855235.098924415] [robot3.fragment_exec_node]: EventType: Task, Activity: vacuum, Robot: robot3, Mission: m3, Segment: s15, End: 1787855235.0973659
[INFO] [1787855235.101354203] [robot3.fragment_exec_node]: Execution of fragment fm3-72 completed!
[INFO] [1787855240.461444819] [robot3.fragment_exec_node]: Received fragment assignment: {'robot': 'robot3', 'fragment': {'id': 'fm3-50', 'mission': 'm3', 'state': 'assigned', 'wait': ['disinfect(r10)'], 'tasks': [{'name': 'final_room_check', 'label': 'final_room_check(r10)', 'params': {'x': 21, 'y': 6, 'size': 5}}], 'arrive_timestamp': 1787854929, 'priority': 1, 'segment': 's10'}}
[INFO] [1787855240.462979954] [robot3.fragment_exec_node]: Starting execution of fragment fm3-50...
[ERROR] [1787855240.464296696] [robot3.fragment_exec_node]: Robot robot3 was assigned a fragment without required capabilities!
[INFO] [1787855240.465296274] [robot3.fragment_exec_node]: Executing task final_room_check(r10). Params: {'x': 21, 'y': 6, 'size': 5}, Virtual state: {'position': {'x': 13, 'y': 24, 'z': 0.0}, 'docked': False}
[INFO] [1787855240.465972980] [robot3.fragment_exec_node]: EventType: Control (Task: final_room_check), Activity: move_to, Robot: robot3, Mission: m3, Segment: s10, Start: 1787855240.4655554
[INFO] [1787855240.466718874] [robot3.fragment_exec_node]: Simulating navigate skill from position (13, 24) to (21, 6) (21.2602916254693 seconds)...
[INFO] [1787855261.730285495] [robot3.fragment_exec_node]: Navigation completed!
[INFO] [1787855261.733295451] [robot3.fragment_exec_node]: EventType: Control (Task: final_room_check), Activity: move_to, Robot: robot3, Mission: m3, Segment: s10, End: 1787855261.7315185
[INFO] [1787855261.735076217] [robot3.fragment_exec_node]: EventType: Task, Activity: final_room_check, Robot: robot3, Mission: m3, Segment: s10, Start: 1787855261.7339225
[INFO] [1787855261.736565591] [robot3.fragment_exec_node]: Simulating check_room skill (7.5s to complete)...
[INFO] [1787855269.240149680] [robot3.fragment_exec_node]: Check room completed!
[INFO] [1787855269.242887361] [robot3.fragment_exec_node]: EventType: Task, Activity: final_room_check, Robot: robot3, Mission: m3, Segment: s10, End: 1787855269.2412398
[INFO] [1787855269.245278339] [robot3.fragment_exec_node]: Execution of fragment fm3-50 completed!
[INFO] [1787855275.464310848] [robot3.fragment_exec_node]: Received fragment assignment: {'robot': 'robot3', 'fragment': {'id': 'fm3-64', 'mission': 'm3', 'state': 'assigned', 'wait': ['mop(r13)'], 'tasks': [{'name': 'disinfect', 'label': 'disinfect(r13)', 'params': {'x': 7, 'y': 20, 'size': 7}}], 'arrive_timestamp': 1787854929, 'priority': 1, 'segment': 's13'}}
[INFO] [1787855275.468361767] [robot3.fragment_exec_node]: Starting execution of fragment fm3-64...
[INFO] [1787855275.469963680] [robot3.fragment_exec_node]: Waiting for coordination messages before executing fragment fm3-64: ['mop(r13)']
[INFO] [1787855277.475846092] [robot3.fragment_exec_node]: Executing task disinfect(r13). Params: {'x': 7, 'y': 20, 'size': 7}, Virtual state: {'position': {'x': 21, 'y': 6, 'z': 0.0}, 'docked': False}
[INFO] [1787855277.479131508] [robot3.fragment_exec_node]: EventType: Control (Task: disinfect), Activity: move_to, Robot: robot3, Mission: m3, Segment: s13, Start: 1787855277.478059
[INFO] [1787855277.480959424] [robot3.fragment_exec_node]: Simulating navigate skill from position (21, 6) to (7, 20) (28.071337695236398 seconds)...
[INFO] [1787855305.556103307] [robot3.fragment_exec_node]: Navigation completed!
[INFO] [1787855305.558391599] [robot3.fragment_exec_node]: EventType: Control (Task: disinfect), Activity: move_to, Robot: robot3, Mission: m3, Segment: s13, End: 1787855305.5572834
[INFO] [1787855305.559932426] [robot3.fragment_exec_node]: EventType: Task, Activity: disinfect, Robot: robot3, Mission: m3, Segment: s13, Start: 1787855305.5590293
[INFO] [1787855305.562288997] [robot3.fragment_exec_node]: Simulating disinfect skill (14s to complete)...
[INFO] [1787855319.564670415] [robot3.fragment_exec_node]: Disinfect completed!
[INFO] [1787855319.565554017] [robot3.fragment_exec_node]: EventType: Task, Activity: disinfect, Robot: robot3, Mission: m3, Segment: s13, End: 1787855319.5651536
[INFO] [1787855319.566843277] [robot3.fragment_exec_node]: Execution of fragment fm3-64 completed!
Traceback (most recent call last):
  File "/root/ros2_ws/install/multi3_executor/lib/multi3_executor/executor", line 33, in <module>
    sys.exit(load_entry_point('multi3-executor==0.0.0', 'console_scripts', 'executor')())
  File "/root/ros2_ws/install/multi3_executor/lib/python3.10/site-packages/multi3_executor/nodes/executor.py", line 313, in main
    rclpy.shutdown()
  File "/opt/ros/humble/local/lib/python3.10/dist-packages/rclpy/__init__.py", line 130, in shutdown
    _shutdown(context=context)
  File "/opt/ros/humble/local/lib/python3.10/dist-packages/rclpy/utilities.py", line 58, in shutdown
    return context.shutdown()
  File "/opt/ros/humble/local/lib/python3.10/dist-packages/rclpy/context.py", line 102, in shutdown
    self.__context.shutdown()
rclpy._rclpy_pybind11.RCLError: failed to shutdown: rcl_shutdown already called on the given context, at ./src/rcl/init.c:241

--- executor_robot4.log ---
[INFO] [1787854917.470803702] [robot4.fragment_exec_node]: Setting up skill: UndockSkill
[INFO] [1787854917.471741961] [robot4.fragment_exec_node]: Setting up skill: NavigateSkill
[INFO] [1787854917.472347397] [robot4.fragment_exec_node]: Setting up skill: CheckRoomSkill
[INFO] [1787854917.472992667] [robot4.fragment_exec_node]: Setting up skill: MopSkill
[INFO] [1787854917.473551579] [robot4.fragment_exec_node]: Setting up skill: DisinfectSkill
[INFO] [1787854917.474102834] [robot4.fragment_exec_node]: Setting up skill: CheckRoomSkill
[INFO] [1787854917.482627448] [robot4.fragment_exec_node]: Published robot registration: {'name': 'robot4', 'operational_state': 'idle', 'capabilities': ['undock', 'check_room', 'move_to', 'mop', 'disinfect'], 'state': {'position': {'x': 0.0, 'y': 0.0, 'z': 0.0}, 'docked': True}}
[INFO] [1787854937.480858369] [robot4.fragment_exec_node]: Received fragment assignment: {'robot': 'robot4', 'fragment': {'id': 'fm3-11', 'mission': 'm3', 'state': 'assigned', 'wait': [], 'tasks': [{'name': 'check_room', 'label': 'check_room(r3)', 'params': {'x': 3, 'y': 11, 'size': 7}}], 'arrive_timestamp': 1787854929, 'priority': 1, 'segment': 's3'}}
[INFO] [1787854937.483713341] [robot4.fragment_exec_node]: Starting execution of fragment fm3-11...
[INFO] [1787854937.485752950] [robot4.fragment_exec_node]: Executing task check_room(r3). Params: {'x': 3, 'y': 11, 'size': 7}, Virtual state: {'position': {'x': 0.0, 'y': 0.0, 'z': 0.0}, 'docked': True}
[INFO] [1787854937.487925381] [robot4.fragment_exec_node]: EventType: Control (Task: check_room), Activity: undock, Robot: robot4, Mission: m3, Segment: s3, Start: 1787854937.4864368
[INFO] [1787854937.493905515] [robot4.fragment_exec_node]: Simulating undock skill...
[INFO] [1787854941.496649690] [robot4.fragment_exec_node]: Undock completed!
[INFO] [1787854941.497659070] [robot4.fragment_exec_node]: EventType: Control (Task: check_room), Activity: undock, Robot: robot4, Mission: m3, Segment: s3, End: 1787854941.497038
[INFO] [1787854941.498804243] [robot4.fragment_exec_node]: EventType: Control (Task: check_room), Activity: move_to, Robot: robot4, Mission: m3, Segment: s3, Start: 1787854941.4980743
[INFO] [1787854941.499884117] [robot4.fragment_exec_node]: Simulating navigate skill from position (0.0, 0.0) to (3, 11) (22.80350850198276 seconds)...
[INFO] [1787854964.306466129] [robot4.fragment_exec_node]: Navigation completed!
[INFO] [1787854964.309315159] [robot4.fragment_exec_node]: EventType: Control (Task: check_room), Activity: move_to, Robot: robot4, Mission: m3, Segment: s3, End: 1787854964.3077347
[INFO] [1787854964.310806394] [robot4.fragment_exec_node]: EventType: Task, Activity: check_room, Robot: robot4, Mission: m3, Segment: s3, Start: 1787854964.3099022
[INFO] [1787854964.312522921] [robot4.fragment_exec_node]: Simulating check_room skill (10.5s to complete)...
[INFO] [1787854974.816366324] [robot4.fragment_exec_node]: Check room completed!
[INFO] [1787854974.818658429] [robot4.fragment_exec_node]: EventType: Task, Activity: check_room, Robot: robot4, Mission: m3, Segment: s3, End: 1787854974.8174808
[INFO] [1787854974.820983768] [robot4.fragment_exec_node]: Execution of fragment fm3-11 completed!
[INFO] [1787854975.467968062] [robot4.fragment_exec_node]: Received fragment assignment: {'robot': 'robot4', 'fragment': {'id': 'fm3-71', 'mission': 'm3', 'state': 'assigned', 'wait': [], 'tasks': [{'name': 'check_room', 'label': 'check_room(r15)', 'params': {'x': 13, 'y': 24, 'size': 5}}], 'arrive_timestamp': 1787854929, 'priority': 1, 'segment': 's15'}}
[INFO] [1787854975.469269079] [robot4.fragment_exec_node]: Starting execution of fragment fm3-71...
[INFO] [1787854975.470755683] [robot4.fragment_exec_node]: Executing task check_room(r15). Params: {'x': 13, 'y': 24, 'size': 5}, Virtual state: {'position': {'x': 3, 'y': 11, 'z': 0.0}, 'docked': False}
[INFO] [1787854975.471857504] [robot4.fragment_exec_node]: EventType: Control (Task: check_room), Activity: move_to, Robot: robot4, Mission: m3, Segment: s15, Start: 1787854975.4712527
[INFO] [1787854975.472777867] [robot4.fragment_exec_node]: Simulating navigate skill from position (3, 11) to (13, 24) (46.51881339845203 seconds)...
[INFO] [1787855021.995975770] [robot4.fragment_exec_node]: Navigation completed!
[INFO] [1787855021.999001180] [robot4.fragment_exec_node]: EventType: Control (Task: check_room), Activity: move_to, Robot: robot4, Mission: m3, Segment: s15, End: 1787855021.997204
[INFO] [1787855022.000720098] [robot4.fragment_exec_node]: EventType: Task, Activity: check_room, Robot: robot4, Mission: m3, Segment: s15, Start: 1787855021.9995918
[INFO] [1787855022.002245045] [robot4.fragment_exec_node]: Simulating check_room skill (7.5s to complete)...
[INFO] [1787855029.504071262] [robot4.fragment_exec_node]: Check room completed!
[INFO] [1787855029.505058153] [robot4.fragment_exec_node]: EventType: Task, Activity: check_room, Robot: robot4, Mission: m3, Segment: s15, End: 1787855029.5045314
[INFO] [1787855029.506478907] [robot4.fragment_exec_node]: Execution of fragment fm3-71 completed!
[INFO] [1787855041.461042758] [robot4.fragment_exec_node]: Received fragment assignment: {'robot': 'robot4', 'fragment': {'id': 'fm3-13', 'mission': 'm3', 'state': 'assigned', 'wait': ['vacuum(r3)'], 'tasks': [{'name': 'mop', 'label': 'mop(r3)', 'params': {'x': 3, 'y': 11, 'size': 7}}], 'arrive_timestamp': 1787854929, 'priority': 1, 'segment': 's3'}}
[INFO] [1787855041.462687170] [robot4.fragment_exec_node]: Starting execution of fragment fm3-13...
[INFO] [1787855041.467700591] [robot4.fragment_exec_node]: Waiting for coordination messages before executing fragment fm3-13: ['vacuum(r3)']
[INFO] [1787855043.473451211] [robot4.fragment_exec_node]: Executing task mop(r3). Params: {'x': 3, 'y': 11, 'size': 7}, Virtual state: {'position': {'x': 13, 'y': 24, 'z': 0.0}, 'docked': False}
[INFO] [1787855043.476651313] [robot4.fragment_exec_node]: EventType: Control (Task: mop), Activity: move_to, Robot: robot4, Mission: m3, Segment: s3, Start: 1787855043.474304
[INFO] [1787855043.479224751] [robot4.fragment_exec_node]: Simulating navigate skill from position (13, 24) to (3, 11) (20.396078054371138 seconds)...
[INFO] [1787855063.877872764] [robot4.fragment_exec_node]: Navigation completed!
[INFO] [1787855063.879539838] [robot4.fragment_exec_node]: EventType: Control (Task: mop), Activity: move_to, Robot: robot4, Mission: m3, Segment: s3, End: 1787855063.879071
[INFO] [1787855063.880069607] [robot4.fragment_exec_node]: EventType: Task, Activity: mop, Robot: robot4, Mission: m3, Segment: s3, Start: 1787855063.8797333
[INFO] [1787855063.880633971] [robot4.fragment_exec_node]: Simulating mop skill (38.5s to complete)...
[INFO] [1787855102.383406138] [robot4.fragment_exec_node]: Mop completed!
[INFO] [1787855102.387397658] [robot4.fragment_exec_node]: EventType: Task, Activity: mop, Robot: robot4, Mission: m3, Segment: s3, End: 1787855102.3857234
[INFO] [1787855102.389401182] [robot4.fragment_exec_node]: Execution of fragment fm3-13 completed!
[INFO] [1787855102.491081742] [robot4.fragment_exec_node]: Received fragment assignment: {'robot': 'robot4', 'fragment': {'id': 'fm3-14', 'mission': 'm3', 'state': 'assigned', 'wait': ['mop(r3)'], 'tasks': [{'name': 'disinfect', 'label': 'disinfect(r3)', 'params': {'x': 3, 'y': 11, 'size': 7}}], 'arrive_timestamp': 1787854929, 'priority': 1, 'segment': 's3'}}
[INFO] [1787855102.491832100] [robot4.fragment_exec_node]: Starting execution of fragment fm3-14...
[INFO] [1787855102.492774475] [robot4.fragment_exec_node]: Waiting for coordination messages before executing fragment fm3-14: ['mop(r3)']
[INFO] [1787855104.496846905] [robot4.fragment_exec_node]: Executing task disinfect(r3). Params: {'x': 3, 'y': 11, 'size': 7}, Virtual state: {'position': {'x': 3, 'y': 11, 'z': 0.0}, 'docked': False}
[INFO] [1787855104.498664361] [robot4.fragment_exec_node]: EventType: Task, Activity: disinfect, Robot: robot4, Mission: m3, Segment: s3, Start: 1787855104.49755
[INFO] [1787855104.500326514] [robot4.fragment_exec_node]: Simulating disinfect skill (14s to complete)...
[INFO] [1787855118.502203557] [robot4.fragment_exec_node]: Disinfect completed!
[INFO] [1787855118.504814698] [robot4.fragment_exec_node]: EventType: Task, Activity: disinfect, Robot: robot4, Mission: m3, Segment: s3, End: 1787855118.504129
[INFO] [1787855118.506160039] [robot4.fragment_exec_node]: Execution of fragment fm3-14 completed!
[INFO] [1787855119.467166238] [robot4.fragment_exec_node]: Received fragment assignment: {'robot': 'robot4', 'fragment': {'id': 'fm3-15', 'mission': 'm3', 'state': 'assigned', 'wait': ['disinfect(r3)'], 'tasks': [{'name': 'final_room_check', 'label': 'final_room_check(r3)', 'params': {'x': 3, 'y': 11, 'size': 7}}], 'arrive_timestamp': 1787854929, 'priority': 1, 'segment': 's3'}}
[INFO] [1787855119.470948133] [robot4.fragment_exec_node]: Starting execution of fragment fm3-15...
[INFO] [1787855119.473068542] [robot4.fragment_exec_node]: Waiting for coordination messages before executing fragment fm3-15: ['disinfect(r3)']
[ERROR] [1787855121.478828374] [robot4.fragment_exec_node]: Robot robot4 was assigned a fragment without required capabilities!
[INFO] [1787855121.480835083] [robot4.fragment_exec_node]: Executing task final_room_check(r3). Params: {'x': 3, 'y': 11, 'size': 7}, Virtual state: {'position': {'x': 3, 'y': 11, 'z': 0.0}, 'docked': False}
[INFO] [1787855121.482295007] [robot4.fragment_exec_node]: EventType: Task, Activity: final_room_check, Robot: robot4, Mission: m3, Segment: s3, Start: 1787855121.4814
[INFO] [1787855121.487925318] [robot4.fragment_exec_node]: Simulating check_room skill (10.5s to complete)...
[INFO] [1787855131.991967068] [robot4.fragment_exec_node]: Check room completed!
[INFO] [1787855131.996214282] [robot4.fragment_exec_node]: EventType: Task, Activity: final_room_check, Robot: robot4, Mission: m3, Segment: s3, End: 1787855131.9944654
[INFO] [1787855132.000192379] [robot4.fragment_exec_node]: Execution of fragment fm3-15 completed!
[INFO] [1787855136.465972555] [robot4.fragment_exec_node]: Received fragment assignment: {'robot': 'robot4', 'fragment': {'id': 'fm3-44', 'mission': 'm3', 'state': 'assigned', 'wait': ['mop(r9)'], 'tasks': [{'name': 'disinfect', 'label': 'disinfect(r9)', 'params': {'x': 14, 'y': 18, 'size': 4}}], 'arrive_timestamp': 1787854929, 'priority': 1, 'segment': 's9'}}
[INFO] [1787855136.469941755] [robot4.fragment_exec_node]: Starting execution of fragment fm3-44...
[INFO] [1787855136.472231616] [robot4.fragment_exec_node]: Executing task disinfect(r9). Params: {'x': 14, 'y': 18, 'size': 4}, Virtual state: {'position': {'x': 3, 'y': 11, 'z': 0.0}, 'docked': False}
[INFO] [1787855136.474040840] [robot4.fragment_exec_node]: EventType: Control (Task: disinfect), Activity: move_to, Robot: robot4, Mission: m3, Segment: s9, Start: 1787855136.4729266
[INFO] [1787855136.475452011] [robot4.fragment_exec_node]: Simulating navigate skill from position (3, 11) to (14, 18) (37.20215047547655 seconds)...
[INFO] [1787855173.680189659] [robot4.fragment_exec_node]: Navigation completed!
[INFO] [1787855173.683600833] [robot4.fragment_exec_node]: EventType: Control (Task: disinfect), Activity: move_to, Robot: robot4, Mission: m3, Segment: s9, End: 1787855173.681844
[INFO] [1787855173.686060391] [robot4.fragment_exec_node]: EventType: Task, Activity: disinfect, Robot: robot4, Mission: m3, Segment: s9, Start: 1787855173.6845152
[INFO] [1787855173.687594506] [robot4.fragment_exec_node]: Simulating disinfect skill (8s to complete)...
[INFO] [1787855181.689899254] [robot4.fragment_exec_node]: Disinfect completed!
[INFO] [1787855181.691461035] [robot4.fragment_exec_node]: EventType: Task, Activity: disinfect, Robot: robot4, Mission: m3, Segment: s9, End: 1787855181.6905904
[INFO] [1787855181.695185418] [robot4.fragment_exec_node]: Execution of fragment fm3-44 completed!
[INFO] [1787855182.473053992] [robot4.fragment_exec_node]: Received fragment assignment: {'robot': 'robot4', 'fragment': {'id': 'fm3-45', 'mission': 'm3', 'state': 'assigned', 'wait': ['disinfect(r9)'], 'tasks': [{'name': 'final_room_check', 'label': 'final_room_check(r9)', 'params': {'x': 14, 'y': 18, 'size': 4}}], 'arrive_timestamp': 1787854929, 'priority': 1, 'segment': 's9'}}
[INFO] [1787855182.474888315] [robot4.fragment_exec_node]: Starting execution of fragment fm3-45...
[ERROR] [1787855182.476721777] [robot4.fragment_exec_node]: Robot robot4 was assigned a fragment without required capabilities!
[INFO] [1787855182.477908392] [robot4.fragment_exec_node]: Executing task final_room_check(r9). Params: {'x': 14, 'y': 18, 'size': 4}, Virtual state: {'position': {'x': 14, 'y': 18, 'z': 0.0}, 'docked': False}
[INFO] [1787855182.479221955] [robot4.fragment_exec_node]: EventType: Task, Activity: final_room_check, Robot: robot4, Mission: m3, Segment: s9, Start: 1787855182.478519
[INFO] [1787855182.480423111] [robot4.fragment_exec_node]: Simulating check_room skill (6.0s to complete)...
[INFO] [1787855188.483091808] [robot4.fragment_exec_node]: Check room completed!
[INFO] [1787855188.484111154] [robot4.fragment_exec_node]: EventType: Task, Activity: final_room_check, Robot: robot4, Mission: m3, Segment: s9, End: 1787855188.483622
[INFO] [1787855188.485481260] [robot4.fragment_exec_node]: Execution of fragment fm3-45 completed!
[INFO] [1787855206.470719555] [robot4.fragment_exec_node]: Received fragment assignment: {'robot': 'robot4', 'fragment': {'id': 'fm3-49', 'mission': 'm3', 'state': 'assigned', 'wait': ['mop(r10)'], 'tasks': [{'name': 'disinfect', 'label': 'disinfect(r10)', 'params': {'x': 21, 'y': 6, 'size': 5}}], 'arrive_timestamp': 1787854929, 'priority': 1, 'segment': 's10'}}
[INFO] [1787855206.471859401] [robot4.fragment_exec_node]: Starting execution of fragment fm3-49...
[INFO] [1787855206.473513403] [robot4.fragment_exec_node]: Waiting for coordination messages before executing fragment fm3-49: ['mop(r10)']
[INFO] [1787855208.479910503] [robot4.fragment_exec_node]: Executing task disinfect(r10). Params: {'x': 21, 'y': 6, 'size': 5}, Virtual state: {'position': {'x': 14, 'y': 18, 'z': 0.0}, 'docked': False}
[INFO] [1787855208.480508743] [robot4.fragment_exec_node]: EventType: Control (Task: disinfect), Activity: move_to, Robot: robot4, Mission: m3, Segment: s10, Start: 1787855208.480138
[INFO] [1787855208.481561888] [robot4.fragment_exec_node]: Simulating navigate skill from position (14, 18) to (21, 6) (21.2602916254693 seconds)...
[INFO] [1787855229.744305349] [robot4.fragment_exec_node]: Navigation completed!
[INFO] [1787855229.745485369] [robot4.fragment_exec_node]: EventType: Control (Task: disinfect), Activity: move_to, Robot: robot4, Mission: m3, Segment: s10, End: 1787855229.7447262
[INFO] [1787855229.746127411] [robot4.fragment_exec_node]: EventType: Task, Activity: disinfect, Robot: robot4, Mission: m3, Segment: s10, Start: 1787855229.7457364
[INFO] [1787855229.746725990] [robot4.fragment_exec_node]: Simulating disinfect skill (10s to complete)...
[INFO] [1787855239.748523909] [robot4.fragment_exec_node]: Disinfect completed!
[INFO] [1787855239.749408167] [robot4.fragment_exec_node]: EventType: Task, Activity: disinfect, Robot: robot4, Mission: m3, Segment: s10, End: 1787855239.7490003
[INFO] [1787855239.750446976] [robot4.fragment_exec_node]: Execution of fragment fm3-49 completed!
[INFO] [1787855261.471111731] [robot4.fragment_exec_node]: Received fragment assignment: {'robot': 'robot4', 'fragment': {'id': 'fm3-69', 'mission': 'm3', 'state': 'assigned', 'wait': ['mop(r14)'], 'tasks': [{'name': 'disinfect', 'label': 'disinfect(r14)', 'params': {'x': 19, 'y': 10, 'size': 4}}], 'arrive_timestamp': 1787854929, 'priority': 1, 'segment': 's14'}}
[INFO] [1787855261.474901592] [robot4.fragment_exec_node]: Starting execution of fragment fm3-69...
[INFO] [1787855261.476332360] [robot4.fragment_exec_node]: Waiting for coordination messages before executing fragment fm3-69: ['mop(r14)']
[INFO] [1787855263.480597474] [robot4.fragment_exec_node]: Executing task disinfect(r14). Params: {'x': 19, 'y': 10, 'size': 4}, Virtual state: {'position': {'x': 21, 'y': 6, 'z': 0.0}, 'docked': False}
[INFO] [1787855263.481494374] [robot4.fragment_exec_node]: EventType: Control (Task: disinfect), Activity: move_to, Robot: robot4, Mission: m3, Segment: s14, Start: 1787855263.4811044
[INFO] [1787855263.482285786] [robot4.fragment_exec_node]: Simulating navigate skill from position (21, 6) to (19, 10) (22.360679774997898 seconds)...
[INFO] [1787855285.844016316] [robot4.fragment_exec_node]: Navigation completed!
[INFO] [1787855285.845098351] [robot4.fragment_exec_node]: EventType: Control (Task: disinfect), Activity: move_to, Robot: robot4, Mission: m3, Segment: s14, End: 1787855285.8445826
[INFO] [1787855285.846247749] [robot4.fragment_exec_node]: EventType: Task, Activity: disinfect, Robot: robot4, Mission: m3, Segment: s14, Start: 1787855285.845641
[INFO] [1787855285.847255328] [robot4.fragment_exec_node]: Simulating disinfect skill (8s to complete)...
[INFO] [1787855293.905653339] [robot4.fragment_exec_node]: Disinfect completed!
[INFO] [1787855293.906744845] [robot4.fragment_exec_node]: EventType: Task, Activity: disinfect, Robot: robot4, Mission: m3, Segment: s14, End: 1787855293.9063377
[INFO] [1787855293.909056231] [robot4.fragment_exec_node]: Execution of fragment fm3-69 completed!
Traceback (most recent call last):
  File "/root/ros2_ws/install/multi3_executor/lib/multi3_executor/executor", line 33, in <module>
    sys.exit(load_entry_point('multi3-executor==0.0.0', 'console_scripts', 'executor')())
  File "/root/ros2_ws/install/multi3_executor/lib/python3.10/site-packages/multi3_executor/nodes/executor.py", line 313, in main
    rclpy.shutdown()
  File "/opt/ros/humble/local/lib/python3.10/dist-packages/rclpy/__init__.py", line 130, in shutdown
    _shutdown(context=context)
  File "/opt/ros/humble/local/lib/python3.10/dist-packages/rclpy/utilities.py", line 58, in shutdown
    return context.shutdown()
  File "/opt/ros/humble/local/lib/python3.10/dist-packages/rclpy/context.py", line 102, in shutdown
    self.__context.shutdown()
rclpy._rclpy_pybind11.RCLError: failed to shutdown: rcl_shutdown already called on the given context, at ./src/rcl/init.c:241

--- executor_robot5.log ---
[INFO] [1787854919.498982329] [robot5.fragment_exec_node]: Setting up skill: UndockSkill
[INFO] [1787854919.500135379] [robot5.fragment_exec_node]: Setting up skill: NavigateSkill
[INFO] [1787854919.501536392] [robot5.fragment_exec_node]: Setting up skill: CheckRoomSkill
[INFO] [1787854919.502331920] [robot5.fragment_exec_node]: Setting up skill: MopSkill
[INFO] [1787854919.502986992] [robot5.fragment_exec_node]: Setting up skill: DisinfectSkill
[INFO] [1787854919.503545165] [robot5.fragment_exec_node]: Setting up skill: CheckRoomSkill
[INFO] [1787854919.511533931] [robot5.fragment_exec_node]: Published robot registration: {'name': 'robot5', 'operational_state': 'idle', 'capabilities': ['undock', 'check_room', 'move_to', 'mop', 'disinfect'], 'state': {'position': {'x': 0.0, 'y': 0.0, 'z': 0.0}, 'docked': True}}
[INFO] [1787854937.485208636] [robot5.fragment_exec_node]: Received fragment assignment: {'robot': 'robot5', 'fragment': {'id': 'fm3-6', 'mission': 'm3', 'state': 'assigned', 'wait': [], 'tasks': [{'name': 'check_room', 'label': 'check_room(r2)', 'params': {'x': 10, 'y': 5, 'size': 3}}], 'arrive_timestamp': 1787854929, 'priority': 1, 'segment': 's2'}}
[INFO] [1787854937.488416038] [robot5.fragment_exec_node]: Starting execution of fragment fm3-6...
[INFO] [1787854937.496431976] [robot5.fragment_exec_node]: Executing task check_room(r2). Params: {'x': 10, 'y': 5, 'size': 3}, Virtual state: {'position': {'x': 0.0, 'y': 0.0, 'z': 0.0}, 'docked': True}
[INFO] [1787854937.501213020] [robot5.fragment_exec_node]: EventType: Control (Task: check_room), Activity: undock, Robot: robot5, Mission: m3, Segment: s2, Start: 1787854937.498638
[INFO] [1787854937.505619581] [robot5.fragment_exec_node]: Simulating undock skill...
[INFO] [1787854941.507458679] [robot5.fragment_exec_node]: Undock completed!
[INFO] [1787854941.508299001] [robot5.fragment_exec_node]: EventType: Control (Task: check_room), Activity: undock, Robot: robot5, Mission: m3, Segment: s2, End: 1787854941.5078318
[INFO] [1787854941.509347022] [robot5.fragment_exec_node]: EventType: Control (Task: check_room), Activity: move_to, Robot: robot5, Mission: m3, Segment: s2, Start: 1787854941.5086467
[INFO] [1787854941.510228501] [robot5.fragment_exec_node]: Simulating navigate skill from position (0.0, 0.0) to (10, 5) (22.360679774997898 seconds)...
[INFO] [1787854963.873597144] [robot5.fragment_exec_node]: Navigation completed!
[INFO] [1787854963.878540034] [robot5.fragment_exec_node]: EventType: Control (Task: check_room), Activity: move_to, Robot: robot5, Mission: m3, Segment: s2, End: 1787854963.874977
[INFO] [1787854963.880514039] [robot5.fragment_exec_node]: EventType: Task, Activity: check_room, Robot: robot5, Mission: m3, Segment: s2, Start: 1787854963.8793063
[INFO] [1787854963.882309217] [robot5.fragment_exec_node]: Simulating check_room skill (4.5s to complete)...
[INFO] [1787854968.384791034] [robot5.fragment_exec_node]: Check room completed!
[INFO] [1787854968.385643382] [robot5.fragment_exec_node]: EventType: Task, Activity: check_room, Robot: robot5, Mission: m3, Segment: s2, End: 1787854968.3852692
[INFO] [1787854968.386693977] [robot5.fragment_exec_node]: Execution of fragment fm3-6 completed!
[INFO] [1787854968.470797166] [robot5.fragment_exec_node]: Received fragment assignment: {'robot': 'robot5', 'fragment': {'id': 'fm3-51', 'mission': 'm3', 'state': 'assigned', 'wait': [], 'tasks': [{'name': 'check_room', 'label': 'check_room(r11)', 'params': {'x': 17, 'y': 23, 'size': 6}}], 'arrive_timestamp': 1787854929, 'priority': 1, 'segment': 's11'}}
[INFO] [1787854968.472182587] [robot5.fragment_exec_node]: Starting execution of fragment fm3-51...
[INFO] [1787854968.473847965] [robot5.fragment_exec_node]: Executing task check_room(r11). Params: {'x': 17, 'y': 23, 'size': 6}, Virtual state: {'position': {'x': 10, 'y': 5, 'z': 0.0}, 'docked': False}
[INFO] [1787854968.475386045] [robot5.fragment_exec_node]: EventType: Control (Task: check_room), Activity: move_to, Robot: robot5, Mission: m3, Segment: s11, Start: 1787854968.4743943
[INFO] [1787854968.476543469] [robot5.fragment_exec_node]: Simulating navigate skill from position (10, 5) to (17, 23) (29.5296461204668 seconds)...
[INFO] [1787854998.009632451] [robot5.fragment_exec_node]: Navigation completed!
[INFO] [1787854998.012750596] [robot5.fragment_exec_node]: EventType: Control (Task: check_room), Activity: move_to, Robot: robot5, Mission: m3, Segment: s11, End: 1787854998.0108726
[INFO] [1787854998.014515877] [robot5.fragment_exec_node]: EventType: Task, Activity: check_room, Robot: robot5, Mission: m3, Segment: s11, Start: 1787854998.0134032
[INFO] [1787854998.016090475] [robot5.fragment_exec_node]: Simulating check_room skill (9.0s to complete)...
[INFO] [1787855007.018398993] [robot5.fragment_exec_node]: Check room completed!
[INFO] [1787855007.019404328] [robot5.fragment_exec_node]: EventType: Task, Activity: check_room, Robot: robot5, Mission: m3, Segment: s11, End: 1787855007.018866
[INFO] [1787855007.020803330] [robot5.fragment_exec_node]: Execution of fragment fm3-51 completed!
[INFO] [1787855042.471511146] [robot5.fragment_exec_node]: Received fragment assignment: {'robot': 'robot5', 'fragment': {'id': 'fm3-23', 'mission': 'm3', 'state': 'assigned', 'wait': ['vacuum(r5)'], 'tasks': [{'name': 'mop', 'label': 'mop(r5)', 'params': {'x': 12, 'y': 3, 'size': 5}}], 'arrive_timestamp': 1787854929, 'priority': 1, 'segment': 's5'}}
[INFO] [1787855042.475475719] [robot5.fragment_exec_node]: Starting execution of fragment fm3-23...
[INFO] [1787855042.477656654] [robot5.fragment_exec_node]: Executing task mop(r5). Params: {'x': 12, 'y': 3, 'size': 5}, Virtual state: {'position': {'x': 17, 'y': 23, 'z': 0.0}, 'docked': False}
[INFO] [1787855042.478647928] [robot5.fragment_exec_node]: EventType: Control (Task: mop), Activity: move_to, Robot: robot5, Mission: m3, Segment: s5, Start: 1787855042.4780538
[INFO] [1787855042.479594900] [robot5.fragment_exec_node]: Simulating navigate skill from position (17, 23) to (12, 3) (29.732137494637012 seconds)...
[INFO] [1787855072.215742225] [robot5.fragment_exec_node]: Navigation completed!
[INFO] [1787855072.219637032] [robot5.fragment_exec_node]: EventType: Control (Task: mop), Activity: move_to, Robot: robot5, Mission: m3, Segment: s5, End: 1787855072.2172637
[INFO] [1787855072.228039207] [robot5.fragment_exec_node]: EventType: Task, Activity: mop, Robot: robot5, Mission: m3, Segment: s5, Start: 1787855072.2230957
[INFO] [1787855072.229840768] [robot5.fragment_exec_node]: Simulating mop skill (27.5s to complete)...
[INFO] [1787855099.732998194] [robot5.fragment_exec_node]: Mop completed!
[INFO] [1787855099.737826077] [robot5.fragment_exec_node]: EventType: Task, Activity: mop, Robot: robot5, Mission: m3, Segment: s5, End: 1787855099.7358782
[INFO] [1787855099.740099095] [robot5.fragment_exec_node]: Execution of fragment fm3-23 completed!
[INFO] [1787855100.469249606] [robot5.fragment_exec_node]: Received fragment assignment: {'robot': 'robot5', 'fragment': {'id': 'fm3-24', 'mission': 'm3', 'state': 'assigned', 'wait': ['mop(r5)'], 'tasks': [{'name': 'disinfect', 'label': 'disinfect(r5)', 'params': {'x': 12, 'y': 3, 'size': 5}}], 'arrive_timestamp': 1787854929, 'priority': 1, 'segment': 's5'}}
[INFO] [1787855100.473849454] [robot5.fragment_exec_node]: Starting execution of fragment fm3-24...
[INFO] [1787855100.475296340] [robot5.fragment_exec_node]: Executing task disinfect(r5). Params: {'x': 12, 'y': 3, 'size': 5}, Virtual state: {'position': {'x': 12, 'y': 3, 'z': 0.0}, 'docked': False}
[INFO] [1787855100.476730325] [robot5.fragment_exec_node]: EventType: Task, Activity: disinfect, Robot: robot5, Mission: m3, Segment: s5, Start: 1787855100.475719
[INFO] [1787855100.478004941] [robot5.fragment_exec_node]: Simulating disinfect skill (10s to complete)...
[INFO] [1787855110.480922117] [robot5.fragment_exec_node]: Disinfect completed!
[INFO] [1787855110.485824753] [robot5.fragment_exec_node]: EventType: Task, Activity: disinfect, Robot: robot5, Mission: m3, Segment: s5, End: 1787855110.4837527
[INFO] [1787855110.489846103] [robot5.fragment_exec_node]: Execution of fragment fm3-24 completed!
[INFO] [1787855114.466907089] [robot5.fragment_exec_node]: Received fragment assignment: {'robot': 'robot5', 'fragment': {'id': 'fm3-10', 'mission': 'm3', 'state': 'assigned', 'wait': ['disinfect(r2)'], 'tasks': [{'name': 'final_room_check', 'label': 'final_room_check(r2)', 'params': {'x': 10, 'y': 5, 'size': 3}}], 'arrive_timestamp': 1787854929, 'priority': 1, 'segment': 's2'}}
[INFO] [1787855114.472343067] [robot5.fragment_exec_node]: Starting execution of fragment fm3-10...
[ERROR] [1787855114.475004459] [robot5.fragment_exec_node]: Robot robot5 was assigned a fragment without required capabilities!
[INFO] [1787855114.476665425] [robot5.fragment_exec_node]: Executing task final_room_check(r2). Params: {'x': 10, 'y': 5, 'size': 3}, Virtual state: {'position': {'x': 12, 'y': 3, 'z': 0.0}, 'docked': False}
[INFO] [1787855114.479459544] [robot5.fragment_exec_node]: EventType: Control (Task: final_room_check), Activity: move_to, Robot: robot5, Mission: m3, Segment: s2, Start: 1787855114.4776862
[INFO] [1787855114.493248261] [robot5.fragment_exec_node]: Simulating navigate skill from position (12, 3) to (10, 5) (14.560219778561036 seconds)...
[INFO] [1787855129.057185148] [robot5.fragment_exec_node]: Navigation completed!
[INFO] [1787855129.061990824] [robot5.fragment_exec_node]: EventType: Control (Task: final_room_check), Activity: move_to, Robot: robot5, Mission: m3, Segment: s2, End: 1787855129.0600815
[INFO] [1787855129.064885691] [robot5.fragment_exec_node]: EventType: Task, Activity: final_room_check, Robot: robot5, Mission: m3, Segment: s2, Start: 1787855129.063103
[INFO] [1787855129.066553597] [robot5.fragment_exec_node]: Simulating check_room skill (4.5s to complete)...
[INFO] [1787855133.570098058] [robot5.fragment_exec_node]: Check room completed!
[INFO] [1787855133.572590565] [robot5.fragment_exec_node]: EventType: Task, Activity: final_room_check, Robot: robot5, Mission: m3, Segment: s2, End: 1787855133.571278
[INFO] [1787855133.575076590] [robot5.fragment_exec_node]: Execution of fragment fm3-10 completed!
[INFO] [1787855139.481736403] [robot5.fragment_exec_node]: Received fragment assignment: {'robot': 'robot5', 'fragment': {'id': 'fm3-39', 'mission': 'm3', 'state': 'assigned', 'wait': ['mop(r8)'], 'tasks': [{'name': 'disinfect', 'label': 'disinfect(r8)', 'params': {'x': 2, 'y': 8, 'size': 7}}], 'arrive_timestamp': 1787854929, 'priority': 1, 'segment': 's8'}}
[INFO] [1787855139.482782256] [robot5.fragment_exec_node]: Starting execution of fragment fm3-39...
[INFO] [1787855139.484079364] [robot5.fragment_exec_node]: Waiting for coordination messages before executing fragment fm3-39: ['mop(r8)']
[INFO] [1787855141.490264985] [robot5.fragment_exec_node]: Executing task disinfect(r8). Params: {'x': 2, 'y': 8, 'size': 7}, Virtual state: {'position': {'x': 10, 'y': 5, 'z': 0.0}, 'docked': False}
[INFO] [1787855141.493048288] [robot5.fragment_exec_node]: EventType: Control (Task: disinfect), Activity: move_to, Robot: robot5, Mission: m3, Segment: s8, Start: 1787855141.4913316
[INFO] [1787855141.494701918] [robot5.fragment_exec_node]: Simulating navigate skill from position (10, 5) to (2, 8) (16.492422502470642 seconds)...
[INFO] [1787855157.990116768] [robot5.fragment_exec_node]: Navigation completed!
[INFO] [1787855157.993634144] [robot5.fragment_exec_node]: EventType: Control (Task: disinfect), Activity: move_to, Robot: robot5, Mission: m3, Segment: s8, End: 1787855157.99214
[INFO] [1787855157.995382538] [robot5.fragment_exec_node]: EventType: Task, Activity: disinfect, Robot: robot5, Mission: m3, Segment: s8, Start: 1787855157.9942603
[INFO] [1787855157.997134998] [robot5.fragment_exec_node]: Simulating disinfect skill (14s to complete)...
[INFO] [1787855171.999612431] [robot5.fragment_exec_node]: Disinfect completed!
[INFO] [1787855172.002384860] [robot5.fragment_exec_node]: EventType: Task, Activity: disinfect, Robot: robot5, Mission: m3, Segment: s8, End: 1787855172.0020092
[INFO] [1787855172.003297143] [robot5.fragment_exec_node]: Execution of fragment fm3-39 completed!
[INFO] [1787855235.471841620] [robot5.fragment_exec_node]: Received fragment assignment: {'robot': 'robot5', 'fragment': {'id': 'fm3-73', 'mission': 'm3', 'state': 'assigned', 'wait': ['vacuum(r15)'], 'tasks': [{'name': 'mop', 'label': 'mop(r15)', 'params': {'x': 13, 'y': 24, 'size': 5}}], 'arrive_timestamp': 1787854929, 'priority': 1, 'segment': 's15'}}
[INFO] [1787855235.472783121] [robot5.fragment_exec_node]: Starting execution of fragment fm3-73...
[INFO] [1787855235.473897029] [robot5.fragment_exec_node]: Waiting for coordination messages before executing fragment fm3-73: ['vacuum(r15)']
[INFO] [1787855237.479413926] [robot5.fragment_exec_node]: Executing task mop(r15). Params: {'x': 13, 'y': 24, 'size': 5}, Virtual state: {'position': {'x': 2, 'y': 8, 'z': 0.0}, 'docked': False}
[INFO] [1787855237.481091335] [robot5.fragment_exec_node]: EventType: Control (Task: mop), Activity: move_to, Robot: robot5, Mission: m3, Segment: s15, Start: 1787855237.479981
[INFO] [1787855237.482573060] [robot5.fragment_exec_node]: Simulating navigate skill from position (2, 8) to (13, 24) (49.193495504995376 seconds)...
[INFO] [1787855286.676713854] [robot5.fragment_exec_node]: Navigation completed!
[INFO] [1787855286.677290784] [robot5.fragment_exec_node]: EventType: Control (Task: mop), Activity: move_to, Robot: robot5, Mission: m3, Segment: s15, End: 1787855286.676928
[INFO] [1787855286.677686038] [robot5.fragment_exec_node]: EventType: Task, Activity: mop, Robot: robot5, Mission: m3, Segment: s15, Start: 1787855286.6774104
[INFO] [1787855286.678056247] [robot5.fragment_exec_node]: Simulating mop skill (27.5s to complete)...
[INFO] [1787855314.179464553] [robot5.fragment_exec_node]: Mop completed!
[INFO] [1787855314.180169916] [robot5.fragment_exec_node]: EventType: Task, Activity: mop, Robot: robot5, Mission: m3, Segment: s15, End: 1787855314.179724
[INFO] [1787855314.181117860] [robot5.fragment_exec_node]: Execution of fragment fm3-73 completed!
[INFO] [1787855314.475310083] [robot5.fragment_exec_node]: Received fragment assignment: {'robot': 'robot5', 'fragment': {'id': 'fm3-74', 'mission': 'm3', 'state': 'assigned', 'wait': ['mop(r15)'], 'tasks': [{'name': 'disinfect', 'label': 'disinfect(r15)', 'params': {'x': 13, 'y': 24, 'size': 5}}], 'arrive_timestamp': 1787854929, 'priority': 1, 'segment': 's15'}}
[INFO] [1787855314.476334497] [robot5.fragment_exec_node]: Starting execution of fragment fm3-74...
[INFO] [1787855314.477720479] [robot5.fragment_exec_node]: Executing task disinfect(r15). Params: {'x': 13, 'y': 24, 'size': 5}, Virtual state: {'position': {'x': 13, 'y': 24, 'z': 0.0}, 'docked': False}
[INFO] [1787855314.478935588] [robot5.fragment_exec_node]: EventType: Task, Activity: disinfect, Robot: robot5, Mission: m3, Segment: s15, Start: 1787855314.4781778
[INFO] [1787855314.480744781] [robot5.fragment_exec_node]: Simulating disinfect skill (10s to complete)...
[INFO] [1787855324.482775928] [robot5.fragment_exec_node]: Disinfect completed!
[INFO] [1787855324.483740767] [robot5.fragment_exec_node]: EventType: Task, Activity: disinfect, Robot: robot5, Mission: m3, Segment: s15, End: 1787855324.483402
[INFO] [1787855324.484519395] [robot5.fragment_exec_node]: Execution of fragment fm3-74 completed!
[INFO] [1787855325.470652916] [robot5.fragment_exec_node]: Received fragment assignment: {'robot': 'robot5', 'fragment': {'id': 'fm3-75', 'mission': 'm3', 'state': 'assigned', 'wait': ['disinfect(r15)'], 'tasks': [{'name': 'final_room_check', 'label': 'final_room_check(r15)', 'params': {'x': 13, 'y': 24, 'size': 5}}], 'arrive_timestamp': 1787854929, 'priority': 1, 'segment': 's15'}}
[INFO] [1787855325.472552940] [robot5.fragment_exec_node]: Starting execution of fragment fm3-75...
[INFO] [1787855325.474729486] [robot5.fragment_exec_node]: Waiting for coordination messages before executing fragment fm3-75: ['disinfect(r15)']
[ERROR] [1787855327.479314666] [robot5.fragment_exec_node]: Robot robot5 was assigned a fragment without required capabilities!
[INFO] [1787855327.480888978] [robot5.fragment_exec_node]: Executing task final_room_check(r15). Params: {'x': 13, 'y': 24, 'size': 5}, Virtual state: {'position': {'x': 13, 'y': 24, 'z': 0.0}, 'docked': False}
[INFO] [1787855327.482548449] [robot5.fragment_exec_node]: EventType: Task, Activity: final_room_check, Robot: robot5, Mission: m3, Segment: s15, Start: 1787855327.4817858
[INFO] [1787855327.483718236] [robot5.fragment_exec_node]: Simulating check_room skill (7.5s to complete)...
[INFO] [1787855335.024260103] [robot5.fragment_exec_node]: Check room completed!
[INFO] [1787855335.026120853] [robot5.fragment_exec_node]: EventType: Task, Activity: final_room_check, Robot: robot5, Mission: m3, Segment: s15, End: 1787855335.0255532
[INFO] [1787855335.027585839] [robot5.fragment_exec_node]: Execution of fragment fm3-75 completed!
Traceback (most recent call last):
  File "/root/ros2_ws/install/multi3_executor/lib/multi3_executor/executor", line 33, in <module>
    sys.exit(load_entry_point('multi3-executor==0.0.0', 'console_scripts', 'executor')())
  File "/root/ros2_ws/install/multi3_executor/lib/python3.10/site-packages/multi3_executor/nodes/executor.py", line 313, in main
    rclpy.shutdown()
  File "/opt/ros/humble/local/lib/python3.10/dist-packages/rclpy/__init__.py", line 130, in shutdown
    _shutdown(context=context)
  File "/opt/ros/humble/local/lib/python3.10/dist-packages/rclpy/utilities.py", line 58, in shutdown
    return context.shutdown()
  File "/opt/ros/humble/local/lib/python3.10/dist-packages/rclpy/context.py", line 102, in shutdown
    self.__context.shutdown()
rclpy._rclpy_pybind11.RCLError: failed to shutdown: rcl_shutdown already called on the given context, at ./src/rcl/init.c:241

--- executor_robot6.log ---
[INFO] [1787854921.508289694] [robot6.fragment_exec_node]: Setting up skill: UndockSkill
[INFO] [1787854921.509214108] [robot6.fragment_exec_node]: Setting up skill: NavigateSkill
[INFO] [1787854921.510036154] [robot6.fragment_exec_node]: Setting up skill: CheckRoomSkill
[INFO] [1787854921.510696875] [robot6.fragment_exec_node]: Setting up skill: MopSkill
[INFO] [1787854921.511419271] [robot6.fragment_exec_node]: Setting up skill: CheckRoomSkill
[INFO] [1787854921.520124120] [robot6.fragment_exec_node]: Published robot registration: {'name': 'robot6', 'operational_state': 'idle', 'capabilities': ['undock', 'check_room', 'move_to', 'mop'], 'state': {'position': {'x': 0.0, 'y': 0.0, 'z': 0.0}, 'docked': True}}
[INFO] [1787854937.468575626] [robot6.fragment_exec_node]: Received fragment assignment: {'robot': 'robot6', 'fragment': {'id': 'fm3-1', 'mission': 'm3', 'state': 'assigned', 'wait': [], 'tasks': [{'name': 'check_room', 'label': 'check_room(r1)', 'params': {'x': 4, 'y': 2, 'size': 6}}], 'arrive_timestamp': 1787854929, 'priority': 1, 'segment': 's1'}}
[INFO] [1787854937.470132484] [robot6.fragment_exec_node]: Starting execution of fragment fm3-1...
[INFO] [1787854937.471961760] [robot6.fragment_exec_node]: Executing task check_room(r1). Params: {'x': 4, 'y': 2, 'size': 6}, Virtual state: {'position': {'x': 0.0, 'y': 0.0, 'z': 0.0}, 'docked': True}
[INFO] [1787854937.473354589] [robot6.fragment_exec_node]: EventType: Control (Task: check_room), Activity: undock, Robot: robot6, Mission: m3, Segment: s1, Start: 1787854937.4725602
[INFO] [1787854937.474360092] [robot6.fragment_exec_node]: Simulating undock skill...
[INFO] [1787854941.480338274] [robot6.fragment_exec_node]: Undock completed!
[INFO] [1787854941.483037290] [robot6.fragment_exec_node]: EventType: Control (Task: check_room), Activity: undock, Robot: robot6, Mission: m3, Segment: s1, End: 1787854941.4813051
[INFO] [1787854941.484577748] [robot6.fragment_exec_node]: EventType: Control (Task: check_room), Activity: move_to, Robot: robot6, Mission: m3, Segment: s1, Start: 1787854941.4836955
[INFO] [1787854941.486450187] [robot6.fragment_exec_node]: Simulating navigate skill from position (0.0, 0.0) to (4, 2) (8.94427190999916 seconds)...
[INFO] [1787854950.433452554] [robot6.fragment_exec_node]: Navigation completed!
[INFO] [1787854950.436393824] [robot6.fragment_exec_node]: EventType: Control (Task: check_room), Activity: move_to, Robot: robot6, Mission: m3, Segment: s1, End: 1787854950.4345665
[INFO] [1787854950.438078380] [robot6.fragment_exec_node]: EventType: Task, Activity: check_room, Robot: robot6, Mission: m3, Segment: s1, Start: 1787854950.4369817
[INFO] [1787854950.439795236] [robot6.fragment_exec_node]: Simulating check_room skill (9.0s to complete)...
[INFO] [1787854959.443524672] [robot6.fragment_exec_node]: Check room completed!
[INFO] [1787854959.446513446] [robot6.fragment_exec_node]: EventType: Task, Activity: check_room, Robot: robot6, Mission: m3, Segment: s1, End: 1787854959.4445932
[INFO] [1787854959.449750620] [robot6.fragment_exec_node]: Execution of fragment fm3-1 completed!
[INFO] [1787854959.553042645] [robot6.fragment_exec_node]: Received fragment assignment: {'robot': 'robot6', 'fragment': {'id': 'fm3-46', 'mission': 'm3', 'state': 'assigned', 'wait': [], 'tasks': [{'name': 'check_room', 'label': 'check_room(r10)', 'params': {'x': 21, 'y': 6, 'size': 5}}], 'arrive_timestamp': 1787854929, 'priority': 1, 'segment': 's10'}}
[INFO] [1787854959.553581885] [robot6.fragment_exec_node]: Starting execution of fragment fm3-46...
[INFO] [1787854959.554290676] [robot6.fragment_exec_node]: Executing task check_room(r10). Params: {'x': 21, 'y': 6, 'size': 5}, Virtual state: {'position': {'x': 4, 'y': 2, 'z': 0.0}, 'docked': False}
[INFO] [1787854959.554789056] [robot6.fragment_exec_node]: EventType: Control (Task: check_room), Activity: move_to, Robot: robot6, Mission: m3, Segment: s10, Start: 1787854959.5544863
[INFO] [1787854959.555253747] [robot6.fragment_exec_node]: Simulating navigate skill from position (4, 2) to (21, 6) (34.23448553724738 seconds)...
[INFO] [1787854993.792958964] [robot6.fragment_exec_node]: Navigation completed!
[INFO] [1787854993.796641233] [robot6.fragment_exec_node]: EventType: Control (Task: check_room), Activity: move_to, Robot: robot6, Mission: m3, Segment: s10, End: 1787854993.7943366
[INFO] [1787854993.798333787] [robot6.fragment_exec_node]: EventType: Task, Activity: check_room, Robot: robot6, Mission: m3, Segment: s10, Start: 1787854993.797261
[INFO] [1787854993.800245193] [robot6.fragment_exec_node]: Simulating check_room skill (7.5s to complete)...
[INFO] [1787855001.304781586] [robot6.fragment_exec_node]: Check room completed!
[INFO] [1787855001.307090668] [robot6.fragment_exec_node]: EventType: Task, Activity: check_room, Robot: robot6, Mission: m3, Segment: s10, End: 1787855001.3058176
[INFO] [1787855001.309788787] [robot6.fragment_exec_node]: Execution of fragment fm3-46 completed!
[INFO] [1787855015.471396272] [robot6.fragment_exec_node]: Received fragment assignment: {'robot': 'robot6', 'fragment': {'id': 'fm3-18', 'mission': 'm3', 'state': 'assigned', 'wait': ['vacuum(r4)'], 'tasks': [{'name': 'mop', 'label': 'mop(r4)', 'params': {'x': 8, 'y': 9, 'size': 4}}], 'arrive_timestamp': 1787854929, 'priority': 1, 'segment': 's4'}}
[INFO] [1787855015.473480654] [robot6.fragment_exec_node]: Starting execution of fragment fm3-18...
[INFO] [1787855015.480115757] [robot6.fragment_exec_node]: Waiting for coordination messages before executing fragment fm3-18: ['vacuum(r4)']
[INFO] [1787855017.485984505] [robot6.fragment_exec_node]: Executing task mop(r4). Params: {'x': 8, 'y': 9, 'size': 4}, Virtual state: {'position': {'x': 21, 'y': 6, 'z': 0.0}, 'docked': False}
[INFO] [1787855017.489060046] [robot6.fragment_exec_node]: EventType: Control (Task: mop), Activity: move_to, Robot: robot6, Mission: m3, Segment: s4, Start: 1787855017.4871314
[INFO] [1787855017.492258971] [robot6.fragment_exec_node]: Simulating navigate skill from position (21, 6) to (8, 9) (35.38361202590826 seconds)...
[INFO] [1787855052.879683783] [robot6.fragment_exec_node]: Navigation completed!
[INFO] [1787855052.881150991] [robot6.fragment_exec_node]: EventType: Control (Task: mop), Activity: move_to, Robot: robot6, Mission: m3, Segment: s4, End: 1787855052.8803177
[INFO] [1787855052.882221920] [robot6.fragment_exec_node]: EventType: Task, Activity: mop, Robot: robot6, Mission: m3, Segment: s4, Start: 1787855052.8815408
[INFO] [1787855052.883238077] [robot6.fragment_exec_node]: Simulating mop skill (22.0s to complete)...
[INFO] [1787855074.886465751] [robot6.fragment_exec_node]: Mop completed!
[INFO] [1787855074.888490521] [robot6.fragment_exec_node]: EventType: Task, Activity: mop, Robot: robot6, Mission: m3, Segment: s4, End: 1787855074.8872297
[INFO] [1787855074.890886470] [robot6.fragment_exec_node]: Execution of fragment fm3-18 completed!
[INFO] [1787855088.462913599] [robot6.fragment_exec_node]: Received fragment assignment: {'robot': 'robot6', 'fragment': {'id': 'fm3-43', 'mission': 'm3', 'state': 'assigned', 'wait': ['vacuum(r9)'], 'tasks': [{'name': 'mop', 'label': 'mop(r9)', 'params': {'x': 14, 'y': 18, 'size': 4}}], 'arrive_timestamp': 1787854929, 'priority': 1, 'segment': 's9'}}
[INFO] [1787855088.472853860] [robot6.fragment_exec_node]: Starting execution of fragment fm3-43...
[INFO] [1787855088.473649303] [robot6.fragment_exec_node]: Waiting for coordination messages before executing fragment fm3-43: ['vacuum(r9)']
[INFO] [1787855090.477025212] [robot6.fragment_exec_node]: Executing task mop(r9). Params: {'x': 14, 'y': 18, 'size': 4}, Virtual state: {'position': {'x': 8, 'y': 9, 'z': 0.0}, 'docked': False}
[INFO] [1787855090.478145058] [robot6.fragment_exec_node]: EventType: Control (Task: mop), Activity: move_to, Robot: robot6, Mission: m3, Segment: s9, Start: 1787855090.477534
[INFO] [1787855090.479161349] [robot6.fragment_exec_node]: Simulating navigate skill from position (8, 9) to (14, 18) (23.323807579381203 seconds)...
[INFO] [1787855113.806137590] [robot6.fragment_exec_node]: Navigation completed!
[INFO] [1787855113.810892724] [robot6.fragment_exec_node]: EventType: Control (Task: mop), Activity: move_to, Robot: robot6, Mission: m3, Segment: s9, End: 1787855113.8088286
[INFO] [1787855113.813193561] [robot6.fragment_exec_node]: EventType: Task, Activity: mop, Robot: robot6, Mission: m3, Segment: s9, Start: 1787855113.8120902
[INFO] [1787855113.814848847] [robot6.fragment_exec_node]: Simulating mop skill (22.0s to complete)...
[INFO] [1787855135.819240843] [robot6.fragment_exec_node]: Mop completed!
[INFO] [1787855135.824087606] [robot6.fragment_exec_node]: EventType: Task, Activity: mop, Robot: robot6, Mission: m3, Segment: s9, End: 1787855135.8221266
[INFO] [1787855135.826739176] [robot6.fragment_exec_node]: Execution of fragment fm3-43 completed!
[INFO] [1787855155.503372073] [robot6.fragment_exec_node]: Received fragment assignment: {'robot': 'robot6', 'fragment': {'id': 'fm3-48', 'mission': 'm3', 'state': 'assigned', 'wait': ['vacuum(r10)'], 'tasks': [{'name': 'mop', 'label': 'mop(r10)', 'params': {'x': 21, 'y': 6, 'size': 5}}], 'arrive_timestamp': 1787854929, 'priority': 1, 'segment': 's10'}}
[INFO] [1787855155.505209899] [robot6.fragment_exec_node]: Starting execution of fragment fm3-48...
[INFO] [1787855155.506293128] [robot6.fragment_exec_node]: Waiting for coordination messages before executing fragment fm3-48: ['vacuum(r10)']
[INFO] [1787855157.512272093] [robot6.fragment_exec_node]: Executing task mop(r10). Params: {'x': 21, 'y': 6, 'size': 5}, Virtual state: {'position': {'x': 14, 'y': 18, 'z': 0.0}, 'docked': False}
[INFO] [1787855157.515070875] [robot6.fragment_exec_node]: EventType: Control (Task: mop), Activity: move_to, Robot: robot6, Mission: m3, Segment: s10, Start: 1787855157.513425
[INFO] [1787855157.516905667] [robot6.fragment_exec_node]: Simulating navigate skill from position (14, 18) to (21, 6) (21.2602916254693 seconds)...
[INFO] [1787855178.779358187] [robot6.fragment_exec_node]: Navigation completed!
[INFO] [1787855178.781123476] [robot6.fragment_exec_node]: EventType: Control (Task: mop), Activity: move_to, Robot: robot6, Mission: m3, Segment: s10, End: 1787855178.7804413
[INFO] [1787855178.782085121] [robot6.fragment_exec_node]: EventType: Task, Activity: mop, Robot: robot6, Mission: m3, Segment: s10, Start: 1787855178.7815711
[INFO] [1787855178.783008032] [robot6.fragment_exec_node]: Simulating mop skill (27.5s to complete)...
[INFO] [1787855206.287673653] [robot6.fragment_exec_node]: Mop completed!
[INFO] [1787855206.290778226] [robot6.fragment_exec_node]: EventType: Task, Activity: mop, Robot: robot6, Mission: m3, Segment: s10, End: 1787855206.288873
[INFO] [1787855206.293609956] [robot6.fragment_exec_node]: Execution of fragment fm3-48 completed!
[INFO] [1787855208.470557215] [robot6.fragment_exec_node]: Received fragment assignment: {'robot': 'robot6', 'fragment': {'id': 'fm3-63', 'mission': 'm3', 'state': 'assigned', 'wait': ['vacuum(r13)'], 'tasks': [{'name': 'mop', 'label': 'mop(r13)', 'params': {'x': 7, 'y': 20, 'size': 7}}], 'arrive_timestamp': 1787854929, 'priority': 1, 'segment': 's13'}}
[INFO] [1787855208.471572798] [robot6.fragment_exec_node]: Starting execution of fragment fm3-63...
[INFO] [1787855208.472839879] [robot6.fragment_exec_node]: Executing task mop(r13). Params: {'x': 7, 'y': 20, 'size': 7}, Virtual state: {'position': {'x': 21, 'y': 6, 'z': 0.0}, 'docked': False}
[INFO] [1787855208.473658279] [robot6.fragment_exec_node]: EventType: Control (Task: mop), Activity: move_to, Robot: robot6, Mission: m3, Segment: s13, Start: 1787855208.4731078
[INFO] [1787855208.474664378] [robot6.fragment_exec_node]: Simulating navigate skill from position (21, 6) to (7, 20) (28.071337695236398 seconds)...
[INFO] [1787855236.547741755] [robot6.fragment_exec_node]: Navigation completed!
[INFO] [1787855236.548621619] [robot6.fragment_exec_node]: EventType: Control (Task: mop), Activity: move_to, Robot: robot6, Mission: m3, Segment: s13, End: 1787855236.5481808
[INFO] [1787855236.549481706] [robot6.fragment_exec_node]: EventType: Task, Activity: mop, Robot: robot6, Mission: m3, Segment: s13, Start: 1787855236.549036
[INFO] [1787855236.550166042] [robot6.fragment_exec_node]: Simulating mop skill (38.5s to complete)...
[INFO] [1787855275.053891532] [robot6.fragment_exec_node]: Mop completed!
[INFO] [1787855275.057177058] [robot6.fragment_exec_node]: EventType: Task, Activity: mop, Robot: robot6, Mission: m3, Segment: s13, End: 1787855275.0551083
[INFO] [1787855275.060890939] [robot6.fragment_exec_node]: Execution of fragment fm3-63 completed!
[INFO] [1787855320.480530058] [robot6.fragment_exec_node]: Received fragment assignment: {'robot': 'robot6', 'fragment': {'id': 'fm3-65', 'mission': 'm3', 'state': 'assigned', 'wait': ['disinfect(r13)'], 'tasks': [{'name': 'final_room_check', 'label': 'final_room_check(r13)', 'params': {'x': 7, 'y': 20, 'size': 7}}], 'arrive_timestamp': 1787854929, 'priority': 1, 'segment': 's13'}}
[INFO] [1787855320.484703035] [robot6.fragment_exec_node]: Starting execution of fragment fm3-65...
[ERROR] [1787855320.485650364] [robot6.fragment_exec_node]: Robot robot6 was assigned a fragment without required capabilities!
[INFO] [1787855320.486442235] [robot6.fragment_exec_node]: Executing task final_room_check(r13). Params: {'x': 7, 'y': 20, 'size': 7}, Virtual state: {'position': {'x': 7, 'y': 20, 'z': 0.0}, 'docked': False}
[INFO] [1787855320.487343572] [robot6.fragment_exec_node]: EventType: Task, Activity: final_room_check, Robot: robot6, Mission: m3, Segment: s13, Start: 1787855320.4867756
[INFO] [1787855320.488317354] [robot6.fragment_exec_node]: Simulating check_room skill (10.5s to complete)...
[INFO] [1787855330.992738615] [robot6.fragment_exec_node]: Check room completed!
[INFO] [1787855330.997693895] [robot6.fragment_exec_node]: EventType: Task, Activity: final_room_check, Robot: robot6, Mission: m3, Segment: s13, End: 1787855330.9945064
[INFO] [1787855331.000731954] [robot6.fragment_exec_node]: Execution of fragment fm3-65 completed!
Traceback (most recent call last):
  File "/root/ros2_ws/install/multi3_executor/lib/multi3_executor/executor", line 33, in <module>
    sys.exit(load_entry_point('multi3-executor==0.0.0', 'console_scripts', 'executor')())
  File "/root/ros2_ws/install/multi3_executor/lib/python3.10/site-packages/multi3_executor/nodes/executor.py", line 313, in main
    rclpy.shutdown()
  File "/opt/ros/humble/local/lib/python3.10/dist-packages/rclpy/__init__.py", line 130, in shutdown
    _shutdown(context=context)
  File "/opt/ros/humble/local/lib/python3.10/dist-packages/rclpy/utilities.py", line 58, in shutdown
    return context.shutdown()
  File "/opt/ros/humble/local/lib/python3.10/dist-packages/rclpy/context.py", line 102, in shutdown
    self.__context.shutdown()
rclpy._rclpy_pybind11.RCLError: failed to shutdown: rcl_shutdown already called on the given context, at ./src/rcl/init.c:241

--- executor_robot7.log ---
[INFO] [1787854923.495066350] [robot7.fragment_exec_node]: Setting up skill: UndockSkill
[INFO] [1787854923.496270025] [robot7.fragment_exec_node]: Setting up skill: NavigateSkill
[INFO] [1787854923.497006097] [robot7.fragment_exec_node]: Setting up skill: CheckRoomSkill
[INFO] [1787854923.497722162] [robot7.fragment_exec_node]: Setting up skill: MopSkill
[INFO] [1787854923.498252429] [robot7.fragment_exec_node]: Setting up skill: CheckRoomSkill
[INFO] [1787854923.511219455] [robot7.fragment_exec_node]: Published robot registration: {'name': 'robot7', 'operational_state': 'idle', 'capabilities': ['undock', 'check_room', 'move_to', 'mop'], 'state': {'position': {'x': 0.0, 'y': 0.0, 'z': 0.0}, 'docked': True}}
[INFO] [1787854937.487455494] [robot7.fragment_exec_node]: Received fragment assignment: {'robot': 'robot7', 'fragment': {'id': 'fm3-16', 'mission': 'm3', 'state': 'assigned', 'wait': [], 'tasks': [{'name': 'check_room', 'label': 'check_room(r4)', 'params': {'x': 8, 'y': 9, 'size': 4}}], 'arrive_timestamp': 1787854929, 'priority': 1, 'segment': 's4'}}
[INFO] [1787854937.492588721] [robot7.fragment_exec_node]: Starting execution of fragment fm3-16...
[INFO] [1787854937.496232626] [robot7.fragment_exec_node]: Executing task check_room(r4). Params: {'x': 8, 'y': 9, 'size': 4}, Virtual state: {'position': {'x': 0.0, 'y': 0.0, 'z': 0.0}, 'docked': True}
[INFO] [1787854937.499836524] [robot7.fragment_exec_node]: EventType: Control (Task: check_room), Activity: undock, Robot: robot7, Mission: m3, Segment: s4, Start: 1787854937.496524
[INFO] [1787854937.501466192] [robot7.fragment_exec_node]: Simulating undock skill...
[INFO] [1787854941.506465744] [robot7.fragment_exec_node]: Undock completed!
[INFO] [1787854941.507628176] [robot7.fragment_exec_node]: EventType: Control (Task: check_room), Activity: undock, Robot: robot7, Mission: m3, Segment: s4, End: 1787854941.5068412
[INFO] [1787854941.509046955] [robot7.fragment_exec_node]: EventType: Control (Task: check_room), Activity: move_to, Robot: robot7, Mission: m3, Segment: s4, Start: 1787854941.508478
[INFO] [1787854941.509941661] [robot7.fragment_exec_node]: Simulating navigate skill from position (0.0, 0.0) to (8, 9) (24.08318915758459 seconds)...
[INFO] [1787854965.595782469] [robot7.fragment_exec_node]: Navigation completed!
[INFO] [1787854965.598032190] [robot7.fragment_exec_node]: EventType: Control (Task: check_room), Activity: move_to, Robot: robot7, Mission: m3, Segment: s4, End: 1787854965.596762
[INFO] [1787854965.599769368] [robot7.fragment_exec_node]: EventType: Task, Activity: check_room, Robot: robot7, Mission: m3, Segment: s4, Start: 1787854965.598634
[INFO] [1787854965.601303995] [robot7.fragment_exec_node]: Simulating check_room skill (6.0s to complete)...
[INFO] [1787854971.605605236] [robot7.fragment_exec_node]: Check room completed!
[INFO] [1787854971.607503704] [robot7.fragment_exec_node]: EventType: Task, Activity: check_room, Robot: robot7, Mission: m3, Segment: s4, End: 1787854971.606356
[INFO] [1787854971.609733787] [robot7.fragment_exec_node]: Execution of fragment fm3-16 completed!
[INFO] [1787854972.466986617] [robot7.fragment_exec_node]: Received fragment assignment: {'robot': 'robot7', 'fragment': {'id': 'fm3-61', 'mission': 'm3', 'state': 'assigned', 'wait': [], 'tasks': [{'name': 'check_room', 'label': 'check_room(r13)', 'params': {'x': 7, 'y': 20, 'size': 7}}], 'arrive_timestamp': 1787854929, 'priority': 1, 'segment': 's13'}}
[INFO] [1787854972.469706566] [robot7.fragment_exec_node]: Starting execution of fragment fm3-61...
[INFO] [1787854972.471588644] [robot7.fragment_exec_node]: Executing task check_room(r13). Params: {'x': 7, 'y': 20, 'size': 7}, Virtual state: {'position': {'x': 8, 'y': 9, 'z': 0.0}, 'docked': False}
[INFO] [1787854972.473277748] [robot7.fragment_exec_node]: EventType: Control (Task: check_room), Activity: move_to, Robot: robot7, Mission: m3, Segment: s13, Start: 1787854972.4723353
[INFO] [1787854972.474745948] [robot7.fragment_exec_node]: Simulating navigate skill from position (8, 9) to (7, 20) (24.08318915758459 seconds)...
[INFO] [1787854996.559624830] [robot7.fragment_exec_node]: Navigation completed!
[INFO] [1787854996.560469963] [robot7.fragment_exec_node]: EventType: Control (Task: check_room), Activity: move_to, Robot: robot7, Mission: m3, Segment: s13, End: 1787854996.560074
[INFO] [1787854996.561149328] [robot7.fragment_exec_node]: EventType: Task, Activity: check_room, Robot: robot7, Mission: m3, Segment: s13, Start: 1787854996.5606937
[INFO] [1787854996.561727113] [robot7.fragment_exec_node]: Simulating check_room skill (10.5s to complete)...
[INFO] [1787855007.064254138] [robot7.fragment_exec_node]: Check room completed!
[INFO] [1787855007.065163320] [robot7.fragment_exec_node]: EventType: Task, Activity: check_room, Robot: robot7, Mission: m3, Segment: s13, End: 1787855007.064733
[INFO] [1787855007.066701192] [robot7.fragment_exec_node]: Execution of fragment fm3-61 completed!
[INFO] [1787855008.483328829] [robot7.fragment_exec_node]: Received fragment assignment: {'robot': 'robot7', 'fragment': {'id': 'fm3-3', 'mission': 'm3', 'state': 'assigned', 'wait': ['vacuum(r1)'], 'tasks': [{'name': 'mop', 'label': 'mop(r1)', 'params': {'x': 4, 'y': 2, 'size': 6}}], 'arrive_timestamp': 1787854929, 'priority': 1, 'segment': 's1'}}
[INFO] [1787855008.484543561] [robot7.fragment_exec_node]: Starting execution of fragment fm3-3...
[INFO] [1787855008.485829773] [robot7.fragment_exec_node]: Executing task mop(r1). Params: {'x': 4, 'y': 2, 'size': 6}, Virtual state: {'position': {'x': 7, 'y': 20, 'z': 0.0}, 'docked': False}
[INFO] [1787855008.486827481] [robot7.fragment_exec_node]: EventType: Control (Task: mop), Activity: move_to, Robot: robot7, Mission: m3, Segment: s1, Start: 1787855008.486235
[INFO] [1787855008.487708805] [robot7.fragment_exec_node]: Simulating navigate skill from position (7, 20) to (4, 2) (11.661903789690601 seconds)...
[INFO] [1787855020.153015185] [robot7.fragment_exec_node]: Navigation completed!
[INFO] [1787855020.155675600] [robot7.fragment_exec_node]: EventType: Control (Task: mop), Activity: move_to, Robot: robot7, Mission: m3, Segment: s1, End: 1787855020.154312
[INFO] [1787855020.157506489] [robot7.fragment_exec_node]: EventType: Task, Activity: mop, Robot: robot7, Mission: m3, Segment: s1, Start: 1787855020.1564603
[INFO] [1787855020.159251203] [robot7.fragment_exec_node]: Simulating mop skill (33.0s to complete)...
[INFO] [1787855053.160422923] [robot7.fragment_exec_node]: Mop completed!
[INFO] [1787855053.161862210] [robot7.fragment_exec_node]: EventType: Task, Activity: mop, Robot: robot7, Mission: m3, Segment: s1, End: 1787855053.1611845
[INFO] [1787855053.163366989] [robot7.fragment_exec_node]: Execution of fragment fm3-3 completed!
[INFO] [1787855089.471149871] [robot7.fragment_exec_node]: Received fragment assignment: {'robot': 'robot7', 'fragment': {'id': 'fm3-38', 'mission': 'm3', 'state': 'assigned', 'wait': ['vacuum(r8)'], 'tasks': [{'name': 'mop', 'label': 'mop(r8)', 'params': {'x': 2, 'y': 8, 'size': 7}}], 'arrive_timestamp': 1787854929, 'priority': 1, 'segment': 's8'}}
[INFO] [1787855089.473978731] [robot7.fragment_exec_node]: Starting execution of fragment fm3-38...
[INFO] [1787855089.475714950] [robot7.fragment_exec_node]: Waiting for coordination messages before executing fragment fm3-38: ['vacuum(r8)']
[INFO] [1787855091.481953896] [robot7.fragment_exec_node]: Executing task mop(r8). Params: {'x': 2, 'y': 8, 'size': 7}, Virtual state: {'position': {'x': 4, 'y': 2, 'z': 0.0}, 'docked': False}
[INFO] [1787855091.484487538] [robot7.fragment_exec_node]: EventType: Control (Task: mop), Activity: move_to, Robot: robot7, Mission: m3, Segment: s8, Start: 1787855091.4831607
[INFO] [1787855091.486172101] [robot7.fragment_exec_node]: Simulating navigate skill from position (4, 2) to (2, 8) (8.94427190999916 seconds)...
[INFO] [1787855100.433836812] [robot7.fragment_exec_node]: Navigation completed!
[INFO] [1787855100.438672451] [robot7.fragment_exec_node]: EventType: Control (Task: mop), Activity: move_to, Robot: robot7, Mission: m3, Segment: s8, End: 1787855100.4365544
[INFO] [1787855100.440416830] [robot7.fragment_exec_node]: EventType: Task, Activity: mop, Robot: robot7, Mission: m3, Segment: s8, Start: 1787855100.4394953
[INFO] [1787855100.442805696] [robot7.fragment_exec_node]: Simulating mop skill (38.5s to complete)...
[INFO] [1787855138.946351672] [robot7.fragment_exec_node]: Mop completed!
[INFO] [1787855138.949756970] [robot7.fragment_exec_node]: EventType: Task, Activity: mop, Robot: robot7, Mission: m3, Segment: s8, End: 1787855138.9482791
[INFO] [1787855138.952386088] [robot7.fragment_exec_node]: Execution of fragment fm3-38 completed!
[INFO] [1787855172.465935445] [robot7.fragment_exec_node]: Received fragment assignment: {'robot': 'robot7', 'fragment': {'id': 'fm3-40', 'mission': 'm3', 'state': 'assigned', 'wait': ['disinfect(r8)'], 'tasks': [{'name': 'final_room_check', 'label': 'final_room_check(r8)', 'params': {'x': 2, 'y': 8, 'size': 7}}], 'arrive_timestamp': 1787854929, 'priority': 1, 'segment': 's8'}}
[INFO] [1787855172.468083802] [robot7.fragment_exec_node]: Starting execution of fragment fm3-40...
[ERROR] [1787855172.470056899] [robot7.fragment_exec_node]: Robot robot7 was assigned a fragment without required capabilities!
[INFO] [1787855172.472042031] [robot7.fragment_exec_node]: Executing task final_room_check(r8). Params: {'x': 2, 'y': 8, 'size': 7}, Virtual state: {'position': {'x': 2, 'y': 8, 'z': 0.0}, 'docked': False}
[INFO] [1787855172.474156816] [robot7.fragment_exec_node]: EventType: Task, Activity: final_room_check, Robot: robot7, Mission: m3, Segment: s8, Start: 1787855172.4728417
[INFO] [1787855172.476076842] [robot7.fragment_exec_node]: Simulating check_room skill (10.5s to complete)...
[INFO] [1787855182.979397832] [robot7.fragment_exec_node]: Check room completed!
[INFO] [1787855182.981325243] [robot7.fragment_exec_node]: EventType: Task, Activity: final_room_check, Robot: robot7, Mission: m3, Segment: s8, End: 1787855182.9802423
[INFO] [1787855182.983719219] [robot7.fragment_exec_node]: Execution of fragment fm3-40 completed!
[INFO] [1787855195.572133273] [robot7.fragment_exec_node]: Received fragment assignment: {'robot': 'robot7', 'fragment': {'id': 'fm3-58', 'mission': 'm3', 'state': 'assigned', 'wait': ['vacuum(r12)'], 'tasks': [{'name': 'mop', 'label': 'mop(r12)', 'params': {'x': 24, 'y': 14, 'size': 3}}], 'arrive_timestamp': 1787854929, 'priority': 1, 'segment': 's12'}}
[INFO] [1787855195.575281353] [robot7.fragment_exec_node]: Starting execution of fragment fm3-58...
[INFO] [1787855195.576310061] [robot7.fragment_exec_node]: Waiting for coordination messages before executing fragment fm3-58: ['vacuum(r12)']
[INFO] [1787855197.581655896] [robot7.fragment_exec_node]: Executing task mop(r12). Params: {'x': 24, 'y': 14, 'size': 3}, Virtual state: {'position': {'x': 2, 'y': 8, 'z': 0.0}, 'docked': False}
[INFO] [1787855197.584193885] [robot7.fragment_exec_node]: EventType: Control (Task: mop), Activity: move_to, Robot: robot7, Mission: m3, Segment: s12, Start: 1787855197.5823913
[INFO] [1787855197.586813878] [robot7.fragment_exec_node]: Simulating navigate skill from position (2, 8) to (24, 14) (50.11985634456667 seconds)...
[INFO] [1787855247.708634636] [robot7.fragment_exec_node]: Navigation completed!
[INFO] [1787855247.710610636] [robot7.fragment_exec_node]: EventType: Control (Task: mop), Activity: move_to, Robot: robot7, Mission: m3, Segment: s12, End: 1787855247.7093117
[INFO] [1787855247.711851637] [robot7.fragment_exec_node]: EventType: Task, Activity: mop, Robot: robot7, Mission: m3, Segment: s12, Start: 1787855247.7111444
[INFO] [1787855247.712568403] [robot7.fragment_exec_node]: Simulating mop skill (16.5s to complete)...
[INFO] [1787855264.216486481] [robot7.fragment_exec_node]: Mop completed!
[INFO] [1787855264.220433145] [robot7.fragment_exec_node]: EventType: Task, Activity: mop, Robot: robot7, Mission: m3, Segment: s12, End: 1787855264.217477
[INFO] [1787855264.233013303] [robot7.fragment_exec_node]: Execution of fragment fm3-58 completed!
[INFO] [1787855287.465377447] [robot7.fragment_exec_node]: Received fragment assignment: {'robot': 'robot7', 'fragment': {'id': 'fm3-60', 'mission': 'm3', 'state': 'assigned', 'wait': ['disinfect(r12)'], 'tasks': [{'name': 'final_room_check', 'label': 'final_room_check(r12)', 'params': {'x': 24, 'y': 14, 'size': 3}}], 'arrive_timestamp': 1787854929, 'priority': 1, 'segment': 's12'}}
[INFO] [1787855287.466412331] [robot7.fragment_exec_node]: Starting execution of fragment fm3-60...
[INFO] [1787855287.467320158] [robot7.fragment_exec_node]: Waiting for coordination messages before executing fragment fm3-60: ['disinfect(r12)']
[ERROR] [1787855289.472547303] [robot7.fragment_exec_node]: Robot robot7 was assigned a fragment without required capabilities!
[INFO] [1787855289.474528628] [robot7.fragment_exec_node]: Executing task final_room_check(r12). Params: {'x': 24, 'y': 14, 'size': 3}, Virtual state: {'position': {'x': 24, 'y': 14, 'z': 0.0}, 'docked': False}
[INFO] [1787855289.476225549] [robot7.fragment_exec_node]: EventType: Task, Activity: final_room_check, Robot: robot7, Mission: m3, Segment: s12, Start: 1787855289.475341
[INFO] [1787855289.477962409] [robot7.fragment_exec_node]: Simulating check_room skill (4.5s to complete)...
[INFO] [1787855293.981940957] [robot7.fragment_exec_node]: Check room completed!
[INFO] [1787855293.984108538] [robot7.fragment_exec_node]: EventType: Task, Activity: final_room_check, Robot: robot7, Mission: m3, Segment: s12, End: 1787855293.982907
[INFO] [1787855293.986505262] [robot7.fragment_exec_node]: Execution of fragment fm3-60 completed!
Traceback (most recent call last):
  File "/root/ros2_ws/install/multi3_executor/lib/multi3_executor/executor", line 33, in <module>
    sys.exit(load_entry_point('multi3-executor==0.0.0', 'console_scripts', 'executor')())
  File "/root/ros2_ws/install/multi3_executor/lib/python3.10/site-packages/multi3_executor/nodes/executor.py", line 313, in main
    rclpy.shutdown()
  File "/opt/ros/humble/local/lib/python3.10/dist-packages/rclpy/__init__.py", line 130, in shutdown
    _shutdown(context=context)
  File "/opt/ros/humble/local/lib/python3.10/dist-packages/rclpy/utilities.py", line 58, in shutdown
    return context.shutdown()
  File "/opt/ros/humble/local/lib/python3.10/dist-packages/rclpy/context.py", line 102, in shutdown
    self.__context.shutdown()
rclpy._rclpy_pybind11.RCLError: failed to shutdown: rcl_shutdown already called on the given context, at ./src/rcl/init.c:241

--- executor_robot8.log ---
[INFO] [1787854925.496207871] [robot8.fragment_exec_node]: Setting up skill: UndockSkill
[INFO] [1787854925.497130890] [robot8.fragment_exec_node]: Setting up skill: NavigateSkill
[INFO] [1787854925.497819225] [robot8.fragment_exec_node]: Setting up skill: CheckRoomSkill
[INFO] [1787854925.498418163] [robot8.fragment_exec_node]: Setting up skill: MopSkill
[INFO] [1787854925.499070387] [robot8.fragment_exec_node]: Setting up skill: CheckRoomSkill
[INFO] [1787854925.509446835] [robot8.fragment_exec_node]: Published robot registration: {'name': 'robot8', 'operational_state': 'idle', 'capabilities': ['undock', 'check_room', 'move_to', 'mop'], 'state': {'position': {'x': 0.0, 'y': 0.0, 'z': 0.0}, 'docked': True}}
[INFO] [1787854937.501250140] [robot8.fragment_exec_node]: Received fragment assignment: {'robot': 'robot8', 'fragment': {'id': 'fm3-36', 'mission': 'm3', 'state': 'assigned', 'wait': [], 'tasks': [{'name': 'check_room', 'label': 'check_room(r8)', 'params': {'x': 2, 'y': 8, 'size': 7}}], 'arrive_timestamp': 1787854929, 'priority': 1, 'segment': 's8'}}
[INFO] [1787854937.502446082] [robot8.fragment_exec_node]: Starting execution of fragment fm3-36...
[INFO] [1787854937.505696449] [robot8.fragment_exec_node]: Executing task check_room(r8). Params: {'x': 2, 'y': 8, 'size': 7}, Virtual state: {'position': {'x': 0.0, 'y': 0.0, 'z': 0.0}, 'docked': True}
[INFO] [1787854937.506553261] [robot8.fragment_exec_node]: EventType: Control (Task: check_room), Activity: undock, Robot: robot8, Mission: m3, Segment: s8, Start: 1787854937.505902
[INFO] [1787854937.508047504] [robot8.fragment_exec_node]: Simulating undock skill...
[INFO] [1787854941.510396153] [robot8.fragment_exec_node]: Undock completed!
[INFO] [1787854941.511313655] [robot8.fragment_exec_node]: EventType: Control (Task: check_room), Activity: undock, Robot: robot8, Mission: m3, Segment: s8, End: 1787854941.5107496
[INFO] [1787854941.512105924] [robot8.fragment_exec_node]: EventType: Control (Task: check_room), Activity: move_to, Robot: robot8, Mission: m3, Segment: s8, Start: 1787854941.5117059
[INFO] [1787854941.512863757] [robot8.fragment_exec_node]: Simulating navigate skill from position (0.0, 0.0) to (2, 8) (16.492422502470642 seconds)...
[INFO] [1787854958.008509974] [robot8.fragment_exec_node]: Navigation completed!
[INFO] [1787854958.011752750] [robot8.fragment_exec_node]: EventType: Control (Task: check_room), Activity: move_to, Robot: robot8, Mission: m3, Segment: s8, End: 1787854958.009828
[INFO] [1787854958.013557669] [robot8.fragment_exec_node]: EventType: Task, Activity: check_room, Robot: robot8, Mission: m3, Segment: s8, Start: 1787854958.0124002
[INFO] [1787854958.015251047] [robot8.fragment_exec_node]: Simulating check_room skill (10.5s to complete)...
[INFO] [1787854968.519061956] [robot8.fragment_exec_node]: Check room completed!
[INFO] [1787854968.520852702] [robot8.fragment_exec_node]: EventType: Task, Activity: check_room, Robot: robot8, Mission: m3, Segment: s8, End: 1787854968.5198312
[INFO] [1787854968.523483097] [robot8.fragment_exec_node]: Execution of fragment fm3-36 completed!
[INFO] [1787854969.476579382] [robot8.fragment_exec_node]: Received fragment assignment: {'robot': 'robot8', 'fragment': {'id': 'fm3-56', 'mission': 'm3', 'state': 'assigned', 'wait': [], 'tasks': [{'name': 'check_room', 'label': 'check_room(r12)', 'params': {'x': 24, 'y': 14, 'size': 3}}], 'arrive_timestamp': 1787854929, 'priority': 1, 'segment': 's12'}}
[INFO] [1787854969.478409515] [robot8.fragment_exec_node]: Starting execution of fragment fm3-56...
[INFO] [1787854969.480786956] [robot8.fragment_exec_node]: Executing task check_room(r12). Params: {'x': 24, 'y': 14, 'size': 3}, Virtual state: {'position': {'x': 2, 'y': 8, 'z': 0.0}, 'docked': False}
[INFO] [1787854969.482438807] [robot8.fragment_exec_node]: EventType: Control (Task: check_room), Activity: move_to, Robot: robot8, Mission: m3, Segment: s12, Start: 1787854969.4816115
[INFO] [1787854969.484380591] [robot8.fragment_exec_node]: Simulating navigate skill from position (2, 8) to (24, 14) (50.11985634456667 seconds)...
[INFO] [1787855019.608062671] [robot8.fragment_exec_node]: Navigation completed!
[INFO] [1787855019.611305472] [robot8.fragment_exec_node]: EventType: Control (Task: check_room), Activity: move_to, Robot: robot8, Mission: m3, Segment: s12, End: 1787855019.6097229
[INFO] [1787855019.614250932] [robot8.fragment_exec_node]: EventType: Task, Activity: check_room, Robot: robot8, Mission: m3, Segment: s12, Start: 1787855019.6131337
[INFO] [1787855019.616203236] [robot8.fragment_exec_node]: Simulating check_room skill (4.5s to complete)...
[INFO] [1787855024.119853258] [robot8.fragment_exec_node]: Check room completed!
[INFO] [1787855024.122419050] [robot8.fragment_exec_node]: EventType: Task, Activity: check_room, Robot: robot8, Mission: m3, Segment: s12, End: 1787855024.1209347
[INFO] [1787855024.125113923] [robot8.fragment_exec_node]: Execution of fragment fm3-56 completed!
[INFO] [1787855045.483252273] [robot8.fragment_exec_node]: Received fragment assignment: {'robot': 'robot8', 'fragment': {'id': 'fm3-28', 'mission': 'm3', 'state': 'assigned', 'wait': ['vacuum(r6)'], 'tasks': [{'name': 'mop', 'label': 'mop(r6)', 'params': {'x': 6, 'y': 12, 'size': 6}}], 'arrive_timestamp': 1787854929, 'priority': 1, 'segment': 's6'}}
[INFO] [1787855045.485963535] [robot8.fragment_exec_node]: Starting execution of fragment fm3-28...
[INFO] [1787855045.487058614] [robot8.fragment_exec_node]: Waiting for coordination messages before executing fragment fm3-28: ['vacuum(r6)']
[INFO] [1787855047.492878541] [robot8.fragment_exec_node]: Executing task mop(r6). Params: {'x': 6, 'y': 12, 'size': 6}, Virtual state: {'position': {'x': 24, 'y': 14, 'z': 0.0}, 'docked': False}
[INFO] [1787855047.494851655] [robot8.fragment_exec_node]: EventType: Control (Task: mop), Activity: move_to, Robot: robot8, Mission: m3, Segment: s6, Start: 1787855047.4936063
[INFO] [1787855047.496684381] [robot8.fragment_exec_node]: Simulating navigate skill from position (24, 14) to (6, 12) (43.266615305567875 seconds)...
[INFO] [1787855090.766410100] [robot8.fragment_exec_node]: Navigation completed!
[INFO] [1787855090.768199284] [robot8.fragment_exec_node]: EventType: Control (Task: mop), Activity: move_to, Robot: robot8, Mission: m3, Segment: s6, End: 1787855090.7677634
[INFO] [1787855090.768984742] [robot8.fragment_exec_node]: EventType: Task, Activity: mop, Robot: robot8, Mission: m3, Segment: s6, Start: 1787855090.7685716
[INFO] [1787855090.769612076] [robot8.fragment_exec_node]: Simulating mop skill (33.0s to complete)...
[INFO] [1787855123.772252646] [robot8.fragment_exec_node]: Mop completed!
[INFO] [1787855123.776625865] [robot8.fragment_exec_node]: EventType: Task, Activity: mop, Robot: robot8, Mission: m3, Segment: s6, End: 1787855123.7748837
[INFO] [1787855123.779520896] [robot8.fragment_exec_node]: Execution of fragment fm3-28 completed!
[INFO] [1787855124.475770150] [robot8.fragment_exec_node]: Received fragment assignment: {'robot': 'robot8', 'fragment': {'id': 'fm3-35', 'mission': 'm3', 'state': 'assigned', 'wait': ['disinfect(r7)'], 'tasks': [{'name': 'final_room_check', 'label': 'final_room_check(r7)', 'params': {'x': 9, 'y': 7, 'size': 3}}], 'arrive_timestamp': 1787854929, 'priority': 1, 'segment': 's7'}}
[INFO] [1787855124.476886038] [robot8.fragment_exec_node]: Starting execution of fragment fm3-35...
[ERROR] [1787855124.478908041] [robot8.fragment_exec_node]: Robot robot8 was assigned a fragment without required capabilities!
[INFO] [1787855124.479986855] [robot8.fragment_exec_node]: Executing task final_room_check(r7). Params: {'x': 9, 'y': 7, 'size': 3}, Virtual state: {'position': {'x': 6, 'y': 12, 'z': 0.0}, 'docked': False}
[INFO] [1787855124.481195197] [robot8.fragment_exec_node]: EventType: Control (Task: final_room_check), Activity: move_to, Robot: robot8, Mission: m3, Segment: s7, Start: 1787855124.4802783
[INFO] [1787855124.482027235] [robot8.fragment_exec_node]: Simulating navigate skill from position (6, 12) to (9, 7) (6.324555320336759 seconds)...
[INFO] [1787855130.809978728] [robot8.fragment_exec_node]: Navigation completed!
[INFO] [1787855130.814025125] [robot8.fragment_exec_node]: EventType: Control (Task: final_room_check), Activity: move_to, Robot: robot8, Mission: m3, Segment: s7, End: 1787855130.812067
[INFO] [1787855130.816366265] [robot8.fragment_exec_node]: EventType: Task, Activity: final_room_check, Robot: robot8, Mission: m3, Segment: s7, Start: 1787855130.8146653
[INFO] [1787855130.818221952] [robot8.fragment_exec_node]: Simulating check_room skill (4.5s to complete)...
[INFO] [1787855135.322506195] [robot8.fragment_exec_node]: Check room completed!
[INFO] [1787855135.324595320] [robot8.fragment_exec_node]: EventType: Task, Activity: final_room_check, Robot: robot8, Mission: m3, Segment: s7, End: 1787855135.32335
[INFO] [1787855135.326577488] [robot8.fragment_exec_node]: Execution of fragment fm3-35 completed!
[INFO] [1787855180.477862198] [robot8.fragment_exec_node]: Received fragment assignment: {'robot': 'robot8', 'fragment': {'id': 'fm3-53', 'mission': 'm3', 'state': 'assigned', 'wait': ['vacuum(r11)'], 'tasks': [{'name': 'mop', 'label': 'mop(r11)', 'params': {'x': 17, 'y': 23, 'size': 6}}], 'arrive_timestamp': 1787854929, 'priority': 1, 'segment': 's11'}}
[INFO] [1787855180.480547256] [robot8.fragment_exec_node]: Starting execution of fragment fm3-53...
[INFO] [1787855180.482262293] [robot8.fragment_exec_node]: Executing task mop(r11). Params: {'x': 17, 'y': 23, 'size': 6}, Virtual state: {'position': {'x': 9, 'y': 7, 'z': 0.0}, 'docked': False}
[INFO] [1787855180.483746599] [robot8.fragment_exec_node]: EventType: Control (Task: mop), Activity: move_to, Robot: robot8, Mission: m3, Segment: s11, Start: 1787855180.4826949
[INFO] [1787855180.484963192] [robot8.fragment_exec_node]: Simulating navigate skill from position (9, 7) to (17, 23) (32.2490309931942 seconds)...
[INFO] [1787855212.736449299] [robot8.fragment_exec_node]: Navigation completed!
[INFO] [1787855212.737813404] [robot8.fragment_exec_node]: EventType: Control (Task: mop), Activity: move_to, Robot: robot8, Mission: m3, Segment: s11, End: 1787855212.7370324
[INFO] [1787855212.738652694] [robot8.fragment_exec_node]: EventType: Task, Activity: mop, Robot: robot8, Mission: m3, Segment: s11, Start: 1787855212.7381687
[INFO] [1787855212.740037746] [robot8.fragment_exec_node]: Simulating mop skill (33.0s to complete)...
[INFO] [1787855245.743938360] [robot8.fragment_exec_node]: Mop completed!
[INFO] [1787855245.746331302] [robot8.fragment_exec_node]: EventType: Task, Activity: mop, Robot: robot8, Mission: m3, Segment: s11, End: 1787855245.7451794
[INFO] [1787855245.748999983] [robot8.fragment_exec_node]: Execution of fragment fm3-53 completed!
Traceback (most recent call last):
  File "/root/ros2_ws/install/multi3_executor/lib/multi3_executor/executor", line 33, in <module>
    sys.exit(load_entry_point('multi3-executor==0.0.0', 'console_scripts', 'executor')())
  File "/root/ros2_ws/install/multi3_executor/lib/python3.10/site-packages/multi3_executor/nodes/executor.py", line 313, in main
    rclpy.shutdown()
  File "/opt/ros/humble/local/lib/python3.10/dist-packages/rclpy/__init__.py", line 130, in shutdown
    _shutdown(context=context)
  File "/opt/ros/humble/local/lib/python3.10/dist-packages/rclpy/utilities.py", line 58, in shutdown
    return context.shutdown()
  File "/opt/ros/humble/local/lib/python3.10/dist-packages/rclpy/context.py", line 102, in shutdown
    self.__context.shutdown()
rclpy._rclpy_pybind11.RCLError: failed to shutdown: rcl_shutdown already called on the given context, at ./src/rcl/init.c:241

--- executor_robot9.log ---
[INFO] [1787854927.580290974] [robot9.fragment_exec_node]: Setting up skill: UndockSkill
[INFO] [1787854927.581254549] [robot9.fragment_exec_node]: Setting up skill: NavigateSkill
[INFO] [1787854927.582151309] [robot9.fragment_exec_node]: Setting up skill: CheckRoomSkill
[INFO] [1787854927.582818605] [robot9.fragment_exec_node]: Setting up skill: MopSkill
[INFO] [1787854927.583369294] [robot9.fragment_exec_node]: Setting up skill: CheckRoomSkill
[INFO] [1787854927.594688928] [robot9.fragment_exec_node]: Published robot registration: {'name': 'robot9', 'operational_state': 'idle', 'capabilities': ['undock', 'check_room', 'move_to', 'mop'], 'state': {'position': {'x': 0.0, 'y': 0.0, 'z': 0.0}, 'docked': True}}
[INFO] [1787854937.492196752] [robot9.fragment_exec_node]: Received fragment assignment: {'robot': 'robot9', 'fragment': {'id': 'fm3-21', 'mission': 'm3', 'state': 'assigned', 'wait': [], 'tasks': [{'name': 'check_room', 'label': 'check_room(r5)', 'params': {'x': 12, 'y': 3, 'size': 5}}], 'arrive_timestamp': 1787854929, 'priority': 1, 'segment': 's5'}}
[INFO] [1787854937.500343675] [robot9.fragment_exec_node]: Starting execution of fragment fm3-21...
[INFO] [1787854937.504387009] [robot9.fragment_exec_node]: Executing task check_room(r5). Params: {'x': 12, 'y': 3, 'size': 5}, Virtual state: {'position': {'x': 0.0, 'y': 0.0, 'z': 0.0}, 'docked': True}
[INFO] [1787854937.511061759] [robot9.fragment_exec_node]: EventType: Control (Task: check_room), Activity: undock, Robot: robot9, Mission: m3, Segment: s5, Start: 1787854937.5052414
[INFO] [1787854937.512743000] [robot9.fragment_exec_node]: Simulating undock skill...
[INFO] [1787854941.514240330] [robot9.fragment_exec_node]: Undock completed!
[INFO] [1787854941.514915259] [robot9.fragment_exec_node]: EventType: Control (Task: check_room), Activity: undock, Robot: robot9, Mission: m3, Segment: s5, End: 1787854941.5144627
[INFO] [1787854941.515520203] [robot9.fragment_exec_node]: EventType: Control (Task: check_room), Activity: move_to, Robot: robot9, Mission: m3, Segment: s5, Start: 1787854941.5150993
[INFO] [1787854941.516068712] [robot9.fragment_exec_node]: Simulating navigate skill from position (0.0, 0.0) to (12, 3) (24.73863375370596 seconds)...
[INFO] [1787854966.255537137] [robot9.fragment_exec_node]: Navigation completed!
[INFO] [1787854966.258451883] [robot9.fragment_exec_node]: EventType: Control (Task: check_room), Activity: move_to, Robot: robot9, Mission: m3, Segment: s5, End: 1787854966.258065
[INFO] [1787854966.259239882] [robot9.fragment_exec_node]: EventType: Task, Activity: check_room, Robot: robot9, Mission: m3, Segment: s5, Start: 1787854966.2587194
[INFO] [1787854966.259794756] [robot9.fragment_exec_node]: Simulating check_room skill (7.5s to complete)...
[INFO] [1787854973.762631602] [robot9.fragment_exec_node]: Check room completed!
[INFO] [1787854973.765867440] [robot9.fragment_exec_node]: EventType: Task, Activity: check_room, Robot: robot9, Mission: m3, Segment: s5, End: 1787854973.7639263
[INFO] [1787854973.769428566] [robot9.fragment_exec_node]: Execution of fragment fm3-21 completed!
[INFO] [1787854974.494565067] [robot9.fragment_exec_node]: Received fragment assignment: {'robot': 'robot9', 'fragment': {'id': 'fm3-66', 'mission': 'm3', 'state': 'assigned', 'wait': [], 'tasks': [{'name': 'check_room', 'label': 'check_room(r14)', 'params': {'x': 19, 'y': 10, 'size': 4}}], 'arrive_timestamp': 1787854929, 'priority': 1, 'segment': 's14'}}
[INFO] [1787854974.495300906] [robot9.fragment_exec_node]: Starting execution of fragment fm3-66...
[INFO] [1787854974.496229381] [robot9.fragment_exec_node]: Executing task check_room(r14). Params: {'x': 19, 'y': 10, 'size': 4}, Virtual state: {'position': {'x': 12, 'y': 3, 'z': 0.0}, 'docked': False}
[INFO] [1787854974.496827351] [robot9.fragment_exec_node]: EventType: Control (Task: check_room), Activity: move_to, Robot: robot9, Mission: m3, Segment: s14, Start: 1787854974.4964583
[INFO] [1787854974.497421286] [robot9.fragment_exec_node]: Simulating navigate skill from position (12, 3) to (19, 10) (14.560219778561036 seconds)...
[INFO] [1787854989.061777016] [robot9.fragment_exec_node]: Navigation completed!
[INFO] [1787854989.064032378] [robot9.fragment_exec_node]: EventType: Control (Task: check_room), Activity: move_to, Robot: robot9, Mission: m3, Segment: s14, End: 1787854989.0629013
[INFO] [1787854989.065868873] [robot9.fragment_exec_node]: EventType: Task, Activity: check_room, Robot: robot9, Mission: m3, Segment: s14, Start: 1787854989.0647457
[INFO] [1787854989.067664614] [robot9.fragment_exec_node]: Simulating check_room skill (6.0s to complete)...
[INFO] [1787854995.071664410] [robot9.fragment_exec_node]: Check room completed!
[INFO] [1787854995.074710536] [robot9.fragment_exec_node]: EventType: Task, Activity: check_room, Robot: robot9, Mission: m3, Segment: s14, End: 1787854995.072795
[INFO] [1787854995.077968233] [robot9.fragment_exec_node]: Execution of fragment fm3-66 completed!
[INFO] [1787854996.469925707] [robot9.fragment_exec_node]: Received fragment assignment: {'robot': 'robot9', 'fragment': {'id': 'fm3-8', 'mission': 'm3', 'state': 'assigned', 'wait': ['vacuum(r2)'], 'tasks': [{'name': 'mop', 'label': 'mop(r2)', 'params': {'x': 10, 'y': 5, 'size': 3}}], 'arrive_timestamp': 1787854929, 'priority': 1, 'segment': 's2'}}
[INFO] [1787854996.492476740] [robot9.fragment_exec_node]: Starting execution of fragment fm3-8...
[INFO] [1787854996.493509308] [robot9.fragment_exec_node]: Waiting for coordination messages before executing fragment fm3-8: ['vacuum(r2)']
[INFO] [1787854998.497455668] [robot9.fragment_exec_node]: Executing task mop(r2). Params: {'x': 10, 'y': 5, 'size': 3}, Virtual state: {'position': {'x': 19, 'y': 10, 'z': 0.0}, 'docked': False}
[INFO] [1787854998.498810656] [robot9.fragment_exec_node]: EventType: Control (Task: mop), Activity: move_to, Robot: robot9, Mission: m3, Segment: s2, Start: 1787854998.4979038
[INFO] [1787854998.499902337] [robot9.fragment_exec_node]: Simulating navigate skill from position (19, 10) to (10, 5) (33.28663395418648 seconds)...
[INFO] [1787855031.791005891] [robot9.fragment_exec_node]: Navigation completed!
[INFO] [1787855031.794967678] [robot9.fragment_exec_node]: EventType: Control (Task: mop), Activity: move_to, Robot: robot9, Mission: m3, Segment: s2, End: 1787855031.7932413
[INFO] [1787855031.796369563] [robot9.fragment_exec_node]: EventType: Task, Activity: mop, Robot: robot9, Mission: m3, Segment: s2, Start: 1787855031.7954338
[INFO] [1787855031.797833595] [robot9.fragment_exec_node]: Simulating mop skill (16.5s to complete)...
[INFO] [1787855048.301430191] [robot9.fragment_exec_node]: Mop completed!
[INFO] [1787855048.305663838] [robot9.fragment_exec_node]: EventType: Task, Activity: mop, Robot: robot9, Mission: m3, Segment: s2, End: 1787855048.3036065
[INFO] [1787855048.309386021] [robot9.fragment_exec_node]: Execution of fragment fm3-8 completed!
[INFO] [1787855066.483558069] [robot9.fragment_exec_node]: Received fragment assignment: {'robot': 'robot9', 'fragment': {'id': 'fm3-33', 'mission': 'm3', 'state': 'assigned', 'wait': ['vacuum(r7)'], 'tasks': [{'name': 'mop', 'label': 'mop(r7)', 'params': {'x': 9, 'y': 7, 'size': 3}}], 'arrive_timestamp': 1787854929, 'priority': 1, 'segment': 's7'}}
[INFO] [1787855066.484710091] [robot9.fragment_exec_node]: Starting execution of fragment fm3-33...
[INFO] [1787855066.485999497] [robot9.fragment_exec_node]: Waiting for coordination messages before executing fragment fm3-33: ['vacuum(r7)']
[INFO] [1787855068.491936477] [robot9.fragment_exec_node]: Executing task mop(r7). Params: {'x': 9, 'y': 7, 'size': 3}, Virtual state: {'position': {'x': 10, 'y': 5, 'z': 0.0}, 'docked': False}
[INFO] [1787855068.493773997] [robot9.fragment_exec_node]: EventType: Control (Task: mop), Activity: move_to, Robot: robot9, Mission: m3, Segment: s7, Start: 1787855068.4926858
[INFO] [1787855068.495527110] [robot9.fragment_exec_node]: Simulating navigate skill from position (10, 5) to (9, 7) (6.324555320336759 seconds)...
[INFO] [1787855074.823908435] [robot9.fragment_exec_node]: Navigation completed!
[INFO] [1787855074.827178155] [robot9.fragment_exec_node]: EventType: Control (Task: mop), Activity: move_to, Robot: robot9, Mission: m3, Segment: s7, End: 1787855074.8250527
[INFO] [1787855074.829762695] [robot9.fragment_exec_node]: EventType: Task, Activity: mop, Robot: robot9, Mission: m3, Segment: s7, Start: 1787855074.828651
[INFO] [1787855074.831277455] [robot9.fragment_exec_node]: Simulating mop skill (16.5s to complete)...
[INFO] [1787855091.335016295] [robot9.fragment_exec_node]: Mop completed!
[INFO] [1787855091.339270563] [robot9.fragment_exec_node]: EventType: Task, Activity: mop, Robot: robot9, Mission: m3, Segment: s7, End: 1787855091.3371782
[INFO] [1787855091.342412052] [robot9.fragment_exec_node]: Execution of fragment fm3-33 completed!
[INFO] [1787855111.498471461] [robot9.fragment_exec_node]: Received fragment assignment: {'robot': 'robot9', 'fragment': {'id': 'fm3-25', 'mission': 'm3', 'state': 'assigned', 'wait': ['disinfect(r5)'], 'tasks': [{'name': 'final_room_check', 'label': 'final_room_check(r5)', 'params': {'x': 12, 'y': 3, 'size': 5}}], 'arrive_timestamp': 1787854929, 'priority': 1, 'segment': 's5'}}
[INFO] [1787855111.499565132] [robot9.fragment_exec_node]: Starting execution of fragment fm3-25...
[INFO] [1787855111.500277981] [robot9.fragment_exec_node]: Waiting for coordination messages before executing fragment fm3-25: ['disinfect(r5)']
[ERROR] [1787855113.505238321] [robot9.fragment_exec_node]: Robot robot9 was assigned a fragment without required capabilities!
[INFO] [1787855113.507385557] [robot9.fragment_exec_node]: Executing task final_room_check(r5). Params: {'x': 12, 'y': 3, 'size': 5}, Virtual state: {'position': {'x': 9, 'y': 7, 'z': 0.0}, 'docked': False}
[INFO] [1787855113.509127159] [robot9.fragment_exec_node]: EventType: Control (Task: final_room_check), Activity: move_to, Robot: robot9, Mission: m3, Segment: s5, Start: 1787855113.5079806
[INFO] [1787855113.510892295] [robot9.fragment_exec_node]: Simulating navigate skill from position (9, 7) to (12, 3) (13.416407864998739 seconds)...
[INFO] [1787855126.931160223] [robot9.fragment_exec_node]: Navigation completed!
[INFO] [1787855126.935693260] [robot9.fragment_exec_node]: EventType: Control (Task: final_room_check), Activity: move_to, Robot: robot9, Mission: m3, Segment: s5, End: 1787855126.9339914
[INFO] [1787855126.937618120] [robot9.fragment_exec_node]: EventType: Task, Activity: final_room_check, Robot: robot9, Mission: m3, Segment: s5, Start: 1787855126.9364176
[INFO] [1787855126.939432794] [robot9.fragment_exec_node]: Simulating check_room skill (7.5s to complete)...
[INFO] [1787855134.443436049] [robot9.fragment_exec_node]: Check room completed!
[INFO] [1787855134.447786165] [robot9.fragment_exec_node]: EventType: Task, Activity: final_room_check, Robot: robot9, Mission: m3, Segment: s5, End: 1787855134.445926
[INFO] [1787855134.450275298] [robot9.fragment_exec_node]: Execution of fragment fm3-25 completed!
[INFO] [1787855145.535859704] [robot9.fragment_exec_node]: Received fragment assignment: {'robot': 'robot9', 'fragment': {'id': 'fm3-30', 'mission': 'm3', 'state': 'assigned', 'wait': ['disinfect(r6)'], 'tasks': [{'name': 'final_room_check', 'label': 'final_room_check(r6)', 'params': {'x': 6, 'y': 12, 'size': 6}}], 'arrive_timestamp': 1787854929, 'priority': 1, 'segment': 's6'}}
[INFO] [1787855145.537271661] [robot9.fragment_exec_node]: Starting execution of fragment fm3-30...
[INFO] [1787855145.537903952] [robot9.fragment_exec_node]: Waiting for coordination messages before executing fragment fm3-30: ['disinfect(r6)']
[ERROR] [1787855147.542942101] [robot9.fragment_exec_node]: Robot robot9 was assigned a fragment without required capabilities!
[INFO] [1787855147.546210444] [robot9.fragment_exec_node]: Executing task final_room_check(r6). Params: {'x': 6, 'y': 12, 'size': 6}, Virtual state: {'position': {'x': 12, 'y': 3, 'z': 0.0}, 'docked': False}
[INFO] [1787855147.549113539] [robot9.fragment_exec_node]: EventType: Control (Task: final_room_check), Activity: move_to, Robot: robot9, Mission: m3, Segment: s6, Start: 1787855147.5472283
[INFO] [1787855147.550692519] [robot9.fragment_exec_node]: Simulating navigate skill from position (12, 3) to (6, 12) (12.0 seconds)...
[INFO] [1787855159.552459201] [robot9.fragment_exec_node]: Navigation completed!
[INFO] [1787855159.554308916] [robot9.fragment_exec_node]: EventType: Control (Task: final_room_check), Activity: move_to, Robot: robot9, Mission: m3, Segment: s6, End: 1787855159.5536659
[INFO] [1787855159.555342429] [robot9.fragment_exec_node]: EventType: Task, Activity: final_room_check, Robot: robot9, Mission: m3, Segment: s6, Start: 1787855159.554746
[INFO] [1787855159.556216805] [robot9.fragment_exec_node]: Simulating check_room skill (9.0s to complete)...
[INFO] [1787855168.560151565] [robot9.fragment_exec_node]: Check room completed!
[INFO] [1787855168.562510884] [robot9.fragment_exec_node]: EventType: Task, Activity: final_room_check, Robot: robot9, Mission: m3, Segment: s6, End: 1787855168.5613332
[INFO] [1787855168.565252187] [robot9.fragment_exec_node]: Execution of fragment fm3-30 completed!
[INFO] [1787855209.462282308] [robot9.fragment_exec_node]: Received fragment assignment: {'robot': 'robot9', 'fragment': {'id': 'fm3-68', 'mission': 'm3', 'state': 'assigned', 'wait': ['vacuum(r14)'], 'tasks': [{'name': 'mop', 'label': 'mop(r14)', 'params': {'x': 19, 'y': 10, 'size': 4}}], 'arrive_timestamp': 1787854929, 'priority': 1, 'segment': 's14'}}
[INFO] [1787855209.466529293] [robot9.fragment_exec_node]: Starting execution of fragment fm3-68...
[INFO] [1787855209.468171489] [robot9.fragment_exec_node]: Waiting for coordination messages before executing fragment fm3-68: ['vacuum(r14)']
[INFO] [1787855211.472173421] [robot9.fragment_exec_node]: Executing task mop(r14). Params: {'x': 19, 'y': 10, 'size': 4}, Virtual state: {'position': {'x': 6, 'y': 12, 'z': 0.0}, 'docked': False}
[INFO] [1787855211.473910653] [robot9.fragment_exec_node]: EventType: Control (Task: mop), Activity: move_to, Robot: robot9, Mission: m3, Segment: s14, Start: 1787855211.4729173
[INFO] [1787855211.474718226] [robot9.fragment_exec_node]: Simulating navigate skill from position (6, 12) to (19, 10) (27.202941017470888 seconds)...
[INFO] [1787855238.681455910] [robot9.fragment_exec_node]: Navigation completed!
[INFO] [1787855238.685217967] [robot9.fragment_exec_node]: EventType: Control (Task: mop), Activity: move_to, Robot: robot9, Mission: m3, Segment: s14, End: 1787855238.6835132
[INFO] [1787855238.688404619] [robot9.fragment_exec_node]: EventType: Task, Activity: mop, Robot: robot9, Mission: m3, Segment: s14, Start: 1787855238.6860979
[INFO] [1787855238.690227578] [robot9.fragment_exec_node]: Simulating mop skill (22.0s to complete)...
[INFO] [1787855260.694158292] [robot9.fragment_exec_node]: Mop completed!
[INFO] [1787855260.696859387] [robot9.fragment_exec_node]: EventType: Task, Activity: mop, Robot: robot9, Mission: m3, Segment: s14, End: 1787855260.695482
[INFO] [1787855260.699236782] [robot9.fragment_exec_node]: Execution of fragment fm3-68 completed!
[INFO] [1787855294.468341392] [robot9.fragment_exec_node]: Received fragment assignment: {'robot': 'robot9', 'fragment': {'id': 'fm3-70', 'mission': 'm3', 'state': 'assigned', 'wait': ['disinfect(r14)'], 'tasks': [{'name': 'final_room_check', 'label': 'final_room_check(r14)', 'params': {'x': 19, 'y': 10, 'size': 4}}], 'arrive_timestamp': 1787854929, 'priority': 1, 'segment': 's14'}}
[INFO] [1787855294.469717957] [robot9.fragment_exec_node]: Starting execution of fragment fm3-70...
[ERROR] [1787855294.470639734] [robot9.fragment_exec_node]: Robot robot9 was assigned a fragment without required capabilities!
[INFO] [1787855294.471248124] [robot9.fragment_exec_node]: Executing task final_room_check(r14). Params: {'x': 19, 'y': 10, 'size': 4}, Virtual state: {'position': {'x': 19, 'y': 10, 'z': 0.0}, 'docked': False}
[INFO] [1787855294.471848447] [robot9.fragment_exec_node]: EventType: Task, Activity: final_room_check, Robot: robot9, Mission: m3, Segment: s14, Start: 1787855294.4714434
[INFO] [1787855294.472812329] [robot9.fragment_exec_node]: Simulating check_room skill (6.0s to complete)...
[INFO] [1787855300.474918856] [robot9.fragment_exec_node]: Check room completed!
[INFO] [1787855300.475898605] [robot9.fragment_exec_node]: EventType: Task, Activity: final_room_check, Robot: robot9, Mission: m3, Segment: s14, End: 1787855300.4755454
[INFO] [1787855300.476889010] [robot9.fragment_exec_node]: Execution of fragment fm3-70 completed!
Traceback (most recent call last):
  File "/root/ros2_ws/install/multi3_executor/lib/multi3_executor/executor", line 33, in <module>
    sys.exit(load_entry_point('multi3-executor==0.0.0', 'console_scripts', 'executor')())
  File "/root/ros2_ws/install/multi3_executor/lib/python3.10/site-packages/multi3_executor/nodes/executor.py", line 313, in main
    rclpy.shutdown()
  File "/opt/ros/humble/local/lib/python3.10/dist-packages/rclpy/__init__.py", line 130, in shutdown
    _shutdown(context=context)
  File "/opt/ros/humble/local/lib/python3.10/dist-packages/rclpy/utilities.py", line 58, in shutdown
    return context.shutdown()
  File "/opt/ros/humble/local/lib/python3.10/dist-packages/rclpy/context.py", line 102, in shutdown
    self.__context.shutdown()
rclpy._rclpy_pybind11.RCLError: failed to shutdown: rcl_shutdown already called on the given context, at ./src/rcl/init.c:241
