=== Test: spec: robots=[(3, ['undock', 'check_room', 'move_to', 'vacuum', 'disinfect']), (2, ['undock', 'check_room', 'move_to', 'mop', 'disinfect']), (4, ['undock', 'check_room', 'move_to', 'mop'])], mission_arrivals=[(0, ['cleaning_2_size8'])], strategy=closest


--- coordinator.log ---
[INFO] [1787855644.134171599] [multi3_coordinator_node]: Assignment strategy parameter: closest
[INFO] [1787855644.134900432] [multi3_coordinator_node]: Using assignment strategy: closest
[INFO] [1787855644.140976968] [multi3_coordinator_node]: Coordinator node started.
[INFO] [1787855647.252184854] [multi3_coordinator_node]: Received new robot info: {'name': 'robot1', 'operational_state': 'idle', 'capabilities': ['undock', 'check_room', 'move_to', 'vacuum', 'disinfect'], 'state': {'position': {'x': 0.0, 'y': 0.0, 'z': 0.0}, 'docked': True}, 'last_heartbeat': 1787855647}
[INFO] [1787855649.566639841] [multi3_coordinator_node]: Received new robot info: {'name': 'robot2', 'operational_state': 'idle', 'capabilities': ['undock', 'check_room', 'move_to', 'vacuum', 'disinfect'], 'state': {'position': {'x': 0.0, 'y': 0.0, 'z': 0.0}, 'docked': True}, 'last_heartbeat': 1787855649}
[INFO] [1787855651.217852595] [multi3_coordinator_node]: Received new robot info: {'name': 'robot3', 'operational_state': 'idle', 'capabilities': ['undock', 'check_room', 'move_to', 'vacuum', 'disinfect'], 'state': {'position': {'x': 0.0, 'y': 0.0, 'z': 0.0}, 'docked': True}, 'last_heartbeat': 1787855651}
[INFO] [1787855653.564713976] [multi3_coordinator_node]: Received new robot info: {'name': 'robot4', 'operational_state': 'idle', 'capabilities': ['undock', 'check_room', 'move_to', 'mop', 'disinfect'], 'state': {'position': {'x': 0.0, 'y': 0.0, 'z': 0.0}, 'docked': True}, 'last_heartbeat': 1787855653}
[INFO] [1787855655.568746610] [multi3_coordinator_node]: Received new robot info: {'name': 'robot5', 'operational_state': 'idle', 'capabilities': ['undock', 'check_room', 'move_to', 'mop', 'disinfect'], 'state': {'position': {'x': 0.0, 'y': 0.0, 'z': 0.0}, 'docked': True}, 'last_heartbeat': 1787855655}
[INFO] [1787855657.666199721] [multi3_coordinator_node]: Received new robot info: {'name': 'robot6', 'operational_state': 'idle', 'capabilities': ['undock', 'check_room', 'move_to', 'mop'], 'state': {'position': {'x': 0.0, 'y': 0.0, 'z': 0.0}, 'docked': True}, 'last_heartbeat': 1787855657}
[INFO] [1787855659.606057786] [multi3_coordinator_node]: Received new robot info: {'name': 'robot7', 'operational_state': 'idle', 'capabilities': ['undock', 'check_room', 'move_to', 'mop'], 'state': {'position': {'x': 0.0, 'y': 0.0, 'z': 0.0}, 'docked': True}, 'last_heartbeat': 1787855659}
[INFO] [1787855661.623767123] [multi3_coordinator_node]: Received new robot info: {'name': 'robot8', 'operational_state': 'idle', 'capabilities': ['undock', 'check_room', 'move_to', 'mop'], 'state': {'position': {'x': 0.0, 'y': 0.0, 'z': 0.0}, 'docked': True}, 'last_heartbeat': 1787855661}
[INFO] [1787855663.598582773] [multi3_coordinator_node]: Received new robot info: {'name': 'robot9', 'operational_state': 'idle', 'capabilities': ['undock', 'check_room', 'move_to', 'mop'], 'state': {'position': {'x': 0.0, 'y': 0.0, 'z': 0.0}, 'docked': True}, 'last_heartbeat': 1787855663}
[INFO] [1787855665.201484277] [multi3_coordinator_node]: Received mission: {'mission': 'm2', 'priority': 1, 'fragments': [{'id': 'fm2-1', 'wait': [], 'tasks': [{'name': 'check_room', 'label': 'check_room(r1)', 'params': {'x': 4, 'y': 2, 'size': 6}}], 'segment': 's1'}, {'id': 'fm2-2', 'wait': ['check_room(r1)'], 'tasks': [{'name': 'vacuum', 'label': 'vacuum(r1)', 'params': {'x': 4, 'y': 2, 'size': 6}}], 'segment': 's1'}, {'id': 'fm2-3', 'wait': ['vacuum(r1)'], 'tasks': [{'name': 'mop', 'label': 'mop(r1)', 'params': {'x': 4, 'y': 2, 'size': 6}}], 'segment': 's1'}, {'id': 'fm2-4', 'wait': ['mop(r1)'], 'tasks': [{'name': 'disinfect', 'label': 'disinfect(r1)', 'params': {'x': 4, 'y': 2, 'size': 6}}], 'segment': 's1'}, {'id': 'fm2-5', 'wait': ['disinfect(r1)'], 'tasks': [{'name': 'final_room_check', 'label': 'final_room_check(r1)', 'params': {'x': 4, 'y': 2, 'size': 6}}], 'segment': 's1'}, {'id': 'fm2-6', 'wait': [], 'tasks': [{'name': 'check_room', 'label': 'check_room(r2)', 'params': {'x': 10, 'y': 5, 'size': 3}}], 'segment': 's2'}, {'id': 'fm2-7', 'wait': ['check_room(r2)'], 'tasks': [{'name': 'vacuum', 'label': 'vacuum(r2)', 'params': {'x': 10, 'y': 5, 'size': 3}}], 'segment': 's2'}, {'id': 'fm2-8', 'wait': ['vacuum(r2)'], 'tasks': [{'name': 'mop', 'label': 'mop(r2)', 'params': {'x': 10, 'y': 5, 'size': 3}}], 'segment': 's2'}, {'id': 'fm2-9', 'wait': ['mop(r2)'], 'tasks': [{'name': 'disinfect', 'label': 'disinfect(r2)', 'params': {'x': 10, 'y': 5, 'size': 3}}], 'segment': 's2'}, {'id': 'fm2-10', 'wait': ['disinfect(r2)'], 'tasks': [{'name': 'final_room_check', 'label': 'final_room_check(r2)', 'params': {'x': 10, 'y': 5, 'size': 3}}], 'segment': 's2'}, {'id': 'fm2-11', 'wait': [], 'tasks': [{'name': 'check_room', 'label': 'check_room(r3)', 'params': {'x': 3, 'y': 11, 'size': 7}}], 'segment': 's3'}, {'id': 'fm2-12', 'wait': ['check_room(r3)'], 'tasks': [{'name': 'vacuum', 'label': 'vacuum(r3)', 'params': {'x': 3, 'y': 11, 'size': 7}}], 'segment': 's3'}, {'id': 'fm2-13', 'wait': ['vacuum(r3)'], 'tasks': [{'name': 'mop', 'label': 'mop(r3)', 'params': {'x': 3, 'y': 11, 'size': 7}}], 'segment': 's3'}, {'id': 'fm2-14', 'wait': ['mop(r3)'], 'tasks': [{'name': 'disinfect', 'label': 'disinfect(r3)', 'params': {'x': 3, 'y': 11, 'size': 7}}], 'segment': 's3'}, {'id': 'fm2-15', 'wait': ['disinfect(r3)'], 'tasks': [{'name': 'final_room_check', 'label': 'final_room_check(r3)', 'params': {'x': 3, 'y': 11, 'size': 7}}], 'segment': 's3'}, {'id': 'fm2-16', 'wait': [], 'tasks': [{'name': 'check_room', 'label': 'check_room(r4)', 'params': {'x': 8, 'y': 9, 'size': 4}}], 'segment': 's4'}, {'id': 'fm2-17', 'wait': ['check_room(r4)'], 'tasks': [{'name': 'vacuum', 'label': 'vacuum(r4)', 'params': {'x': 8, 'y': 9, 'size': 4}}], 'segment': 's4'}, {'id': 'fm2-18', 'wait': ['vacuum(r4)'], 'tasks': [{'name': 'mop', 'label': 'mop(r4)', 'params': {'x': 8, 'y': 9, 'size': 4}}], 'segment': 's4'}, {'id': 'fm2-19', 'wait': ['mop(r4)'], 'tasks': [{'name': 'disinfect', 'label': 'disinfect(r4)', 'params': {'x': 8, 'y': 9, 'size': 4}}], 'segment': 's4'}, {'id': 'fm2-20', 'wait': ['disinfect(r4)'], 'tasks': [{'name': 'final_room_check', 'label': 'final_room_check(r4)', 'params': {'x': 8, 'y': 9, 'size': 4}}], 'segment': 's4'}, {'id': 'fm2-21', 'wait': [], 'tasks': [{'name': 'check_room', 'label': 'check_room(r5)', 'params': {'x': 12, 'y': 3, 'size': 5}}], 'segment': 's5'}, {'id': 'fm2-22', 'wait': ['check_room(r5)'], 'tasks': [{'name': 'vacuum', 'label': 'vacuum(r5)', 'params': {'x': 12, 'y': 3, 'size': 5}}], 'segment': 's5'}, {'id': 'fm2-23', 'wait': ['vacuum(r5)'], 'tasks': [{'name': 'mop', 'label': 'mop(r5)', 'params': {'x': 12, 'y': 3, 'size': 5}}], 'segment': 's5'}, {'id': 'fm2-24', 'wait': ['mop(r5)'], 'tasks': [{'name': 'disinfect', 'label': 'disinfect(r5)', 'params': {'x': 12, 'y': 3, 'size': 5}}], 'segment': 's5'}, {'id': 'fm2-25', 'wait': ['disinfect(r5)'], 'tasks': [{'name': 'final_room_check', 'label': 'final_room_check(r5)', 'params': {'x': 12, 'y': 3, 'size': 5}}], 'segment': 's5'}, {'id': 'fm2-26', 'wait': [], 'tasks': [{'name': 'check_room', 'label': 'check_room(r6)', 'params': {'x': 6, 'y': 12, 'size': 6}}], 'segment': 's6'}, {'id': 'fm2-27', 'wait': ['check_room(r6)'], 'tasks': [{'name': 'vacuum', 'label': 'vacuum(r6)', 'params': {'x': 6, 'y': 12, 'size': 6}}], 'segment': 's6'}, {'id': 'fm2-28', 'wait': ['vacuum(r6)'], 'tasks': [{'name': 'mop', 'label': 'mop(r6)', 'params': {'x': 6, 'y': 12, 'size': 6}}], 'segment': 's6'}, {'id': 'fm2-29', 'wait': ['mop(r6)'], 'tasks': [{'name': 'disinfect', 'label': 'disinfect(r6)', 'params': {'x': 6, 'y': 12, 'size': 6}}], 'segment': 's6'}, {'id': 'fm2-30', 'wait': ['disinfect(r6)'], 'tasks': [{'name': 'final_room_check', 'label': 'final_room_check(r6)', 'params': {'x': 6, 'y': 12, 'size': 6}}], 'segment': 's6'}, {'id': 'fm2-31', 'wait': [], 'tasks': [{'name': 'check_room', 'label': 'check_room(r7)', 'params': {'x': 9, 'y': 7, 'size': 3}}], 'segment': 's7'}, {'id': 'fm2-32', 'wait': ['check_room(r7)'], 'tasks': [{'name': 'vacuum', 'label': 'vacuum(r7)', 'params': {'x': 9, 'y': 7, 'size': 3}}], 'segment': 's7'}, {'id': 'fm2-33', 'wait': ['vacuum(r7)'], 'tasks': [{'name': 'mop', 'label': 'mop(r7)', 'params': {'x': 9, 'y': 7, 'size': 3}}], 'segment': 's7'}, {'id': 'fm2-34', 'wait': ['mop(r7)'], 'tasks': [{'name': 'disinfect', 'label': 'disinfect(r7)', 'params': {'x': 9, 'y': 7, 'size': 3}}], 'segment': 's7'}, {'id': 'fm2-35', 'wait': ['disinfect(r7)'], 'tasks': [{'name': 'final_room_check', 'label': 'final_room_check(r7)', 'params': {'x': 9, 'y': 7, 'size': 3}}], 'segment': 's7'}, {'id': 'fm2-36', 'wait': [], 'tasks': [{'name': 'check_room', 'label': 'check_room(r8)', 'params': {'x': 2, 'y': 8, 'size': 7}}], 'segment': 's8'}, {'id': 'fm2-37', 'wait': ['check_room(r8)'], 'tasks': [{'name': 'vacuum', 'label': 'vacuum(r8)', 'params': {'x': 2, 'y': 8, 'size': 7}}], 'segment': 's8'}, {'id': 'fm2-38', 'wait': ['vacuum(r8)'], 'tasks': [{'name': 'mop', 'label': 'mop(r8)', 'params': {'x': 2, 'y': 8, 'size': 7}}], 'segment': 's8'}, {'id': 'fm2-39', 'wait': ['mop(r8)'], 'tasks': [{'name': 'disinfect', 'label': 'disinfect(r8)', 'params': {'x': 2, 'y': 8, 'size': 7}}], 'segment': 's8'}, {'id': 'fm2-40', 'wait': ['disinfect(r8)'], 'tasks': [{'name': 'final_room_check', 'label': 'final_room_check(r8)', 'params': {'x': 2, 'y': 8, 'size': 7}}], 'segment': 's8'}]}
[INFO] [1787855665.202511473] [multi3_coordinator_node]: Fragment fm2-1 is now executable because all signal messages were received.
[INFO] [1787855665.203164586] [multi3_coordinator_node]: Fragment fm2-6 is now executable because all signal messages were received.
[INFO] [1787855665.203841426] [multi3_coordinator_node]: Fragment fm2-11 is now executable because all signal messages were received.
[INFO] [1787855665.204583477] [multi3_coordinator_node]: Fragment fm2-16 is now executable because all signal messages were received.
[INFO] [1787855665.205227992] [multi3_coordinator_node]: Fragment fm2-21 is now executable because all signal messages were received.
[INFO] [1787855665.205915446] [multi3_coordinator_node]: Fragment fm2-26 is now executable because all signal messages were received.
[INFO] [1787855665.207189530] [multi3_coordinator_node]: Fragment fm2-31 is now executable because all signal messages were received.
[INFO] [1787855665.207984332] [multi3_coordinator_node]: Fragment fm2-36 is now executable because all signal messages were received.
[INFO] [1787855672.514556598] [multi3_coordinator_node]: Execution start signal received. Starting fragment assignment.
[INFO] [1787855673.521247837] [multi3_coordinator_node]: Assigned fragment fm2-1 to robot robot1.
[INFO] [1787855673.525252752] [multi3_coordinator_node]: Assigned fragment fm2-36 to robot robot2.
[INFO] [1787855673.529585325] [multi3_coordinator_node]: Assigned fragment fm2-6 to robot robot3.
[INFO] [1787855673.533979774] [multi3_coordinator_node]: Assigned fragment fm2-11 to robot robot4.
[INFO] [1787855673.563003455] [multi3_coordinator_node]: Assigned fragment fm2-31 to robot robot5.
[INFO] [1787855673.564234668] [multi3_coordinator_node]: Assigned fragment fm2-16 to robot robot6.
[INFO] [1787855673.581250711] [multi3_coordinator_node]: Received robot state update from robot robot1: {'operational_state': 'working', 'current_assigned_fragment': 'fm2-1', 'state': {'position': {'x': 0.0, 'y': 0.0, 'z': 0.0}, 'docked': True}}
[INFO] [1787855673.585332632] [multi3_coordinator_node]: Received robot state update from robot robot4: {'operational_state': 'working', 'current_assigned_fragment': 'fm2-11', 'state': {'position': {'x': 0.0, 'y': 0.0, 'z': 0.0}, 'docked': True}}
[INFO] [1787855673.589782364] [multi3_coordinator_node]: Received robot state update from robot robot2: {'operational_state': 'working', 'current_assigned_fragment': 'fm2-36', 'state': {'position': {'x': 0.0, 'y': 0.0, 'z': 0.0}, 'docked': True}}
[INFO] [1787855673.598231237] [multi3_coordinator_node]: Received robot state update from robot robot3: {'operational_state': 'working', 'current_assigned_fragment': 'fm2-6', 'state': {'position': {'x': 0.0, 'y': 0.0, 'z': 0.0}, 'docked': True}}
[INFO] [1787855673.608939713] [multi3_coordinator_node]: Assigned fragment fm2-21 to robot robot7.
[INFO] [1787855673.610602147] [multi3_coordinator_node]: Received robot state update from robot robot5: {'operational_state': 'working', 'current_assigned_fragment': 'fm2-31', 'state': {'position': {'x': 0.0, 'y': 0.0, 'z': 0.0}, 'docked': True}}
[INFO] [1787855673.620491003] [multi3_coordinator_node]: Received robot state update from robot robot7: {'operational_state': 'working', 'current_assigned_fragment': 'fm2-21', 'state': {'position': {'x': 0.0, 'y': 0.0, 'z': 0.0}, 'docked': True}}
[INFO] [1787855673.621041199] [multi3_coordinator_node]: Received robot state update from robot robot6: {'operational_state': 'working', 'current_assigned_fragment': 'fm2-16', 'state': {'position': {'x': 0.0, 'y': 0.0, 'z': 0.0}, 'docked': True}}
[INFO] [1787855673.624224162] [multi3_coordinator_node]: Assigned fragment fm2-26 to robot robot8.
[INFO] [1787855673.625562712] [multi3_coordinator_node]: Received robot state update from robot robot8: {'operational_state': 'working', 'current_assigned_fragment': 'fm2-26', 'state': {'position': {'x': 0.0, 'y': 0.0, 'z': 0.0}, 'docked': True}}
[INFO] [1787855695.591752542] [multi3_coordinator_node]: Fragment fm2-2 is now executable because all signal messages were received.
[INFO] [1787855695.593096541] [multi3_coordinator_node]: Received robot state update from robot robot1: {'operational_state': 'idle', 'current_assigned_fragment': None, 'state': {'position': {'x': 4, 'y': 2, 'z': 0.0}, 'docked': False}}
[INFO] [1787855695.594201505] [multi3_coordinator_node]: Received coordination message: {'robot_name': 'robot1', 'completed_fragment': 'fm2-1', 'state': {'position': {'x': 4, 'y': 2, 'z': 0.0}, 'docked': False}}
[INFO] [1787855695.594766359] [multi3_coordinator_node]: Received coordination message: {'robot_name': 'robot1', 'completed_task': 'check_room(r1)'}
[INFO] [1787855696.527697981] [multi3_coordinator_node]: Assigned fragment fm2-2 to robot robot1.
[INFO] [1787855696.540669426] [multi3_coordinator_node]: Received robot state update from robot robot1: {'operational_state': 'working', 'current_assigned_fragment': 'fm2-2', 'state': {'position': {'x': 4, 'y': 2, 'z': 0.0}, 'docked': False}}
[INFO] [1787855704.470522556] [multi3_coordinator_node]: Fragment fm2-7 is now executable because all signal messages were received.
[INFO] [1787855704.472582843] [multi3_coordinator_node]: Received robot state update from robot robot3: {'operational_state': 'idle', 'current_assigned_fragment': None, 'state': {'position': {'x': 10, 'y': 5, 'z': 0.0}, 'docked': False}}
[INFO] [1787855704.474258119] [multi3_coordinator_node]: Received coordination message: {'robot_name': 'robot3', 'completed_fragment': 'fm2-6', 'state': {'position': {'x': 10, 'y': 5, 'z': 0.0}, 'docked': False}}
[INFO] [1787855704.475334772] [multi3_coordinator_node]: Received coordination message: {'robot_name': 'robot3', 'completed_task': 'check_room(r2)'}
[INFO] [1787855704.523344138] [multi3_coordinator_node]: Assigned fragment fm2-7 to robot robot3.
[INFO] [1787855704.534193477] [multi3_coordinator_node]: Received robot state update from robot robot3: {'operational_state': 'working', 'current_assigned_fragment': 'fm2-7', 'state': {'position': {'x': 10, 'y': 5, 'z': 0.0}, 'docked': False}}
[INFO] [1787855704.594190756] [multi3_coordinator_node]: Fragment fm2-37 is now executable because all signal messages were received.
[INFO] [1787855704.595979845] [multi3_coordinator_node]: Received robot state update from robot robot2: {'operational_state': 'idle', 'current_assigned_fragment': None, 'state': {'position': {'x': 2, 'y': 8, 'z': 0.0}, 'docked': False}}
[INFO] [1787855704.598203288] [multi3_coordinator_node]: Received coordination message: {'robot_name': 'robot2', 'completed_fragment': 'fm2-36', 'state': {'position': {'x': 2, 'y': 8, 'z': 0.0}, 'docked': False}}
[INFO] [1787855704.609858747] [multi3_coordinator_node]: Received coordination message: {'robot_name': 'robot2', 'completed_task': 'check_room(r8)'}
[INFO] [1787855704.918778039] [multi3_coordinator_node]: Fragment fm2-32 is now executable because all signal messages were received.
[INFO] [1787855704.919742476] [multi3_coordinator_node]: Received robot state update from robot robot5: {'operational_state': 'idle', 'current_assigned_fragment': None, 'state': {'position': {'x': 9, 'y': 7, 'z': 0.0}, 'docked': False}}
[INFO] [1787855704.920433400] [multi3_coordinator_node]: Received coordination message: {'robot_name': 'robot5', 'completed_fragment': 'fm2-31', 'state': {'position': {'x': 9, 'y': 7, 'z': 0.0}, 'docked': False}}
[INFO] [1787855704.921616417] [multi3_coordinator_node]: Received coordination message: {'robot_name': 'robot5', 'completed_task': 'check_room(r7)'}
[INFO] [1787855705.527115053] [multi3_coordinator_node]: Assigned fragment fm2-37 to robot robot2.
[INFO] [1787855705.532228524] [multi3_coordinator_node]: Received robot state update from robot robot2: {'operational_state': 'working', 'current_assigned_fragment': 'fm2-37', 'state': {'position': {'x': 2, 'y': 8, 'z': 0.0}, 'docked': False}}
[INFO] [1787855707.699573700] [multi3_coordinator_node]: Received coordination message: {'robot_name': 'robot6', 'completed_fragment': 'fm2-16', 'state': {'position': {'x': 8, 'y': 9, 'z': 0.0}, 'docked': False}}
[INFO] [1787855707.700242200] [multi3_coordinator_node]: Received robot state update from robot robot6: {'operational_state': 'idle', 'current_assigned_fragment': None, 'state': {'position': {'x': 8, 'y': 9, 'z': 0.0}, 'docked': False}}
[INFO] [1787855707.701682815] [multi3_coordinator_node]: Fragment fm2-17 is now executable because all signal messages were received.
[INFO] [1787855707.702596562] [multi3_coordinator_node]: Received coordination message: {'robot_name': 'robot6', 'completed_task': 'check_room(r4)'}
[INFO] [1787855709.899193996] [multi3_coordinator_node]: Fragment fm2-22 is now executable because all signal messages were received.
[INFO] [1787855709.899931028] [multi3_coordinator_node]: Received robot state update from robot robot7: {'operational_state': 'idle', 'current_assigned_fragment': None, 'state': {'position': {'x': 12, 'y': 3, 'z': 0.0}, 'docked': False}}
[INFO] [1787855709.900342968] [multi3_coordinator_node]: Received coordination message: {'robot_name': 'robot7', 'completed_fragment': 'fm2-21', 'state': {'position': {'x': 12, 'y': 3, 'z': 0.0}, 'docked': False}}
[INFO] [1787855709.901285803] [multi3_coordinator_node]: Received coordination message: {'robot_name': 'robot7', 'completed_task': 'check_room(r5)'}
[INFO] [1787855710.892200251] [multi3_coordinator_node]: Received robot state update from robot robot4: {'operational_state': 'idle', 'current_assigned_fragment': None, 'state': {'position': {'x': 3, 'y': 11, 'z': 0.0}, 'docked': False}}
[INFO] [1787855710.893677699] [multi3_coordinator_node]: Received coordination message: {'robot_name': 'robot4', 'completed_fragment': 'fm2-11', 'state': {'position': {'x': 3, 'y': 11, 'z': 0.0}, 'docked': False}}
[INFO] [1787855710.894374513] [multi3_coordinator_node]: Fragment fm2-12 is now executable because all signal messages were received.
[INFO] [1787855710.895689835] [multi3_coordinator_node]: Received coordination message: {'robot_name': 'robot4', 'completed_task': 'check_room(r3)'}
[INFO] [1787855713.533729778] [multi3_coordinator_node]: Received robot state update from robot robot8: {'operational_state': 'idle', 'current_assigned_fragment': None, 'state': {'position': {'x': 6, 'y': 12, 'z': 0.0}, 'docked': False}}
[INFO] [1787855713.535189439] [multi3_coordinator_node]: Received coordination message: {'robot_name': 'robot8', 'completed_fragment': 'fm2-26', 'state': {'position': {'x': 6, 'y': 12, 'z': 0.0}, 'docked': False}}
[INFO] [1787855713.535834362] [multi3_coordinator_node]: Fragment fm2-27 is now executable because all signal messages were received.
[INFO] [1787855713.536385596] [multi3_coordinator_node]: Received coordination message: {'robot_name': 'robot8', 'completed_task': 'check_room(r6)'}
[INFO] [1787855717.101575794] [multi3_coordinator_node]: Fragment fm2-8 is now executable because all signal messages were received.
[INFO] [1787855717.106312348] [multi3_coordinator_node]: Received robot state update from robot robot3: {'operational_state': 'idle', 'current_assigned_fragment': None, 'state': {'position': {'x': 10, 'y': 5, 'z': 0.0}, 'docked': False}}
[INFO] [1787855717.107992559] [multi3_coordinator_node]: Received coordination message: {'robot_name': 'robot3', 'completed_task': 'vacuum(r2)'}
[INFO] [1787855717.109482632] [multi3_coordinator_node]: Received coordination message: {'robot_name': 'robot3', 'completed_fragment': 'fm2-7', 'state': {'position': {'x': 10, 'y': 5, 'z': 0.0}, 'docked': False}}
[INFO] [1787855717.519878463] [multi3_coordinator_node]: Assigned fragment fm2-32 to robot robot3.
[INFO] [1787855717.522130110] [multi3_coordinator_node]: Assigned fragment fm2-8 to robot robot4.
[INFO] [1787855717.572287698] [multi3_coordinator_node]: Received robot state update from robot robot4: {'operational_state': 'working', 'current_assigned_fragment': 'fm2-8', 'state': {'position': {'x': 3, 'y': 11, 'z': 0.0}, 'docked': False}}
[INFO] [1787855717.577176530] [multi3_coordinator_node]: Received robot state update from robot robot3: {'operational_state': 'working', 'current_assigned_fragment': 'fm2-32', 'state': {'position': {'x': 10, 'y': 5, 'z': 0.0}, 'docked': False}}
[INFO] [1787855717.578364584] [multi3_coordinator_node]: Received robot state update from robot robot1: {'operational_state': 'idle', 'current_assigned_fragment': None, 'state': {'position': {'x': 4, 'y': 2, 'z': 0.0}, 'docked': False}}
[INFO] [1787855717.579311450] [multi3_coordinator_node]: Fragment fm2-3 is now executable because all signal messages were received.
[INFO] [1787855717.580358743] [multi3_coordinator_node]: Received coordination message: {'robot_name': 'robot1', 'completed_task': 'vacuum(r1)'}
[INFO] [1787855717.580864153] [multi3_coordinator_node]: Received coordination message: {'robot_name': 'robot1', 'completed_fragment': 'fm2-2', 'state': {'position': {'x': 4, 'y': 2, 'z': 0.0}, 'docked': False}}
[INFO] [1787855718.522460196] [multi3_coordinator_node]: Assigned fragment fm2-17 to robot robot1.
[INFO] [1787855718.531933332] [multi3_coordinator_node]: Assigned fragment fm2-3 to robot robot5.
[INFO] [1787855718.554756991] [multi3_coordinator_node]: Received robot state update from robot robot1: {'operational_state': 'working', 'current_assigned_fragment': 'fm2-17', 'state': {'position': {'x': 4, 'y': 2, 'z': 0.0}, 'docked': False}}
[INFO] [1787855718.555514284] [multi3_coordinator_node]: Received robot state update from robot robot5: {'operational_state': 'working', 'current_assigned_fragment': 'fm2-3', 'state': {'position': {'x': 9, 'y': 7, 'z': 0.0}, 'docked': False}}
[INFO] [1787855732.067929933] [multi3_coordinator_node]: Received robot state update from robot robot2: {'operational_state': 'idle', 'current_assigned_fragment': None, 'state': {'position': {'x': 2, 'y': 8, 'z': 0.0}, 'docked': False}}
[INFO] [1787855732.069379832] [multi3_coordinator_node]: Fragment fm2-38 is now executable because all signal messages were received.
[INFO] [1787855732.070947196] [multi3_coordinator_node]: Received coordination message: {'robot_name': 'robot2', 'completed_fragment': 'fm2-37', 'state': {'position': {'x': 2, 'y': 8, 'z': 0.0}, 'docked': False}}
[INFO] [1787855732.072016532] [multi3_coordinator_node]: Received coordination message: {'robot_name': 'robot2', 'completed_task': 'vacuum(r8)'}
[INFO] [1787855732.523534776] [multi3_coordinator_node]: Assigned fragment fm2-12 to robot robot2.
[INFO] [1787855732.531145280] [multi3_coordinator_node]: Assigned fragment fm2-38 to robot robot6.
[INFO] [1787855732.539935920] [multi3_coordinator_node]: Received robot state update from robot robot6: {'operational_state': 'working', 'current_assigned_fragment': 'fm2-38', 'state': {'position': {'x': 8, 'y': 9, 'z': 0.0}, 'docked': False}}
[INFO] [1787855732.541621727] [multi3_coordinator_node]: Received robot state update from robot robot2: {'operational_state': 'working', 'current_assigned_fragment': 'fm2-12', 'state': {'position': {'x': 2, 'y': 8, 'z': 0.0}, 'docked': False}}
[INFO] [1787855734.412763610] [multi3_coordinator_node]: Received robot state update from robot robot3: {'operational_state': 'idle', 'current_assigned_fragment': None, 'state': {'position': {'x': 9, 'y': 7, 'z': 0.0}, 'docked': False}}
[INFO] [1787855734.413788193] [multi3_coordinator_node]: Fragment fm2-33 is now executable because all signal messages were received.
[INFO] [1787855734.414257579] [multi3_coordinator_node]: Received coordination message: {'robot_name': 'robot3', 'completed_fragment': 'fm2-32', 'state': {'position': {'x': 9, 'y': 7, 'z': 0.0}, 'docked': False}}
[INFO] [1787855734.414989862] [multi3_coordinator_node]: Received coordination message: {'robot_name': 'robot3', 'completed_task': 'vacuum(r7)'}
[INFO] [1787855734.526579551] [multi3_coordinator_node]: Assigned fragment fm2-22 to robot robot3.
[INFO] [1787855734.573825081] [multi3_coordinator_node]: Assigned fragment fm2-33 to robot robot7.
[INFO] [1787855734.576010356] [multi3_coordinator_node]: Received robot state update from robot robot3: {'operational_state': 'working', 'current_assigned_fragment': 'fm2-22', 'state': {'position': {'x': 9, 'y': 7, 'z': 0.0}, 'docked': False}}
[INFO] [1787855734.618694035] [multi3_coordinator_node]: Received robot state update from robot robot7: {'operational_state': 'working', 'current_assigned_fragment': 'fm2-33', 'state': {'position': {'x': 12, 'y': 3, 'z': 0.0}, 'docked': False}}
[INFO] [1787855745.410638199] [multi3_coordinator_node]: Fragment fm2-18 is now executable because all signal messages were received.
[INFO] [1787855745.411957850] [multi3_coordinator_node]: Received coordination message: {'robot_name': 'robot1', 'completed_fragment': 'fm2-17', 'state': {'position': {'x': 8, 'y': 9, 'z': 0.0}, 'docked': False}}
[INFO] [1787855745.412250759] [multi3_coordinator_node]: Received robot state update from robot robot1: {'operational_state': 'idle', 'current_assigned_fragment': None, 'state': {'position': {'x': 8, 'y': 9, 'z': 0.0}, 'docked': False}}
[INFO] [1787855745.413272712] [multi3_coordinator_node]: Received coordination message: {'robot_name': 'robot1', 'completed_task': 'vacuum(r4)'}
[INFO] [1787855745.526987462] [multi3_coordinator_node]: Assigned fragment fm2-27 to robot robot1.
[INFO] [1787855745.529468368] [multi3_coordinator_node]: Assigned fragment fm2-18 to robot robot8.
[INFO] [1787855745.626163592] [multi3_coordinator_node]: Received robot state update from robot robot8: {'operational_state': 'working', 'current_assigned_fragment': 'fm2-18', 'state': {'position': {'x': 6, 'y': 12, 'z': 0.0}, 'docked': False}}
[INFO] [1787855745.626711779] [multi3_coordinator_node]: Received robot state update from robot robot1: {'operational_state': 'working', 'current_assigned_fragment': 'fm2-27', 'state': {'position': {'x': 8, 'y': 9, 'z': 0.0}, 'docked': False}}
[INFO] [1787855750.656299264] [multi3_coordinator_node]: Fragment fm2-9 is now executable because all signal messages were received.
[INFO] [1787855750.658385794] [multi3_coordinator_node]: Received coordination message: {'robot_name': 'robot4', 'completed_fragment': 'fm2-8', 'state': {'position': {'x': 10, 'y': 5, 'z': 0.0}, 'docked': False}}
[INFO] [1787855750.659113132] [multi3_coordinator_node]: Received coordination message: {'robot_name': 'robot4', 'completed_task': 'mop(r2)'}
[INFO] [1787855750.659482787] [multi3_coordinator_node]: Received robot state update from robot robot4: {'operational_state': 'idle', 'current_assigned_fragment': None, 'state': {'position': {'x': 10, 'y': 5, 'z': 0.0}, 'docked': False}}
[INFO] [1787855751.524691187] [multi3_coordinator_node]: Assigned fragment fm2-9 to robot robot4.
[INFO] [1787855751.614433500] [multi3_coordinator_node]: Received robot state update from robot robot4: {'operational_state': 'working', 'current_assigned_fragment': 'fm2-9', 'state': {'position': {'x': 10, 'y': 5, 'z': 0.0}, 'docked': False}}
[INFO] [1787855759.618517436] [multi3_coordinator_node]: Fragment fm2-10 is now executable because all signal messages were received.
[INFO] [1787855759.621553904] [multi3_coordinator_node]: Received coordination message: {'robot_name': 'robot4', 'completed_fragment': 'fm2-9', 'state': {'position': {'x': 10, 'y': 5, 'z': 0.0}, 'docked': False}}
[INFO] [1787855759.622451524] [multi3_coordinator_node]: Received robot state update from robot robot4: {'operational_state': 'idle', 'current_assigned_fragment': None, 'state': {'position': {'x': 10, 'y': 5, 'z': 0.0}, 'docked': False}}
[INFO] [1787855759.623137141] [multi3_coordinator_node]: Received coordination message: {'robot_name': 'robot4', 'completed_task': 'disinfect(r2)'}
[INFO] [1787855760.528580303] [multi3_coordinator_node]: Assigned fragment fm2-10 to robot robot4.
[INFO] [1787855760.553978081] [multi3_coordinator_node]: Received robot state update from robot robot4: {'operational_state': 'working', 'current_assigned_fragment': 'fm2-10', 'state': {'position': {'x': 10, 'y': 5, 'z': 0.0}, 'docked': False}}
[INFO] [1787855764.832700887] [multi3_coordinator_node]: Received robot state update from robot robot7: {'operational_state': 'idle', 'current_assigned_fragment': None, 'state': {'position': {'x': 9, 'y': 7, 'z': 0.0}, 'docked': False}}
[INFO] [1787855764.833344365] [multi3_coordinator_node]: Fragment fm2-34 is now executable because all signal messages were received.
[INFO] [1787855764.834223768] [multi3_coordinator_node]: Received coordination message: {'robot_name': 'robot7', 'completed_fragment': 'fm2-33', 'state': {'position': {'x': 9, 'y': 7, 'z': 0.0}, 'docked': False}}
[INFO] [1787855764.834969399] [multi3_coordinator_node]: Received coordination message: {'robot_name': 'robot7', 'completed_task': 'mop(r7)'}
[INFO] [1787855765.075288418] [multi3_coordinator_node]: Received coordination message: {'robot_name': 'robot4', 'completed_task': 'final_room_check(r2)'}
[INFO] [1787855765.078431648] [multi3_coordinator_node]: Received robot state update from robot robot4: {'operational_state': 'idle', 'current_assigned_fragment': None, 'state': {'position': {'x': 10, 'y': 5, 'z': 0.0}, 'docked': False}}
[INFO] [1787855765.078894079] [multi3_coordinator_node]: Received coordination message: {'robot_name': 'robot4', 'completed_fragment': 'fm2-10', 'state': {'position': {'x': 10, 'y': 5, 'z': 0.0}, 'docked': False}}
[INFO] [1787855765.508893975] [multi3_coordinator_node]: Received robot state update from robot robot3: {'operational_state': 'idle', 'current_assigned_fragment': None, 'state': {'position': {'x': 12, 'y': 3, 'z': 0.0}, 'docked': False}}
[INFO] [1787855765.511166787] [multi3_coordinator_node]: Received coordination message: {'robot_name': 'robot3', 'completed_fragment': 'fm2-22', 'state': {'position': {'x': 12, 'y': 3, 'z': 0.0}, 'docked': False}}
[INFO] [1787855765.512109503] [multi3_coordinator_node]: Fragment fm2-23 is now executable because all signal messages were received.
[INFO] [1787855765.512807092] [multi3_coordinator_node]: Received coordination message: {'robot_name': 'robot3', 'completed_task': 'vacuum(r5)'}
[INFO] [1787855765.524760296] [multi3_coordinator_node]: Assigned fragment fm2-34 to robot robot3.
[INFO] [1787855765.527532572] [multi3_coordinator_node]: Assigned fragment fm2-23 to robot robot4.
[INFO] [1787855765.546952935] [multi3_coordinator_node]: Received robot state update from robot robot3: {'operational_state': 'working', 'current_assigned_fragment': 'fm2-34', 'state': {'position': {'x': 12, 'y': 3, 'z': 0.0}, 'docked': False}}
[INFO] [1787855765.560723001] [multi3_coordinator_node]: Received robot state update from robot robot4: {'operational_state': 'working', 'current_assigned_fragment': 'fm2-23', 'state': {'position': {'x': 10, 'y': 5, 'z': 0.0}, 'docked': False}}
[INFO] [1787855768.787585758] [multi3_coordinator_node]: Fragment fm2-4 is now executable because all signal messages were received.
[INFO] [1787855768.789584620] [multi3_coordinator_node]: Received robot state update from robot robot5: {'operational_state': 'idle', 'current_assigned_fragment': None, 'state': {'position': {'x': 4, 'y': 2, 'z': 0.0}, 'docked': False}}
[INFO] [1787855768.790113507] [multi3_coordinator_node]: Received coordination message: {'robot_name': 'robot5', 'completed_fragment': 'fm2-3', 'state': {'position': {'x': 4, 'y': 2, 'z': 0.0}, 'docked': False}}
[INFO] [1787855768.791504638] [multi3_coordinator_node]: Received coordination message: {'robot_name': 'robot5', 'completed_task': 'mop(r1)'}
[INFO] [1787855769.526181318] [multi3_coordinator_node]: Assigned fragment fm2-4 to robot robot5.
[INFO] [1787855769.581860245] [multi3_coordinator_node]: Received robot state update from robot robot5: {'operational_state': 'working', 'current_assigned_fragment': 'fm2-4', 'state': {'position': {'x': 4, 'y': 2, 'z': 0.0}, 'docked': False}}
[INFO] [1787855775.199081729] [multi3_coordinator_node]: Received robot state update from robot robot2: {'operational_state': 'idle', 'current_assigned_fragment': None, 'state': {'position': {'x': 3, 'y': 11, 'z': 0.0}, 'docked': False}}
[INFO] [1787855775.200702967] [multi3_coordinator_node]: Received coordination message: {'robot_name': 'robot2', 'completed_fragment': 'fm2-12', 'state': {'position': {'x': 3, 'y': 11, 'z': 0.0}, 'docked': False}}
[INFO] [1787855775.201503023] [multi3_coordinator_node]: Fragment fm2-13 is now executable because all signal messages were received.
[INFO] [1787855775.202158982] [multi3_coordinator_node]: Received coordination message: {'robot_name': 'robot2', 'completed_task': 'vacuum(r3)'}
[INFO] [1787855775.572656955] [multi3_coordinator_node]: Assigned fragment fm2-28 to robot robot7.
[INFO] [1787855775.574958244] [multi3_coordinator_node]: Received robot state update from robot robot1: {'operational_state': 'idle', 'current_assigned_fragment': None, 'state': {'position': {'x': 6, 'y': 12, 'z': 0.0}, 'docked': False}}
[INFO] [1787855775.578120400] [multi3_coordinator_node]: Received robot state update from robot robot7: {'operational_state': 'working', 'current_assigned_fragment': 'fm2-28', 'state': {'position': {'x': 9, 'y': 7, 'z': 0.0}, 'docked': False}}
[INFO] [1787855775.579284187] [multi3_coordinator_node]: Received coordination message: {'robot_name': 'robot1', 'completed_fragment': 'fm2-27', 'state': {'position': {'x': 6, 'y': 12, 'z': 0.0}, 'docked': False}}
[INFO] [1787855775.590175288] [multi3_coordinator_node]: Fragment fm2-28 is now executable because all signal messages were received.
[INFO] [1787855775.592420195] [multi3_coordinator_node]: Assigned fragment fm2-13 to robot robot9.
[INFO] [1787855775.593682896] [multi3_coordinator_node]: Received coordination message: {'robot_name': 'robot1', 'completed_task': 'vacuum(r6)'}
[INFO] [1787855775.594232409] [multi3_coordinator_node]: Received robot state update from robot robot9: {'operational_state': 'working', 'current_assigned_fragment': 'fm2-13', 'state': {'position': {'x': 0.0, 'y': 0.0, 'z': 0.0}, 'docked': True}}
[INFO] [1787855776.831528486] [multi3_coordinator_node]: Received robot state update from robot robot8: {'operational_state': 'idle', 'current_assigned_fragment': None, 'state': {'position': {'x': 8, 'y': 9, 'z': 0.0}, 'docked': False}}
[INFO] [1787855776.832640504] [multi3_coordinator_node]: Fragment fm2-19 is now executable because all signal messages were received.
[INFO] [1787855776.833571594] [multi3_coordinator_node]: Received coordination message: {'robot_name': 'robot8', 'completed_fragment': 'fm2-18', 'state': {'position': {'x': 8, 'y': 9, 'z': 0.0}, 'docked': False}}
[INFO] [1787855776.834043372] [multi3_coordinator_node]: Received coordination message: {'robot_name': 'robot8', 'completed_task': 'mop(r4)'}
[INFO] [1787855777.524312129] [multi3_coordinator_node]: Assigned fragment fm2-19 to robot robot1.
[INFO] [1787855777.538246376] [multi3_coordinator_node]: Received robot state update from robot robot1: {'operational_state': 'working', 'current_assigned_fragment': 'fm2-19', 'state': {'position': {'x': 6, 'y': 12, 'z': 0.0}, 'docked': False}}
[INFO] [1787855783.140943696] [multi3_coordinator_node]: Fragment fm2-39 is now executable because all signal messages were received.
[INFO] [1787855783.143782035] [multi3_coordinator_node]: Received coordination message: {'robot_name': 'robot6', 'completed_fragment': 'fm2-38', 'state': {'position': {'x': 2, 'y': 8, 'z': 0.0}, 'docked': False}}
[INFO] [1787855783.144568841] [multi3_coordinator_node]: Received robot state update from robot robot6: {'operational_state': 'idle', 'current_assigned_fragment': None, 'state': {'position': {'x': 2, 'y': 8, 'z': 0.0}, 'docked': False}}
[INFO] [1787855783.145333667] [multi3_coordinator_node]: Received coordination message: {'robot_name': 'robot6', 'completed_task': 'mop(r8)'}
[INFO] [1787855783.522738531] [multi3_coordinator_node]: Assigned fragment fm2-39 to robot robot2.
[INFO] [1787855783.552770317] [multi3_coordinator_node]: Received robot state update from robot robot2: {'operational_state': 'working', 'current_assigned_fragment': 'fm2-39', 'state': {'position': {'x': 3, 'y': 11, 'z': 0.0}, 'docked': False}}
[INFO] [1787855783.589325325] [multi3_coordinator_node]: Fragment fm2-5 is now executable because all signal messages were received.
[INFO] [1787855783.596054022] [multi3_coordinator_node]: Received robot state update from robot robot5: {'operational_state': 'idle', 'current_assigned_fragment': None, 'state': {'position': {'x': 4, 'y': 2, 'z': 0.0}, 'docked': False}}
[INFO] [1787855783.597704903] [multi3_coordinator_node]: Received coordination message: {'robot_name': 'robot5', 'completed_fragment': 'fm2-4', 'state': {'position': {'x': 4, 'y': 2, 'z': 0.0}, 'docked': False}}
[INFO] [1787855783.598671207] [multi3_coordinator_node]: Received coordination message: {'robot_name': 'robot5', 'completed_task': 'disinfect(r1)'}
[INFO] [1787855784.527872995] [multi3_coordinator_node]: Assigned fragment fm2-5 to robot robot5.
[INFO] [1787855784.537560043] [multi3_coordinator_node]: Received robot state update from robot robot5: {'operational_state': 'working', 'current_assigned_fragment': 'fm2-5', 'state': {'position': {'x': 4, 'y': 2, 'z': 0.0}, 'docked': False}}
[INFO] [1787855785.268832703] [multi3_coordinator_node]: Fragment fm2-35 is now executable because all signal messages were received.
[INFO] [1787855785.270305894] [multi3_coordinator_node]: Received coordination message: {'robot_name': 'robot3', 'completed_fragment': 'fm2-34', 'state': {'position': {'x': 9, 'y': 7, 'z': 0.0}, 'docked': False}}
[INFO] [1787855785.271054888] [multi3_coordinator_node]: Received robot state update from robot robot3: {'operational_state': 'idle', 'current_assigned_fragment': None, 'state': {'position': {'x': 9, 'y': 7, 'z': 0.0}, 'docked': False}}
[INFO] [1787855785.271856517] [multi3_coordinator_node]: Received coordination message: {'robot_name': 'robot3', 'completed_task': 'disinfect(r7)'}
[INFO] [1787855785.518239306] [multi3_coordinator_node]: Assigned fragment fm2-35 to robot robot3.
[INFO] [1787855785.527529097] [multi3_coordinator_node]: Received robot state update from robot robot3: {'operational_state': 'working', 'current_assigned_fragment': 'fm2-35', 'state': {'position': {'x': 9, 'y': 7, 'z': 0.0}, 'docked': False}}
[INFO] [1787855792.070892213] [multi3_coordinator_node]: Received coordination message: {'robot_name': 'robot3', 'completed_task': 'final_room_check(r7)'}
[INFO] [1787855792.071717684] [multi3_coordinator_node]: Received robot state update from robot robot3: {'operational_state': 'idle', 'current_assigned_fragment': None, 'state': {'position': {'x': 9, 'y': 7, 'z': 0.0}, 'docked': False}}
[INFO] [1787855792.072828343] [multi3_coordinator_node]: Received coordination message: {'robot_name': 'robot3', 'completed_fragment': 'fm2-35', 'state': {'position': {'x': 9, 'y': 7, 'z': 0.0}, 'docked': False}}
[INFO] [1787855793.583442196] [multi3_coordinator_node]: Received coordination message: {'robot_name': 'robot5', 'completed_task': 'final_room_check(r1)'}
[INFO] [1787855793.584770070] [multi3_coordinator_node]: Received robot state update from robot robot5: {'operational_state': 'idle', 'current_assigned_fragment': None, 'state': {'position': {'x': 4, 'y': 2, 'z': 0.0}, 'docked': False}}
[INFO] [1787855793.585129298] [multi3_coordinator_node]: Received coordination message: {'robot_name': 'robot5', 'completed_fragment': 'fm2-5', 'state': {'position': {'x': 4, 'y': 2, 'z': 0.0}, 'docked': False}}
[INFO] [1787855794.797996126] [multi3_coordinator_node]: Received coordination message: {'robot_name': 'robot1', 'completed_fragment': 'fm2-19', 'state': {'position': {'x': 8, 'y': 9, 'z': 0.0}, 'docked': False}}
[INFO] [1787855794.799707571] [multi3_coordinator_node]: Fragment fm2-20 is now executable because all signal messages were received.
[INFO] [1787855794.800932695] [multi3_coordinator_node]: Received robot state update from robot robot1: {'operational_state': 'idle', 'current_assigned_fragment': None, 'state': {'position': {'x': 8, 'y': 9, 'z': 0.0}, 'docked': False}}
[INFO] [1787855794.801696343] [multi3_coordinator_node]: Received coordination message: {'robot_name': 'robot1', 'completed_task': 'disinfect(r4)'}
[INFO] [1787855795.524518425] [multi3_coordinator_node]: Assigned fragment fm2-20 to robot robot1.
[INFO] [1787855795.551081081] [multi3_coordinator_node]: Received robot state update from robot robot1: {'operational_state': 'working', 'current_assigned_fragment': 'fm2-20', 'state': {'position': {'x': 8, 'y': 9, 'z': 0.0}, 'docked': False}}
[INFO] [1787855803.586910777] [multi3_coordinator_node]: Received coordination message: {'robot_name': 'robot1', 'completed_task': 'final_room_check(r4)'}
[INFO] [1787855803.588832583] [multi3_coordinator_node]: Received robot state update from robot robot1: {'operational_state': 'idle', 'current_assigned_fragment': None, 'state': {'position': {'x': 8, 'y': 9, 'z': 0.0}, 'docked': False}}
[INFO] [1787855803.589858367] [multi3_coordinator_node]: Received coordination message: {'robot_name': 'robot1', 'completed_fragment': 'fm2-20', 'state': {'position': {'x': 8, 'y': 9, 'z': 0.0}, 'docked': False}}
[INFO] [1787855809.662473091] [multi3_coordinator_node]: Fragment fm2-24 is now executable because all signal messages were received.
[INFO] [1787855809.664622473] [multi3_coordinator_node]: Received coordination message: {'robot_name': 'robot4', 'completed_fragment': 'fm2-23', 'state': {'position': {'x': 12, 'y': 3, 'z': 0.0}, 'docked': False}}
[INFO] [1787855809.665905948] [multi3_coordinator_node]: Received robot state update from robot robot4: {'operational_state': 'idle', 'current_assigned_fragment': None, 'state': {'position': {'x': 12, 'y': 3, 'z': 0.0}, 'docked': False}}
[INFO] [1787855809.666896814] [multi3_coordinator_node]: Received coordination message: {'robot_name': 'robot4', 'completed_task': 'mop(r5)'}
[INFO] [1787855809.775008017] [multi3_coordinator_node]: Fragment fm2-40 is now executable because all signal messages were received.
[INFO] [1787855809.778466665] [multi3_coordinator_node]: Received robot state update from robot robot2: {'operational_state': 'idle', 'current_assigned_fragment': None, 'state': {'position': {'x': 2, 'y': 8, 'z': 0.0}, 'docked': False}}
[INFO] [1787855809.780007950] [multi3_coordinator_node]: Received coordination message: {'robot_name': 'robot2', 'completed_task': 'disinfect(r8)'}
[INFO] [1787855809.781268414] [multi3_coordinator_node]: Received coordination message: {'robot_name': 'robot2', 'completed_fragment': 'fm2-39', 'state': {'position': {'x': 2, 'y': 8, 'z': 0.0}, 'docked': False}}
[INFO] [1787855810.525286985] [multi3_coordinator_node]: Assigned fragment fm2-40 to robot robot1.
[INFO] [1787855810.528590458] [multi3_coordinator_node]: Assigned fragment fm2-24 to robot robot2.
[INFO] [1787855810.558448015] [multi3_coordinator_node]: Received robot state update from robot robot1: {'operational_state': 'working', 'current_assigned_fragment': 'fm2-40', 'state': {'position': {'x': 8, 'y': 9, 'z': 0.0}, 'docked': False}}
[INFO] [1787855810.559446595] [multi3_coordinator_node]: Received robot state update from robot robot2: {'operational_state': 'working', 'current_assigned_fragment': 'fm2-24', 'state': {'position': {'x': 2, 'y': 8, 'z': 0.0}, 'docked': False}}
[INFO] [1787855819.100212240] [multi3_coordinator_node]: Fragment fm2-29 is now executable because all signal messages were received.
[INFO] [1787855819.102735456] [multi3_coordinator_node]: Received coordination message: {'robot_name': 'robot7', 'completed_fragment': 'fm2-28', 'state': {'position': {'x': 6, 'y': 12, 'z': 0.0}, 'docked': False}}
[INFO] [1787855819.103054472] [multi3_coordinator_node]: Received robot state update from robot robot7: {'operational_state': 'idle', 'current_assigned_fragment': None, 'state': {'position': {'x': 6, 'y': 12, 'z': 0.0}, 'docked': False}}
[INFO] [1787855819.104020049] [multi3_coordinator_node]: Received coordination message: {'robot_name': 'robot7', 'completed_task': 'mop(r6)'}
[INFO] [1787855819.523711919] [multi3_coordinator_node]: Assigned fragment fm2-29 to robot robot3.
[INFO] [1787855819.535701575] [multi3_coordinator_node]: Received robot state update from robot robot3: {'operational_state': 'working', 'current_assigned_fragment': 'fm2-29', 'state': {'position': {'x': 9, 'y': 7, 'z': 0.0}, 'docked': False}}
[INFO] [1787855833.082421843] [multi3_coordinator_node]: Received coordination message: {'robot_name': 'robot1', 'completed_fragment': 'fm2-40', 'state': {'position': {'x': 2, 'y': 8, 'z': 0.0}, 'docked': False}}
[INFO] [1787855833.085735465] [multi3_coordinator_node]: Received coordination message: {'robot_name': 'robot1', 'completed_task': 'final_room_check(r8)'}
[INFO] [1787855833.086362217] [multi3_coordinator_node]: Received robot state update from robot robot1: {'operational_state': 'idle', 'current_assigned_fragment': None, 'state': {'position': {'x': 2, 'y': 8, 'z': 0.0}, 'docked': False}}
[INFO] [1787855840.662675990] [multi3_coordinator_node]: Fragment fm2-25 is now executable because all signal messages were received.
[INFO] [1787855840.663700225] [multi3_coordinator_node]: Received coordination message: {'robot_name': 'robot2', 'completed_fragment': 'fm2-24', 'state': {'position': {'x': 12, 'y': 3, 'z': 0.0}, 'docked': False}}
[INFO] [1787855840.664527755] [multi3_coordinator_node]: Received robot state update from robot robot2: {'operational_state': 'idle', 'current_assigned_fragment': None, 'state': {'position': {'x': 12, 'y': 3, 'z': 0.0}, 'docked': False}}
[INFO] [1787855840.666227705] [multi3_coordinator_node]: Received coordination message: {'robot_name': 'robot2', 'completed_task': 'disinfect(r5)'}
[INFO] [1787855841.611343159] [multi3_coordinator_node]: Assigned fragment fm2-25 to robot robot1.
[INFO] [1787855841.677369585] [multi3_coordinator_node]: Received robot state update from robot robot1: {'operational_state': 'working', 'current_assigned_fragment': 'fm2-25', 'state': {'position': {'x': 2, 'y': 8, 'z': 0.0}, 'docked': False}}
[INFO] [1787855842.086803252] [multi3_coordinator_node]: Fragment fm2-30 is now executable because all signal messages were received.
[INFO] [1787855842.087727920] [multi3_coordinator_node]: Received robot state update from robot robot3: {'operational_state': 'idle', 'current_assigned_fragment': None, 'state': {'position': {'x': 6, 'y': 12, 'z': 0.0}, 'docked': False}}
[INFO] [1787855842.089427866] [multi3_coordinator_node]: Received coordination message: {'robot_name': 'robot3', 'completed_fragment': 'fm2-29', 'state': {'position': {'x': 6, 'y': 12, 'z': 0.0}, 'docked': False}}
[INFO] [1787855842.090498361] [multi3_coordinator_node]: Received coordination message: {'robot_name': 'robot3', 'completed_task': 'disinfect(r6)'}
[INFO] [1787855842.517786332] [multi3_coordinator_node]: Assigned fragment fm2-30 to robot robot2.
[INFO] [1787855842.542943012] [multi3_coordinator_node]: Received robot state update from robot robot2: {'operational_state': 'working', 'current_assigned_fragment': 'fm2-30', 'state': {'position': {'x': 12, 'y': 3, 'z': 0.0}, 'docked': False}}
[INFO] [1787855842.956249189] [multi3_coordinator_node]: Received coordination message: {'robot_name': 'robot9', 'completed_fragment': 'fm2-13', 'state': {'position': {'x': 3, 'y': 11, 'z': 0.0}, 'docked': False}}
[INFO] [1787855842.957133135] [multi3_coordinator_node]: Received robot state update from robot robot9: {'operational_state': 'idle', 'current_assigned_fragment': None, 'state': {'position': {'x': 3, 'y': 11, 'z': 0.0}, 'docked': False}}
[INFO] [1787855842.957904116] [multi3_coordinator_node]: Fragment fm2-14 is now executable because all signal messages were received.
[INFO] [1787855842.958550837] [multi3_coordinator_node]: Received coordination message: {'robot_name': 'robot9', 'completed_task': 'mop(r3)'}
[INFO] [1787855843.522734105] [multi3_coordinator_node]: Assigned fragment fm2-14 to robot robot3.
[INFO] [1787855843.553524058] [multi3_coordinator_node]: Received robot state update from robot robot3: {'operational_state': 'working', 'current_assigned_fragment': 'fm2-14', 'state': {'position': {'x': 6, 'y': 12, 'z': 0.0}, 'docked': False}}
[INFO] [1787855863.583828838] [multi3_coordinator_node]: Received robot state update from robot robot2: {'operational_state': 'idle', 'current_assigned_fragment': None, 'state': {'position': {'x': 6, 'y': 12, 'z': 0.0}, 'docked': False}}
[INFO] [1787855863.584540296] [multi3_coordinator_node]: Received coordination message: {'robot_name': 'robot2', 'completed_fragment': 'fm2-30', 'state': {'position': {'x': 6, 'y': 12, 'z': 0.0}, 'docked': False}}
[INFO] [1787855863.585155764] [multi3_coordinator_node]: Received coordination message: {'robot_name': 'robot2', 'completed_task': 'final_room_check(r6)'}
[INFO] [1787855871.229039862] [multi3_coordinator_node]: Received robot state update from robot robot3: {'operational_state': 'idle', 'current_assigned_fragment': None, 'state': {'position': {'x': 3, 'y': 11, 'z': 0.0}, 'docked': False}}
[INFO] [1787855871.232431731] [multi3_coordinator_node]: Received coordination message: {'robot_name': 'robot3', 'completed_fragment': 'fm2-14', 'state': {'position': {'x': 3, 'y': 11, 'z': 0.0}, 'docked': False}}
[INFO] [1787855871.232714269] [multi3_coordinator_node]: Fragment fm2-15 is now executable because all signal messages were received.
[INFO] [1787855871.233974779] [multi3_coordinator_node]: Received coordination message: {'robot_name': 'robot3', 'completed_task': 'disinfect(r3)'}
[INFO] [1787855871.349904023] [multi3_coordinator_node]: Received coordination message: {'robot_name': 'robot1', 'completed_task': 'final_room_check(r5)'}
[INFO] [1787855871.351318057] [multi3_coordinator_node]: Received coordination message: {'robot_name': 'robot1', 'completed_fragment': 'fm2-25', 'state': {'position': {'x': 12, 'y': 3, 'z': 0.0}, 'docked': False}}
[INFO] [1787855871.355017636] [multi3_coordinator_node]: Received robot state update from robot robot1: {'operational_state': 'idle', 'current_assigned_fragment': None, 'state': {'position': {'x': 12, 'y': 3, 'z': 0.0}, 'docked': False}}
[INFO] [1787855871.518618724] [multi3_coordinator_node]: Assigned fragment fm2-15 to robot robot1.
[INFO] [1787855871.543038517] [multi3_coordinator_node]: Received robot state update from robot robot1: {'operational_state': 'working', 'current_assigned_fragment': 'fm2-15', 'state': {'position': {'x': 12, 'y': 3, 'z': 0.0}, 'docked': False}}
[INFO] [1787855902.208292319] [multi3_coordinator_node]: Received coordination message: {'robot_name': 'robot1', 'completed_task': 'final_room_check(r3)'}
[INFO] [1787855902.209393920] [multi3_coordinator_node]: Received coordination message: {'robot_name': 'robot1', 'completed_fragment': 'fm2-15', 'state': {'position': {'x': 3, 'y': 11, 'z': 0.0}, 'docked': False}}
[INFO] [1787855902.209763438] [multi3_coordinator_node]: Received robot state update from robot robot1: {'operational_state': 'idle', 'current_assigned_fragment': None, 'state': {'position': {'x': 3, 'y': 11, 'z': 0.0}, 'docked': False}}
Traceback (most recent call last):
  File "/root/ros2_ws/install/multi3_coordinator/lib/multi3_coordinator/coordinator", line 33, in <module>
    sys.exit(load_entry_point('multi3-coordinator==0.0.0', 'console_scripts', 'coordinator')())
  File "/root/ros2_ws/install/multi3_coordinator/lib/python3.10/site-packages/nodes/coordinator.py", line 371, in main
    rclpy.shutdown()
  File "/opt/ros/humble/local/lib/python3.10/dist-packages/rclpy/__init__.py", line 130, in shutdown
    _shutdown(context=context)
  File "/opt/ros/humble/local/lib/python3.10/dist-packages/rclpy/utilities.py", line 58, in shutdown
    return context.shutdown()
  File "/opt/ros/humble/local/lib/python3.10/dist-packages/rclpy/context.py", line 102, in shutdown
    self.__context.shutdown()
rclpy._rclpy_pybind11.RCLError: failed to shutdown: rcl_shutdown already called on the given context, at ./src/rcl/init.c:241

--- executor_robot1.log ---
[INFO] [1787855647.223354923] [robot1.fragment_exec_node]: Setting up skill: UndockSkill
[INFO] [1787855647.224526362] [robot1.fragment_exec_node]: Setting up skill: NavigateSkill
[INFO] [1787855647.225454844] [robot1.fragment_exec_node]: Setting up skill: CheckRoomSkill
[INFO] [1787855647.226253286] [robot1.fragment_exec_node]: Setting up skill: VacuumSkill
[INFO] [1787855647.226989504] [robot1.fragment_exec_node]: Setting up skill: DisinfectSkill
[INFO] [1787855647.227620644] [robot1.fragment_exec_node]: Setting up skill: CheckRoomSkill
[INFO] [1787855647.233899734] [robot1.fragment_exec_node]: Published robot registration: {'name': 'robot1', 'operational_state': 'idle', 'capabilities': ['undock', 'check_room', 'move_to', 'vacuum', 'disinfect'], 'state': {'position': {'x': 0.0, 'y': 0.0, 'z': 0.0}, 'docked': True}}
[INFO] [1787855673.524762989] [robot1.fragment_exec_node]: Received fragment assignment: {'robot': 'robot1', 'fragment': {'id': 'fm2-1', 'mission': 'm2', 'state': 'assigned', 'wait': [], 'tasks': [{'name': 'check_room', 'label': 'check_room(r1)', 'params': {'x': 4, 'y': 2, 'size': 6}}], 'arrive_timestamp': 1787855665, 'priority': 1, 'segment': 's1'}}
[INFO] [1787855673.532999330] [robot1.fragment_exec_node]: Starting execution of fragment fm2-1...
[INFO] [1787855673.542434780] [robot1.fragment_exec_node]: Executing task check_room(r1). Params: {'x': 4, 'y': 2, 'size': 6}, Virtual state: {'position': {'x': 0.0, 'y': 0.0, 'z': 0.0}, 'docked': True}
[INFO] [1787855673.547439007] [robot1.fragment_exec_node]: EventType: Control (Task: check_room), Activity: undock, Robot: robot1, Mission: m2, Segment: s1, Start: 1787855673.5427642
[INFO] [1787855673.548463881] [robot1.fragment_exec_node]: Simulating undock skill...
[INFO] [1787855677.555242959] [robot1.fragment_exec_node]: Undock completed!
[INFO] [1787855677.556590384] [robot1.fragment_exec_node]: EventType: Control (Task: check_room), Activity: undock, Robot: robot1, Mission: m2, Segment: s1, End: 1787855677.5557842
[INFO] [1787855677.557942201] [robot1.fragment_exec_node]: EventType: Control (Task: check_room), Activity: move_to, Robot: robot1, Mission: m2, Segment: s1, Start: 1787855677.5570579
[INFO] [1787855677.559151093] [robot1.fragment_exec_node]: Simulating navigate skill from position (0.0, 0.0) to (4, 2) (8.94427190999916 seconds)...
[INFO] [1787855686.506228236] [robot1.fragment_exec_node]: Navigation completed!
[INFO] [1787855686.508515024] [robot1.fragment_exec_node]: EventType: Control (Task: check_room), Activity: move_to, Robot: robot1, Mission: m2, Segment: s1, End: 1787855686.5072765
[INFO] [1787855686.509423405] [robot1.fragment_exec_node]: EventType: Task, Activity: check_room, Robot: robot1, Mission: m2, Segment: s1, Start: 1787855686.5089111
[INFO] [1787855686.510255789] [robot1.fragment_exec_node]: Simulating check_room skill (9.0s to complete)...
[INFO] [1787855695.513900194] [robot1.fragment_exec_node]: Check room completed!
[INFO] [1787855695.516915318] [robot1.fragment_exec_node]: EventType: Task, Activity: check_room, Robot: robot1, Mission: m2, Segment: s1, End: 1787855695.5150259
[INFO] [1787855695.519675724] [robot1.fragment_exec_node]: Execution of fragment fm2-1 completed!
[INFO] [1787855696.531293806] [robot1.fragment_exec_node]: Received fragment assignment: {'robot': 'robot1', 'fragment': {'id': 'fm2-2', 'mission': 'm2', 'state': 'assigned', 'wait': ['check_room(r1)'], 'tasks': [{'name': 'vacuum', 'label': 'vacuum(r1)', 'params': {'x': 4, 'y': 2, 'size': 6}}], 'arrive_timestamp': 1787855665, 'priority': 1, 'segment': 's1'}}
[INFO] [1787855696.536140990] [robot1.fragment_exec_node]: Starting execution of fragment fm2-2...
[INFO] [1787855696.538262678] [robot1.fragment_exec_node]: Executing task vacuum(r1). Params: {'x': 4, 'y': 2, 'size': 6}, Virtual state: {'position': {'x': 4, 'y': 2, 'z': 0.0}, 'docked': False}
[INFO] [1787855696.539854651] [robot1.fragment_exec_node]: EventType: Task, Activity: vacuum, Robot: robot1, Mission: m2, Segment: s1, Start: 1787855696.538731
[INFO] [1787855696.540788910] [robot1.fragment_exec_node]: Simulating vacuum skill (21.0s to complete)...
[INFO] [1787855717.542674969] [robot1.fragment_exec_node]: Vacuum completed!
[INFO] [1787855717.543556744] [robot1.fragment_exec_node]: EventType: Task, Activity: vacuum, Robot: robot1, Mission: m2, Segment: s1, End: 1787855717.5432186
[INFO] [1787855717.544603024] [robot1.fragment_exec_node]: Execution of fragment fm2-2 completed!
[INFO] [1787855718.536469171] [robot1.fragment_exec_node]: Received fragment assignment: {'robot': 'robot1', 'fragment': {'id': 'fm2-17', 'mission': 'm2', 'state': 'assigned', 'wait': ['check_room(r4)'], 'tasks': [{'name': 'vacuum', 'label': 'vacuum(r4)', 'params': {'x': 8, 'y': 9, 'size': 4}}], 'arrive_timestamp': 1787855665, 'priority': 1, 'segment': 's4'}}
[INFO] [1787855718.538510988] [robot1.fragment_exec_node]: Starting execution of fragment fm2-17...
[INFO] [1787855718.540182188] [robot1.fragment_exec_node]: Executing task vacuum(r4). Params: {'x': 8, 'y': 9, 'size': 4}, Virtual state: {'position': {'x': 4, 'y': 2, 'z': 0.0}, 'docked': False}
[INFO] [1787855718.541037287] [robot1.fragment_exec_node]: EventType: Control (Task: vacuum), Activity: move_to, Robot: robot1, Mission: m2, Segment: s4, Start: 1787855718.5405602
[INFO] [1787855718.541871161] [robot1.fragment_exec_node]: Simulating navigate skill from position (4, 2) to (8, 9) (12.806248474865697 seconds)...
[INFO] [1787855731.351319999] [robot1.fragment_exec_node]: Navigation completed!
[INFO] [1787855731.354130079] [robot1.fragment_exec_node]: EventType: Control (Task: vacuum), Activity: move_to, Robot: robot1, Mission: m2, Segment: s4, End: 1787855731.3526816
[INFO] [1787855731.355607133] [robot1.fragment_exec_node]: EventType: Task, Activity: vacuum, Robot: robot1, Mission: m2, Segment: s4, Start: 1787855731.354709
[INFO] [1787855731.357361493] [robot1.fragment_exec_node]: Simulating vacuum skill (14.0s to complete)...
[INFO] [1787855745.361440778] [robot1.fragment_exec_node]: Vacuum completed!
[INFO] [1787855745.364420582] [robot1.fragment_exec_node]: EventType: Task, Activity: vacuum, Robot: robot1, Mission: m2, Segment: s4, End: 1787855745.3626726
[INFO] [1787855745.366712264] [robot1.fragment_exec_node]: Execution of fragment fm2-17 completed!
[INFO] [1787855745.537613210] [robot1.fragment_exec_node]: Received fragment assignment: {'robot': 'robot1', 'fragment': {'id': 'fm2-27', 'mission': 'm2', 'state': 'assigned', 'wait': ['check_room(r6)'], 'tasks': [{'name': 'vacuum', 'label': 'vacuum(r6)', 'params': {'x': 6, 'y': 12, 'size': 6}}], 'arrive_timestamp': 1787855665, 'priority': 1, 'segment': 's6'}}
[INFO] [1787855745.538947569] [robot1.fragment_exec_node]: Starting execution of fragment fm2-27...
[INFO] [1787855745.540277050] [robot1.fragment_exec_node]: Executing task vacuum(r6). Params: {'x': 6, 'y': 12, 'size': 6}, Virtual state: {'position': {'x': 8, 'y': 9, 'z': 0.0}, 'docked': False}
[INFO] [1787855745.541500402] [robot1.fragment_exec_node]: EventType: Control (Task: vacuum), Activity: move_to, Robot: robot1, Mission: m2, Segment: s6, Start: 1787855745.5408802
[INFO] [1787855745.542429936] [robot1.fragment_exec_node]: Simulating navigate skill from position (8, 9) to (6, 12) (8.94427190999916 seconds)...
[INFO] [1787855754.488421394] [robot1.fragment_exec_node]: Navigation completed!
[INFO] [1787855754.493173905] [robot1.fragment_exec_node]: EventType: Control (Task: vacuum), Activity: move_to, Robot: robot1, Mission: m2, Segment: s6, End: 1787855754.4911745
[INFO] [1787855754.494772132] [robot1.fragment_exec_node]: EventType: Task, Activity: vacuum, Robot: robot1, Mission: m2, Segment: s6, Start: 1787855754.4938872
[INFO] [1787855754.496467395] [robot1.fragment_exec_node]: Simulating vacuum skill (21.0s to complete)...
[INFO] [1787855775.500389879] [robot1.fragment_exec_node]: Vacuum completed!
[INFO] [1787855775.504007882] [robot1.fragment_exec_node]: EventType: Task, Activity: vacuum, Robot: robot1, Mission: m2, Segment: s6, End: 1787855775.5023465
[INFO] [1787855775.506574982] [robot1.fragment_exec_node]: Execution of fragment fm2-27 completed!
[INFO] [1787855777.527486141] [robot1.fragment_exec_node]: Received fragment assignment: {'robot': 'robot1', 'fragment': {'id': 'fm2-19', 'mission': 'm2', 'state': 'assigned', 'wait': ['mop(r4)'], 'tasks': [{'name': 'disinfect', 'label': 'disinfect(r4)', 'params': {'x': 8, 'y': 9, 'size': 4}}], 'arrive_timestamp': 1787855665, 'priority': 1, 'segment': 's4'}}
[INFO] [1787855777.529439953] [robot1.fragment_exec_node]: Starting execution of fragment fm2-19...
[INFO] [1787855777.531208481] [robot1.fragment_exec_node]: Waiting for coordination messages before executing fragment fm2-19: ['mop(r4)']
[INFO] [1787855779.537587060] [robot1.fragment_exec_node]: Executing task disinfect(r4). Params: {'x': 8, 'y': 9, 'size': 4}, Virtual state: {'position': {'x': 6, 'y': 12, 'z': 0.0}, 'docked': False}
[INFO] [1787855779.541232160] [robot1.fragment_exec_node]: EventType: Control (Task: disinfect), Activity: move_to, Robot: robot1, Mission: m2, Segment: s4, Start: 1787855779.538642
[INFO] [1787855779.543402412] [robot1.fragment_exec_node]: Simulating navigate skill from position (6, 12) to (8, 9) (7.211102550927978 seconds)...
[INFO] [1787855786.759082923] [robot1.fragment_exec_node]: Navigation completed!
[INFO] [1787855786.762175721] [robot1.fragment_exec_node]: EventType: Control (Task: disinfect), Activity: move_to, Robot: robot1, Mission: m2, Segment: s4, End: 1787855786.7602284
[INFO] [1787855786.765051433] [robot1.fragment_exec_node]: EventType: Task, Activity: disinfect, Robot: robot1, Mission: m2, Segment: s4, Start: 1787855786.763176
[INFO] [1787855786.766787906] [robot1.fragment_exec_node]: Simulating disinfect skill (8s to complete)...
[INFO] [1787855794.771006463] [robot1.fragment_exec_node]: Disinfect completed!
[INFO] [1787855794.773756360] [robot1.fragment_exec_node]: EventType: Task, Activity: disinfect, Robot: robot1, Mission: m2, Segment: s4, End: 1787855794.7721355
[INFO] [1787855794.776101402] [robot1.fragment_exec_node]: Execution of fragment fm2-19 completed!
[INFO] [1787855795.546397411] [robot1.fragment_exec_node]: Received fragment assignment: {'robot': 'robot1', 'fragment': {'id': 'fm2-20', 'mission': 'm2', 'state': 'assigned', 'wait': ['disinfect(r4)'], 'tasks': [{'name': 'final_room_check', 'label': 'final_room_check(r4)', 'params': {'x': 8, 'y': 9, 'size': 4}}], 'arrive_timestamp': 1787855665, 'priority': 1, 'segment': 's4'}}
[INFO] [1787855795.547147352] [robot1.fragment_exec_node]: Starting execution of fragment fm2-20...
[INFO] [1787855795.548077953] [robot1.fragment_exec_node]: Waiting for coordination messages before executing fragment fm2-20: ['disinfect(r4)']
[ERROR] [1787855797.551726208] [robot1.fragment_exec_node]: Robot robot1 was assigned a fragment without required capabilities!
[INFO] [1787855797.553237539] [robot1.fragment_exec_node]: Executing task final_room_check(r4). Params: {'x': 8, 'y': 9, 'size': 4}, Virtual state: {'position': {'x': 8, 'y': 9, 'z': 0.0}, 'docked': False}
[INFO] [1787855797.554221597] [robot1.fragment_exec_node]: EventType: Task, Activity: final_room_check, Robot: robot1, Mission: m2, Segment: s4, Start: 1787855797.5536056
[INFO] [1787855797.555373838] [robot1.fragment_exec_node]: Simulating check_room skill (6.0s to complete)...
[INFO] [1787855803.557204124] [robot1.fragment_exec_node]: Check room completed!
[INFO] [1787855803.558190797] [robot1.fragment_exec_node]: EventType: Task, Activity: final_room_check, Robot: robot1, Mission: m2, Segment: s4, End: 1787855803.5576653
[INFO] [1787855803.559600855] [robot1.fragment_exec_node]: Execution of fragment fm2-20 completed!
[INFO] [1787855810.524128834] [robot1.fragment_exec_node]: Received fragment assignment: {'robot': 'robot1', 'fragment': {'id': 'fm2-40', 'mission': 'm2', 'state': 'assigned', 'wait': ['disinfect(r8)'], 'tasks': [{'name': 'final_room_check', 'label': 'final_room_check(r8)', 'params': {'x': 2, 'y': 8, 'size': 7}}], 'arrive_timestamp': 1787855665, 'priority': 1, 'segment': 's8'}}
[INFO] [1787855810.526065858] [robot1.fragment_exec_node]: Starting execution of fragment fm2-40...
[ERROR] [1787855810.528360083] [robot1.fragment_exec_node]: Robot robot1 was assigned a fragment without required capabilities!
[INFO] [1787855810.532219385] [robot1.fragment_exec_node]: Executing task final_room_check(r8). Params: {'x': 2, 'y': 8, 'size': 7}, Virtual state: {'position': {'x': 8, 'y': 9, 'z': 0.0}, 'docked': False}
[INFO] [1787855810.533850135] [robot1.fragment_exec_node]: EventType: Control (Task: final_room_check), Activity: move_to, Robot: robot1, Mission: m2, Segment: s8, Start: 1787855810.532709
[INFO] [1787855810.535800979] [robot1.fragment_exec_node]: Simulating navigate skill from position (8, 9) to (2, 8) (12.0 seconds)...
[INFO] [1787855822.540175836] [robot1.fragment_exec_node]: Navigation completed!
[INFO] [1787855822.543314645] [robot1.fragment_exec_node]: EventType: Control (Task: final_room_check), Activity: move_to, Robot: robot1, Mission: m2, Segment: s8, End: 1787855822.5414207
[INFO] [1787855822.545426985] [robot1.fragment_exec_node]: EventType: Task, Activity: final_room_check, Robot: robot1, Mission: m2, Segment: s8, Start: 1787855822.5442626
[INFO] [1787855822.547196118] [robot1.fragment_exec_node]: Simulating check_room skill (10.5s to complete)...
[INFO] [1787855833.049047072] [robot1.fragment_exec_node]: Check room completed!
[INFO] [1787855833.050209238] [robot1.fragment_exec_node]: EventType: Task, Activity: final_room_check, Robot: robot1, Mission: m2, Segment: s8, End: 1787855833.049674
[INFO] [1787855833.069732676] [robot1.fragment_exec_node]: Execution of fragment fm2-40 completed!
[INFO] [1787855841.641348786] [robot1.fragment_exec_node]: Received fragment assignment: {'robot': 'robot1', 'fragment': {'id': 'fm2-25', 'mission': 'm2', 'state': 'assigned', 'wait': ['disinfect(r5)'], 'tasks': [{'name': 'final_room_check', 'label': 'final_room_check(r5)', 'params': {'x': 12, 'y': 3, 'size': 5}}], 'arrive_timestamp': 1787855665, 'priority': 1, 'segment': 's5'}}
[INFO] [1787855841.651688397] [robot1.fragment_exec_node]: Starting execution of fragment fm2-25...
[INFO] [1787855841.656209390] [robot1.fragment_exec_node]: Waiting for coordination messages before executing fragment fm2-25: ['disinfect(r5)']
[ERROR] [1787855843.667213775] [robot1.fragment_exec_node]: Robot robot1 was assigned a fragment without required capabilities!
[INFO] [1787855843.668238694] [robot1.fragment_exec_node]: Executing task final_room_check(r5). Params: {'x': 12, 'y': 3, 'size': 5}, Virtual state: {'position': {'x': 2, 'y': 8, 'z': 0.0}, 'docked': False}
[INFO] [1787855843.668931747] [robot1.fragment_exec_node]: EventType: Control (Task: final_room_check), Activity: move_to, Robot: robot1, Mission: m2, Segment: s5, Start: 1787855843.6685247
[INFO] [1787855843.669811485] [robot1.fragment_exec_node]: Simulating navigate skill from position (2, 8) to (12, 3) (20.09975124224178 seconds)...
[INFO] [1787855863.772978547] [robot1.fragment_exec_node]: Navigation completed!
[INFO] [1787855863.775887787] [robot1.fragment_exec_node]: EventType: Control (Task: final_room_check), Activity: move_to, Robot: robot1, Mission: m2, Segment: s5, End: 1787855863.7744129
[INFO] [1787855863.777797935] [robot1.fragment_exec_node]: EventType: Task, Activity: final_room_check, Robot: robot1, Mission: m2, Segment: s5, Start: 1787855863.7765243
[INFO] [1787855863.779389664] [robot1.fragment_exec_node]: Simulating check_room skill (7.5s to complete)...
[INFO] [1787855871.281892815] [robot1.fragment_exec_node]: Check room completed!
[INFO] [1787855871.286991882] [robot1.fragment_exec_node]: EventType: Task, Activity: final_room_check, Robot: robot1, Mission: m2, Segment: s5, End: 1787855871.2861042
[INFO] [1787855871.288526797] [robot1.fragment_exec_node]: Execution of fragment fm2-25 completed!
[INFO] [1787855871.530384072] [robot1.fragment_exec_node]: Received fragment assignment: {'robot': 'robot1', 'fragment': {'id': 'fm2-15', 'mission': 'm2', 'state': 'assigned', 'wait': ['disinfect(r3)'], 'tasks': [{'name': 'final_room_check', 'label': 'final_room_check(r3)', 'params': {'x': 3, 'y': 11, 'size': 7}}], 'arrive_timestamp': 1787855665, 'priority': 1, 'segment': 's3'}}
[INFO] [1787855871.533802692] [robot1.fragment_exec_node]: Starting execution of fragment fm2-15...
[INFO] [1787855871.536557910] [robot1.fragment_exec_node]: Waiting for coordination messages before executing fragment fm2-15: ['disinfect(r3)']
[ERROR] [1787855873.539175633] [robot1.fragment_exec_node]: Robot robot1 was assigned a fragment without required capabilities!
[INFO] [1787855873.541246796] [robot1.fragment_exec_node]: Executing task final_room_check(r3). Params: {'x': 3, 'y': 11, 'size': 7}, Virtual state: {'position': {'x': 12, 'y': 3, 'z': 0.0}, 'docked': False}
[INFO] [1787855873.543171925] [robot1.fragment_exec_node]: EventType: Control (Task: final_room_check), Activity: move_to, Robot: robot1, Mission: m2, Segment: s3, Start: 1787855873.5419297
[INFO] [1787855873.544994624] [robot1.fragment_exec_node]: Simulating navigate skill from position (12, 3) to (3, 11) (18.110770276274835 seconds)...
[INFO] [1787855891.657820737] [robot1.fragment_exec_node]: Navigation completed!
[INFO] [1787855891.658732355] [robot1.fragment_exec_node]: EventType: Control (Task: final_room_check), Activity: move_to, Robot: robot1, Mission: m2, Segment: s3, End: 1787855891.658251
[INFO] [1787855891.659638023] [robot1.fragment_exec_node]: EventType: Task, Activity: final_room_check, Robot: robot1, Mission: m2, Segment: s3, Start: 1787855891.6591215
[INFO] [1787855891.660399416] [robot1.fragment_exec_node]: Simulating check_room skill (10.5s to complete)...
[INFO] [1787855902.193390302] [robot1.fragment_exec_node]: Check room completed!
[INFO] [1787855902.194040632] [robot1.fragment_exec_node]: EventType: Task, Activity: final_room_check, Robot: robot1, Mission: m2, Segment: s3, End: 1787855902.193709
[INFO] [1787855902.194851224] [robot1.fragment_exec_node]: Execution of fragment fm2-15 completed!
Traceback (most recent call last):
  File "/root/ros2_ws/install/multi3_executor/lib/multi3_executor/executor", line 33, in <module>
    sys.exit(load_entry_point('multi3-executor==0.0.0', 'console_scripts', 'executor')())
  File "/root/ros2_ws/install/multi3_executor/lib/python3.10/site-packages/multi3_executor/nodes/executor.py", line 313, in main
    rclpy.shutdown()
  File "/opt/ros/humble/local/lib/python3.10/dist-packages/rclpy/__init__.py", line 130, in shutdown
    _shutdown(context=context)
  File "/opt/ros/humble/local/lib/python3.10/dist-packages/rclpy/utilities.py", line 58, in shutdown
    return context.shutdown()
  File "/opt/ros/humble/local/lib/python3.10/dist-packages/rclpy/context.py", line 102, in shutdown
    self.__context.shutdown()
rclpy._rclpy_pybind11.RCLError: failed to shutdown: rcl_shutdown already called on the given context, at ./src/rcl/init.c:241

--- executor_robot2.log ---
[INFO] [1787855649.543430516] [robot2.fragment_exec_node]: Setting up skill: UndockSkill
[INFO] [1787855649.544363118] [robot2.fragment_exec_node]: Setting up skill: NavigateSkill
[INFO] [1787855649.545185527] [robot2.fragment_exec_node]: Setting up skill: CheckRoomSkill
[INFO] [1787855649.545865261] [robot2.fragment_exec_node]: Setting up skill: VacuumSkill
[INFO] [1787855649.546949441] [robot2.fragment_exec_node]: Setting up skill: DisinfectSkill
[INFO] [1787855649.547751663] [robot2.fragment_exec_node]: Setting up skill: CheckRoomSkill
[INFO] [1787855649.556205244] [robot2.fragment_exec_node]: Published robot registration: {'name': 'robot2', 'operational_state': 'idle', 'capabilities': ['undock', 'check_room', 'move_to', 'vacuum', 'disinfect'], 'state': {'position': {'x': 0.0, 'y': 0.0, 'z': 0.0}, 'docked': True}}
[INFO] [1787855673.529617447] [robot2.fragment_exec_node]: Received fragment assignment: {'robot': 'robot2', 'fragment': {'id': 'fm2-36', 'mission': 'm2', 'state': 'assigned', 'wait': [], 'tasks': [{'name': 'check_room', 'label': 'check_room(r8)', 'params': {'x': 2, 'y': 8, 'size': 7}}], 'arrive_timestamp': 1787855665, 'priority': 1, 'segment': 's8'}}
[INFO] [1787855673.539216360] [robot2.fragment_exec_node]: Starting execution of fragment fm2-36...
[INFO] [1787855673.542063616] [robot2.fragment_exec_node]: Executing task check_room(r8). Params: {'x': 2, 'y': 8, 'size': 7}, Virtual state: {'position': {'x': 0.0, 'y': 0.0, 'z': 0.0}, 'docked': True}
[INFO] [1787855673.545600321] [robot2.fragment_exec_node]: EventType: Control (Task: check_room), Activity: undock, Robot: robot2, Mission: m2, Segment: s8, Start: 1787855673.5423825
[INFO] [1787855673.547283837] [robot2.fragment_exec_node]: Simulating undock skill...
[INFO] [1787855677.550942501] [robot2.fragment_exec_node]: Undock completed!
[INFO] [1787855677.552514347] [robot2.fragment_exec_node]: EventType: Control (Task: check_room), Activity: undock, Robot: robot2, Mission: m2, Segment: s8, End: 1787855677.5515366
[INFO] [1787855677.554253238] [robot2.fragment_exec_node]: EventType: Control (Task: check_room), Activity: move_to, Robot: robot2, Mission: m2, Segment: s8, Start: 1787855677.5531368
[INFO] [1787855677.555510228] [robot2.fragment_exec_node]: Simulating navigate skill from position (0.0, 0.0) to (2, 8) (16.492422502470642 seconds)...
[INFO] [1787855694.051645880] [robot2.fragment_exec_node]: Navigation completed!
[INFO] [1787855694.056655346] [robot2.fragment_exec_node]: EventType: Control (Task: check_room), Activity: move_to, Robot: robot2, Mission: m2, Segment: s8, End: 1787855694.054622
[INFO] [1787855694.058485846] [robot2.fragment_exec_node]: EventType: Task, Activity: check_room, Robot: robot2, Mission: m2, Segment: s8, Start: 1787855694.0573747
[INFO] [1787855694.060154813] [robot2.fragment_exec_node]: Simulating check_room skill (10.5s to complete)...
[INFO] [1787855704.562724908] [robot2.fragment_exec_node]: Check room completed!
[INFO] [1787855704.564969680] [robot2.fragment_exec_node]: EventType: Task, Activity: check_room, Robot: robot2, Mission: m2, Segment: s8, End: 1787855704.563513
[INFO] [1787855704.567110820] [robot2.fragment_exec_node]: Execution of fragment fm2-36 completed!
[INFO] [1787855705.526372396] [robot2.fragment_exec_node]: Received fragment assignment: {'robot': 'robot2', 'fragment': {'id': 'fm2-37', 'mission': 'm2', 'state': 'assigned', 'wait': ['check_room(r8)'], 'tasks': [{'name': 'vacuum', 'label': 'vacuum(r8)', 'params': {'x': 2, 'y': 8, 'size': 7}}], 'arrive_timestamp': 1787855665, 'priority': 1, 'segment': 's8'}}
[INFO] [1787855705.528537837] [robot2.fragment_exec_node]: Starting execution of fragment fm2-37...
[INFO] [1787855705.530401578] [robot2.fragment_exec_node]: Waiting for coordination messages before executing fragment fm2-37: ['check_room(r8)']
[INFO] [1787855707.535344000] [robot2.fragment_exec_node]: Executing task vacuum(r8). Params: {'x': 2, 'y': 8, 'size': 7}, Virtual state: {'position': {'x': 2, 'y': 8, 'z': 0.0}, 'docked': False}
[INFO] [1787855707.536512544] [robot2.fragment_exec_node]: EventType: Task, Activity: vacuum, Robot: robot2, Mission: m2, Segment: s8, Start: 1787855707.5358307
[INFO] [1787855707.538341578] [robot2.fragment_exec_node]: Simulating vacuum skill (24.5s to complete)...
[INFO] [1787855732.041184509] [robot2.fragment_exec_node]: Vacuum completed!
[INFO] [1787855732.045561655] [robot2.fragment_exec_node]: EventType: Task, Activity: vacuum, Robot: robot2, Mission: m2, Segment: s8, End: 1787855732.0436437
[INFO] [1787855732.048696778] [robot2.fragment_exec_node]: Execution of fragment fm2-37 completed!
[INFO] [1787855732.533311398] [robot2.fragment_exec_node]: Received fragment assignment: {'robot': 'robot2', 'fragment': {'id': 'fm2-12', 'mission': 'm2', 'state': 'assigned', 'wait': ['check_room(r3)'], 'tasks': [{'name': 'vacuum', 'label': 'vacuum(r3)', 'params': {'x': 3, 'y': 11, 'size': 7}}], 'arrive_timestamp': 1787855665, 'priority': 1, 'segment': 's3'}}
[INFO] [1787855732.535245071] [robot2.fragment_exec_node]: Starting execution of fragment fm2-12...
[INFO] [1787855732.537256821] [robot2.fragment_exec_node]: Executing task vacuum(r3). Params: {'x': 3, 'y': 11, 'size': 7}, Virtual state: {'position': {'x': 2, 'y': 8, 'z': 0.0}, 'docked': False}
[INFO] [1787855732.538569810] [robot2.fragment_exec_node]: EventType: Control (Task: vacuum), Activity: move_to, Robot: robot2, Mission: m2, Segment: s3, Start: 1787855732.537809
[INFO] [1787855732.539612185] [robot2.fragment_exec_node]: Simulating navigate skill from position (2, 8) to (3, 11) (18.110770276274835 seconds)...
[INFO] [1787855750.652046785] [robot2.fragment_exec_node]: Navigation completed!
[INFO] [1787855750.652864479] [robot2.fragment_exec_node]: EventType: Control (Task: vacuum), Activity: move_to, Robot: robot2, Mission: m2, Segment: s3, End: 1787855750.6524963
[INFO] [1787855750.653455794] [robot2.fragment_exec_node]: EventType: Task, Activity: vacuum, Robot: robot2, Mission: m2, Segment: s3, Start: 1787855750.6531408
[INFO] [1787855750.653944648] [robot2.fragment_exec_node]: Simulating vacuum skill (24.5s to complete)...
[INFO] [1787855775.155631107] [robot2.fragment_exec_node]: Vacuum completed!
[INFO] [1787855775.160343093] [robot2.fragment_exec_node]: EventType: Task, Activity: vacuum, Robot: robot2, Mission: m2, Segment: s3, End: 1787855775.1584177
[INFO] [1787855775.164054298] [robot2.fragment_exec_node]: Execution of fragment fm2-12 completed!
[INFO] [1787855783.533911604] [robot2.fragment_exec_node]: Received fragment assignment: {'robot': 'robot2', 'fragment': {'id': 'fm2-39', 'mission': 'm2', 'state': 'assigned', 'wait': ['mop(r8)'], 'tasks': [{'name': 'disinfect', 'label': 'disinfect(r8)', 'params': {'x': 2, 'y': 8, 'size': 7}}], 'arrive_timestamp': 1787855665, 'priority': 1, 'segment': 's8'}}
[INFO] [1787855783.534931282] [robot2.fragment_exec_node]: Starting execution of fragment fm2-39...
[INFO] [1787855783.536219134] [robot2.fragment_exec_node]: Waiting for coordination messages before executing fragment fm2-39: ['mop(r8)']
[INFO] [1787855785.539727196] [robot2.fragment_exec_node]: Executing task disinfect(r8). Params: {'x': 2, 'y': 8, 'size': 7}, Virtual state: {'position': {'x': 3, 'y': 11, 'z': 0.0}, 'docked': False}
[INFO] [1787855785.540527239] [robot2.fragment_exec_node]: EventType: Control (Task: disinfect), Activity: move_to, Robot: robot2, Mission: m2, Segment: s8, Start: 1787855785.540021
[INFO] [1787855785.541111009] [robot2.fragment_exec_node]: Simulating navigate skill from position (3, 11) to (2, 8) (10.198039027185569 seconds)...
[INFO] [1787855795.743006739] [robot2.fragment_exec_node]: Navigation completed!
[INFO] [1787855795.745848269] [robot2.fragment_exec_node]: EventType: Control (Task: disinfect), Activity: move_to, Robot: robot2, Mission: m2, Segment: s8, End: 1787855795.7439392
[INFO] [1787855795.748193953] [robot2.fragment_exec_node]: EventType: Task, Activity: disinfect, Robot: robot2, Mission: m2, Segment: s8, Start: 1787855795.7464836
[INFO] [1787855795.750114448] [robot2.fragment_exec_node]: Simulating disinfect skill (14s to complete)...
[INFO] [1787855809.754037453] [robot2.fragment_exec_node]: Disinfect completed!
[INFO] [1787855809.757309487] [robot2.fragment_exec_node]: EventType: Task, Activity: disinfect, Robot: robot2, Mission: m2, Segment: s8, End: 1787855809.7556822
[INFO] [1787855809.761002875] [robot2.fragment_exec_node]: Execution of fragment fm2-39 completed!
[INFO] [1787855810.536954530] [robot2.fragment_exec_node]: Received fragment assignment: {'robot': 'robot2', 'fragment': {'id': 'fm2-24', 'mission': 'm2', 'state': 'assigned', 'wait': ['mop(r5)'], 'tasks': [{'name': 'disinfect', 'label': 'disinfect(r5)', 'params': {'x': 12, 'y': 3, 'size': 5}}], 'arrive_timestamp': 1787855665, 'priority': 1, 'segment': 's5'}}
[INFO] [1787855810.538036625] [robot2.fragment_exec_node]: Starting execution of fragment fm2-24...
[INFO] [1787855810.539554414] [robot2.fragment_exec_node]: Executing task disinfect(r5). Params: {'x': 12, 'y': 3, 'size': 5}, Virtual state: {'position': {'x': 2, 'y': 8, 'z': 0.0}, 'docked': False}
[INFO] [1787855810.540643730] [robot2.fragment_exec_node]: EventType: Control (Task: disinfect), Activity: move_to, Robot: robot2, Mission: m2, Segment: s5, Start: 1787855810.539944
[INFO] [1787855810.541921727] [robot2.fragment_exec_node]: Simulating navigate skill from position (2, 8) to (12, 3) (20.09975124224178 seconds)...
[INFO] [1787855830.643540680] [robot2.fragment_exec_node]: Navigation completed!
[INFO] [1787855830.648289812] [robot2.fragment_exec_node]: EventType: Control (Task: disinfect), Activity: move_to, Robot: robot2, Mission: m2, Segment: s5, End: 1787855830.6450617
[INFO] [1787855830.649632435] [robot2.fragment_exec_node]: EventType: Task, Activity: disinfect, Robot: robot2, Mission: m2, Segment: s5, Start: 1787855830.648989
[INFO] [1787855830.650210236] [robot2.fragment_exec_node]: Simulating disinfect skill (10s to complete)...
[INFO] [1787855840.651848494] [robot2.fragment_exec_node]: Disinfect completed!
[INFO] [1787855840.652603795] [robot2.fragment_exec_node]: EventType: Task, Activity: disinfect, Robot: robot2, Mission: m2, Segment: s5, End: 1787855840.6521783
[INFO] [1787855840.653479408] [robot2.fragment_exec_node]: Execution of fragment fm2-24 completed!
[INFO] [1787855842.533083153] [robot2.fragment_exec_node]: Received fragment assignment: {'robot': 'robot2', 'fragment': {'id': 'fm2-30', 'mission': 'm2', 'state': 'assigned', 'wait': ['disinfect(r6)'], 'tasks': [{'name': 'final_room_check', 'label': 'final_room_check(r6)', 'params': {'x': 6, 'y': 12, 'size': 6}}], 'arrive_timestamp': 1787855665, 'priority': 1, 'segment': 's6'}}
[INFO] [1787855842.533741083] [robot2.fragment_exec_node]: Starting execution of fragment fm2-30...
[ERROR] [1787855842.534436399] [robot2.fragment_exec_node]: Robot robot2 was assigned a fragment without required capabilities!
[INFO] [1787855842.534981817] [robot2.fragment_exec_node]: Executing task final_room_check(r6). Params: {'x': 6, 'y': 12, 'size': 6}, Virtual state: {'position': {'x': 12, 'y': 3, 'z': 0.0}, 'docked': False}
[INFO] [1787855842.535518935] [robot2.fragment_exec_node]: EventType: Control (Task: final_room_check), Activity: move_to, Robot: robot2, Mission: m2, Segment: s6, Start: 1787855842.5351672
[INFO] [1787855842.535953831] [robot2.fragment_exec_node]: Simulating navigate skill from position (12, 3) to (6, 12) (12.0 seconds)...
[INFO] [1787855854.537238837] [robot2.fragment_exec_node]: Navigation completed!
[INFO] [1787855854.538138183] [robot2.fragment_exec_node]: EventType: Control (Task: final_room_check), Activity: move_to, Robot: robot2, Mission: m2, Segment: s6, End: 1787855854.5375657
[INFO] [1787855854.538971387] [robot2.fragment_exec_node]: EventType: Task, Activity: final_room_check, Robot: robot2, Mission: m2, Segment: s6, Start: 1787855854.5383606
[INFO] [1787855854.539669544] [robot2.fragment_exec_node]: Simulating check_room skill (9.0s to complete)...
[INFO] [1787855863.547590948] [robot2.fragment_exec_node]: Check room completed!
[INFO] [1787855863.548695420] [robot2.fragment_exec_node]: EventType: Task, Activity: final_room_check, Robot: robot2, Mission: m2, Segment: s6, End: 1787855863.5479867
[INFO] [1787855863.551821187] [robot2.fragment_exec_node]: Execution of fragment fm2-30 completed!
Traceback (most recent call last):
  File "/root/ros2_ws/install/multi3_executor/lib/multi3_executor/executor", line 33, in <module>
    sys.exit(load_entry_point('multi3-executor==0.0.0', 'console_scripts', 'executor')())
  File "/root/ros2_ws/install/multi3_executor/lib/python3.10/site-packages/multi3_executor/nodes/executor.py", line 313, in main
    rclpy.shutdown()
  File "/opt/ros/humble/local/lib/python3.10/dist-packages/rclpy/__init__.py", line 130, in shutdown
    _shutdown(context=context)
  File "/opt/ros/humble/local/lib/python3.10/dist-packages/rclpy/utilities.py", line 58, in shutdown
    return context.shutdown()
  File "/opt/ros/humble/local/lib/python3.10/dist-packages/rclpy/context.py", line 102, in shutdown
    self.__context.shutdown()
rclpy._rclpy_pybind11.RCLError: failed to shutdown: rcl_shutdown already called on the given context, at ./src/rcl/init.c:241

--- executor_robot3.log ---
[INFO] [1787855651.190414418] [robot3.fragment_exec_node]: Setting up skill: UndockSkill
[INFO] [1787855651.191490037] [robot3.fragment_exec_node]: Setting up skill: NavigateSkill
[INFO] [1787855651.192234163] [robot3.fragment_exec_node]: Setting up skill: CheckRoomSkill
[INFO] [1787855651.192987762] [robot3.fragment_exec_node]: Setting up skill: VacuumSkill
[INFO] [1787855651.194029630] [robot3.fragment_exec_node]: Setting up skill: DisinfectSkill
[INFO] [1787855651.194796862] [robot3.fragment_exec_node]: Setting up skill: CheckRoomSkill
[INFO] [1787855651.202808090] [robot3.fragment_exec_node]: Published robot registration: {'name': 'robot3', 'operational_state': 'idle', 'capabilities': ['undock', 'check_room', 'move_to', 'vacuum', 'disinfect'], 'state': {'position': {'x': 0.0, 'y': 0.0, 'z': 0.0}, 'docked': True}}
[INFO] [1787855673.536663843] [robot3.fragment_exec_node]: Received fragment assignment: {'robot': 'robot3', 'fragment': {'id': 'fm2-6', 'mission': 'm2', 'state': 'assigned', 'wait': [], 'tasks': [{'name': 'check_room', 'label': 'check_room(r2)', 'params': {'x': 10, 'y': 5, 'size': 3}}], 'arrive_timestamp': 1787855665, 'priority': 1, 'segment': 's2'}}
[INFO] [1787855673.542800450] [robot3.fragment_exec_node]: Starting execution of fragment fm2-6...
[INFO] [1787855673.544930980] [robot3.fragment_exec_node]: Executing task check_room(r2). Params: {'x': 10, 'y': 5, 'size': 3}, Virtual state: {'position': {'x': 0.0, 'y': 0.0, 'z': 0.0}, 'docked': True}
[INFO] [1787855673.546282629] [robot3.fragment_exec_node]: EventType: Control (Task: check_room), Activity: undock, Robot: robot3, Mission: m2, Segment: s2, Start: 1787855673.545302
[INFO] [1787855673.547367112] [robot3.fragment_exec_node]: Simulating undock skill...
[INFO] [1787855677.550986845] [robot3.fragment_exec_node]: Undock completed!
[INFO] [1787855677.552562603] [robot3.fragment_exec_node]: EventType: Control (Task: check_room), Activity: undock, Robot: robot3, Mission: m2, Segment: s2, End: 1787855677.5515766
[INFO] [1787855677.554120405] [robot3.fragment_exec_node]: EventType: Control (Task: check_room), Activity: move_to, Robot: robot3, Mission: m2, Segment: s2, Start: 1787855677.5531461
[INFO] [1787855677.556182367] [robot3.fragment_exec_node]: Simulating navigate skill from position (0.0, 0.0) to (10, 5) (22.360679774997898 seconds)...
[INFO] [1787855699.919828836] [robot3.fragment_exec_node]: Navigation completed!
[INFO] [1787855699.924596729] [robot3.fragment_exec_node]: EventType: Control (Task: check_room), Activity: move_to, Robot: robot3, Mission: m2, Segment: s2, End: 1787855699.9225442
[INFO] [1787855699.927005178] [robot3.fragment_exec_node]: EventType: Task, Activity: check_room, Robot: robot3, Mission: m2, Segment: s2, Start: 1787855699.925642
[INFO] [1787855699.928807995] [robot3.fragment_exec_node]: Simulating check_room skill (4.5s to complete)...
[INFO] [1787855704.432725937] [robot3.fragment_exec_node]: Check room completed!
[INFO] [1787855704.435791670] [robot3.fragment_exec_node]: EventType: Task, Activity: check_room, Robot: robot3, Mission: m2, Segment: s2, End: 1787855704.4337978
[INFO] [1787855704.439564342] [robot3.fragment_exec_node]: Execution of fragment fm2-6 completed!
[INFO] [1787855704.524554447] [robot3.fragment_exec_node]: Received fragment assignment: {'robot': 'robot3', 'fragment': {'id': 'fm2-7', 'mission': 'm2', 'state': 'assigned', 'wait': ['check_room(r2)'], 'tasks': [{'name': 'vacuum', 'label': 'vacuum(r2)', 'params': {'x': 10, 'y': 5, 'size': 3}}], 'arrive_timestamp': 1787855665, 'priority': 1, 'segment': 's2'}}
[INFO] [1787855704.526640439] [robot3.fragment_exec_node]: Starting execution of fragment fm2-7...
[INFO] [1787855704.529051720] [robot3.fragment_exec_node]: Waiting for coordination messages before executing fragment fm2-7: ['check_room(r2)']
[INFO] [1787855706.533691117] [robot3.fragment_exec_node]: Executing task vacuum(r2). Params: {'x': 10, 'y': 5, 'size': 3}, Virtual state: {'position': {'x': 10, 'y': 5, 'z': 0.0}, 'docked': False}
[INFO] [1787855706.534699558] [robot3.fragment_exec_node]: EventType: Task, Activity: vacuum, Robot: robot3, Mission: m2, Segment: s2, Start: 1787855706.5342972
[INFO] [1787855706.536003548] [robot3.fragment_exec_node]: Simulating vacuum skill (10.5s to complete)...
[INFO] [1787855717.039662270] [robot3.fragment_exec_node]: Vacuum completed!
[INFO] [1787855717.044807599] [robot3.fragment_exec_node]: EventType: Task, Activity: vacuum, Robot: robot3, Mission: m2, Segment: s2, End: 1787855717.0424042
[INFO] [1787855717.046525674] [robot3.fragment_exec_node]: Execution of fragment fm2-7 completed!
[INFO] [1787855717.529439494] [robot3.fragment_exec_node]: Received fragment assignment: {'robot': 'robot3', 'fragment': {'id': 'fm2-32', 'mission': 'm2', 'state': 'assigned', 'wait': ['check_room(r7)'], 'tasks': [{'name': 'vacuum', 'label': 'vacuum(r7)', 'params': {'x': 9, 'y': 7, 'size': 3}}], 'arrive_timestamp': 1787855665, 'priority': 1, 'segment': 's7'}}
[INFO] [1787855717.532072817] [robot3.fragment_exec_node]: Starting execution of fragment fm2-32...
[INFO] [1787855717.533698705] [robot3.fragment_exec_node]: Executing task vacuum(r7). Params: {'x': 9, 'y': 7, 'size': 3}, Virtual state: {'position': {'x': 10, 'y': 5, 'z': 0.0}, 'docked': False}
[INFO] [1787855717.534650352] [robot3.fragment_exec_node]: EventType: Control (Task: vacuum), Activity: move_to, Robot: robot3, Mission: m2, Segment: s7, Start: 1787855717.5341187
[INFO] [1787855717.535398919] [robot3.fragment_exec_node]: Simulating navigate skill from position (10, 5) to (9, 7) (6.324555320336759 seconds)...
[INFO] [1787855723.862137714] [robot3.fragment_exec_node]: Navigation completed!
[INFO] [1787855723.864047943] [robot3.fragment_exec_node]: EventType: Control (Task: vacuum), Activity: move_to, Robot: robot3, Mission: m2, Segment: s7, End: 1787855723.8628647
[INFO] [1787855723.865620731] [robot3.fragment_exec_node]: EventType: Task, Activity: vacuum, Robot: robot3, Mission: m2, Segment: s7, Start: 1787855723.8647106
[INFO] [1787855723.867064052] [robot3.fragment_exec_node]: Simulating vacuum skill (10.5s to complete)...
[INFO] [1787855734.369554975] [robot3.fragment_exec_node]: Vacuum completed!
[INFO] [1787855734.371715268] [robot3.fragment_exec_node]: EventType: Task, Activity: vacuum, Robot: robot3, Mission: m2, Segment: s7, End: 1787855734.370568
[INFO] [1787855734.374366140] [robot3.fragment_exec_node]: Execution of fragment fm2-32 completed!
[INFO] [1787855734.529135918] [robot3.fragment_exec_node]: Received fragment assignment: {'robot': 'robot3', 'fragment': {'id': 'fm2-22', 'mission': 'm2', 'state': 'assigned', 'wait': ['check_room(r5)'], 'tasks': [{'name': 'vacuum', 'label': 'vacuum(r5)', 'params': {'x': 12, 'y': 3, 'size': 5}}], 'arrive_timestamp': 1787855665, 'priority': 1, 'segment': 's5'}}
[INFO] [1787855734.549367280] [robot3.fragment_exec_node]: Starting execution of fragment fm2-22...
[INFO] [1787855734.550412427] [robot3.fragment_exec_node]: Executing task vacuum(r5). Params: {'x': 12, 'y': 3, 'size': 5}, Virtual state: {'position': {'x': 9, 'y': 7, 'z': 0.0}, 'docked': False}
[INFO] [1787855734.551173036] [robot3.fragment_exec_node]: EventType: Control (Task: vacuum), Activity: move_to, Robot: robot3, Mission: m2, Segment: s5, Start: 1787855734.5507379
[INFO] [1787855734.552181873] [robot3.fragment_exec_node]: Simulating navigate skill from position (9, 7) to (12, 3) (13.416407864998739 seconds)...
[INFO] [1787855747.972070420] [robot3.fragment_exec_node]: Navigation completed!
[INFO] [1787855747.975024954] [robot3.fragment_exec_node]: EventType: Control (Task: vacuum), Activity: move_to, Robot: robot3, Mission: m2, Segment: s5, End: 1787855747.973636
[INFO] [1787855747.976641595] [robot3.fragment_exec_node]: EventType: Task, Activity: vacuum, Robot: robot3, Mission: m2, Segment: s5, Start: 1787855747.975743
[INFO] [1787855747.978433073] [robot3.fragment_exec_node]: Simulating vacuum skill (17.5s to complete)...
[INFO] [1787855765.480466159] [robot3.fragment_exec_node]: Vacuum completed!
[INFO] [1787855765.484645541] [robot3.fragment_exec_node]: EventType: Task, Activity: vacuum, Robot: robot3, Mission: m2, Segment: s5, End: 1787855765.48279
[INFO] [1787855765.487648716] [robot3.fragment_exec_node]: Execution of fragment fm2-22 completed!
[INFO] [1787855765.535427756] [robot3.fragment_exec_node]: Received fragment assignment: {'robot': 'robot3', 'fragment': {'id': 'fm2-34', 'mission': 'm2', 'state': 'assigned', 'wait': ['mop(r7)'], 'tasks': [{'name': 'disinfect', 'label': 'disinfect(r7)', 'params': {'x': 9, 'y': 7, 'size': 3}}], 'arrive_timestamp': 1787855665, 'priority': 1, 'segment': 's7'}}
[INFO] [1787855765.536163788] [robot3.fragment_exec_node]: Starting execution of fragment fm2-34...
[INFO] [1787855765.537137993] [robot3.fragment_exec_node]: Waiting for coordination messages before executing fragment fm2-34: ['mop(r7)']
[INFO] [1787855767.542752123] [robot3.fragment_exec_node]: Executing task disinfect(r7). Params: {'x': 9, 'y': 7, 'size': 3}, Virtual state: {'position': {'x': 12, 'y': 3, 'z': 0.0}, 'docked': False}
[INFO] [1787855767.544569344] [robot3.fragment_exec_node]: EventType: Control (Task: disinfect), Activity: move_to, Robot: robot3, Mission: m2, Segment: s7, Start: 1787855767.5435023
[INFO] [1787855767.546377524] [robot3.fragment_exec_node]: Simulating navigate skill from position (12, 3) to (9, 7) (11.661903789690601 seconds)...
[INFO] [1787855779.212544751] [robot3.fragment_exec_node]: Navigation completed!
[INFO] [1787855779.216484961] [robot3.fragment_exec_node]: EventType: Control (Task: disinfect), Activity: move_to, Robot: robot3, Mission: m2, Segment: s7, End: 1787855779.2146528
[INFO] [1787855779.218281308] [robot3.fragment_exec_node]: EventType: Task, Activity: disinfect, Robot: robot3, Mission: m2, Segment: s7, Start: 1787855779.2171545
[INFO] [1787855779.219832964] [robot3.fragment_exec_node]: Simulating disinfect skill (6s to complete)...
[INFO] [1787855785.224082077] [robot3.fragment_exec_node]: Disinfect completed!
[INFO] [1787855785.227084669] [robot3.fragment_exec_node]: EventType: Task, Activity: disinfect, Robot: robot3, Mission: m2, Segment: s7, End: 1787855785.2252307
[INFO] [1787855785.229385579] [robot3.fragment_exec_node]: Execution of fragment fm2-34 completed!
[INFO] [1787855785.519802965] [robot3.fragment_exec_node]: Received fragment assignment: {'robot': 'robot3', 'fragment': {'id': 'fm2-35', 'mission': 'm2', 'state': 'assigned', 'wait': ['disinfect(r7)'], 'tasks': [{'name': 'final_room_check', 'label': 'final_room_check(r7)', 'params': {'x': 9, 'y': 7, 'size': 3}}], 'arrive_timestamp': 1787855665, 'priority': 1, 'segment': 's7'}}
[INFO] [1787855785.522793719] [robot3.fragment_exec_node]: Starting execution of fragment fm2-35...
[INFO] [1787855785.524205932] [robot3.fragment_exec_node]: Waiting for coordination messages before executing fragment fm2-35: ['disinfect(r7)']
[ERROR] [1787855787.529933254] [robot3.fragment_exec_node]: Robot robot3 was assigned a fragment without required capabilities!
[INFO] [1787855787.533035632] [robot3.fragment_exec_node]: Executing task final_room_check(r7). Params: {'x': 9, 'y': 7, 'size': 3}, Virtual state: {'position': {'x': 9, 'y': 7, 'z': 0.0}, 'docked': False}
[INFO] [1787855787.535861279] [robot3.fragment_exec_node]: EventType: Task, Activity: final_room_check, Robot: robot3, Mission: m2, Segment: s7, Start: 1787855787.5340183
[INFO] [1787855787.538474327] [robot3.fragment_exec_node]: Simulating check_room skill (4.5s to complete)...
[INFO] [1787855792.041303414] [robot3.fragment_exec_node]: Check room completed!
[INFO] [1787855792.042948564] [robot3.fragment_exec_node]: EventType: Task, Activity: final_room_check, Robot: robot3, Mission: m2, Segment: s7, End: 1787855792.0420158
[INFO] [1787855792.044967206] [robot3.fragment_exec_node]: Execution of fragment fm2-35 completed!
[INFO] [1787855819.527175343] [robot3.fragment_exec_node]: Received fragment assignment: {'robot': 'robot3', 'fragment': {'id': 'fm2-29', 'mission': 'm2', 'state': 'assigned', 'wait': ['mop(r6)'], 'tasks': [{'name': 'disinfect', 'label': 'disinfect(r6)', 'params': {'x': 6, 'y': 12, 'size': 6}}], 'arrive_timestamp': 1787855665, 'priority': 1, 'segment': 's6'}}
[INFO] [1787855819.528753124] [robot3.fragment_exec_node]: Starting execution of fragment fm2-29...
[INFO] [1787855819.530935338] [robot3.fragment_exec_node]: Waiting for coordination messages before executing fragment fm2-29: ['mop(r6)']
[INFO] [1787855821.535068443] [robot3.fragment_exec_node]: Executing task disinfect(r6). Params: {'x': 6, 'y': 12, 'size': 6}, Virtual state: {'position': {'x': 9, 'y': 7, 'z': 0.0}, 'docked': False}
[INFO] [1787855821.535929608] [robot3.fragment_exec_node]: EventType: Control (Task: disinfect), Activity: move_to, Robot: robot3, Mission: m2, Segment: s6, Start: 1787855821.5354397
[INFO] [1787855821.536734819] [robot3.fragment_exec_node]: Simulating navigate skill from position (9, 7) to (6, 12) (8.48528137423857 seconds)...
[INFO] [1787855830.024795547] [robot3.fragment_exec_node]: Navigation completed!
[INFO] [1787855830.027445746] [robot3.fragment_exec_node]: EventType: Control (Task: disinfect), Activity: move_to, Robot: robot3, Mission: m2, Segment: s6, End: 1787855830.0255444
[INFO] [1787855830.028624490] [robot3.fragment_exec_node]: EventType: Task, Activity: disinfect, Robot: robot3, Mission: m2, Segment: s6, Start: 1787855830.0281549
[INFO] [1787855830.031054550] [robot3.fragment_exec_node]: Simulating disinfect skill (12s to complete)...
[INFO] [1787855842.033056177] [robot3.fragment_exec_node]: Disinfect completed!
[INFO] [1787855842.033802430] [robot3.fragment_exec_node]: EventType: Task, Activity: disinfect, Robot: robot3, Mission: m2, Segment: s6, End: 1787855842.0334063
[INFO] [1787855842.034851441] [robot3.fragment_exec_node]: Execution of fragment fm2-29 completed!
[INFO] [1787855843.525932137] [robot3.fragment_exec_node]: Received fragment assignment: {'robot': 'robot3', 'fragment': {'id': 'fm2-14', 'mission': 'm2', 'state': 'assigned', 'wait': ['mop(r3)'], 'tasks': [{'name': 'disinfect', 'label': 'disinfect(r3)', 'params': {'x': 3, 'y': 11, 'size': 7}}], 'arrive_timestamp': 1787855665, 'priority': 1, 'segment': 's3'}}
[INFO] [1787855843.529936146] [robot3.fragment_exec_node]: Starting execution of fragment fm2-14...
[INFO] [1787855843.531426052] [robot3.fragment_exec_node]: Waiting for coordination messages before executing fragment fm2-14: ['mop(r3)']
[INFO] [1787855845.535406673] [robot3.fragment_exec_node]: Executing task disinfect(r3). Params: {'x': 3, 'y': 11, 'size': 7}, Virtual state: {'position': {'x': 6, 'y': 12, 'z': 0.0}, 'docked': False}
[INFO] [1787855845.536548097] [robot3.fragment_exec_node]: EventType: Control (Task: disinfect), Activity: move_to, Robot: robot3, Mission: m2, Segment: s3, Start: 1787855845.5358975
[INFO] [1787855845.537572028] [robot3.fragment_exec_node]: Simulating navigate skill from position (6, 12) to (3, 11) (11.661903789690601 seconds)...
[INFO] [1787855857.202762955] [robot3.fragment_exec_node]: Navigation completed!
[INFO] [1787855857.205977592] [robot3.fragment_exec_node]: EventType: Control (Task: disinfect), Activity: move_to, Robot: robot3, Mission: m2, Segment: s3, End: 1787855857.204043
[INFO] [1787855857.207734450] [robot3.fragment_exec_node]: EventType: Task, Activity: disinfect, Robot: robot3, Mission: m2, Segment: s3, Start: 1787855857.2066696
[INFO] [1787855857.209396600] [robot3.fragment_exec_node]: Simulating disinfect skill (14s to complete)...
[INFO] [1787855871.211183673] [robot3.fragment_exec_node]: Disinfect completed!
[INFO] [1787855871.213288339] [robot3.fragment_exec_node]: EventType: Task, Activity: disinfect, Robot: robot3, Mission: m2, Segment: s3, End: 1787855871.2129276
[INFO] [1787855871.214185357] [robot3.fragment_exec_node]: Execution of fragment fm2-14 completed!
Traceback (most recent call last):
  File "/root/ros2_ws/install/multi3_executor/lib/multi3_executor/executor", line 33, in <module>
    sys.exit(load_entry_point('multi3-executor==0.0.0', 'console_scripts', 'executor')())
  File "/root/ros2_ws/install/multi3_executor/lib/python3.10/site-packages/multi3_executor/nodes/executor.py", line 313, in main
    rclpy.shutdown()
  File "/opt/ros/humble/local/lib/python3.10/dist-packages/rclpy/__init__.py", line 130, in shutdown
    _shutdown(context=context)
  File "/opt/ros/humble/local/lib/python3.10/dist-packages/rclpy/utilities.py", line 58, in shutdown
    return context.shutdown()
  File "/opt/ros/humble/local/lib/python3.10/dist-packages/rclpy/context.py", line 102, in shutdown
    self.__context.shutdown()
rclpy._rclpy_pybind11.RCLError: failed to shutdown: rcl_shutdown already called on the given context, at ./src/rcl/init.c:241

--- executor_robot4.log ---
[INFO] [1787855653.526296233] [robot4.fragment_exec_node]: Setting up skill: UndockSkill
[INFO] [1787855653.527133321] [robot4.fragment_exec_node]: Setting up skill: NavigateSkill
[INFO] [1787855653.527899878] [robot4.fragment_exec_node]: Setting up skill: CheckRoomSkill
[INFO] [1787855653.528602023] [robot4.fragment_exec_node]: Setting up skill: MopSkill
[INFO] [1787855653.529221743] [robot4.fragment_exec_node]: Setting up skill: DisinfectSkill
[INFO] [1787855653.529910187] [robot4.fragment_exec_node]: Setting up skill: CheckRoomSkill
[INFO] [1787855653.537672116] [robot4.fragment_exec_node]: Published robot registration: {'name': 'robot4', 'operational_state': 'idle', 'capabilities': ['undock', 'check_room', 'move_to', 'mop', 'disinfect'], 'state': {'position': {'x': 0.0, 'y': 0.0, 'z': 0.0}, 'docked': True}}
[INFO] [1787855673.538140186] [robot4.fragment_exec_node]: Received fragment assignment: {'robot': 'robot4', 'fragment': {'id': 'fm2-11', 'mission': 'm2', 'state': 'assigned', 'wait': [], 'tasks': [{'name': 'check_room', 'label': 'check_room(r3)', 'params': {'x': 3, 'y': 11, 'size': 7}}], 'arrive_timestamp': 1787855665, 'priority': 1, 'segment': 's3'}}
[INFO] [1787855673.540463168] [robot4.fragment_exec_node]: Starting execution of fragment fm2-11...
[INFO] [1787855673.543395825] [robot4.fragment_exec_node]: Executing task check_room(r3). Params: {'x': 3, 'y': 11, 'size': 7}, Virtual state: {'position': {'x': 0.0, 'y': 0.0, 'z': 0.0}, 'docked': True}
[INFO] [1787855673.545434566] [robot4.fragment_exec_node]: EventType: Control (Task: check_room), Activity: undock, Robot: robot4, Mission: m2, Segment: s3, Start: 1787855673.5437407
[INFO] [1787855673.548253804] [robot4.fragment_exec_node]: Simulating undock skill...
[INFO] [1787855677.551190411] [robot4.fragment_exec_node]: Undock completed!
[INFO] [1787855677.552457568] [robot4.fragment_exec_node]: EventType: Control (Task: check_room), Activity: undock, Robot: robot4, Mission: m2, Segment: s3, End: 1787855677.5517159
[INFO] [1787855677.554054232] [robot4.fragment_exec_node]: EventType: Control (Task: check_room), Activity: move_to, Robot: robot4, Mission: m2, Segment: s3, Start: 1787855677.5530899
[INFO] [1787855677.556374383] [robot4.fragment_exec_node]: Simulating navigate skill from position (0.0, 0.0) to (3, 11) (22.80350850198276 seconds)...
[INFO] [1787855700.360826482] [robot4.fragment_exec_node]: Navigation completed!
[INFO] [1787855700.362639408] [robot4.fragment_exec_node]: EventType: Control (Task: check_room), Activity: move_to, Robot: robot4, Mission: m2, Segment: s3, End: 1787855700.3621151
[INFO] [1787855700.363454889] [robot4.fragment_exec_node]: EventType: Task, Activity: check_room, Robot: robot4, Mission: m2, Segment: s3, Start: 1787855700.362897
[INFO] [1787855700.364141598] [robot4.fragment_exec_node]: Simulating check_room skill (10.5s to complete)...
[INFO] [1787855710.867737420] [robot4.fragment_exec_node]: Check room completed!
[INFO] [1787855710.870768771] [robot4.fragment_exec_node]: EventType: Task, Activity: check_room, Robot: robot4, Mission: m2, Segment: s3, End: 1787855710.8689647
[INFO] [1787855710.873535577] [robot4.fragment_exec_node]: Execution of fragment fm2-11 completed!
[INFO] [1787855717.531587873] [robot4.fragment_exec_node]: Received fragment assignment: {'robot': 'robot4', 'fragment': {'id': 'fm2-8', 'mission': 'm2', 'state': 'assigned', 'wait': ['vacuum(r2)'], 'tasks': [{'name': 'mop', 'label': 'mop(r2)', 'params': {'x': 10, 'y': 5, 'size': 3}}], 'arrive_timestamp': 1787855665, 'priority': 1, 'segment': 's2'}}
[INFO] [1787855717.532872954] [robot4.fragment_exec_node]: Starting execution of fragment fm2-8...
[INFO] [1787855717.533602847] [robot4.fragment_exec_node]: Waiting for coordination messages before executing fragment fm2-8: ['vacuum(r2)']
[INFO] [1787855719.540663671] [robot4.fragment_exec_node]: Executing task mop(r2). Params: {'x': 10, 'y': 5, 'size': 3}, Virtual state: {'position': {'x': 3, 'y': 11, 'z': 0.0}, 'docked': False}
[INFO] [1787855719.546224094] [robot4.fragment_exec_node]: EventType: Control (Task: mop), Activity: move_to, Robot: robot4, Mission: m2, Segment: s2, Start: 1787855719.5415177
[INFO] [1787855719.548315496] [robot4.fragment_exec_node]: Simulating navigate skill from position (3, 11) to (10, 5) (14.560219778561036 seconds)...
[INFO] [1787855734.112115507] [robot4.fragment_exec_node]: Navigation completed!
[INFO] [1787855734.114650218] [robot4.fragment_exec_node]: EventType: Control (Task: mop), Activity: move_to, Robot: robot4, Mission: m2, Segment: s2, End: 1787855734.1130126
[INFO] [1787855734.116314136] [robot4.fragment_exec_node]: EventType: Task, Activity: mop, Robot: robot4, Mission: m2, Segment: s2, Start: 1787855734.1151237
[INFO] [1787855734.117921435] [robot4.fragment_exec_node]: Simulating mop skill (16.5s to complete)...
[INFO] [1787855750.619347144] [robot4.fragment_exec_node]: Mop completed!
[INFO] [1787855750.620747039] [robot4.fragment_exec_node]: EventType: Task, Activity: mop, Robot: robot4, Mission: m2, Segment: s2, End: 1787855750.620253
[INFO] [1787855750.621893880] [robot4.fragment_exec_node]: Execution of fragment fm2-8 completed!
[INFO] [1787855751.544942779] [robot4.fragment_exec_node]: Received fragment assignment: {'robot': 'robot4', 'fragment': {'id': 'fm2-9', 'mission': 'm2', 'state': 'assigned', 'wait': ['mop(r2)'], 'tasks': [{'name': 'disinfect', 'label': 'disinfect(r2)', 'params': {'x': 10, 'y': 5, 'size': 3}}], 'arrive_timestamp': 1787855665, 'priority': 1, 'segment': 's2'}}
[INFO] [1787855751.545610366] [robot4.fragment_exec_node]: Starting execution of fragment fm2-9...
[INFO] [1787855751.546474345] [robot4.fragment_exec_node]: Waiting for coordination messages before executing fragment fm2-9: ['mop(r2)']
[INFO] [1787855753.548275269] [robot4.fragment_exec_node]: Executing task disinfect(r2). Params: {'x': 10, 'y': 5, 'size': 3}, Virtual state: {'position': {'x': 10, 'y': 5, 'z': 0.0}, 'docked': False}
[INFO] [1787855753.549322112] [robot4.fragment_exec_node]: EventType: Task, Activity: disinfect, Robot: robot4, Mission: m2, Segment: s2, Start: 1787855753.5486948
[INFO] [1787855753.550309391] [robot4.fragment_exec_node]: Simulating disinfect skill (6s to complete)...
[INFO] [1787855759.553445097] [robot4.fragment_exec_node]: Disinfect completed!
[INFO] [1787855759.558118804] [robot4.fragment_exec_node]: EventType: Task, Activity: disinfect, Robot: robot4, Mission: m2, Segment: s2, End: 1787855759.5561702
[INFO] [1787855759.560643216] [robot4.fragment_exec_node]: Execution of fragment fm2-9 completed!
[INFO] [1787855760.529235903] [robot4.fragment_exec_node]: Received fragment assignment: {'robot': 'robot4', 'fragment': {'id': 'fm2-10', 'mission': 'm2', 'state': 'assigned', 'wait': ['disinfect(r2)'], 'tasks': [{'name': 'final_room_check', 'label': 'final_room_check(r2)', 'params': {'x': 10, 'y': 5, 'size': 3}}], 'arrive_timestamp': 1787855665, 'priority': 1, 'segment': 's2'}}
[INFO] [1787855760.530822926] [robot4.fragment_exec_node]: Starting execution of fragment fm2-10...
[ERROR] [1787855760.532445693] [robot4.fragment_exec_node]: Robot robot4 was assigned a fragment without required capabilities!
[INFO] [1787855760.533623829] [robot4.fragment_exec_node]: Executing task final_room_check(r2). Params: {'x': 10, 'y': 5, 'size': 3}, Virtual state: {'position': {'x': 10, 'y': 5, 'z': 0.0}, 'docked': False}
[INFO] [1787855760.535067352] [robot4.fragment_exec_node]: EventType: Task, Activity: final_room_check, Robot: robot4, Mission: m2, Segment: s2, Start: 1787855760.5341835
[INFO] [1787855760.536453141] [robot4.fragment_exec_node]: Simulating check_room skill (4.5s to complete)...
[INFO] [1787855765.040404134] [robot4.fragment_exec_node]: Check room completed!
[INFO] [1787855765.043576594] [robot4.fragment_exec_node]: EventType: Task, Activity: final_room_check, Robot: robot4, Mission: m2, Segment: s2, End: 1787855765.0416524
[INFO] [1787855765.046570870] [robot4.fragment_exec_node]: Execution of fragment fm2-10 completed!
[INFO] [1787855765.551814419] [robot4.fragment_exec_node]: Received fragment assignment: {'robot': 'robot4', 'fragment': {'id': 'fm2-23', 'mission': 'm2', 'state': 'assigned', 'wait': ['vacuum(r5)'], 'tasks': [{'name': 'mop', 'label': 'mop(r5)', 'params': {'x': 12, 'y': 3, 'size': 5}}], 'arrive_timestamp': 1787855665, 'priority': 1, 'segment': 's5'}}
[INFO] [1787855765.552602685] [robot4.fragment_exec_node]: Starting execution of fragment fm2-23...
[INFO] [1787855765.553234726] [robot4.fragment_exec_node]: Waiting for coordination messages before executing fragment fm2-23: ['vacuum(r5)']
[INFO] [1787855767.556610316] [robot4.fragment_exec_node]: Executing task mop(r5). Params: {'x': 12, 'y': 3, 'size': 5}, Virtual state: {'position': {'x': 10, 'y': 5, 'z': 0.0}, 'docked': False}
[INFO] [1787855767.557663518] [robot4.fragment_exec_node]: EventType: Control (Task: mop), Activity: move_to, Robot: robot4, Mission: m2, Segment: s5, Start: 1787855767.5570579
[INFO] [1787855767.558649913] [robot4.fragment_exec_node]: Simulating navigate skill from position (10, 5) to (12, 3) (14.560219778561036 seconds)...
[INFO] [1787855782.122281775] [robot4.fragment_exec_node]: Navigation completed!
[INFO] [1787855782.126223924] [robot4.fragment_exec_node]: EventType: Control (Task: mop), Activity: move_to, Robot: robot4, Mission: m2, Segment: s5, End: 1787855782.1241686
[INFO] [1787855782.128525649] [robot4.fragment_exec_node]: EventType: Task, Activity: mop, Robot: robot4, Mission: m2, Segment: s5, Start: 1787855782.1272204
[INFO] [1787855782.130285077] [robot4.fragment_exec_node]: Simulating mop skill (27.5s to complete)...
[INFO] [1787855809.634025396] [robot4.fragment_exec_node]: Mop completed!
[INFO] [1787855809.636072623] [robot4.fragment_exec_node]: EventType: Task, Activity: mop, Robot: robot4, Mission: m2, Segment: s5, End: 1787855809.6349425
[INFO] [1787855809.639124620] [robot4.fragment_exec_node]: Execution of fragment fm2-23 completed!
Traceback (most recent call last):
  File "/root/ros2_ws/install/multi3_executor/lib/multi3_executor/executor", line 33, in <module>
    sys.exit(load_entry_point('multi3-executor==0.0.0', 'console_scripts', 'executor')())
  File "/root/ros2_ws/install/multi3_executor/lib/python3.10/site-packages/multi3_executor/nodes/executor.py", line 313, in main
    rclpy.shutdown()
  File "/opt/ros/humble/local/lib/python3.10/dist-packages/rclpy/__init__.py", line 130, in shutdown
    _shutdown(context=context)
  File "/opt/ros/humble/local/lib/python3.10/dist-packages/rclpy/utilities.py", line 58, in shutdown
    return context.shutdown()
  File "/opt/ros/humble/local/lib/python3.10/dist-packages/rclpy/context.py", line 102, in shutdown
    self.__context.shutdown()
rclpy._rclpy_pybind11.RCLError: failed to shutdown: rcl_shutdown already called on the given context, at ./src/rcl/init.c:241

--- executor_robot5.log ---
[INFO] [1787855655.551856019] [robot5.fragment_exec_node]: Setting up skill: UndockSkill
[INFO] [1787855655.552969280] [robot5.fragment_exec_node]: Setting up skill: NavigateSkill
[INFO] [1787855655.553693856] [robot5.fragment_exec_node]: Setting up skill: CheckRoomSkill
[INFO] [1787855655.554339023] [robot5.fragment_exec_node]: Setting up skill: MopSkill
[INFO] [1787855655.554886887] [robot5.fragment_exec_node]: Setting up skill: DisinfectSkill
[INFO] [1787855655.555640595] [robot5.fragment_exec_node]: Setting up skill: CheckRoomSkill
[INFO] [1787855655.563643297] [robot5.fragment_exec_node]: Published robot registration: {'name': 'robot5', 'operational_state': 'idle', 'capabilities': ['undock', 'check_room', 'move_to', 'mop', 'disinfect'], 'state': {'position': {'x': 0.0, 'y': 0.0, 'z': 0.0}, 'docked': True}}
[INFO] [1787855673.543814554] [robot5.fragment_exec_node]: Received fragment assignment: {'robot': 'robot5', 'fragment': {'id': 'fm2-31', 'mission': 'm2', 'state': 'assigned', 'wait': [], 'tasks': [{'name': 'check_room', 'label': 'check_room(r7)', 'params': {'x': 9, 'y': 7, 'size': 3}}], 'arrive_timestamp': 1787855665, 'priority': 1, 'segment': 's7'}}
[INFO] [1787855673.545808683] [robot5.fragment_exec_node]: Starting execution of fragment fm2-31...
[INFO] [1787855673.547142209] [robot5.fragment_exec_node]: Executing task check_room(r7). Params: {'x': 9, 'y': 7, 'size': 3}, Virtual state: {'position': {'x': 0.0, 'y': 0.0, 'z': 0.0}, 'docked': True}
[INFO] [1787855673.548224406] [robot5.fragment_exec_node]: EventType: Control (Task: check_room), Activity: undock, Robot: robot5, Mission: m2, Segment: s7, Start: 1787855673.5474484
[INFO] [1787855673.548967479] [robot5.fragment_exec_node]: Simulating undock skill...
[INFO] [1787855677.554788272] [robot5.fragment_exec_node]: Undock completed!
[INFO] [1787855677.556346741] [robot5.fragment_exec_node]: EventType: Control (Task: check_room), Activity: undock, Robot: robot5, Mission: m2, Segment: s7, End: 1787855677.555284
[INFO] [1787855677.557623206] [robot5.fragment_exec_node]: EventType: Control (Task: check_room), Activity: move_to, Robot: robot5, Mission: m2, Segment: s7, Start: 1787855677.5568883
[INFO] [1787855677.558626678] [robot5.fragment_exec_node]: Simulating navigate skill from position (0.0, 0.0) to (9, 7) (22.80350850198276 seconds)...
[INFO] [1787855700.363673359] [robot5.fragment_exec_node]: Navigation completed!
[INFO] [1787855700.364853508] [robot5.fragment_exec_node]: EventType: Control (Task: check_room), Activity: move_to, Robot: robot5, Mission: m2, Segment: s7, End: 1787855700.3643715
[INFO] [1787855700.365535251] [robot5.fragment_exec_node]: EventType: Task, Activity: check_room, Robot: robot5, Mission: m2, Segment: s7, Start: 1787855700.3650982
[INFO] [1787855700.366209409] [robot5.fragment_exec_node]: Simulating check_room skill (4.5s to complete)...
[INFO] [1787855704.869632888] [robot5.fragment_exec_node]: Check room completed!
[INFO] [1787855704.871111104] [robot5.fragment_exec_node]: EventType: Task, Activity: check_room, Robot: robot5, Mission: m2, Segment: s7, End: 1787855704.870286
[INFO] [1787855704.872397138] [robot5.fragment_exec_node]: Execution of fragment fm2-31 completed!
[INFO] [1787855718.534279563] [robot5.fragment_exec_node]: Received fragment assignment: {'robot': 'robot5', 'fragment': {'id': 'fm2-3', 'mission': 'm2', 'state': 'assigned', 'wait': ['vacuum(r1)'], 'tasks': [{'name': 'mop', 'label': 'mop(r1)', 'params': {'x': 4, 'y': 2, 'size': 6}}], 'arrive_timestamp': 1787855665, 'priority': 1, 'segment': 's1'}}
[INFO] [1787855718.535585093] [robot5.fragment_exec_node]: Starting execution of fragment fm2-3...
[INFO] [1787855718.537210851] [robot5.fragment_exec_node]: Executing task mop(r1). Params: {'x': 4, 'y': 2, 'size': 6}, Virtual state: {'position': {'x': 9, 'y': 7, 'z': 0.0}, 'docked': False}
[INFO] [1787855718.537982833] [robot5.fragment_exec_node]: EventType: Control (Task: mop), Activity: move_to, Robot: robot5, Mission: m2, Segment: s1, Start: 1787855718.537448
[INFO] [1787855718.538923623] [robot5.fragment_exec_node]: Simulating navigate skill from position (9, 7) to (4, 2) (17.204650534085253 seconds)...
[INFO] [1787855735.747326257] [robot5.fragment_exec_node]: Navigation completed!
[INFO] [1787855735.750249390] [robot5.fragment_exec_node]: EventType: Control (Task: mop), Activity: move_to, Robot: robot5, Mission: m2, Segment: s1, End: 1787855735.748321
[INFO] [1787855735.752429068] [robot5.fragment_exec_node]: EventType: Task, Activity: mop, Robot: robot5, Mission: m2, Segment: s1, Start: 1787855735.750945
[INFO] [1787855735.754029321] [robot5.fragment_exec_node]: Simulating mop skill (33.0s to complete)...
[INFO] [1787855768.755481066] [robot5.fragment_exec_node]: Mop completed!
[INFO] [1787855768.759819426] [robot5.fragment_exec_node]: EventType: Task, Activity: mop, Robot: robot5, Mission: m2, Segment: s1, End: 1787855768.7577612
[INFO] [1787855768.763590414] [robot5.fragment_exec_node]: Execution of fragment fm2-3 completed!
[INFO] [1787855769.552156859] [robot5.fragment_exec_node]: Received fragment assignment: {'robot': 'robot5', 'fragment': {'id': 'fm2-4', 'mission': 'm2', 'state': 'assigned', 'wait': ['mop(r1)'], 'tasks': [{'name': 'disinfect', 'label': 'disinfect(r1)', 'params': {'x': 4, 'y': 2, 'size': 6}}], 'arrive_timestamp': 1787855665, 'priority': 1, 'segment': 's1'}}
[INFO] [1787855769.553022844] [robot5.fragment_exec_node]: Starting execution of fragment fm2-4...
[INFO] [1787855769.553944398] [robot5.fragment_exec_node]: Waiting for coordination messages before executing fragment fm2-4: ['mop(r1)']
[INFO] [1787855771.559451390] [robot5.fragment_exec_node]: Executing task disinfect(r1). Params: {'x': 4, 'y': 2, 'size': 6}, Virtual state: {'position': {'x': 4, 'y': 2, 'z': 0.0}, 'docked': False}
[INFO] [1787855771.562569505] [robot5.fragment_exec_node]: EventType: Task, Activity: disinfect, Robot: robot5, Mission: m2, Segment: s1, Start: 1787855771.5606833
[INFO] [1787855771.565006971] [robot5.fragment_exec_node]: Simulating disinfect skill (12s to complete)...
[INFO] [1787855783.567150364] [robot5.fragment_exec_node]: Disinfect completed!
[INFO] [1787855783.568412163] [robot5.fragment_exec_node]: EventType: Task, Activity: disinfect, Robot: robot5, Mission: m2, Segment: s1, End: 1787855783.5677724
[INFO] [1787855783.569522859] [robot5.fragment_exec_node]: Execution of fragment fm2-4 completed!
[INFO] [1787855784.524602082] [robot5.fragment_exec_node]: Received fragment assignment: {'robot': 'robot5', 'fragment': {'id': 'fm2-5', 'mission': 'm2', 'state': 'assigned', 'wait': ['disinfect(r1)'], 'tasks': [{'name': 'final_room_check', 'label': 'final_room_check(r1)', 'params': {'x': 4, 'y': 2, 'size': 6}}], 'arrive_timestamp': 1787855665, 'priority': 1, 'segment': 's1'}}
[INFO] [1787855784.528780074] [robot5.fragment_exec_node]: Starting execution of fragment fm2-5...
[ERROR] [1787855784.530256940] [robot5.fragment_exec_node]: Robot robot5 was assigned a fragment without required capabilities!
[INFO] [1787855784.531742033] [robot5.fragment_exec_node]: Executing task final_room_check(r1). Params: {'x': 4, 'y': 2, 'size': 6}, Virtual state: {'position': {'x': 4, 'y': 2, 'z': 0.0}, 'docked': False}
[INFO] [1787855784.533064972] [robot5.fragment_exec_node]: EventType: Task, Activity: final_room_check, Robot: robot5, Mission: m2, Segment: s1, Start: 1787855784.5321426
[INFO] [1787855784.534128008] [robot5.fragment_exec_node]: Simulating check_room skill (9.0s to complete)...
[INFO] [1787855793.536772756] [robot5.fragment_exec_node]: Check room completed!
[INFO] [1787855793.538119853] [robot5.fragment_exec_node]: EventType: Task, Activity: final_room_check, Robot: robot5, Mission: m2, Segment: s1, End: 1787855793.5372293
[INFO] [1787855793.539880482] [robot5.fragment_exec_node]: Execution of fragment fm2-5 completed!
Traceback (most recent call last):
  File "/root/ros2_ws/install/multi3_executor/lib/multi3_executor/executor", line 33, in <module>
    sys.exit(load_entry_point('multi3-executor==0.0.0', 'console_scripts', 'executor')())
  File "/root/ros2_ws/install/multi3_executor/lib/python3.10/site-packages/multi3_executor/nodes/executor.py", line 313, in main
    rclpy.shutdown()
  File "/opt/ros/humble/local/lib/python3.10/dist-packages/rclpy/__init__.py", line 130, in shutdown
    _shutdown(context=context)
  File "/opt/ros/humble/local/lib/python3.10/dist-packages/rclpy/utilities.py", line 58, in shutdown
    return context.shutdown()
  File "/opt/ros/humble/local/lib/python3.10/dist-packages/rclpy/context.py", line 102, in shutdown
    self.__context.shutdown()
rclpy._rclpy_pybind11.RCLError: failed to shutdown: rcl_shutdown already called on the given context, at ./src/rcl/init.c:241

--- executor_robot6.log ---
[INFO] [1787855657.612574139] [robot6.fragment_exec_node]: Setting up skill: UndockSkill
[INFO] [1787855657.613440104] [robot6.fragment_exec_node]: Setting up skill: NavigateSkill
[INFO] [1787855657.614238557] [robot6.fragment_exec_node]: Setting up skill: CheckRoomSkill
[INFO] [1787855657.615005629] [robot6.fragment_exec_node]: Setting up skill: MopSkill
[INFO] [1787855657.615639598] [robot6.fragment_exec_node]: Setting up skill: CheckRoomSkill
[INFO] [1787855657.624729535] [robot6.fragment_exec_node]: Published robot registration: {'name': 'robot6', 'operational_state': 'idle', 'capabilities': ['undock', 'check_room', 'move_to', 'mop'], 'state': {'position': {'x': 0.0, 'y': 0.0, 'z': 0.0}, 'docked': True}}
[INFO] [1787855673.567462939] [robot6.fragment_exec_node]: Received fragment assignment: {'robot': 'robot6', 'fragment': {'id': 'fm2-16', 'mission': 'm2', 'state': 'assigned', 'wait': [], 'tasks': [{'name': 'check_room', 'label': 'check_room(r4)', 'params': {'x': 8, 'y': 9, 'size': 4}}], 'arrive_timestamp': 1787855665, 'priority': 1, 'segment': 's4'}}
[INFO] [1787855673.568874040] [robot6.fragment_exec_node]: Starting execution of fragment fm2-16...
[INFO] [1787855673.573138489] [robot6.fragment_exec_node]: Executing task check_room(r4). Params: {'x': 8, 'y': 9, 'size': 4}, Virtual state: {'position': {'x': 0.0, 'y': 0.0, 'z': 0.0}, 'docked': True}
[INFO] [1787855673.574024805] [robot6.fragment_exec_node]: EventType: Control (Task: check_room), Activity: undock, Robot: robot6, Mission: m2, Segment: s4, Start: 1787855673.5734103
[INFO] [1787855673.575070558] [robot6.fragment_exec_node]: Simulating undock skill...
[INFO] [1787855677.578192413] [robot6.fragment_exec_node]: Undock completed!
[INFO] [1787855677.582056446] [robot6.fragment_exec_node]: EventType: Control (Task: check_room), Activity: undock, Robot: robot6, Mission: m2, Segment: s4, End: 1787855677.5807934
[INFO] [1787855677.583628609] [robot6.fragment_exec_node]: EventType: Control (Task: check_room), Activity: move_to, Robot: robot6, Mission: m2, Segment: s4, Start: 1787855677.5826995
[INFO] [1787855677.585368557] [robot6.fragment_exec_node]: Simulating navigate skill from position (0.0, 0.0) to (8, 9) (24.08318915758459 seconds)...
[INFO] [1787855701.669897673] [robot6.fragment_exec_node]: Navigation completed!
[INFO] [1787855701.671528870] [robot6.fragment_exec_node]: EventType: Control (Task: check_room), Activity: move_to, Robot: robot6, Mission: m2, Segment: s4, End: 1787855701.6708536
[INFO] [1787855701.672505839] [robot6.fragment_exec_node]: EventType: Task, Activity: check_room, Robot: robot6, Mission: m2, Segment: s4, Start: 1787855701.671847
[INFO] [1787855701.673302876] [robot6.fragment_exec_node]: Simulating check_room skill (6.0s to complete)...
[INFO] [1787855707.676740564] [robot6.fragment_exec_node]: Check room completed!
[INFO] [1787855707.679662061] [robot6.fragment_exec_node]: EventType: Task, Activity: check_room, Robot: robot6, Mission: m2, Segment: s4, End: 1787855707.6778154
[INFO] [1787855707.681898271] [robot6.fragment_exec_node]: Execution of fragment fm2-16 completed!
[INFO] [1787855732.530407176] [robot6.fragment_exec_node]: Received fragment assignment: {'robot': 'robot6', 'fragment': {'id': 'fm2-38', 'mission': 'm2', 'state': 'assigned', 'wait': ['vacuum(r8)'], 'tasks': [{'name': 'mop', 'label': 'mop(r8)', 'params': {'x': 2, 'y': 8, 'size': 7}}], 'arrive_timestamp': 1787855665, 'priority': 1, 'segment': 's8'}}
[INFO] [1787855732.533840309] [robot6.fragment_exec_node]: Starting execution of fragment fm2-38...
[INFO] [1787855732.535421820] [robot6.fragment_exec_node]: Executing task mop(r8). Params: {'x': 2, 'y': 8, 'size': 7}, Virtual state: {'position': {'x': 8, 'y': 9, 'z': 0.0}, 'docked': False}
[INFO] [1787855732.536924673] [robot6.fragment_exec_node]: EventType: Control (Task: mop), Activity: move_to, Robot: robot6, Mission: m2, Segment: s8, Start: 1787855732.5359445
[INFO] [1787855732.538327557] [robot6.fragment_exec_node]: Simulating navigate skill from position (8, 9) to (2, 8) (12.0 seconds)...
[INFO] [1787855744.542269558] [robot6.fragment_exec_node]: Navigation completed!
[INFO] [1787855744.545916362] [robot6.fragment_exec_node]: EventType: Control (Task: mop), Activity: move_to, Robot: robot6, Mission: m2, Segment: s8, End: 1787855744.5443282
[INFO] [1787855744.547679563] [robot6.fragment_exec_node]: EventType: Task, Activity: mop, Robot: robot6, Mission: m2, Segment: s8, Start: 1787855744.5466166
[INFO] [1787855744.549569383] [robot6.fragment_exec_node]: Simulating mop skill (38.5s to complete)...
[INFO] [1787855783.051937392] [robot6.fragment_exec_node]: Mop completed!
[INFO] [1787855783.056845993] [robot6.fragment_exec_node]: EventType: Task, Activity: mop, Robot: robot6, Mission: m2, Segment: s8, End: 1787855783.054788
[INFO] [1787855783.060114427] [robot6.fragment_exec_node]: Execution of fragment fm2-38 completed!
Traceback (most recent call last):
  File "/root/ros2_ws/install/multi3_executor/lib/multi3_executor/executor", line 33, in <module>
    sys.exit(load_entry_point('multi3-executor==0.0.0', 'console_scripts', 'executor')())
  File "/root/ros2_ws/install/multi3_executor/lib/python3.10/site-packages/multi3_executor/nodes/executor.py", line 313, in main
    rclpy.shutdown()
  File "/opt/ros/humble/local/lib/python3.10/dist-packages/rclpy/__init__.py", line 130, in shutdown
    _shutdown(context=context)
  File "/opt/ros/humble/local/lib/python3.10/dist-packages/rclpy/utilities.py", line 58, in shutdown
    return context.shutdown()
  File "/opt/ros/humble/local/lib/python3.10/dist-packages/rclpy/context.py", line 102, in shutdown
    self.__context.shutdown()
rclpy._rclpy_pybind11.RCLError: failed to shutdown: rcl_shutdown already called on the given context, at ./src/rcl/init.c:241

--- executor_robot7.log ---
[INFO] [1787855659.584931964] [robot7.fragment_exec_node]: Setting up skill: UndockSkill
[INFO] [1787855659.585715116] [robot7.fragment_exec_node]: Setting up skill: NavigateSkill
[INFO] [1787855659.586275552] [robot7.fragment_exec_node]: Setting up skill: CheckRoomSkill
[INFO] [1787855659.586834294] [robot7.fragment_exec_node]: Setting up skill: MopSkill
[INFO] [1787855659.587364355] [robot7.fragment_exec_node]: Setting up skill: CheckRoomSkill
[INFO] [1787855659.598018126] [robot7.fragment_exec_node]: Published robot registration: {'name': 'robot7', 'operational_state': 'idle', 'capabilities': ['undock', 'check_room', 'move_to', 'mop'], 'state': {'position': {'x': 0.0, 'y': 0.0, 'z': 0.0}, 'docked': True}}
[INFO] [1787855673.569305714] [robot7.fragment_exec_node]: Received fragment assignment: {'robot': 'robot7', 'fragment': {'id': 'fm2-21', 'mission': 'm2', 'state': 'assigned', 'wait': [], 'tasks': [{'name': 'check_room', 'label': 'check_room(r5)', 'params': {'x': 12, 'y': 3, 'size': 5}}], 'arrive_timestamp': 1787855665, 'priority': 1, 'segment': 's5'}}
[INFO] [1787855673.571190178] [robot7.fragment_exec_node]: Starting execution of fragment fm2-21...
[INFO] [1787855673.572367729] [robot7.fragment_exec_node]: Executing task check_room(r5). Params: {'x': 12, 'y': 3, 'size': 5}, Virtual state: {'position': {'x': 0.0, 'y': 0.0, 'z': 0.0}, 'docked': True}
[INFO] [1787855673.573301041] [robot7.fragment_exec_node]: EventType: Control (Task: check_room), Activity: undock, Robot: robot7, Mission: m2, Segment: s5, Start: 1787855673.572665
[INFO] [1787855673.574199119] [robot7.fragment_exec_node]: Simulating undock skill...
[INFO] [1787855677.577332401] [robot7.fragment_exec_node]: Undock completed!
[INFO] [1787855677.580210048] [robot7.fragment_exec_node]: EventType: Control (Task: check_room), Activity: undock, Robot: robot7, Mission: m2, Segment: s5, End: 1787855677.5781198
[INFO] [1787855677.582133709] [robot7.fragment_exec_node]: EventType: Control (Task: check_room), Activity: move_to, Robot: robot7, Mission: m2, Segment: s5, Start: 1787855677.5807307
[INFO] [1787855677.583686466] [robot7.fragment_exec_node]: Simulating navigate skill from position (0.0, 0.0) to (12, 3) (24.73863375370596 seconds)...
[INFO] [1787855702.323936074] [robot7.fragment_exec_node]: Navigation completed!
[INFO] [1787855702.325317750] [robot7.fragment_exec_node]: EventType: Control (Task: check_room), Activity: move_to, Robot: robot7, Mission: m2, Segment: s5, End: 1787855702.3247762
[INFO] [1787855702.326239708] [robot7.fragment_exec_node]: EventType: Task, Activity: check_room, Robot: robot7, Mission: m2, Segment: s5, Start: 1787855702.3256783
[INFO] [1787855702.326805237] [robot7.fragment_exec_node]: Simulating check_room skill (7.5s to complete)...
[INFO] [1787855709.830736628] [robot7.fragment_exec_node]: Check room completed!
[INFO] [1787855709.833542227] [robot7.fragment_exec_node]: EventType: Task, Activity: check_room, Robot: robot7, Mission: m2, Segment: s5, End: 1787855709.8315349
[INFO] [1787855709.837360631] [robot7.fragment_exec_node]: Execution of fragment fm2-21 completed!
[INFO] [1787855734.575300053] [robot7.fragment_exec_node]: Received fragment assignment: {'robot': 'robot7', 'fragment': {'id': 'fm2-33', 'mission': 'm2', 'state': 'assigned', 'wait': ['vacuum(r7)'], 'tasks': [{'name': 'mop', 'label': 'mop(r7)', 'params': {'x': 9, 'y': 7, 'size': 3}}], 'arrive_timestamp': 1787855665, 'priority': 1, 'segment': 's7'}}
[INFO] [1787855734.589210757] [robot7.fragment_exec_node]: Starting execution of fragment fm2-33...
[INFO] [1787855734.590089118] [robot7.fragment_exec_node]: Waiting for coordination messages before executing fragment fm2-33: ['vacuum(r7)']
[INFO] [1787855736.595353932] [robot7.fragment_exec_node]: Executing task mop(r7). Params: {'x': 9, 'y': 7, 'size': 3}, Virtual state: {'position': {'x': 12, 'y': 3, 'z': 0.0}, 'docked': False}
[INFO] [1787855736.597743843] [robot7.fragment_exec_node]: EventType: Control (Task: mop), Activity: move_to, Robot: robot7, Mission: m2, Segment: s7, Start: 1787855736.5965536
[INFO] [1787855736.599489521] [robot7.fragment_exec_node]: Simulating navigate skill from position (12, 3) to (9, 7) (11.661903789690601 seconds)...
[INFO] [1787855748.266318755] [robot7.fragment_exec_node]: Navigation completed!
[INFO] [1787855748.270503652] [robot7.fragment_exec_node]: EventType: Control (Task: mop), Activity: move_to, Robot: robot7, Mission: m2, Segment: s7, End: 1787855748.268504
[INFO] [1787855748.272381258] [robot7.fragment_exec_node]: EventType: Task, Activity: mop, Robot: robot7, Mission: m2, Segment: s7, Start: 1787855748.2712438
[INFO] [1787855748.274171123] [robot7.fragment_exec_node]: Simulating mop skill (16.5s to complete)...
[INFO] [1787855764.776393259] [robot7.fragment_exec_node]: Mop completed!
[INFO] [1787855764.781441955] [robot7.fragment_exec_node]: EventType: Task, Activity: mop, Robot: robot7, Mission: m2, Segment: s7, End: 1787855764.7793412
[INFO] [1787855764.783825933] [robot7.fragment_exec_node]: Execution of fragment fm2-33 completed!
[INFO] [1787855775.543505402] [robot7.fragment_exec_node]: Received fragment assignment: {'robot': 'robot7', 'fragment': {'id': 'fm2-28', 'mission': 'm2', 'state': 'assigned', 'wait': ['vacuum(r6)'], 'tasks': [{'name': 'mop', 'label': 'mop(r6)', 'params': {'x': 6, 'y': 12, 'size': 6}}], 'arrive_timestamp': 1787855665, 'priority': 1, 'segment': 's6'}}
[INFO] [1787855775.544388139] [robot7.fragment_exec_node]: Starting execution of fragment fm2-28...
[INFO] [1787855775.545348399] [robot7.fragment_exec_node]: Waiting for coordination messages before executing fragment fm2-28: ['vacuum(r6)']
[INFO] [1787855777.549144975] [robot7.fragment_exec_node]: Executing task mop(r6). Params: {'x': 6, 'y': 12, 'size': 6}, Virtual state: {'position': {'x': 9, 'y': 7, 'z': 0.0}, 'docked': False}
[INFO] [1787855777.550424686] [robot7.fragment_exec_node]: EventType: Control (Task: mop), Activity: move_to, Robot: robot7, Mission: m2, Segment: s6, Start: 1787855777.549629
[INFO] [1787855777.551370523] [robot7.fragment_exec_node]: Simulating navigate skill from position (9, 7) to (6, 12) (8.48528137423857 seconds)...
[INFO] [1787855786.040625904] [robot7.fragment_exec_node]: Navigation completed!
[INFO] [1787855786.043302207] [robot7.fragment_exec_node]: EventType: Control (Task: mop), Activity: move_to, Robot: robot7, Mission: m2, Segment: s6, End: 1787855786.04152
[INFO] [1787855786.045141110] [robot7.fragment_exec_node]: EventType: Task, Activity: mop, Robot: robot7, Mission: m2, Segment: s6, Start: 1787855786.0438602
[INFO] [1787855786.046653142] [robot7.fragment_exec_node]: Simulating mop skill (33.0s to complete)...
[INFO] [1787855819.050233936] [robot7.fragment_exec_node]: Mop completed!
[INFO] [1787855819.053128802] [robot7.fragment_exec_node]: EventType: Task, Activity: mop, Robot: robot7, Mission: m2, Segment: s6, End: 1787855819.0512137
[INFO] [1787855819.056975773] [robot7.fragment_exec_node]: Execution of fragment fm2-28 completed!
Traceback (most recent call last):
  File "/root/ros2_ws/install/multi3_executor/lib/multi3_executor/executor", line 33, in <module>
    sys.exit(load_entry_point('multi3-executor==0.0.0', 'console_scripts', 'executor')())
  File "/root/ros2_ws/install/multi3_executor/lib/python3.10/site-packages/multi3_executor/nodes/executor.py", line 313, in main
    rclpy.shutdown()
  File "/opt/ros/humble/local/lib/python3.10/dist-packages/rclpy/__init__.py", line 130, in shutdown
    _shutdown(context=context)
  File "/opt/ros/humble/local/lib/python3.10/dist-packages/rclpy/utilities.py", line 58, in shutdown
    return context.shutdown()
  File "/opt/ros/humble/local/lib/python3.10/dist-packages/rclpy/context.py", line 102, in shutdown
    self.__context.shutdown()
rclpy._rclpy_pybind11.RCLError: failed to shutdown: rcl_shutdown already called on the given context, at ./src/rcl/init.c:241

--- executor_robot8.log ---
[INFO] [1787855661.589158759] [robot8.fragment_exec_node]: Setting up skill: UndockSkill
[INFO] [1787855661.589973254] [robot8.fragment_exec_node]: Setting up skill: NavigateSkill
[INFO] [1787855661.590528606] [robot8.fragment_exec_node]: Setting up skill: CheckRoomSkill
[INFO] [1787855661.591134690] [robot8.fragment_exec_node]: Setting up skill: MopSkill
[INFO] [1787855661.591742321] [robot8.fragment_exec_node]: Setting up skill: CheckRoomSkill
[INFO] [1787855661.599667623] [robot8.fragment_exec_node]: Published robot registration: {'name': 'robot8', 'operational_state': 'idle', 'capabilities': ['undock', 'check_room', 'move_to', 'mop'], 'state': {'position': {'x': 0.0, 'y': 0.0, 'z': 0.0}, 'docked': True}}
[INFO] [1787855673.612411166] [robot8.fragment_exec_node]: Received fragment assignment: {'robot': 'robot8', 'fragment': {'id': 'fm2-26', 'mission': 'm2', 'state': 'assigned', 'wait': [], 'tasks': [{'name': 'check_room', 'label': 'check_room(r6)', 'params': {'x': 6, 'y': 12, 'size': 6}}], 'arrive_timestamp': 1787855665, 'priority': 1, 'segment': 's6'}}
[INFO] [1787855673.614369753] [robot8.fragment_exec_node]: Starting execution of fragment fm2-26...
[INFO] [1787855673.615832769] [robot8.fragment_exec_node]: Executing task check_room(r6). Params: {'x': 6, 'y': 12, 'size': 6}, Virtual state: {'position': {'x': 0.0, 'y': 0.0, 'z': 0.0}, 'docked': True}
[INFO] [1787855673.616965697] [robot8.fragment_exec_node]: EventType: Control (Task: check_room), Activity: undock, Robot: robot8, Mission: m2, Segment: s6, Start: 1787855673.6161678
[INFO] [1787855673.617958220] [robot8.fragment_exec_node]: Simulating undock skill...
[INFO] [1787855677.619419736] [robot8.fragment_exec_node]: Undock completed!
[INFO] [1787855677.620545461] [robot8.fragment_exec_node]: EventType: Control (Task: check_room), Activity: undock, Robot: robot8, Mission: m2, Segment: s6, End: 1787855677.6199226
[INFO] [1787855677.621579619] [robot8.fragment_exec_node]: EventType: Control (Task: check_room), Activity: move_to, Robot: robot8, Mission: m2, Segment: s6, Start: 1787855677.6209836
[INFO] [1787855677.622508922] [robot8.fragment_exec_node]: Simulating navigate skill from position (0.0, 0.0) to (6, 12) (26.832815729997478 seconds)...
[INFO] [1787855704.456833038] [robot8.fragment_exec_node]: Navigation completed!
[INFO] [1787855704.459075303] [robot8.fragment_exec_node]: EventType: Control (Task: check_room), Activity: move_to, Robot: robot8, Mission: m2, Segment: s6, End: 1787855704.4584732
[INFO] [1787855704.459986623] [robot8.fragment_exec_node]: EventType: Task, Activity: check_room, Robot: robot8, Mission: m2, Segment: s6, Start: 1787855704.4594655
[INFO] [1787855704.461686185] [robot8.fragment_exec_node]: Simulating check_room skill (9.0s to complete)...
[INFO] [1787855713.465678211] [robot8.fragment_exec_node]: Check room completed!
[INFO] [1787855713.470792825] [robot8.fragment_exec_node]: EventType: Task, Activity: check_room, Robot: robot8, Mission: m2, Segment: s6, End: 1787855713.4670372
[INFO] [1787855713.475967264] [robot8.fragment_exec_node]: Execution of fragment fm2-26 completed!
[INFO] [1787855745.531230649] [robot8.fragment_exec_node]: Received fragment assignment: {'robot': 'robot8', 'fragment': {'id': 'fm2-18', 'mission': 'm2', 'state': 'assigned', 'wait': ['vacuum(r4)'], 'tasks': [{'name': 'mop', 'label': 'mop(r4)', 'params': {'x': 8, 'y': 9, 'size': 4}}], 'arrive_timestamp': 1787855665, 'priority': 1, 'segment': 's4'}}
[INFO] [1787855745.534449263] [robot8.fragment_exec_node]: Starting execution of fragment fm2-18...
[INFO] [1787855745.536493270] [robot8.fragment_exec_node]: Waiting for coordination messages before executing fragment fm2-18: ['vacuum(r4)']
[INFO] [1787855747.542406898] [robot8.fragment_exec_node]: Executing task mop(r4). Params: {'x': 8, 'y': 9, 'size': 4}, Virtual state: {'position': {'x': 6, 'y': 12, 'z': 0.0}, 'docked': False}
[INFO] [1787855747.546390257] [robot8.fragment_exec_node]: EventType: Control (Task: mop), Activity: move_to, Robot: robot8, Mission: m2, Segment: s4, Start: 1787855747.5443213
[INFO] [1787855747.549486838] [robot8.fragment_exec_node]: Simulating navigate skill from position (6, 12) to (8, 9) (7.211102550927978 seconds)...
[INFO] [1787855754.763418717] [robot8.fragment_exec_node]: Navigation completed!
[INFO] [1787855754.766172064] [robot8.fragment_exec_node]: EventType: Control (Task: mop), Activity: move_to, Robot: robot8, Mission: m2, Segment: s4, End: 1787855754.7645988
[INFO] [1787855754.767962662] [robot8.fragment_exec_node]: EventType: Task, Activity: mop, Robot: robot8, Mission: m2, Segment: s4, Start: 1787855754.7669635
[INFO] [1787855754.769682763] [robot8.fragment_exec_node]: Simulating mop skill (22.0s to complete)...
[INFO] [1787855776.772610985] [robot8.fragment_exec_node]: Mop completed!
[INFO] [1787855776.775691261] [robot8.fragment_exec_node]: EventType: Task, Activity: mop, Robot: robot8, Mission: m2, Segment: s4, End: 1787855776.7743597
[INFO] [1787855776.778252895] [robot8.fragment_exec_node]: Execution of fragment fm2-18 completed!
Traceback (most recent call last):
  File "/root/ros2_ws/install/multi3_executor/lib/multi3_executor/executor", line 33, in <module>
    sys.exit(load_entry_point('multi3-executor==0.0.0', 'console_scripts', 'executor')())
  File "/root/ros2_ws/install/multi3_executor/lib/python3.10/site-packages/multi3_executor/nodes/executor.py", line 313, in main
    rclpy.shutdown()
  File "/opt/ros/humble/local/lib/python3.10/dist-packages/rclpy/__init__.py", line 130, in shutdown
    _shutdown(context=context)
  File "/opt/ros/humble/local/lib/python3.10/dist-packages/rclpy/utilities.py", line 58, in shutdown
    return context.shutdown()
  File "/opt/ros/humble/local/lib/python3.10/dist-packages/rclpy/context.py", line 102, in shutdown
    self.__context.shutdown()
rclpy._rclpy_pybind11.RCLError: failed to shutdown: rcl_shutdown already called on the given context, at ./src/rcl/init.c:241

--- executor_robot9.log ---
[INFO] [1787855663.579004456] [robot9.fragment_exec_node]: Setting up skill: UndockSkill
[INFO] [1787855663.580065189] [robot9.fragment_exec_node]: Setting up skill: NavigateSkill
[INFO] [1787855663.580753963] [robot9.fragment_exec_node]: Setting up skill: CheckRoomSkill
[INFO] [1787855663.581394241] [robot9.fragment_exec_node]: Setting up skill: MopSkill
[INFO] [1787855663.581942797] [robot9.fragment_exec_node]: Setting up skill: CheckRoomSkill
[INFO] [1787855663.591531332] [robot9.fragment_exec_node]: Published robot registration: {'name': 'robot9', 'operational_state': 'idle', 'capabilities': ['undock', 'check_room', 'move_to', 'mop'], 'state': {'position': {'x': 0.0, 'y': 0.0, 'z': 0.0}, 'docked': True}}
[INFO] [1787855775.575085252] [robot9.fragment_exec_node]: Received fragment assignment: {'robot': 'robot9', 'fragment': {'id': 'fm2-13', 'mission': 'm2', 'state': 'assigned', 'wait': ['vacuum(r3)'], 'tasks': [{'name': 'mop', 'label': 'mop(r3)', 'params': {'x': 3, 'y': 11, 'size': 7}}], 'arrive_timestamp': 1787855665, 'priority': 1, 'segment': 's3'}}
[INFO] [1787855775.577852168] [robot9.fragment_exec_node]: Starting execution of fragment fm2-13...
[INFO] [1787855775.578657448] [robot9.fragment_exec_node]: Waiting for coordination messages before executing fragment fm2-13: ['vacuum(r3)']
[INFO] [1787855777.584498893] [robot9.fragment_exec_node]: Executing task mop(r3). Params: {'x': 3, 'y': 11, 'size': 7}, Virtual state: {'position': {'x': 0.0, 'y': 0.0, 'z': 0.0}, 'docked': True}
[INFO] [1787855777.587475631] [robot9.fragment_exec_node]: EventType: Control (Task: mop), Activity: undock, Robot: robot9, Mission: m2, Segment: s3, Start: 1787855777.5855882
[INFO] [1787855777.590062102] [robot9.fragment_exec_node]: Simulating undock skill...
[INFO] [1787855781.593497475] [robot9.fragment_exec_node]: Undock completed!
[INFO] [1787855781.596778072] [robot9.fragment_exec_node]: EventType: Control (Task: mop), Activity: undock, Robot: robot9, Mission: m2, Segment: s3, End: 1787855781.5945864
[INFO] [1787855781.598593507] [robot9.fragment_exec_node]: EventType: Control (Task: mop), Activity: move_to, Robot: robot9, Mission: m2, Segment: s3, Start: 1787855781.597458
[INFO] [1787855781.600417717] [robot9.fragment_exec_node]: Simulating navigate skill from position (0.0, 0.0) to (3, 11) (22.80350850198276 seconds)...
[INFO] [1787855804.407959436] [robot9.fragment_exec_node]: Navigation completed!
[INFO] [1787855804.410709918] [robot9.fragment_exec_node]: EventType: Control (Task: mop), Activity: move_to, Robot: robot9, Mission: m2, Segment: s3, End: 1787855804.4091907
[INFO] [1787855804.412393391] [robot9.fragment_exec_node]: EventType: Task, Activity: mop, Robot: robot9, Mission: m2, Segment: s3, Start: 1787855804.4114692
[INFO] [1787855804.414204117] [robot9.fragment_exec_node]: Simulating mop skill (38.5s to complete)...
[INFO] [1787855842.917940754] [robot9.fragment_exec_node]: Mop completed!
[INFO] [1787855842.921925035] [robot9.fragment_exec_node]: EventType: Task, Activity: mop, Robot: robot9, Mission: m2, Segment: s3, End: 1787855842.920077
[INFO] [1787855842.924303192] [robot9.fragment_exec_node]: Execution of fragment fm2-13 completed!
Traceback (most recent call last):
  File "/root/ros2_ws/install/multi3_executor/lib/multi3_executor/executor", line 33, in <module>
    sys.exit(load_entry_point('multi3-executor==0.0.0', 'console_scripts', 'executor')())
  File "/root/ros2_ws/install/multi3_executor/lib/python3.10/site-packages/multi3_executor/nodes/executor.py", line 313, in main
    rclpy.shutdown()
  File "/opt/ros/humble/local/lib/python3.10/dist-packages/rclpy/__init__.py", line 130, in shutdown
    _shutdown(context=context)
  File "/opt/ros/humble/local/lib/python3.10/dist-packages/rclpy/utilities.py", line 58, in shutdown
    return context.shutdown()
  File "/opt/ros/humble/local/lib/python3.10/dist-packages/rclpy/context.py", line 102, in shutdown
    self.__context.shutdown()
rclpy._rclpy_pybind11.RCLError: failed to shutdown: rcl_shutdown already called on the given context, at ./src/rcl/init.c:241
