=== Test: spec: robots=[(4, ['pick', 'move_to', 'place', 'undock', 'localize']), (1, ['scan', 'localize']), (1, ['pack', 'localize']), (1, ['load_pack', 'move_to', 'unload_pack', 'localize', 'undock'])], mission_arrivals=[(0, ['order_management_1_size2', 'order_management_3_size3', 'order_management_5_size4', 'order_management_7_size5']), (90, ['order_management_2_size2', 'order_management_7_size5']), (180, ['order_management_4_size3', 'order_management_6_size4'])], strategy=baseline


--- coordinator.log ---
[INFO] [1787862123.413658154] [multi3_coordinator_node]: Assignment strategy parameter: baseline
[INFO] [1787862123.414292104] [multi3_coordinator_node]: Using assignment strategy: baseline
[INFO] [1787862123.419704101] [multi3_coordinator_node]: Coordinator node started.
[INFO] [1787862126.822324730] [multi3_coordinator_node]: Received new robot info: {'name': 'robot1', 'operational_state': 'idle', 'capabilities': ['pick', 'move_to', 'place', 'undock', 'localize'], 'state': {'position': {'x': 0.0, 'y': 0.0, 'z': 0.0}, 'docked': True}, 'last_heartbeat': 1787862126}
[INFO] [1787862128.922986512] [multi3_coordinator_node]: Received new robot info: {'name': 'robot2', 'operational_state': 'idle', 'capabilities': ['pick', 'move_to', 'place', 'undock', 'localize'], 'state': {'position': {'x': 0.0, 'y': 0.0, 'z': 0.0}, 'docked': True}, 'last_heartbeat': 1787862128}
[INFO] [1787862131.221999686] [multi3_coordinator_node]: Received new robot info: {'name': 'robot3', 'operational_state': 'idle', 'capabilities': ['pick', 'move_to', 'place', 'undock', 'localize'], 'state': {'position': {'x': 0.0, 'y': 0.0, 'z': 0.0}, 'docked': True}, 'last_heartbeat': 1787862131}
[INFO] [1787862132.855965534] [multi3_coordinator_node]: Received new robot info: {'name': 'robot4', 'operational_state': 'idle', 'capabilities': ['pick', 'move_to', 'place', 'undock', 'localize'], 'state': {'position': {'x': 0.0, 'y': 0.0, 'z': 0.0}, 'docked': True}, 'last_heartbeat': 1787862132}
[INFO] [1787862134.855931168] [multi3_coordinator_node]: Received new robot info: {'name': 'robot5', 'operational_state': 'idle', 'capabilities': ['scan', 'localize'], 'state': {'position': {'x': 0.0, 'y': 0.0, 'z': 0.0}, 'docked': True}, 'last_heartbeat': 1787862134}
[INFO] [1787862136.979588163] [multi3_coordinator_node]: Received new robot info: {'name': 'robot6', 'operational_state': 'idle', 'capabilities': ['pack', 'localize'], 'state': {'position': {'x': 0.0, 'y': 0.0, 'z': 0.0}, 'docked': True}, 'last_heartbeat': 1787862136}
[INFO] [1787862139.265471498] [multi3_coordinator_node]: Received new robot info: {'name': 'robot7', 'operational_state': 'idle', 'capabilities': ['load_pack', 'move_to', 'unload_pack', 'localize', 'undock'], 'state': {'position': {'x': 0.0, 'y': 0.0, 'z': 0.0}, 'docked': True}, 'last_heartbeat': 1787862139}
[INFO] [1787862140.454751374] [multi3_coordinator_node]: Received mission: {'mission': 'm1', 'priority': 1, 'fragments': [{'id': 'fm1-1', 'wait': [], 'tasks': [{'name': 'pick', 'label': 'pick(o1-1,shelf)', 'params': {'x': 5, 'y': 8, 'weight': 8}}, {'name': 'move_to', 'label': 'move_to(o1-1,scan_area)', 'params': {'x': 5, 'y': 5}}, {'name': 'place', 'label': 'place(o1-1,scan_area)', 'params': {'x': 5, 'y': 5, 'weight': 8}}], 'segment': 's1'}, {'id': 'fm1-2', 'wait': ['place(o1-1,scan_area)'], 'tasks': [{'name': 'scan', 'label': 'scan(o1-1)', 'params': {}}], 'segment': 's1'}, {'id': 'fm1-3', 'wait': ['scan(o1-1)'], 'tasks': [{'name': 'pick', 'label': 'pick(o1-1,scan_area)', 'params': {'x': 5, 'y': 5, 'weight': 8}}, {'name': 'move_to', 'label': 'move_to(o1-1,pack_area)', 'params': {'x': 8, 'y': 8}}, {'name': 'place', 'label': 'place(o1-1,pack_area)', 'params': {'x': 8, 'y': 8, 'weight': 8}}], 'segment': 's1'}, {'id': 'fm1-4', 'wait': [], 'tasks': [{'name': 'pick', 'label': 'pick(o2-1,shelf)', 'params': {'x': 2, 'y': 3, 'weight': 2}}, {'name': 'move_to', 'label': 'move_to(o2-1,scan_area)', 'params': {'x': 5, 'y': 5}}, {'name': 'place', 'label': 'place(o2-1,scan_area)', 'params': {'x': 5, 'y': 5, 'weight': 2}}], 'segment': 's2'}, {'id': 'fm1-5', 'wait': ['place(o2-1,scan_area)'], 'tasks': [{'name': 'scan', 'label': 'scan(o2-1)', 'params': {}}], 'segment': 's2'}, {'id': 'fm1-6', 'wait': ['scan(o2-1)'], 'tasks': [{'name': 'pick', 'label': 'pick(o2-1,scan_area)', 'params': {'x': 5, 'y': 5, 'weight': 2}}, {'name': 'move_to', 'label': 'move_to(o2-1,pack_area)', 'params': {'x': 8, 'y': 8}}, {'name': 'place', 'label': 'place(o2-1,pack_area)', 'params': {'x': 8, 'y': 8, 'weight': 2}}], 'segment': 's2'}, {'id': 'fm1-7', 'wait': ['place(o1-1,pack_area)', 'place(o2-1,pack_area)'], 'tasks': [{'name': 'pack', 'label': 'pack(o1-1,o2-1)', 'params': {'items': 2}}], 'segment': ''}, {'id': 'fm1-8', 'wait': ['pack(o1-1,o2-1)'], 'tasks': [{'name': 'load_pack', 'label': 'load_pack(p1)', 'params': {'x': 8, 'y': 8, 'weight': 10}}, {'name': 'move_to', 'label': 'move_to(deliver_area)', 'params': {'x': 10, 'y': 10}}, {'name': 'unload_pack', 'label': 'unload_pack(p1)', 'params': {'x': 10, 'y': 10, 'weight': 10}}], 'segment': ''}]}
[INFO] [1787862140.457011722] [multi3_coordinator_node]: Fragment fm1-1 is now executable because all signal messages were received.
[INFO] [1787862140.459558235] [multi3_coordinator_node]: Fragment fm1-4 is now executable because all signal messages were received.
[INFO] [1787862142.281794480] [multi3_coordinator_node]: Received mission: {'mission': 'm3', 'priority': 1, 'fragments': [{'id': 'fm3-1', 'wait': [], 'tasks': [{'name': 'pick', 'label': 'pick(o1-3,shelf)', 'params': {'x': 2, 'y': 5, 'weight': 4}}, {'name': 'move_to', 'label': 'move_to(o1-3,scan_area)', 'params': {'x': 5, 'y': 5}}, {'name': 'place', 'label': 'place(o1-3,scan_area)', 'params': {'x': 5, 'y': 5, 'weight': 4}}], 'segment': 's1'}, {'id': 'fm3-2', 'wait': ['place(o1-3,scan_area)'], 'tasks': [{'name': 'scan', 'label': 'scan(o1-3)', 'params': {}}], 'segment': 's1'}, {'id': 'fm3-3', 'wait': ['scan(o1-3)'], 'tasks': [{'name': 'pick', 'label': 'pick(o1-3,scan_area)', 'params': {'x': 5, 'y': 5, 'weight': 4}}, {'name': 'move_to', 'label': 'move_to(o1-3,pack_area)', 'params': {'x': 8, 'y': 8}}, {'name': 'place', 'label': 'place(o1-3,pack_area)', 'params': {'x': 8, 'y': 8, 'weight': 4}}], 'segment': 's1'}, {'id': 'fm3-4', 'wait': [], 'tasks': [{'name': 'pick', 'label': 'pick(o2-3,shelf)', 'params': {'x': 3, 'y': 3, 'weight': 3}}, {'name': 'move_to', 'label': 'move_to(o2-3,scan_area)', 'params': {'x': 5, 'y': 5}}, {'name': 'place', 'label': 'place(o2-3,scan_area)', 'params': {'x': 5, 'y': 5, 'weight': 3}}], 'segment': 's2'}, {'id': 'fm3-5', 'wait': ['place(o2-3,scan_area)'], 'tasks': [{'name': 'scan', 'label': 'scan(o2-3)', 'params': {}}], 'segment': 's2'}, {'id': 'fm3-6', 'wait': ['scan(o2-3)'], 'tasks': [{'name': 'pick', 'label': 'pick(o2-3,scan_area)', 'params': {'x': 5, 'y': 5, 'weight': 3}}, {'name': 'move_to', 'label': 'move_to(o2-3,pack_area)', 'params': {'x': 8, 'y': 8}}, {'name': 'place', 'label': 'place(o2-3,pack_area)', 'params': {'x': 8, 'y': 8, 'weight': 3}}], 'segment': 's2'}, {'id': 'fm3-7', 'wait': [], 'tasks': [{'name': 'pick', 'label': 'pick(o3-3,shelf)', 'params': {'x': 2, 'y': 8, 'weight': 5}}, {'name': 'move_to', 'label': 'move_to(o3-3,scan_area)', 'params': {'x': 5, 'y': 5}}, {'name': 'place', 'label': 'place(o3-3,scan_area)', 'params': {'x': 5, 'y': 5, 'weight': 5}}], 'segment': 's3'}, {'id': 'fm3-8', 'wait': ['place(o3-3,scan_area)'], 'tasks': [{'name': 'scan', 'label': 'scan(o3-3)', 'params': {}}], 'segment': 's3'}, {'id': 'fm3-9', 'wait': ['scan(o3-3)'], 'tasks': [{'name': 'pick', 'label': 'pick(o3-3,scan_area)', 'params': {'x': 5, 'y': 5, 'weight': 5}}, {'name': 'move_to', 'label': 'move_to(o3-3,pack_area)', 'params': {'x': 8, 'y': 8}}, {'name': 'place', 'label': 'place(o3-3,pack_area)', 'params': {'x': 8, 'y': 8, 'weight': 5}}], 'segment': 's3'}, {'id': 'fm3-10', 'wait': ['place(o1-3,pack_area)', 'place(o2-3,pack_area)', 'place(o3-3,pack_area)'], 'tasks': [{'name': 'pack', 'label': 'pack(o1-3,o2-3,o3-3)', 'params': {'items': 3}}], 'segment': ''}, {'id': 'fm3-11', 'wait': ['pack(o1-3,o2-3,o3-3)'], 'tasks': [{'name': 'load_pack', 'label': 'load_pack(p3)', 'params': {'x': 8, 'y': 8, 'weight': 10}}, {'name': 'move_to', 'label': 'move_to(deliver_area)', 'params': {'x': 10, 'y': 10}}, {'name': 'unload_pack', 'label': 'unload_pack(p3)', 'params': {'x': 10, 'y': 10, 'weight': 10}}], 'segment': ''}]}
[INFO] [1787862142.282687431] [multi3_coordinator_node]: Fragment fm3-1 is now executable because all signal messages were received.
[INFO] [1787862142.283258137] [multi3_coordinator_node]: Fragment fm3-4 is now executable because all signal messages were received.
[INFO] [1787862142.284368729] [multi3_coordinator_node]: Fragment fm3-7 is now executable because all signal messages were received.
[INFO] [1787862144.094910945] [multi3_coordinator_node]: Received mission: {'mission': 'm5', 'priority': 1, 'fragments': [{'id': 'fm5-1', 'wait': [], 'tasks': [{'name': 'pick', 'label': 'pick(o1-5,shelf)', 'params': {'x': 1, 'y': 3, 'weight': 4}}, {'name': 'move_to', 'label': 'move_to(o1-5,scan_area)', 'params': {'x': 5, 'y': 5}}, {'name': 'place', 'label': 'place(o1-5,scan_area)', 'params': {'x': 5, 'y': 5, 'weight': 4}}], 'segment': 's1'}, {'id': 'fm5-2', 'wait': ['place(o1-5,scan_area)'], 'tasks': [{'name': 'scan', 'label': 'scan(o1-5)', 'params': {}}], 'segment': 's1'}, {'id': 'fm5-3', 'wait': ['scan(o1-5)'], 'tasks': [{'name': 'pick', 'label': 'pick(o1-5,scan_area)', 'params': {'x': 5, 'y': 5, 'weight': 4}}, {'name': 'move_to', 'label': 'move_to(o1-5,pack_area)', 'params': {'x': 8, 'y': 8}}, {'name': 'place', 'label': 'place(o1-5,pack_area)', 'params': {'x': 8, 'y': 8, 'weight': 4}}], 'segment': 's1'}, {'id': 'fm5-4', 'wait': [], 'tasks': [{'name': 'pick', 'label': 'pick(o2-5,shelf)', 'params': {'x': 5, 'y': 2, 'weight': 3}}, {'name': 'move_to', 'label': 'move_to(o2-5,scan_area)', 'params': {'x': 5, 'y': 5}}, {'name': 'place', 'label': 'place(o2-5,scan_area)', 'params': {'x': 5, 'y': 5, 'weight': 3}}], 'segment': 's2'}, {'id': 'fm5-5', 'wait': ['place(o2-5,scan_area)'], 'tasks': [{'name': 'scan', 'label': 'scan(o2-5)', 'params': {}}], 'segment': 's2'}, {'id': 'fm5-6', 'wait': ['scan(o2-5)'], 'tasks': [{'name': 'pick', 'label': 'pick(o2-5,scan_area)', 'params': {'x': 5, 'y': 5, 'weight': 3}}, {'name': 'move_to', 'label': 'move_to(o2-5,pack_area)', 'params': {'x': 8, 'y': 8}}, {'name': 'place', 'label': 'place(o2-5,pack_area)', 'params': {'x': 8, 'y': 8, 'weight': 3}}], 'segment': 's2'}, {'id': 'fm5-7', 'wait': [], 'tasks': [{'name': 'pick', 'label': 'pick(o3-5,shelf)', 'params': {'x': 2, 'y': 2, 'weight': 5}}, {'name': 'move_to', 'label': 'move_to(o3-5,scan_area)', 'params': {'x': 5, 'y': 5}}, {'name': 'place', 'label': 'place(o3-5,scan_area)', 'params': {'x': 5, 'y': 5, 'weight': 5}}], 'segment': 's3'}, {'id': 'fm5-8', 'wait': ['place(o3-5,scan_area)'], 'tasks': [{'name': 'scan', 'label': 'scan(o3-5)', 'params': {}}], 'segment': 's3'}, {'id': 'fm5-9', 'wait': ['scan(o3-5)'], 'tasks': [{'name': 'pick', 'label': 'pick(o3-5,scan_area)', 'params': {'x': 5, 'y': 5, 'weight': 5}}, {'name': 'move_to', 'label': 'move_to(o3-5,pack_area)', 'params': {'x': 8, 'y': 8}}, {'name': 'place', 'label': 'place(o3-5,pack_area)', 'params': {'x': 8, 'y': 8, 'weight': 5}}], 'segment': 's3'}, {'id': 'fm5-10', 'wait': [], 'tasks': [{'name': 'pick', 'label': 'pick(o4-5,shelf)', 'params': {'x': 1, 'y': 3, 'weight': 4}}, {'name': 'move_to', 'label': 'move_to(o4-5,scan_area)', 'params': {'x': 5, 'y': 5}}, {'name': 'place', 'label': 'place(o4-5,scan_area)', 'params': {'x': 5, 'y': 5, 'weight': 4}}], 'segment': 's4'}, {'id': 'fm5-11', 'wait': ['place(o4-5,scan_area)'], 'tasks': [{'name': 'scan', 'label': 'scan(o4-5)', 'params': {}}], 'segment': 's4'}, {'id': 'fm5-12', 'wait': ['scan(o4-5)'], 'tasks': [{'name': 'pick', 'label': 'pick(o4-5,scan_area)', 'params': {'x': 5, 'y': 5, 'weight': 4}}, {'name': 'move_to', 'label': 'move_to(o4-5,pack_area)', 'params': {'x': 8, 'y': 8}}, {'name': 'place', 'label': 'place(o4-5,pack_area)', 'params': {'x': 8, 'y': 8, 'weight': 4}}], 'segment': 's4'}, {'id': 'fm5-13', 'wait': ['place(o1-5,pack_area)', 'place(o2-5,pack_area)', 'place(o3-5,pack_area)', 'place(o4-5,pack_area)'], 'tasks': [{'name': 'pack', 'label': 'pack(o1-5,o2-5,o3-5,o4-5)', 'params': {'items': 4}}], 'segment': ''}, {'id': 'fm5-14', 'wait': ['pack(o1-5,o2-5,o3-5,o4-5)'], 'tasks': [{'name': 'load_pack', 'label': 'load_pack(p5)', 'params': {'x': 8, 'y': 8, 'weight': 11}}, {'name': 'move_to', 'label': 'move_to(deliver_area)', 'params': {'x': 10, 'y': 10}}, {'name': 'unload_pack', 'label': 'unload_pack(p5)', 'params': {'x': 10, 'y': 10, 'weight': 11}}], 'segment': ''}]}
[INFO] [1787862144.096372233] [multi3_coordinator_node]: Fragment fm5-1 is now executable because all signal messages were received.
[INFO] [1787862144.098258900] [multi3_coordinator_node]: Fragment fm5-4 is now executable because all signal messages were received.
[INFO] [1787862144.098972924] [multi3_coordinator_node]: Fragment fm5-7 is now executable because all signal messages were received.
[INFO] [1787862144.099656952] [multi3_coordinator_node]: Fragment fm5-10 is now executable because all signal messages were received.
[INFO] [1787862145.897644826] [multi3_coordinator_node]: Received mission: {'mission': 'm7', 'priority': 1, 'fragments': [{'id': 'fm7-1', 'wait': [], 'tasks': [{'name': 'pick', 'label': 'pick(o1-7,shelf)', 'params': {'x': 6, 'y': 3, 'weight': 5}}, {'name': 'move_to', 'label': 'move_to(o1-7,scan_area)', 'params': {'x': 5, 'y': 5}}, {'name': 'place', 'label': 'place(o1-7,scan_area)', 'params': {'x': 5, 'y': 5, 'weight': 5}}], 'segment': 's1'}, {'id': 'fm7-2', 'wait': ['place(o1-7,scan_area)'], 'tasks': [{'name': 'scan', 'label': 'scan(o1-7)', 'params': {}}], 'segment': 's1'}, {'id': 'fm7-3', 'wait': ['scan(o1-7)'], 'tasks': [{'name': 'pick', 'label': 'pick(o1-7,scan_area)', 'params': {'x': 5, 'y': 5, 'weight': 10}}, {'name': 'move_to', 'label': 'move_to(o1-7,pack_area)', 'params': {'x': 8, 'y': 8}}, {'name': 'place', 'label': 'place(o1-7,pack_area)', 'params': {'x': 8, 'y': 8, 'weight': 10}}], 'segment': 's1'}, {'id': 'fm7-4', 'wait': [], 'tasks': [{'name': 'pick', 'label': 'pick(o2-7,shelf)', 'params': {'x': 2, 'y': 4, 'weight': 3}}, {'name': 'move_to', 'label': 'move_to(o2-7,scan_area)', 'params': {'x': 5, 'y': 5}}, {'name': 'place', 'label': 'place(o2-7,scan_area)', 'params': {'x': 5, 'y': 5, 'weight': 3}}], 'segment': 's2'}, {'id': 'fm7-5', 'wait': ['place(o2-7,scan_area)'], 'tasks': [{'name': 'scan', 'label': 'scan(o2-7)', 'params': {}}], 'segment': 's2'}, {'id': 'fm7-6', 'wait': ['scan(o2-7)'], 'tasks': [{'name': 'pick', 'label': 'pick(o2-7,scan_area)', 'params': {'x': 5, 'y': 5, 'weight': 3}}, {'name': 'move_to', 'label': 'move_to(o2-7,pack_area)', 'params': {'x': 8, 'y': 8}}, {'name': 'place', 'label': 'place(o2-7,pack_area)', 'params': {'x': 8, 'y': 8, 'weight': 3}}], 'segment': 's2'}, {'id': 'fm7-7', 'wait': [], 'tasks': [{'name': 'pick', 'label': 'pick(o3-7,shelf)', 'params': {'x': 3, 'y': 6, 'weight': 3}}, {'name': 'move_to', 'label': 'move_to(o3-7,scan_area)', 'params': {'x': 5, 'y': 5}}, {'name': 'place', 'label': 'place(o3-7,scan_area)', 'params': {'x': 5, 'y': 5, 'weight': 3}}], 'segment': 's3'}, {'id': 'fm7-8', 'wait': ['place(o3-7,scan_area)'], 'tasks': [{'name': 'scan', 'label': 'scan(o3-7)', 'params': {}}], 'segment': 's3'}, {'id': 'fm7-9', 'wait': ['scan(o3-7)'], 'tasks': [{'name': 'pick', 'label': 'pick(o3-7,scan_area)', 'params': {'x': 5, 'y': 5, 'weight': 3}}, {'name': 'move_to', 'label': 'move_to(o3-7,pack_area)', 'params': {'x': 8, 'y': 8}}, {'name': 'place', 'label': 'place(o3-7,pack_area)', 'params': {'x': 8, 'y': 8, 'weight': 3}}], 'segment': 's3'}, {'id': 'fm7-10', 'wait': [], 'tasks': [{'name': 'pick', 'label': 'pick(o4-7,shelf)', 'params': {'x': 3, 'y': 7, 'weight': 2}}, {'name': 'move_to', 'label': 'move_to(o4-7,scan_area)', 'params': {'x': 5, 'y': 5}}, {'name': 'place', 'label': 'place(o4-7,scan_area)', 'params': {'x': 5, 'y': 5, 'weight': 2}}], 'segment': 's4'}, {'id': 'fm7-11', 'wait': ['place(o4-7,scan_area)'], 'tasks': [{'name': 'scan', 'label': 'scan(o4-7)', 'params': {}}], 'segment': 's4'}, {'id': 'fm7-12', 'wait': ['scan(o4-7)'], 'tasks': [{'name': 'pick', 'label': 'pick(o4-7,scan_area)', 'params': {'x': 5, 'y': 5, 'weight': 2}}, {'name': 'move_to', 'label': 'move_to(o4-7,pack_area)', 'params': {'x': 8, 'y': 8}}, {'name': 'place', 'label': 'place(o4-7,pack_area)', 'params': {'x': 8, 'y': 8, 'weight': 2}}], 'segment': 's4'}, {'id': 'fm7-13', 'wait': [], 'tasks': [{'name': 'pick', 'label': 'pick(o5-7,shelf)', 'params': {'x': 4, 'y': 1, 'weight': 5}}, {'name': 'move_to', 'label': 'move_to(o5-7,scan_area)', 'params': {'x': 5, 'y': 5}}, {'name': 'place', 'label': 'place(o5-7,scan_area)', 'params': {'x': 5, 'y': 5, 'weight': 5}}], 'segment': 's5'}, {'id': 'fm7-14', 'wait': ['place(o5-7,scan_area)'], 'tasks': [{'name': 'scan', 'label': 'scan(o5-7)', 'params': {}}], 'segment': 's5'}, {'id': 'fm7-15', 'wait': ['scan(o5-7)'], 'tasks': [{'name': 'pick', 'label': 'pick(o5-7,scan_area)', 'params': {'x': 5, 'y': 5, 'weight': 5}}, {'name': 'move_to', 'label': 'move_to(o5-7,pack_area)', 'params': {'x': 8, 'y': 8}}, {'name': 'place', 'label': 'place(o5-7,pack_area)', 'params': {'x': 8, 'y': 8, 'weight': 5}}], 'segment': 's5'}, {'id': 'fm7-16', 'wait': ['place(o1-7,pack_area)', 'place(o2-7,pack_area)', 'place(o3-7,pack_area)', 'place(o4-7,pack_area)', 'place(o5-7,pack_area)'], 'tasks': [{'name': 'pack', 'label': 'pack(o1-7,o2-7,o3-7,o4-7,o5-7)', 'params': {'items': 5}}], 'segment': ''}, {'id': 'fm7-17', 'wait': ['pack(o1-7,o2-7,o3-7,o4-7,o5-7)'], 'tasks': [{'name': 'load_pack', 'label': 'load_pack(p7)', 'params': {'x': 8, 'y': 8, 'weight': 19}}, {'name': 'move_to', 'label': 'move_to(deliver_area)', 'params': {'x': 10, 'y': 10}}, {'name': 'unload_pack', 'label': 'unload_pack(p7)', 'params': {'x': 10, 'y': 10, 'weight': 19}}], 'segment': ''}]}
[INFO] [1787862145.899723407] [multi3_coordinator_node]: Fragment fm7-1 is now executable because all signal messages were received.
[INFO] [1787862145.901262096] [multi3_coordinator_node]: Fragment fm7-4 is now executable because all signal messages were received.
[INFO] [1787862145.903042310] [multi3_coordinator_node]: Fragment fm7-7 is now executable because all signal messages were received.
[INFO] [1787862145.916755369] [multi3_coordinator_node]: Fragment fm7-10 is now executable because all signal messages were received.
[INFO] [1787862146.066354475] [multi3_coordinator_node]: Fragment fm7-13 is now executable because all signal messages were received.
[INFO] [1787862153.214806716] [multi3_coordinator_node]: Execution start signal received. Starting fragment assignment.
[INFO] [1787862154.223446287] [multi3_coordinator_node]: Assigned fragment fm1-1 to robot robot4.
[INFO] [1787862154.228223940] [multi3_coordinator_node]: Assigned fragment fm1-4 to robot robot2.
[INFO] [1787862154.230940690] [multi3_coordinator_node]: Assigned fragment fm3-1 to robot robot3.
[INFO] [1787862154.235561785] [multi3_coordinator_node]: Assigned fragment fm3-4 to robot robot1.
[INFO] [1787862154.271008233] [multi3_coordinator_node]: Received robot state update from robot robot1: {'operational_state': 'working', 'current_assigned_fragment': 'fm3-4', 'state': {'position': {'x': 0.0, 'y': 0.0, 'z': 0.0}, 'docked': True}}
[INFO] [1787862154.274466204] [multi3_coordinator_node]: Received robot state update from robot robot3: {'operational_state': 'working', 'current_assigned_fragment': 'fm3-1', 'state': {'position': {'x': 0.0, 'y': 0.0, 'z': 0.0}, 'docked': True}}
[INFO] [1787862154.275055237] [multi3_coordinator_node]: Received robot state update from robot robot2: {'operational_state': 'working', 'current_assigned_fragment': 'fm1-4', 'state': {'position': {'x': 0.0, 'y': 0.0, 'z': 0.0}, 'docked': True}}
[INFO] [1787862154.275503966] [multi3_coordinator_node]: Received robot state update from robot robot4: {'operational_state': 'working', 'current_assigned_fragment': 'fm1-1', 'state': {'position': {'x': 0.0, 'y': 0.0, 'z': 0.0}, 'docked': True}}
[INFO] [1787862172.500235476] [multi3_coordinator_node]: Received coordination message: {'robot_name': 'robot2', 'completed_task': 'pick(o2-1,shelf)'}
[INFO] [1787862174.773666739] [multi3_coordinator_node]: Received coordination message: {'robot_name': 'robot1', 'completed_task': 'pick(o2-3,shelf)'}
[INFO] [1787862178.047737607] [multi3_coordinator_node]: Received coordination message: {'robot_name': 'robot3', 'completed_task': 'pick(o1-3,shelf)'}
[INFO] [1787862180.448354510] [multi3_coordinator_node]: Received coordination message: {'robot_name': 'robot1', 'completed_task': 'move_to(o2-3,scan_area)'}
[INFO] [1787862180.985071973] [multi3_coordinator_node]: Received coordination message: {'robot_name': 'robot2', 'completed_task': 'move_to(o2-1,scan_area)'}
[INFO] [1787862186.540363968] [multi3_coordinator_node]: Received coordination message: {'robot_name': 'robot3', 'completed_task': 'move_to(o1-3,scan_area)'}
[INFO] [1787862188.019985842] [multi3_coordinator_node]: Fragment fm1-5 is now executable because all signal messages were received.
[INFO] [1787862188.022392402] [multi3_coordinator_node]: Received robot state update from robot robot2: {'operational_state': 'idle', 'current_assigned_fragment': None, 'state': {'position': {'x': 5, 'y': 5, 'z': 0.0}, 'docked': False}}
[INFO] [1787862188.023789297] [multi3_coordinator_node]: Received coordination message: {'robot_name': 'robot2', 'completed_fragment': 'fm1-4', 'state': {'position': {'x': 5, 'y': 5, 'z': 0.0}, 'docked': False}}
[INFO] [1787862188.024739697] [multi3_coordinator_node]: Received coordination message: {'robot_name': 'robot2', 'completed_task': 'place(o2-1,scan_area)'}
[INFO] [1787862188.232325553] [multi3_coordinator_node]: Assigned fragment fm1-5 to robot robot5.
[INFO] [1787862188.239538919] [multi3_coordinator_node]: Assigned fragment fm3-7 to robot robot2.
[INFO] [1787862188.243310511] [multi3_coordinator_node]: Received robot state update from robot robot2: {'operational_state': 'working', 'current_assigned_fragment': 'fm3-7', 'state': {'position': {'x': 5, 'y': 5, 'z': 0.0}, 'docked': False}}
[INFO] [1787862188.249011039] [multi3_coordinator_node]: Received robot state update from robot robot5: {'operational_state': 'working', 'current_assigned_fragment': 'fm1-5', 'state': {'position': {'x': 0.0, 'y': 0.0, 'z': 0.0}, 'docked': True}}
[INFO] [1787862188.468951952] [multi3_coordinator_node]: Received robot state update from robot robot1: {'operational_state': 'idle', 'current_assigned_fragment': None, 'state': {'position': {'x': 5, 'y': 5, 'z': 0.0}, 'docked': False}}
[INFO] [1787862188.472051278] [multi3_coordinator_node]: Received coordination message: {'robot_name': 'robot1', 'completed_fragment': 'fm3-4', 'state': {'position': {'x': 5, 'y': 5, 'z': 0.0}, 'docked': False}}
[INFO] [1787862188.473112895] [multi3_coordinator_node]: Fragment fm3-5 is now executable because all signal messages were received.
[INFO] [1787862188.473877086] [multi3_coordinator_node]: Received coordination message: {'robot_name': 'robot1', 'completed_task': 'place(o2-3,scan_area)'}
[INFO] [1787862189.225119131] [multi3_coordinator_node]: Assigned fragment fm5-1 to robot robot1.
[INFO] [1787862189.239494008] [multi3_coordinator_node]: Received robot state update from robot robot1: {'operational_state': 'working', 'current_assigned_fragment': 'fm5-1', 'state': {'position': {'x': 5, 'y': 5, 'z': 0.0}, 'docked': False}}
[INFO] [1787862190.161032994] [multi3_coordinator_node]: Received coordination message: {'robot_name': 'robot4', 'completed_task': 'move_to(o1-1,scan_area)'}
[INFO] [1787862190.162333591] [multi3_coordinator_node]: Received coordination message: {'robot_name': 'robot4', 'completed_task': 'pick(o1-1,shelf)'}
[INFO] [1787862195.635433016] [multi3_coordinator_node]: Fragment fm3-2 is now executable because all signal messages were received.
[INFO] [1787862195.636805561] [multi3_coordinator_node]: Received coordination message: {'robot_name': 'robot3', 'completed_fragment': 'fm3-1', 'state': {'position': {'x': 5, 'y': 5, 'z': 0.0}, 'docked': False}}
[INFO] [1787862195.637585695] [multi3_coordinator_node]: Received robot state update from robot robot3: {'operational_state': 'idle', 'current_assigned_fragment': None, 'state': {'position': {'x': 5, 'y': 5, 'z': 0.0}, 'docked': False}}
[INFO] [1787862195.638266987] [multi3_coordinator_node]: Received coordination message: {'robot_name': 'robot3', 'completed_task': 'place(o1-3,scan_area)'}
[INFO] [1787862196.219855635] [multi3_coordinator_node]: Assigned fragment fm5-4 to robot robot3.
[INFO] [1787862196.237304748] [multi3_coordinator_node]: Received robot state update from robot robot3: {'operational_state': 'working', 'current_assigned_fragment': 'fm5-4', 'state': {'position': {'x': 5, 'y': 5, 'z': 0.0}, 'docked': False}}
[INFO] [1787862198.295235500] [multi3_coordinator_node]: Received coordination message: {'robot_name': 'robot5', 'completed_fragment': 'fm1-5', 'state': {'position': {'x': 0.0, 'y': 0.0, 'z': 0.0}, 'docked': True}}
[INFO] [1787862198.296991697] [multi3_coordinator_node]: Fragment fm1-6 is now executable because all signal messages were received.
[INFO] [1787862198.298141970] [multi3_coordinator_node]: Received robot state update from robot robot5: {'operational_state': 'idle', 'current_assigned_fragment': None, 'state': {'position': {'x': 0.0, 'y': 0.0, 'z': 0.0}, 'docked': True}}
[INFO] [1787862198.299422767] [multi3_coordinator_node]: Received coordination message: {'robot_name': 'robot5', 'completed_task': 'scan(o2-1)'}
[INFO] [1787862199.224903453] [multi3_coordinator_node]: Assigned fragment fm3-2 to robot robot5.
[INFO] [1787862199.238322582] [multi3_coordinator_node]: Received robot state update from robot robot5: {'operational_state': 'working', 'current_assigned_fragment': 'fm3-2', 'state': {'position': {'x': 0.0, 'y': 0.0, 'z': 0.0}, 'docked': True}}
[INFO] [1787862203.203758737] [multi3_coordinator_node]: Received coordination message: {'robot_name': 'robot4', 'completed_fragment': 'fm1-1', 'state': {'position': {'x': 5, 'y': 5, 'z': 0.0}, 'docked': False}}
[INFO] [1787862203.205059946] [multi3_coordinator_node]: Fragment fm1-2 is now executable because all signal messages were received.
[INFO] [1787862203.206012236] [multi3_coordinator_node]: Received robot state update from robot robot4: {'operational_state': 'idle', 'current_assigned_fragment': None, 'state': {'position': {'x': 5, 'y': 5, 'z': 0.0}, 'docked': False}}
[INFO] [1787862203.207286359] [multi3_coordinator_node]: Received coordination message: {'robot_name': 'robot4', 'completed_task': 'place(o1-1,scan_area)'}
[INFO] [1787862203.219454931] [multi3_coordinator_node]: Assigned fragment fm1-6 to robot robot4.
[INFO] [1787862203.241097286] [multi3_coordinator_node]: Received robot state update from robot robot4: {'operational_state': 'working', 'current_assigned_fragment': 'fm1-6', 'state': {'position': {'x': 5, 'y': 5, 'z': 0.0}, 'docked': False}}
[INFO] [1787862206.771921875] [multi3_coordinator_node]: Received coordination message: {'robot_name': 'robot2', 'completed_task': 'pick(o3-3,shelf)'}
[INFO] [1787862207.220598139] [multi3_coordinator_node]: Received coordination message: {'robot_name': 'robot1', 'completed_task': 'pick(o1-5,shelf)'}
[INFO] [1787862207.254098404] [multi3_coordinator_node]: Fragment fm3-3 is now executable because all signal messages were received.
[INFO] [1787862207.256230882] [multi3_coordinator_node]: Received robot state update from robot robot5: {'operational_state': 'idle', 'current_assigned_fragment': None, 'state': {'position': {'x': 0.0, 'y': 0.0, 'z': 0.0}, 'docked': True}}
[INFO] [1787862207.256972868] [multi3_coordinator_node]: Received coordination message: {'robot_name': 'robot5', 'completed_fragment': 'fm3-2', 'state': {'position': {'x': 0.0, 'y': 0.0, 'z': 0.0}, 'docked': True}}
[INFO] [1787862207.257889054] [multi3_coordinator_node]: Received coordination message: {'robot_name': 'robot5', 'completed_task': 'scan(o1-3)'}
[INFO] [1787862208.218935166] [multi3_coordinator_node]: Assigned fragment fm1-2 to robot robot5.
[INFO] [1787862208.235001534] [multi3_coordinator_node]: Received robot state update from robot robot5: {'operational_state': 'working', 'current_assigned_fragment': 'fm1-2', 'state': {'position': {'x': 0.0, 'y': 0.0, 'z': 0.0}, 'docked': True}}
[INFO] [1787862210.251769598] [multi3_coordinator_node]: Received coordination message: {'robot_name': 'robot4', 'completed_task': 'pick(o2-1,scan_area)'}
[INFO] [1787862210.254123333] [multi3_coordinator_node]: Received coordination message: {'robot_name': 'robot3', 'completed_task': 'pick(o2-5,shelf)'}
[INFO] [1787862210.255256164] [multi3_coordinator_node]: Received coordination message: {'robot_name': 'robot3', 'completed_task': 'move_to(o2-5,scan_area)'}
[INFO] [1787862215.270390762] [multi3_coordinator_node]: Received coordination message: {'robot_name': 'robot2', 'completed_task': 'move_to(o3-3,scan_area)'}
[INFO] [1787862216.282493548] [multi3_coordinator_node]: Fragment fm1-3 is now executable because all signal messages were received.
[INFO] [1787862216.284646369] [multi3_coordinator_node]: Received robot state update from robot robot5: {'operational_state': 'idle', 'current_assigned_fragment': None, 'state': {'position': {'x': 0.0, 'y': 0.0, 'z': 0.0}, 'docked': True}}
[INFO] [1787862216.285804888] [multi3_coordinator_node]: Received coordination message: {'robot_name': 'robot5', 'completed_fragment': 'fm1-2', 'state': {'position': {'x': 0.0, 'y': 0.0, 'z': 0.0}, 'docked': True}}
[INFO] [1787862216.286477508] [multi3_coordinator_node]: Received coordination message: {'robot_name': 'robot5', 'completed_task': 'scan(o1-1)'}
[INFO] [1787862217.221875708] [multi3_coordinator_node]: Assigned fragment fm3-5 to robot robot5.
[INFO] [1787862217.259275084] [multi3_coordinator_node]: Received robot state update from robot robot5: {'operational_state': 'working', 'current_assigned_fragment': 'fm3-5', 'state': {'position': {'x': 0.0, 'y': 0.0, 'z': 0.0}, 'docked': True}}
[INFO] [1787862218.284828444] [multi3_coordinator_node]: Received robot state update from robot robot3: {'operational_state': 'idle', 'current_assigned_fragment': None, 'state': {'position': {'x': 5, 'y': 5, 'z': 0.0}, 'docked': False}}
[INFO] [1787862218.286506790] [multi3_coordinator_node]: Fragment fm5-5 is now executable because all signal messages were received.
[INFO] [1787862218.287180305] [multi3_coordinator_node]: Received coordination message: {'robot_name': 'robot3', 'completed_fragment': 'fm5-4', 'state': {'position': {'x': 5, 'y': 5, 'z': 0.0}, 'docked': False}}
[INFO] [1787862218.288629872] [multi3_coordinator_node]: Received coordination message: {'robot_name': 'robot3', 'completed_task': 'place(o2-5,scan_area)'}
[INFO] [1787862218.553670714] [multi3_coordinator_node]: Received coordination message: {'robot_name': 'robot1', 'completed_task': 'move_to(o1-5,scan_area)'}
[INFO] [1787862218.740672925] [multi3_coordinator_node]: Received coordination message: {'robot_name': 'robot4', 'completed_task': 'move_to(o2-1,pack_area)'}
[INFO] [1787862219.224761520] [multi3_coordinator_node]: Assigned fragment fm1-3 to robot robot3.
[INFO] [1787862219.256771774] [multi3_coordinator_node]: Received robot state update from robot robot3: {'operational_state': 'working', 'current_assigned_fragment': 'fm1-3', 'state': {'position': {'x': 5, 'y': 5, 'z': 0.0}, 'docked': False}}
[INFO] [1787862225.315007816] [multi3_coordinator_node]: Fragment fm3-8 is now executable because all signal messages were received.
[INFO] [1787862225.318732085] [multi3_coordinator_node]: Received robot state update from robot robot5: {'operational_state': 'idle', 'current_assigned_fragment': None, 'state': {'position': {'x': 0.0, 'y': 0.0, 'z': 0.0}, 'docked': True}}
[INFO] [1787862225.319378834] [multi3_coordinator_node]: Fragment fm3-6 is now executable because all signal messages were received.
[INFO] [1787862225.319998370] [multi3_coordinator_node]: Received coordination message: {'robot_name': 'robot2', 'completed_fragment': 'fm3-7', 'state': {'position': {'x': 5, 'y': 5, 'z': 0.0}, 'docked': False}}
[INFO] [1787862225.321416474] [multi3_coordinator_node]: Received robot state update from robot robot2: {'operational_state': 'idle', 'current_assigned_fragment': None, 'state': {'position': {'x': 5, 'y': 5, 'z': 0.0}, 'docked': False}}
[INFO] [1787862225.323464496] [multi3_coordinator_node]: Received coordination message: {'robot_name': 'robot5', 'completed_fragment': 'fm3-5', 'state': {'position': {'x': 0.0, 'y': 0.0, 'z': 0.0}, 'docked': True}}
[INFO] [1787862225.324603750] [multi3_coordinator_node]: Received coordination message: {'robot_name': 'robot5', 'completed_task': 'scan(o2-3)'}
[INFO] [1787862225.325372645] [multi3_coordinator_node]: Received coordination message: {'robot_name': 'robot2', 'completed_task': 'place(o3-3,scan_area)'}
[INFO] [1787862225.767361940] [multi3_coordinator_node]: Received robot state update from robot robot4: {'operational_state': 'idle', 'current_assigned_fragment': None, 'state': {'position': {'x': 8, 'y': 8, 'z': 0.0}, 'docked': False}}
[INFO] [1787862225.769631585] [multi3_coordinator_node]: Received coordination message: {'robot_name': 'robot4', 'completed_fragment': 'fm1-6', 'state': {'position': {'x': 8, 'y': 8, 'z': 0.0}, 'docked': False}}
[INFO] [1787862225.771063958] [multi3_coordinator_node]: Received coordination message: {'robot_name': 'robot4', 'completed_task': 'place(o2-1,pack_area)'}
[INFO] [1787862226.224761832] [multi3_coordinator_node]: Assigned fragment fm3-3 to robot robot4.
[INFO] [1787862226.229169835] [multi3_coordinator_node]: Assigned fragment fm3-6 to robot robot2.
[INFO] [1787862226.231716912] [multi3_coordinator_node]: Assigned fragment fm3-8 to robot robot5.
[INFO] [1787862226.244378327] [multi3_coordinator_node]: Received robot state update from robot robot2: {'operational_state': 'working', 'current_assigned_fragment': 'fm3-6', 'state': {'position': {'x': 5, 'y': 5, 'z': 0.0}, 'docked': False}}
[INFO] [1787862226.278516951] [multi3_coordinator_node]: Received robot state update from robot robot4: {'operational_state': 'working', 'current_assigned_fragment': 'fm3-3', 'state': {'position': {'x': 8, 'y': 8, 'z': 0.0}, 'docked': False}}
[INFO] [1787862226.279449221] [multi3_coordinator_node]: Received robot state update from robot robot5: {'operational_state': 'working', 'current_assigned_fragment': 'fm3-8', 'state': {'position': {'x': 0.0, 'y': 0.0, 'z': 0.0}, 'docked': True}}
[INFO] [1787862227.580584217] [multi3_coordinator_node]: Received robot state update from robot robot1: {'operational_state': 'idle', 'current_assigned_fragment': None, 'state': {'position': {'x': 5, 'y': 5, 'z': 0.0}, 'docked': False}}
[INFO] [1787862227.581791943] [multi3_coordinator_node]: Received coordination message: {'robot_name': 'robot1', 'completed_fragment': 'fm5-1', 'state': {'position': {'x': 5, 'y': 5, 'z': 0.0}, 'docked': False}}
[INFO] [1787862227.582544759] [multi3_coordinator_node]: Fragment fm5-2 is now executable because all signal messages were received.
[INFO] [1787862227.583247881] [multi3_coordinator_node]: Received coordination message: {'robot_name': 'robot1', 'completed_task': 'place(o1-5,scan_area)'}
[INFO] [1787862228.224950093] [multi3_coordinator_node]: Assigned fragment fm5-7 to robot robot1.
[INFO] [1787862228.239801428] [multi3_coordinator_node]: Received robot state update from robot robot1: {'operational_state': 'working', 'current_assigned_fragment': 'fm5-7', 'state': {'position': {'x': 5, 'y': 5, 'z': 0.0}, 'docked': False}}
[INFO] [1787862232.326411540] [multi3_coordinator_node]: Received coordination message: {'robot_name': 'robot3', 'completed_task': 'pick(o1-1,scan_area)'}
[INFO] [1787862234.282167416] [multi3_coordinator_node]: Received coordination message: {'robot_name': 'robot2', 'completed_task': 'pick(o2-3,scan_area)'}
[INFO] [1787862234.285532855] [multi3_coordinator_node]: Fragment fm3-9 is now executable because all signal messages were received.
[INFO] [1787862234.286930645] [multi3_coordinator_node]: Received robot state update from robot robot5: {'operational_state': 'idle', 'current_assigned_fragment': None, 'state': {'position': {'x': 0.0, 'y': 0.0, 'z': 0.0}, 'docked': True}}
[INFO] [1787862234.287653722] [multi3_coordinator_node]: Received coordination message: {'robot_name': 'robot5', 'completed_fragment': 'fm3-8', 'state': {'position': {'x': 0.0, 'y': 0.0, 'z': 0.0}, 'docked': True}}
[INFO] [1787862234.288406070] [multi3_coordinator_node]: Received coordination message: {'robot_name': 'robot5', 'completed_task': 'scan(o3-3)'}
[INFO] [1787862235.221671721] [multi3_coordinator_node]: Assigned fragment fm5-2 to robot robot5.
[INFO] [1787862235.243743874] [multi3_coordinator_node]: Received robot state update from robot robot5: {'operational_state': 'working', 'current_assigned_fragment': 'fm5-2', 'state': {'position': {'x': 0.0, 'y': 0.0, 'z': 0.0}, 'docked': True}}
[INFO] [1787862240.773351985] [multi3_coordinator_node]: Received coordination message: {'robot_name': 'robot3', 'completed_task': 'move_to(o1-1,pack_area)'}
[INFO] [1787862242.769377262] [multi3_coordinator_node]: Received coordination message: {'robot_name': 'robot2', 'completed_task': 'move_to(o2-3,pack_area)'}
[INFO] [1787862243.279284628] [multi3_coordinator_node]: Received coordination message: {'robot_name': 'robot5', 'completed_fragment': 'fm5-2', 'state': {'position': {'x': 0.0, 'y': 0.0, 'z': 0.0}, 'docked': True}}
[INFO] [1787862243.283658441] [multi3_coordinator_node]: Received robot state update from robot robot5: {'operational_state': 'idle', 'current_assigned_fragment': None, 'state': {'position': {'x': 0.0, 'y': 0.0, 'z': 0.0}, 'docked': True}}
[INFO] [1787862243.286409776] [multi3_coordinator_node]: Fragment fm5-3 is now executable because all signal messages were received.
[INFO] [1787862243.288619572] [multi3_coordinator_node]: Received coordination message: {'robot_name': 'robot5', 'completed_task': 'scan(o1-5)'}
[INFO] [1787862243.736169185] [multi3_coordinator_node]: Received mission: {'mission': 'm2', 'priority': 1, 'fragments': [{'id': 'fm2-1', 'wait': [], 'tasks': [{'name': 'pick', 'label': 'pick(o1-2,shelf)', 'params': {'x': 1, 'y': 3, 'weight': 5}}, {'name': 'move_to', 'label': 'move_to(o1-2,scan_area)', 'params': {'x': 5, 'y': 5}}, {'name': 'place', 'label': 'place(o1-2,scan_area)', 'params': {'x': 5, 'y': 5, 'weight': 5}}], 'segment': 's1'}, {'id': 'fm2-2', 'wait': ['place(o1-2,scan_area)'], 'tasks': [{'name': 'scan', 'label': 'scan(o1-2)', 'params': {}}], 'segment': 's1'}, {'id': 'fm2-3', 'wait': ['scan(o1-2)'], 'tasks': [{'name': 'pick', 'label': 'pick(o1-2,scan_area)', 'params': {'x': 5, 'y': 5, 'weight': 5}}, {'name': 'move_to', 'label': 'move_to(o1-2,pack_area)', 'params': {'x': 8, 'y': 8}}, {'name': 'place', 'label': 'place(o1-2,pack_area)', 'params': {'x': 8, 'y': 8, 'weight': 5}}], 'segment': 's1'}, {'id': 'fm2-4', 'wait': [], 'tasks': [{'name': 'pick', 'label': 'pick(o2-2,shelf)', 'params': {'x': 2, 'y': 6, 'weight': 2}}, {'name': 'move_to', 'label': 'move_to(o2-2,scan_area)', 'params': {'x': 5, 'y': 5}}, {'name': 'place', 'label': 'place(o2-2,scan_area)', 'params': {'x': 5, 'y': 5, 'weight': 2}}], 'segment': 's2'}, {'id': 'fm2-5', 'wait': ['place(o2-2,scan_area)'], 'tasks': [{'name': 'scan', 'label': 'scan(o2-2)', 'params': {}}], 'segment': 's2'}, {'id': 'fm2-6', 'wait': ['scan(o2-2)'], 'tasks': [{'name': 'pick', 'label': 'pick(o2-2,scan_area)', 'params': {'x': 5, 'y': 5, 'weight': 2}}, {'name': 'move_to', 'label': 'move_to(o2-2,pack_area)', 'params': {'x': 8, 'y': 8}}, {'name': 'place', 'label': 'place(o2-2,pack_area)', 'params': {'x': 8, 'y': 8, 'weight': 2}}], 'segment': 's2'}, {'id': 'fm2-7', 'wait': ['place(o1-2,pack_area)', 'place(o2-2,pack_area)'], 'tasks': [{'name': 'pack', 'label': 'pack(o1-2,o2-2)', 'params': {'items': 2}}], 'segment': ''}, {'id': 'fm2-8', 'wait': ['pack(o1-2,o2-2)'], 'tasks': [{'name': 'load_pack', 'label': 'load_pack(p2)', 'params': {'x': 8, 'y': 8, 'weight': 7}}, {'name': 'move_to', 'label': 'move_to(deliver_area)', 'params': {'x': 10, 'y': 10}}, {'name': 'unload_pack', 'label': 'unload_pack(p2)', 'params': {'x': 10, 'y': 10, 'weight': 7}}], 'segment': ''}]}
[INFO] [1787862243.736822267] [multi3_coordinator_node]: Fragment fm2-1 is now executable because all signal messages were received.
[INFO] [1787862243.737335296] [multi3_coordinator_node]: Fragment fm2-4 is now executable because all signal messages were received.
[INFO] [1787862243.766459421] [multi3_coordinator_node]: Received coordination message: {'robot_name': 'robot4', 'completed_task': 'pick(o1-3,scan_area)'}
[INFO] [1787862244.226640212] [multi3_coordinator_node]: Assigned fragment fm5-5 to robot robot5.
[INFO] [1787862244.256460307] [multi3_coordinator_node]: Received robot state update from robot robot5: {'operational_state': 'working', 'current_assigned_fragment': 'fm5-5', 'state': {'position': {'x': 0.0, 'y': 0.0, 'z': 0.0}, 'docked': True}}
[INFO] [1787862245.556406671] [multi3_coordinator_node]: Received mission: {'mission': 'm7', 'priority': 1, 'fragments': [{'id': 'fm7-1', 'wait': [], 'tasks': [{'name': 'pick', 'label': 'pick(o1-7,shelf)', 'params': {'x': 6, 'y': 3, 'weight': 5}}, {'name': 'move_to', 'label': 'move_to(o1-7,scan_area)', 'params': {'x': 5, 'y': 5}}, {'name': 'place', 'label': 'place(o1-7,scan_area)', 'params': {'x': 5, 'y': 5, 'weight': 5}}], 'segment': 's1'}, {'id': 'fm7-2', 'wait': ['place(o1-7,scan_area)'], 'tasks': [{'name': 'scan', 'label': 'scan(o1-7)', 'params': {}}], 'segment': 's1'}, {'id': 'fm7-3', 'wait': ['scan(o1-7)'], 'tasks': [{'name': 'pick', 'label': 'pick(o1-7,scan_area)', 'params': {'x': 5, 'y': 5, 'weight': 10}}, {'name': 'move_to', 'label': 'move_to(o1-7,pack_area)', 'params': {'x': 8, 'y': 8}}, {'name': 'place', 'label': 'place(o1-7,pack_area)', 'params': {'x': 8, 'y': 8, 'weight': 10}}], 'segment': 's1'}, {'id': 'fm7-4', 'wait': [], 'tasks': [{'name': 'pick', 'label': 'pick(o2-7,shelf)', 'params': {'x': 2, 'y': 4, 'weight': 3}}, {'name': 'move_to', 'label': 'move_to(o2-7,scan_area)', 'params': {'x': 5, 'y': 5}}, {'name': 'place', 'label': 'place(o2-7,scan_area)', 'params': {'x': 5, 'y': 5, 'weight': 3}}], 'segment': 's2'}, {'id': 'fm7-5', 'wait': ['place(o2-7,scan_area)'], 'tasks': [{'name': 'scan', 'label': 'scan(o2-7)', 'params': {}}], 'segment': 's2'}, {'id': 'fm7-6', 'wait': ['scan(o2-7)'], 'tasks': [{'name': 'pick', 'label': 'pick(o2-7,scan_area)', 'params': {'x': 5, 'y': 5, 'weight': 3}}, {'name': 'move_to', 'label': 'move_to(o2-7,pack_area)', 'params': {'x': 8, 'y': 8}}, {'name': 'place', 'label': 'place(o2-7,pack_area)', 'params': {'x': 8, 'y': 8, 'weight': 3}}], 'segment': 's2'}, {'id': 'fm7-7', 'wait': [], 'tasks': [{'name': 'pick', 'label': 'pick(o3-7,shelf)', 'params': {'x': 3, 'y': 6, 'weight': 3}}, {'name': 'move_to', 'label': 'move_to(o3-7,scan_area)', 'params': {'x': 5, 'y': 5}}, {'name': 'place', 'label': 'place(o3-7,scan_area)', 'params': {'x': 5, 'y': 5, 'weight': 3}}], 'segment': 's3'}, {'id': 'fm7-8', 'wait': ['place(o3-7,scan_area)'], 'tasks': [{'name': 'scan', 'label': 'scan(o3-7)', 'params': {}}], 'segment': 's3'}, {'id': 'fm7-9', 'wait': ['scan(o3-7)'], 'tasks': [{'name': 'pick', 'label': 'pick(o3-7,scan_area)', 'params': {'x': 5, 'y': 5, 'weight': 3}}, {'name': 'move_to', 'label': 'move_to(o3-7,pack_area)', 'params': {'x': 8, 'y': 8}}, {'name': 'place', 'label': 'place(o3-7,pack_area)', 'params': {'x': 8, 'y': 8, 'weight': 3}}], 'segment': 's3'}, {'id': 'fm7-10', 'wait': [], 'tasks': [{'name': 'pick', 'label': 'pick(o4-7,shelf)', 'params': {'x': 3, 'y': 7, 'weight': 2}}, {'name': 'move_to', 'label': 'move_to(o4-7,scan_area)', 'params': {'x': 5, 'y': 5}}, {'name': 'place', 'label': 'place(o4-7,scan_area)', 'params': {'x': 5, 'y': 5, 'weight': 2}}], 'segment': 's4'}, {'id': 'fm7-11', 'wait': ['place(o4-7,scan_area)'], 'tasks': [{'name': 'scan', 'label': 'scan(o4-7)', 'params': {}}], 'segment': 's4'}, {'id': 'fm7-12', 'wait': ['scan(o4-7)'], 'tasks': [{'name': 'pick', 'label': 'pick(o4-7,scan_area)', 'params': {'x': 5, 'y': 5, 'weight': 2}}, {'name': 'move_to', 'label': 'move_to(o4-7,pack_area)', 'params': {'x': 8, 'y': 8}}, {'name': 'place', 'label': 'place(o4-7,pack_area)', 'params': {'x': 8, 'y': 8, 'weight': 2}}], 'segment': 's4'}, {'id': 'fm7-13', 'wait': [], 'tasks': [{'name': 'pick', 'label': 'pick(o5-7,shelf)', 'params': {'x': 4, 'y': 1, 'weight': 5}}, {'name': 'move_to', 'label': 'move_to(o5-7,scan_area)', 'params': {'x': 5, 'y': 5}}, {'name': 'place', 'label': 'place(o5-7,scan_area)', 'params': {'x': 5, 'y': 5, 'weight': 5}}], 'segment': 's5'}, {'id': 'fm7-14', 'wait': ['place(o5-7,scan_area)'], 'tasks': [{'name': 'scan', 'label': 'scan(o5-7)', 'params': {}}], 'segment': 's5'}, {'id': 'fm7-15', 'wait': ['scan(o5-7)'], 'tasks': [{'name': 'pick', 'label': 'pick(o5-7,scan_area)', 'params': {'x': 5, 'y': 5, 'weight': 5}}, {'name': 'move_to', 'label': 'move_to(o5-7,pack_area)', 'params': {'x': 8, 'y': 8}}, {'name': 'place', 'label': 'place(o5-7,pack_area)', 'params': {'x': 8, 'y': 8, 'weight': 5}}], 'segment': 's5'}, {'id': 'fm7-16', 'wait': ['place(o1-7,pack_area)', 'place(o2-7,pack_area)', 'place(o3-7,pack_area)', 'place(o4-7,pack_area)', 'place(o5-7,pack_area)'], 'tasks': [{'name': 'pack', 'label': 'pack(o1-7,o2-7,o3-7,o4-7,o5-7)', 'params': {'items': 5}}], 'segment': ''}, {'id': 'fm7-17', 'wait': ['pack(o1-7,o2-7,o3-7,o4-7,o5-7)'], 'tasks': [{'name': 'load_pack', 'label': 'load_pack(p7)', 'params': {'x': 8, 'y': 8, 'weight': 19}}, {'name': 'move_to', 'label': 'move_to(deliver_area)', 'params': {'x': 10, 'y': 10}}, {'name': 'unload_pack', 'label': 'unload_pack(p7)', 'params': {'x': 10, 'y': 10, 'weight': 19}}], 'segment': ''}]}
[INFO] [1787862245.558150826] [multi3_coordinator_node]: Fragment fm7-1 is now executable because all signal messages were received.
[INFO] [1787862245.559302175] [multi3_coordinator_node]: Fragment fm7-4 is now executable because all signal messages were received.
[INFO] [1787862245.560426711] [multi3_coordinator_node]: Fragment fm7-7 is now executable because all signal messages were received.
[INFO] [1787862245.561304117] [multi3_coordinator_node]: Fragment fm7-10 is now executable because all signal messages were received.
[INFO] [1787862245.562205074] [multi3_coordinator_node]: Fragment fm7-13 is now executable because all signal messages were received.
[INFO] [1787862246.761317600] [multi3_coordinator_node]: Received coordination message: {'robot_name': 'robot1', 'completed_task': 'pick(o3-5,shelf)'}
[INFO] [1787862250.839676287] [multi3_coordinator_node]: Received coordination message: {'robot_name': 'robot2', 'completed_task': 'place(o2-3,pack_area)'}
[INFO] [1787862250.841157796] [multi3_coordinator_node]: Received robot state update from robot robot2: {'operational_state': 'idle', 'current_assigned_fragment': None, 'state': {'position': {'x': 8, 'y': 8, 'z': 0.0}, 'docked': False}}
[INFO] [1787862250.841969546] [multi3_coordinator_node]: Received coordination message: {'robot_name': 'robot2', 'completed_fragment': 'fm3-6', 'state': {'position': {'x': 8, 'y': 8, 'z': 0.0}, 'docked': False}}
[INFO] [1787862251.226066589] [multi3_coordinator_node]: Assigned fragment fm3-9 to robot robot2.
[INFO] [1787862251.267472710] [multi3_coordinator_node]: Received robot state update from robot robot2: {'operational_state': 'working', 'current_assigned_fragment': 'fm3-9', 'state': {'position': {'x': 8, 'y': 8, 'z': 0.0}, 'docked': False}}
[INFO] [1787862252.251821236] [multi3_coordinator_node]: Received coordination message: {'robot_name': 'robot4', 'completed_task': 'move_to(o1-3,pack_area)'}
[INFO] [1787862252.314913023] [multi3_coordinator_node]: Fragment fm5-6 is now executable because all signal messages were received.
[INFO] [1787862252.317279263] [multi3_coordinator_node]: Received robot state update from robot robot5: {'operational_state': 'idle', 'current_assigned_fragment': None, 'state': {'position': {'x': 0.0, 'y': 0.0, 'z': 0.0}, 'docked': True}}
[INFO] [1787862252.318067039] [multi3_coordinator_node]: Received coordination message: {'robot_name': 'robot5', 'completed_fragment': 'fm5-5', 'state': {'position': {'x': 0.0, 'y': 0.0, 'z': 0.0}, 'docked': True}}
[INFO] [1787862252.318415199] [multi3_coordinator_node]: Received coordination message: {'robot_name': 'robot5', 'completed_task': 'scan(o2-5)'}
[INFO] [1787862253.823533311] [multi3_coordinator_node]: Fragment fm1-7 is now executable because all signal messages were received.
[INFO] [1787862253.826469399] [multi3_coordinator_node]: Received coordination message: {'robot_name': 'robot3', 'completed_task': 'place(o1-1,pack_area)'}
[INFO] [1787862253.827725849] [multi3_coordinator_node]: Received coordination message: {'robot_name': 'robot3', 'completed_fragment': 'fm1-3', 'state': {'position': {'x': 8, 'y': 8, 'z': 0.0}, 'docked': False}}
[INFO] [1787862253.828401599] [multi3_coordinator_node]: Received robot state update from robot robot3: {'operational_state': 'idle', 'current_assigned_fragment': None, 'state': {'position': {'x': 8, 'y': 8, 'z': 0.0}, 'docked': False}}
[INFO] [1787862254.231675569] [multi3_coordinator_node]: Assigned fragment fm1-7 to robot robot6.
[INFO] [1787862254.236939480] [multi3_coordinator_node]: Assigned fragment fm5-3 to robot robot3.
[INFO] [1787862254.249765275] [multi3_coordinator_node]: Received robot state update from robot robot6: {'operational_state': 'working', 'current_assigned_fragment': 'fm1-7', 'state': {'position': {'x': 0.0, 'y': 0.0, 'z': 0.0}, 'docked': True}}
[INFO] [1787862254.282370914] [multi3_coordinator_node]: Received robot state update from robot robot3: {'operational_state': 'working', 'current_assigned_fragment': 'fm5-3', 'state': {'position': {'x': 8, 'y': 8, 'z': 0.0}, 'docked': False}}
[INFO] [1787862255.294347869] [multi3_coordinator_node]: Received coordination message: {'robot_name': 'robot1', 'completed_task': 'move_to(o3-5,scan_area)'}
[INFO] [1787862261.305739301] [multi3_coordinator_node]: Received coordination message: {'robot_name': 'robot4', 'completed_fragment': 'fm3-3', 'state': {'position': {'x': 8, 'y': 8, 'z': 0.0}, 'docked': False}}
[INFO] [1787862261.307239606] [multi3_coordinator_node]: Received robot state update from robot robot4: {'operational_state': 'idle', 'current_assigned_fragment': None, 'state': {'position': {'x': 8, 'y': 8, 'z': 0.0}, 'docked': False}}
[INFO] [1787862261.307846653] [multi3_coordinator_node]: Received coordination message: {'robot_name': 'robot4', 'completed_task': 'place(o1-3,pack_area)'}
[INFO] [1787862262.224369977] [multi3_coordinator_node]: Assigned fragment fm5-6 to robot robot4.
[INFO] [1787862262.295044519] [multi3_coordinator_node]: Received robot state update from robot robot4: {'operational_state': 'working', 'current_assigned_fragment': 'fm5-6', 'state': {'position': {'x': 8, 'y': 8, 'z': 0.0}, 'docked': False}}
[INFO] [1787862265.308811597] [multi3_coordinator_node]: Fragment fm5-8 is now executable because all signal messages were received.
[INFO] [1787862265.312855596] [multi3_coordinator_node]: Received coordination message: {'robot_name': 'robot1', 'completed_fragment': 'fm5-7', 'state': {'position': {'x': 5, 'y': 5, 'z': 0.0}, 'docked': False}}
[INFO] [1787862265.313553906] [multi3_coordinator_node]: Received coordination message: {'robot_name': 'robot1', 'completed_task': 'place(o3-5,scan_area)'}
[INFO] [1787862265.313860924] [multi3_coordinator_node]: Received robot state update from robot robot1: {'operational_state': 'idle', 'current_assigned_fragment': None, 'state': {'position': {'x': 5, 'y': 5, 'z': 0.0}, 'docked': False}}
[INFO] [1787862266.246849407] [multi3_coordinator_node]: Assigned fragment fm5-8 to robot robot5.
[INFO] [1787862266.251611827] [multi3_coordinator_node]: Assigned fragment fm5-10 to robot robot1.
[INFO] [1787862266.257580095] [multi3_coordinator_node]: Received robot state update from robot robot5: {'operational_state': 'working', 'current_assigned_fragment': 'fm5-8', 'state': {'position': {'x': 0.0, 'y': 0.0, 'z': 0.0}, 'docked': True}}
[INFO] [1787862266.321460759] [multi3_coordinator_node]: Received robot state update from robot robot1: {'operational_state': 'working', 'current_assigned_fragment': 'fm5-10', 'state': {'position': {'x': 5, 'y': 5, 'z': 0.0}, 'docked': False}}
[INFO] [1787862269.775898132] [multi3_coordinator_node]: Received coordination message: {'robot_name': 'robot2', 'completed_task': 'pick(o3-3,scan_area)'}
[INFO] [1787862271.797190252] [multi3_coordinator_node]: Received coordination message: {'robot_name': 'robot3', 'completed_task': 'pick(o1-5,scan_area)'}
[INFO] [1787862273.308569427] [multi3_coordinator_node]: Received robot state update from robot robot6: {'operational_state': 'idle', 'current_assigned_fragment': None, 'state': {'position': {'x': 0.0, 'y': 0.0, 'z': 0.0}, 'docked': True}}
[INFO] [1787862273.309457708] [multi3_coordinator_node]: Fragment fm1-8 is now executable because all signal messages were received.
[INFO] [1787862273.310040489] [multi3_coordinator_node]: Received coordination message: {'robot_name': 'robot6', 'completed_fragment': 'fm1-7', 'state': {'position': {'x': 0.0, 'y': 0.0, 'z': 0.0}, 'docked': True}}
[INFO] [1787862273.310750928] [multi3_coordinator_node]: Received coordination message: {'robot_name': 'robot6', 'completed_task': 'pack(o1-1,o2-1)'}
[INFO] [1787862274.224407605] [multi3_coordinator_node]: Assigned fragment fm1-8 to robot robot7.
[INFO] [1787862274.242777691] [multi3_coordinator_node]: Received robot state update from robot robot7: {'operational_state': 'working', 'current_assigned_fragment': 'fm1-8', 'state': {'position': {'x': 0.0, 'y': 0.0, 'z': 0.0}, 'docked': True}}
[INFO] [1787862274.356643717] [multi3_coordinator_node]: Fragment fm5-9 is now executable because all signal messages were received.
[INFO] [1787862274.358041736] [multi3_coordinator_node]: Received robot state update from robot robot5: {'operational_state': 'idle', 'current_assigned_fragment': None, 'state': {'position': {'x': 0.0, 'y': 0.0, 'z': 0.0}, 'docked': True}}
[INFO] [1787862274.359188494] [multi3_coordinator_node]: Received coordination message: {'robot_name': 'robot5', 'completed_task': 'scan(o3-5)'}
[INFO] [1787862274.359777484] [multi3_coordinator_node]: Received coordination message: {'robot_name': 'robot5', 'completed_fragment': 'fm5-8', 'state': {'position': {'x': 0.0, 'y': 0.0, 'z': 0.0}, 'docked': True}}
[INFO] [1787862278.290554334] [multi3_coordinator_node]: Received coordination message: {'robot_name': 'robot2', 'completed_task': 'move_to(o3-3,pack_area)'}
[INFO] [1787862278.763043694] [multi3_coordinator_node]: Received coordination message: {'robot_name': 'robot4', 'completed_task': 'pick(o2-5,scan_area)'}
[INFO] [1787862280.276534158] [multi3_coordinator_node]: Received coordination message: {'robot_name': 'robot3', 'completed_task': 'move_to(o1-5,pack_area)'}
[INFO] [1787862284.236382539] [multi3_coordinator_node]: Received coordination message: {'robot_name': 'robot1', 'completed_task': 'pick(o4-5,shelf)'}
[INFO] [1787862287.250314977] [multi3_coordinator_node]: Received coordination message: {'robot_name': 'robot4', 'completed_task': 'move_to(o2-5,pack_area)'}
[INFO] [1787862288.293084394] [multi3_coordinator_node]: Fragment fm3-10 is now executable because all signal messages were received.
[INFO] [1787862288.307503073] [multi3_coordinator_node]: Received coordination message: {'robot_name': 'robot2', 'completed_fragment': 'fm3-9', 'state': {'position': {'x': 8, 'y': 8, 'z': 0.0}, 'docked': False}}
[INFO] [1787862288.309324925] [multi3_coordinator_node]: Received coordination message: {'robot_name': 'robot2', 'completed_task': 'place(o3-3,pack_area)'}
[INFO] [1787862288.314916667] [multi3_coordinator_node]: Received robot state update from robot robot2: {'operational_state': 'idle', 'current_assigned_fragment': None, 'state': {'position': {'x': 8, 'y': 8, 'z': 0.0}, 'docked': False}}
[INFO] [1787862289.227408199] [multi3_coordinator_node]: Assigned fragment fm3-10 to robot robot6.
[INFO] [1787862289.229494682] [multi3_coordinator_node]: Assigned fragment fm5-9 to robot robot2.
[INFO] [1787862289.261186767] [multi3_coordinator_node]: Received robot state update from robot robot2: {'operational_state': 'working', 'current_assigned_fragment': 'fm5-9', 'state': {'position': {'x': 8, 'y': 8, 'z': 0.0}, 'docked': False}}
[INFO] [1787862289.261720317] [multi3_coordinator_node]: Received robot state update from robot robot6: {'operational_state': 'working', 'current_assigned_fragment': 'fm3-10', 'state': {'position': {'x': 0.0, 'y': 0.0, 'z': 0.0}, 'docked': True}}
[INFO] [1787862289.301057951] [multi3_coordinator_node]: Received coordination message: {'robot_name': 'robot3', 'completed_task': 'place(o1-5,pack_area)'}
[INFO] [1787862289.302129088] [multi3_coordinator_node]: Received robot state update from robot robot3: {'operational_state': 'idle', 'current_assigned_fragment': None, 'state': {'position': {'x': 8, 'y': 8, 'z': 0.0}, 'docked': False}}
[INFO] [1787862289.302505721] [multi3_coordinator_node]: Received coordination message: {'robot_name': 'robot3', 'completed_fragment': 'fm5-3', 'state': {'position': {'x': 8, 'y': 8, 'z': 0.0}, 'docked': False}}
[INFO] [1787862290.219523713] [multi3_coordinator_node]: Assigned fragment fm7-1 to robot robot3.
[INFO] [1787862290.240524440] [multi3_coordinator_node]: Received robot state update from robot robot3: {'operational_state': 'working', 'current_assigned_fragment': 'fm7-1', 'state': {'position': {'x': 8, 'y': 8, 'z': 0.0}, 'docked': False}}
[INFO] [1787862295.295969399] [multi3_coordinator_node]: Received coordination message: {'robot_name': 'robot4', 'completed_task': 'place(o2-5,pack_area)'}
[INFO] [1787862295.296695203] [multi3_coordinator_node]: Received coordination message: {'robot_name': 'robot4', 'completed_fragment': 'fm5-6', 'state': {'position': {'x': 8, 'y': 8, 'z': 0.0}, 'docked': False}}
[INFO] [1787862295.297314995] [multi3_coordinator_node]: Received robot state update from robot robot4: {'operational_state': 'idle', 'current_assigned_fragment': None, 'state': {'position': {'x': 8, 'y': 8, 'z': 0.0}, 'docked': False}}
[INFO] [1787862295.610361492] [multi3_coordinator_node]: Received coordination message: {'robot_name': 'robot1', 'completed_task': 'move_to(o4-5,scan_area)'}
[INFO] [1787862296.236529579] [multi3_coordinator_node]: Assigned fragment fm7-4 to robot robot4.
[INFO] [1787862296.248172464] [multi3_coordinator_node]: Received robot state update from robot robot4: {'operational_state': 'working', 'current_assigned_fragment': 'fm7-4', 'state': {'position': {'x': 8, 'y': 8, 'z': 0.0}, 'docked': False}}
[INFO] [1787862304.648012173] [multi3_coordinator_node]: Fragment fm5-11 is now executable because all signal messages were received.
[INFO] [1787862304.653659345] [multi3_coordinator_node]: Received robot state update from robot robot1: {'operational_state': 'idle', 'current_assigned_fragment': None, 'state': {'position': {'x': 5, 'y': 5, 'z': 0.0}, 'docked': False}}
[INFO] [1787862304.654493369] [multi3_coordinator_node]: Received coordination message: {'robot_name': 'robot1', 'completed_task': 'place(o4-5,scan_area)'}
[INFO] [1787862304.655255817] [multi3_coordinator_node]: Received coordination message: {'robot_name': 'robot1', 'completed_fragment': 'fm5-10', 'state': {'position': {'x': 5, 'y': 5, 'z': 0.0}, 'docked': False}}
[INFO] [1787862305.223864615] [multi3_coordinator_node]: Assigned fragment fm5-11 to robot robot5.
[INFO] [1787862305.226435680] [multi3_coordinator_node]: Assigned fragment fm7-7 to robot robot1.
[INFO] [1787862305.264402544] [multi3_coordinator_node]: Received robot state update from robot robot1: {'operational_state': 'working', 'current_assigned_fragment': 'fm7-7', 'state': {'position': {'x': 5, 'y': 5, 'z': 0.0}, 'docked': False}}
[INFO] [1787862305.265365018] [multi3_coordinator_node]: Received robot state update from robot robot5: {'operational_state': 'working', 'current_assigned_fragment': 'fm5-11', 'state': {'position': {'x': 0.0, 'y': 0.0, 'z': 0.0}, 'docked': True}}
[INFO] [1787862307.759591996] [multi3_coordinator_node]: Received coordination message: {'robot_name': 'robot2', 'completed_task': 'pick(o3-5,scan_area)'}
[INFO] [1787862308.866466470] [multi3_coordinator_node]: Fragment fm3-11 is now executable because all signal messages were received.
[INFO] [1787862308.868318735] [multi3_coordinator_node]: Received robot state update from robot robot6: {'operational_state': 'idle', 'current_assigned_fragment': None, 'state': {'position': {'x': 0.0, 'y': 0.0, 'z': 0.0}, 'docked': True}}
[INFO] [1787862308.869307630] [multi3_coordinator_node]: Received coordination message: {'robot_name': 'robot6', 'completed_fragment': 'fm3-10', 'state': {'position': {'x': 0.0, 'y': 0.0, 'z': 0.0}, 'docked': True}}
[INFO] [1787862308.870227143] [multi3_coordinator_node]: Received coordination message: {'robot_name': 'robot6', 'completed_task': 'pack(o1-3,o2-3,o3-3)'}
[INFO] [1787862311.061124828] [multi3_coordinator_node]: Received coordination message: {'robot_name': 'robot3', 'completed_task': 'pick(o1-7,shelf)'}
[INFO] [1787862313.894099461] [multi3_coordinator_node]: Received coordination message: {'robot_name': 'robot3', 'completed_task': 'move_to(o1-7,scan_area)'}
[INFO] [1787862315.288848506] [multi3_coordinator_node]: Fragment fm5-12 is now executable because all signal messages were received.
[INFO] [1787862315.290405734] [multi3_coordinator_node]: Received robot state update from robot robot5: {'operational_state': 'idle', 'current_assigned_fragment': None, 'state': {'position': {'x': 0.0, 'y': 0.0, 'z': 0.0}, 'docked': True}}
[INFO] [1787862315.291932083] [multi3_coordinator_node]: Received coordination message: {'robot_name': 'robot5', 'completed_fragment': 'fm5-11', 'state': {'position': {'x': 0.0, 'y': 0.0, 'z': 0.0}, 'docked': True}}
[INFO] [1787862315.292659019] [multi3_coordinator_node]: Received coordination message: {'robot_name': 'robot5', 'completed_task': 'scan(o4-5)'}
[INFO] [1787862315.992634895] [multi3_coordinator_node]: Received coordination message: {'robot_name': 'robot7', 'completed_task': 'load_pack(p1)'}
[INFO] [1787862316.251584175] [multi3_coordinator_node]: Received coordination message: {'robot_name': 'robot2', 'completed_task': 'move_to(o3-5,pack_area)'}
[INFO] [1787862317.739936215] [multi3_coordinator_node]: Received coordination message: {'robot_name': 'robot1', 'completed_task': 'pick(o3-7,shelf)'}
[INFO] [1787862318.700058885] [multi3_coordinator_node]: Received coordination message: {'robot_name': 'robot4', 'completed_task': 'pick(o2-7,shelf)'}
[INFO] [1787862321.660579287] [multi3_coordinator_node]: Received coordination message: {'robot_name': 'robot7', 'completed_task': 'move_to(deliver_area)'}
[INFO] [1787862323.428139027] [multi3_coordinator_node]: Received coordination message: {'robot_name': 'robot1', 'completed_task': 'move_to(o3-7,scan_area)'}
[INFO] [1787862323.911099137] [multi3_coordinator_node]: Fragment fm7-2 is now executable because all signal messages were received.
[INFO] [1787862323.912540120] [multi3_coordinator_node]: Received robot state update from robot robot3: {'operational_state': 'idle', 'current_assigned_fragment': None, 'state': {'position': {'x': 5, 'y': 5, 'z': 0.0}, 'docked': False}}
[INFO] [1787862323.914486604] [multi3_coordinator_node]: Received coordination message: {'robot_name': 'robot3', 'completed_task': 'place(o1-7,scan_area)'}
[INFO] [1787862323.915570015] [multi3_coordinator_node]: Received coordination message: {'robot_name': 'robot3', 'completed_fragment': 'fm7-1', 'state': {'position': {'x': 5, 'y': 5, 'z': 0.0}, 'docked': False}}
[INFO] [1787862324.229014799] [multi3_coordinator_node]: Assigned fragment fm5-12 to robot robot3.
[INFO] [1787862324.231216428] [multi3_coordinator_node]: Assigned fragment fm7-2 to robot robot5.
[INFO] [1787862324.250719411] [multi3_coordinator_node]: Received robot state update from robot robot3: {'operational_state': 'working', 'current_assigned_fragment': 'fm5-12', 'state': {'position': {'x': 5, 'y': 5, 'z': 0.0}, 'docked': False}}
[INFO] [1787862324.270093642] [multi3_coordinator_node]: Received robot state update from robot robot5: {'operational_state': 'working', 'current_assigned_fragment': 'fm7-2', 'state': {'position': {'x': 0.0, 'y': 0.0, 'z': 0.0}, 'docked': True}}
[INFO] [1787862326.283451331] [multi3_coordinator_node]: Received robot state update from robot robot2: {'operational_state': 'idle', 'current_assigned_fragment': None, 'state': {'position': {'x': 8, 'y': 8, 'z': 0.0}, 'docked': False}}
[INFO] [1787862326.286902005] [multi3_coordinator_node]: Received coordination message: {'robot_name': 'robot2', 'completed_task': 'place(o3-5,pack_area)'}
[INFO] [1787862326.289940365] [multi3_coordinator_node]: Received coordination message: {'robot_name': 'robot2', 'completed_fragment': 'fm5-9', 'state': {'position': {'x': 8, 'y': 8, 'z': 0.0}, 'docked': False}}
[INFO] [1787862327.213347568] [multi3_coordinator_node]: Received coordination message: {'robot_name': 'robot4', 'completed_task': 'move_to(o2-7,scan_area)'}
[INFO] [1787862327.219078235] [multi3_coordinator_node]: Assigned fragment fm7-10 to robot robot2.
[INFO] [1787862327.240040621] [multi3_coordinator_node]: Received robot state update from robot robot2: {'operational_state': 'working', 'current_assigned_fragment': 'fm7-10', 'state': {'position': {'x': 8, 'y': 8, 'z': 0.0}, 'docked': False}}
[INFO] [1787862331.460301504] [multi3_coordinator_node]: Received robot state update from robot robot1: {'operational_state': 'idle', 'current_assigned_fragment': None, 'state': {'position': {'x': 5, 'y': 5, 'z': 0.0}, 'docked': False}}
[INFO] [1787862331.461767319] [multi3_coordinator_node]: Received coordination message: {'robot_name': 'robot1', 'completed_fragment': 'fm7-7', 'state': {'position': {'x': 5, 'y': 5, 'z': 0.0}, 'docked': False}}
[INFO] [1787862331.462731888] [multi3_coordinator_node]: Fragment fm7-8 is now executable because all signal messages were received.
[INFO] [1787862331.463286107] [multi3_coordinator_node]: Received coordination message: {'robot_name': 'robot1', 'completed_task': 'place(o3-7,scan_area)'}
[INFO] [1787862332.241358313] [multi3_coordinator_node]: Assigned fragment fm7-13 to robot robot1.
[INFO] [1787862332.265225842] [multi3_coordinator_node]: Received robot state update from robot robot1: {'operational_state': 'working', 'current_assigned_fragment': 'fm7-13', 'state': {'position': {'x': 5, 'y': 5, 'z': 0.0}, 'docked': False}}
[INFO] [1787862333.265457952] [multi3_coordinator_node]: Received coordination message: {'robot_name': 'robot3', 'completed_task': 'pick(o4-5,scan_area)'}
[INFO] [1787862333.760129963] [multi3_coordinator_node]: Received mission: {'mission': 'm4', 'priority': 1, 'fragments': [{'id': 'fm4-1', 'wait': [], 'tasks': [{'name': 'pick', 'label': 'pick(o1-4,shelf)', 'params': {'x': 2, 'y': 5, 'weight': 4}}, {'name': 'move_to', 'label': 'move_to(o1-4,scan_area)', 'params': {'x': 5, 'y': 5}}, {'name': 'place', 'label': 'place(o1-4,scan_area)', 'params': {'x': 5, 'y': 5, 'weight': 4}}], 'segment': 's1'}, {'id': 'fm4-2', 'wait': ['place(o1-4,scan_area)'], 'tasks': [{'name': 'scan', 'label': 'scan(o1-4)', 'params': {}}], 'segment': 's1'}, {'id': 'fm4-3', 'wait': ['scan(o1-4)'], 'tasks': [{'name': 'pick', 'label': 'pick(o1-4,scan_area)', 'params': {'x': 5, 'y': 5, 'weight': 4}}, {'name': 'move_to', 'label': 'move_to(o1-4,pack_area)', 'params': {'x': 8, 'y': 8}}, {'name': 'place', 'label': 'place(o1-4,pack_area)', 'params': {'x': 8, 'y': 8, 'weight': 4}}], 'segment': 's1'}, {'id': 'fm4-4', 'wait': [], 'tasks': [{'name': 'pick', 'label': 'pick(o2-4,shelf)', 'params': {'x': 3, 'y': 3, 'weight': 3}}, {'name': 'move_to', 'label': 'move_to(o2-4,scan_area)', 'params': {'x': 5, 'y': 5}}, {'name': 'place', 'label': 'place(o2-4,scan_area)', 'params': {'x': 5, 'y': 5, 'weight': 3}}], 'segment': 's2'}, {'id': 'fm4-5', 'wait': ['place(o2-4,scan_area)'], 'tasks': [{'name': 'scan', 'label': 'scan(o2-4)', 'params': {}}], 'segment': 's2'}, {'id': 'fm4-6', 'wait': ['scan(o2-4)'], 'tasks': [{'name': 'pick', 'label': 'pick(o2-4,scan_area)', 'params': {'x': 5, 'y': 5, 'weight': 3}}, {'name': 'move_to', 'label': 'move_to(o2-4,pack_area)', 'params': {'x': 8, 'y': 8}}, {'name': 'place', 'label': 'place(o2-4,pack_area)', 'params': {'x': 8, 'y': 8, 'weight': 3}}], 'segment': 's2'}, {'id': 'fm4-7', 'wait': [], 'tasks': [{'name': 'pick', 'label': 'pick(o3-4,shelf)', 'params': {'x': 2, 'y': 8, 'weight': 5}}, {'name': 'move_to', 'label': 'move_to(o3-4,scan_area)', 'params': {'x': 5, 'y': 5}}, {'name': 'place', 'label': 'place(o3-4,scan_area)', 'params': {'x': 5, 'y': 5, 'weight': 5}}], 'segment': 's3'}, {'id': 'fm4-8', 'wait': ['place(o3-4,scan_area)'], 'tasks': [{'name': 'scan', 'label': 'scan(o3-4)', 'params': {}}], 'segment': 's3'}, {'id': 'fm4-9', 'wait': ['scan(o3-4)'], 'tasks': [{'name': 'pick', 'label': 'pick(o3-4,scan_area)', 'params': {'x': 5, 'y': 5, 'weight': 5}}, {'name': 'move_to', 'label': 'move_to(o3-4,pack_area)', 'params': {'x': 8, 'y': 8}}, {'name': 'place', 'label': 'place(o3-4,pack_area)', 'params': {'x': 8, 'y': 8, 'weight': 5}}], 'segment': 's3'}, {'id': 'fm4-10', 'wait': ['place(o1-4,pack_area)', 'place(o2-4,pack_area)', 'place(o3-4,pack_area)'], 'tasks': [{'name': 'pack', 'label': 'pack(o1-4,o2-4,o3-4)', 'params': {'items': 3}}], 'segment': ''}, {'id': 'fm4-11', 'wait': ['pack(o1-4,o2-4,o3-4)'], 'tasks': [{'name': 'load_pack', 'label': 'load_pack(p3)', 'params': {'x': 8, 'y': 8, 'weight': 10}}, {'name': 'move_to', 'label': 'move_to(deliver_area)', 'params': {'x': 10, 'y': 10}}, {'name': 'unload_pack', 'label': 'unload_pack(p3)', 'params': {'x': 10, 'y': 10, 'weight': 10}}], 'segment': ''}]}
[INFO] [1787862333.761317574] [multi3_coordinator_node]: Fragment fm4-1 is now executable because all signal messages were received.
[INFO] [1787862333.762448061] [multi3_coordinator_node]: Fragment fm4-4 is now executable because all signal messages were received.
[INFO] [1787862333.763439921] [multi3_coordinator_node]: Fragment fm4-7 is now executable because all signal messages were received.
[INFO] [1787862334.318055031] [multi3_coordinator_node]: Received robot state update from robot robot5: {'operational_state': 'idle', 'current_assigned_fragment': None, 'state': {'position': {'x': 0.0, 'y': 0.0, 'z': 0.0}, 'docked': True}}
[INFO] [1787862334.318924855] [multi3_coordinator_node]: Received coordination message: {'robot_name': 'robot5', 'completed_fragment': 'fm7-2', 'state': {'position': {'x': 0.0, 'y': 0.0, 'z': 0.0}, 'docked': True}}
[INFO] [1787862334.319390144] [multi3_coordinator_node]: Fragment fm7-3 is now executable because all signal messages were received.
[INFO] [1787862334.319939719] [multi3_coordinator_node]: Received coordination message: {'robot_name': 'robot5', 'completed_task': 'scan(o1-7)'}
[INFO] [1787862334.705451362] [multi3_coordinator_node]: Received coordination message: {'robot_name': 'robot7', 'completed_fragment': 'fm1-8', 'state': {'position': {'x': 10, 'y': 10, 'z': 0.0}, 'docked': False}}
[INFO] [1787862334.706423043] [multi3_coordinator_node]: Received robot state update from robot robot7: {'operational_state': 'idle', 'current_assigned_fragment': None, 'state': {'position': {'x': 10, 'y': 10, 'z': 0.0}, 'docked': False}}
[INFO] [1787862334.707107050] [multi3_coordinator_node]: Received coordination message: {'robot_name': 'robot7', 'completed_task': 'unload_pack(p1)'}
[INFO] [1787862335.237800495] [multi3_coordinator_node]: Assigned fragment fm3-11 to robot robot7.
[INFO] [1787862335.240414613] [multi3_coordinator_node]: Fragment fm7-5 is now executable because all signal messages were received.
[INFO] [1787862335.251101016] [multi3_coordinator_node]: Assigned fragment fm7-3 to robot robot4.
[INFO] [1787862335.252951362] [multi3_coordinator_node]: Assigned fragment fm7-5 to robot robot5.
[INFO] [1787862335.284899370] [multi3_coordinator_node]: Received robot state update from robot robot4: {'operational_state': 'idle', 'current_assigned_fragment': None, 'state': {'position': {'x': 5, 'y': 5, 'z': 0.0}, 'docked': False}}
[INFO] [1787862335.289155135] [multi3_coordinator_node]: Received coordination message: {'robot_name': 'robot4', 'completed_fragment': 'fm7-4', 'state': {'position': {'x': 5, 'y': 5, 'z': 0.0}, 'docked': False}}
[INFO] [1787862335.292975319] [multi3_coordinator_node]: Received robot state update from robot robot4: {'operational_state': 'working', 'current_assigned_fragment': 'fm7-3', 'state': {'position': {'x': 5, 'y': 5, 'z': 0.0}, 'docked': False}}
[INFO] [1787862335.293992126] [multi3_coordinator_node]: Received coordination message: {'robot_name': 'robot4', 'completed_task': 'place(o2-7,scan_area)'}
[INFO] [1787862335.294985534] [multi3_coordinator_node]: Received robot state update from robot robot7: {'operational_state': 'working', 'current_assigned_fragment': 'fm3-11', 'state': {'position': {'x': 10, 'y': 10, 'z': 0.0}, 'docked': False}}
[INFO] [1787862335.295416207] [multi3_coordinator_node]: Received robot state update from robot robot5: {'operational_state': 'working', 'current_assigned_fragment': 'fm7-5', 'state': {'position': {'x': 0.0, 'y': 0.0, 'z': 0.0}, 'docked': True}}
[INFO] [1787862335.555099467] [multi3_coordinator_node]: Received mission: {'mission': 'm6', 'priority': 1, 'fragments': [{'id': 'fm6-1', 'wait': [], 'tasks': [{'name': 'pick', 'label': 'pick(o1-6,shelf)', 'params': {'x': 5, 'y': 1, 'weight': 10}}, {'name': 'move_to', 'label': 'move_to(o1-6,scan_area)', 'params': {'x': 5, 'y': 5}}, {'name': 'place', 'label': 'place(o1-6,scan_area)', 'params': {'x': 5, 'y': 5, 'weight': 10}}], 'segment': 's1'}, {'id': 'fm6-2', 'wait': ['place(o1-6,scan_area)'], 'tasks': [{'name': 'scan', 'label': 'scan(o1-6)', 'params': {}}], 'segment': 's1'}, {'id': 'fm6-3', 'wait': ['scan(o1-6)'], 'tasks': [{'name': 'pick', 'label': 'pick(o1-6,scan_area)', 'params': {'x': 5, 'y': 5, 'weight': 10}}, {'name': 'move_to', 'label': 'move_to(o1-6,pack_area)', 'params': {'x': 8, 'y': 8}}, {'name': 'place', 'label': 'place(o1-6,pack_area)', 'params': {'x': 8, 'y': 8, 'weight': 10}}], 'segment': 's1'}, {'id': 'fm6-4', 'wait': [], 'tasks': [{'name': 'pick', 'label': 'pick(o2-6,shelf)', 'params': {'x': 1, 'y': 3, 'weight': 3}}, {'name': 'move_to', 'label': 'move_to(o2-6,scan_area)', 'params': {'x': 5, 'y': 5}}, {'name': 'place', 'label': 'place(o2-6,scan_area)', 'params': {'x': 5, 'y': 5, 'weight': 3}}], 'segment': 's2'}, {'id': 'fm6-5', 'wait': ['place(o2-6,scan_area)'], 'tasks': [{'name': 'scan', 'label': 'scan(o2-6)', 'params': {}}], 'segment': 's2'}, {'id': 'fm6-6', 'wait': ['scan(o2-6)'], 'tasks': [{'name': 'pick', 'label': 'pick(o2-6,scan_area)', 'params': {'x': 5, 'y': 5, 'weight': 3}}, {'name': 'move_to', 'label': 'move_to(o2-6,pack_area)', 'params': {'x': 8, 'y': 8}}, {'name': 'place', 'label': 'place(o2-6,pack_area)', 'params': {'x': 8, 'y': 8, 'weight': 3}}], 'segment': 's2'}, {'id': 'fm6-7', 'wait': [], 'tasks': [{'name': 'pick', 'label': 'pick(o3-6,shelf)', 'params': {'x': 2, 'y': 4, 'weight': 5}}, {'name': 'move_to', 'label': 'move_to(o3-6,scan_area)', 'params': {'x': 5, 'y': 5}}, {'name': 'place', 'label': 'place(o3-6,scan_area)', 'params': {'x': 5, 'y': 5, 'weight': 5}}], 'segment': 's3'}, {'id': 'fm6-8', 'wait': ['place(o3-6,scan_area)'], 'tasks': [{'name': 'scan', 'label': 'scan(o3-6)', 'params': {}}], 'segment': 's3'}, {'id': 'fm6-9', 'wait': ['scan(o3-6)'], 'tasks': [{'name': 'pick', 'label': 'pick(o3-6,scan_area)', 'params': {'x': 5, 'y': 5, 'weight': 5}}, {'name': 'move_to', 'label': 'move_to(o3-6,pack_area)', 'params': {'x': 8, 'y': 8}}, {'name': 'place', 'label': 'place(o3-6,pack_area)', 'params': {'x': 8, 'y': 8, 'weight': 5}}], 'segment': 's3'}, {'id': 'fm6-10', 'wait': [], 'tasks': [{'name': 'pick', 'label': 'pick(o4-6,shelf)', 'params': {'x': 1, 'y': 1, 'weight': 4}}, {'name': 'move_to', 'label': 'move_to(o4-6,scan_area)', 'params': {'x': 5, 'y': 5}}, {'name': 'place', 'label': 'place(o4-6,scan_area)', 'params': {'x': 5, 'y': 5, 'weight': 4}}], 'segment': 's4'}, {'id': 'fm6-11', 'wait': ['place(o4-6,scan_area)'], 'tasks': [{'name': 'scan', 'label': 'scan(o4-6)', 'params': {}}], 'segment': 's4'}, {'id': 'fm6-12', 'wait': ['scan(o4-6)'], 'tasks': [{'name': 'pick', 'label': 'pick(o4-6,scan_area)', 'params': {'x': 5, 'y': 5, 'weight': 4}}, {'name': 'move_to', 'label': 'move_to(o4-6,pack_area)', 'params': {'x': 8, 'y': 8}}, {'name': 'place', 'label': 'place(o4-6,pack_area)', 'params': {'x': 8, 'y': 8, 'weight': 4}}], 'segment': 's4'}, {'id': 'fm6-13', 'wait': ['place(o1-6,pack_area)', 'place(o2-6,pack_area)', 'place(o3-6,pack_area)', 'place(o4-6,pack_area)'], 'tasks': [{'name': 'pack', 'label': 'pack(o1-6,o2-6,o3-6,o4-6)', 'params': {'items': 4}}], 'segment': ''}, {'id': 'fm6-14', 'wait': ['pack(o1-6,o2-6,o3-6,o4-6)'], 'tasks': [{'name': 'load_pack', 'label': 'load_pack(p6)', 'params': {'x': 8, 'y': 8, 'weight': 22}}, {'name': 'move_to', 'label': 'move_to(deliver_area)', 'params': {'x': 10, 'y': 10}}, {'name': 'unload_pack', 'label': 'unload_pack(p6)', 'params': {'x': 10, 'y': 10, 'weight': 22}}], 'segment': ''}]}
[INFO] [1787862335.557431475] [multi3_coordinator_node]: Fragment fm6-1 is now executable because all signal messages were received.
[INFO] [1787862335.561655228] [multi3_coordinator_node]: Fragment fm6-4 is now executable because all signal messages were received.
[INFO] [1787862335.563597745] [multi3_coordinator_node]: Fragment fm6-7 is now executable because all signal messages were received.
[INFO] [1787862335.564614790] [multi3_coordinator_node]: Fragment fm6-10 is now executable because all signal messages were received.
[INFO] [1787862341.760068452] [multi3_coordinator_node]: Received coordination message: {'robot_name': 'robot3', 'completed_task': 'move_to(o4-5,pack_area)'}
[INFO] [1787862344.468334911] [multi3_coordinator_node]: Received coordination message: {'robot_name': 'robot2', 'completed_task': 'pick(o4-7,shelf)'}
[INFO] [1787862345.328410330] [multi3_coordinator_node]: Received coordination message: {'robot_name': 'robot5', 'completed_fragment': 'fm7-5', 'state': {'position': {'x': 0.0, 'y': 0.0, 'z': 0.0}, 'docked': True}}
[INFO] [1787862345.329692161] [multi3_coordinator_node]: Received robot state update from robot robot5: {'operational_state': 'idle', 'current_assigned_fragment': None, 'state': {'position': {'x': 0.0, 'y': 0.0, 'z': 0.0}, 'docked': True}}
[INFO] [1787862345.330373022] [multi3_coordinator_node]: Fragment fm7-6 is now executable because all signal messages were received.
[INFO] [1787862345.330854558] [multi3_coordinator_node]: Received coordination message: {'robot_name': 'robot5', 'completed_task': 'scan(o2-7)'}
[INFO] [1787862346.221951457] [multi3_coordinator_node]: Assigned fragment fm7-8 to robot robot5.
[INFO] [1787862346.248845195] [multi3_coordinator_node]: Received robot state update from robot robot5: {'operational_state': 'working', 'current_assigned_fragment': 'fm7-8', 'state': {'position': {'x': 0.0, 'y': 0.0, 'z': 0.0}, 'docked': True}}
[INFO] [1787862350.139722223] [multi3_coordinator_node]: Received coordination message: {'robot_name': 'robot2', 'completed_task': 'move_to(o4-7,scan_area)'}
[INFO] [1787862350.536477562] [multi3_coordinator_node]: Received coordination message: {'robot_name': 'robot1', 'completed_task': 'pick(o5-7,shelf)'}
[INFO] [1787862350.823557835] [multi3_coordinator_node]: Fragment fm5-13 is now executable because all signal messages were received.
[INFO] [1787862350.827279285] [multi3_coordinator_node]: Received robot state update from robot robot3: {'operational_state': 'idle', 'current_assigned_fragment': None, 'state': {'position': {'x': 8, 'y': 8, 'z': 0.0}, 'docked': False}}
[INFO] [1787862350.828538770] [multi3_coordinator_node]: Received coordination message: {'robot_name': 'robot3', 'completed_task': 'place(o4-5,pack_area)'}
[INFO] [1787862350.829306159] [multi3_coordinator_node]: Received coordination message: {'robot_name': 'robot3', 'completed_fragment': 'fm5-12', 'state': {'position': {'x': 8, 'y': 8, 'z': 0.0}, 'docked': False}}
[INFO] [1787862351.225694861] [multi3_coordinator_node]: Assigned fragment fm5-13 to robot robot6.
[INFO] [1787862351.229455970] [multi3_coordinator_node]: Assigned fragment fm7-6 to robot robot3.
[INFO] [1787862351.271579567] [multi3_coordinator_node]: Received robot state update from robot robot3: {'operational_state': 'working', 'current_assigned_fragment': 'fm7-6', 'state': {'position': {'x': 8, 'y': 8, 'z': 0.0}, 'docked': False}}
[INFO] [1787862351.273372458] [multi3_coordinator_node]: Received robot state update from robot robot6: {'operational_state': 'working', 'current_assigned_fragment': 'fm5-13', 'state': {'position': {'x': 0.0, 'y': 0.0, 'z': 0.0}, 'docked': True}}
[INFO] [1787862352.282796661] [multi3_coordinator_node]: Received coordination message: {'robot_name': 'robot4', 'completed_task': 'pick(o1-7,scan_area)'}
[INFO] [1787862353.372726850] [multi3_coordinator_node]: Received coordination message: {'robot_name': 'robot1', 'completed_task': 'move_to(o5-7,scan_area)'}
[INFO] [1787862354.274568492] [multi3_coordinator_node]: Received robot state update from robot robot5: {'operational_state': 'idle', 'current_assigned_fragment': None, 'state': {'position': {'x': 0.0, 'y': 0.0, 'z': 0.0}, 'docked': True}}
[INFO] [1787862354.276876853] [multi3_coordinator_node]: Received coordination message: {'robot_name': 'robot5', 'completed_fragment': 'fm7-8', 'state': {'position': {'x': 0.0, 'y': 0.0, 'z': 0.0}, 'docked': True}}
[INFO] [1787862354.277881299] [multi3_coordinator_node]: Fragment fm7-9 is now executable because all signal messages were received.
[INFO] [1787862354.279225497] [multi3_coordinator_node]: Received coordination message: {'robot_name': 'robot5', 'completed_task': 'scan(o3-7)'}
[INFO] [1787862355.932775887] [multi3_coordinator_node]: Received coordination message: {'robot_name': 'robot7', 'completed_task': 'load_pack(p3)'}
[INFO] [1787862357.168849132] [multi3_coordinator_node]: Received robot state update from robot robot2: {'operational_state': 'idle', 'current_assigned_fragment': None, 'state': {'position': {'x': 5, 'y': 5, 'z': 0.0}, 'docked': False}}
[INFO] [1787862357.170545780] [multi3_coordinator_node]: Fragment fm7-11 is now executable because all signal messages were received.
[INFO] [1787862357.171645506] [multi3_coordinator_node]: Received coordination message: {'robot_name': 'robot2', 'completed_fragment': 'fm7-10', 'state': {'position': {'x': 5, 'y': 5, 'z': 0.0}, 'docked': False}}
[INFO] [1787862357.172535832] [multi3_coordinator_node]: Received coordination message: {'robot_name': 'robot2', 'completed_task': 'place(o4-7,scan_area)'}
[INFO] [1787862357.226557426] [multi3_coordinator_node]: Assigned fragment fm7-9 to robot robot2.
[INFO] [1787862357.231937557] [multi3_coordinator_node]: Assigned fragment fm7-11 to robot robot5.
[INFO] [1787862357.265085450] [multi3_coordinator_node]: Received robot state update from robot robot2: {'operational_state': 'working', 'current_assigned_fragment': 'fm7-9', 'state': {'position': {'x': 5, 'y': 5, 'z': 0.0}, 'docked': False}}
[INFO] [1787862357.265761562] [multi3_coordinator_node]: Received robot state update from robot robot5: {'operational_state': 'working', 'current_assigned_fragment': 'fm7-11', 'state': {'position': {'x': 0.0, 'y': 0.0, 'z': 0.0}, 'docked': True}}
[INFO] [1787862360.783006645] [multi3_coordinator_node]: Received coordination message: {'robot_name': 'robot4', 'completed_task': 'move_to(o1-7,pack_area)'}
[INFO] [1787862361.617495838] [multi3_coordinator_node]: Received coordination message: {'robot_name': 'robot7', 'completed_task': 'move_to(deliver_area)'}
[INFO] [1787862363.432959058] [multi3_coordinator_node]: Received coordination message: {'robot_name': 'robot1', 'completed_fragment': 'fm7-13', 'state': {'position': {'x': 5, 'y': 5, 'z': 0.0}, 'docked': False}}
[INFO] [1787862363.434799155] [multi3_coordinator_node]: Received robot state update from robot robot1: {'operational_state': 'idle', 'current_assigned_fragment': None, 'state': {'position': {'x': 5, 'y': 5, 'z': 0.0}, 'docked': False}}
[INFO] [1787862363.435969620] [multi3_coordinator_node]: Fragment fm7-14 is now executable because all signal messages were received.
[INFO] [1787862363.436585318] [multi3_coordinator_node]: Received coordination message: {'robot_name': 'robot1', 'completed_task': 'place(o5-7,scan_area)'}
[INFO] [1787862364.222168689] [multi3_coordinator_node]: Assigned fragment fm2-1 to robot robot1.
[INFO] [1787862364.234930296] [multi3_coordinator_node]: Received robot state update from robot robot1: {'operational_state': 'working', 'current_assigned_fragment': 'fm2-1', 'state': {'position': {'x': 5, 'y': 5, 'z': 0.0}, 'docked': False}}
[INFO] [1787862365.271025518] [multi3_coordinator_node]: Received coordination message: {'robot_name': 'robot2', 'completed_task': 'pick(o3-7,scan_area)'}
[INFO] [1787862367.279375370] [multi3_coordinator_node]: Received robot state update from robot robot5: {'operational_state': 'idle', 'current_assigned_fragment': None, 'state': {'position': {'x': 0.0, 'y': 0.0, 'z': 0.0}, 'docked': True}}
[INFO] [1787862367.281368917] [multi3_coordinator_node]: Fragment fm7-12 is now executable because all signal messages were received.
[INFO] [1787862367.282324439] [multi3_coordinator_node]: Received coordination message: {'robot_name': 'robot5', 'completed_fragment': 'fm7-11', 'state': {'position': {'x': 0.0, 'y': 0.0, 'z': 0.0}, 'docked': True}}
[INFO] [1787862367.283534244] [multi3_coordinator_node]: Received coordination message: {'robot_name': 'robot5', 'completed_task': 'scan(o4-7)'}
[INFO] [1787862367.757005574] [multi3_coordinator_node]: Received coordination message: {'robot_name': 'robot3', 'completed_task': 'pick(o2-7,scan_area)'}
[INFO] [1787862368.239816120] [multi3_coordinator_node]: Assigned fragment fm7-14 to robot robot5.
[INFO] [1787862368.247450129] [multi3_coordinator_node]: Received robot state update from robot robot5: {'operational_state': 'working', 'current_assigned_fragment': 'fm7-14', 'state': {'position': {'x': 0.0, 'y': 0.0, 'z': 0.0}, 'docked': True}}
[INFO] [1787862373.768550854] [multi3_coordinator_node]: Received coordination message: {'robot_name': 'robot2', 'completed_task': 'move_to(o3-7,pack_area)'}
[INFO] [1787862374.627796612] [multi3_coordinator_node]: Received robot state update from robot robot7: {'operational_state': 'idle', 'current_assigned_fragment': None, 'state': {'position': {'x': 10, 'y': 10, 'z': 0.0}, 'docked': False}}
[INFO] [1787862374.628999963] [multi3_coordinator_node]: Received coordination message: {'robot_name': 'robot7', 'completed_task': 'unload_pack(p3)'}
[INFO] [1787862374.630414217] [multi3_coordinator_node]: Received coordination message: {'robot_name': 'robot7', 'completed_fragment': 'fm3-11', 'state': {'position': {'x': 10, 'y': 10, 'z': 0.0}, 'docked': False}}
[INFO] [1787862375.095584419] [multi3_coordinator_node]: Received coordination message: {'robot_name': 'robot6', 'completed_fragment': 'fm5-13', 'state': {'position': {'x': 0.0, 'y': 0.0, 'z': 0.0}, 'docked': True}}
[INFO] [1787862375.096914547] [multi3_coordinator_node]: Received robot state update from robot robot6: {'operational_state': 'idle', 'current_assigned_fragment': None, 'state': {'position': {'x': 0.0, 'y': 0.0, 'z': 0.0}, 'docked': True}}
[INFO] [1787862375.097779973] [multi3_coordinator_node]: Fragment fm5-14 is now executable because all signal messages were received.
[INFO] [1787862375.099261328] [multi3_coordinator_node]: Received coordination message: {'robot_name': 'robot6', 'completed_task': 'pack(o1-5,o2-5,o3-5,o4-5)'}
[INFO] [1787862375.225028496] [multi3_coordinator_node]: Assigned fragment fm5-14 to robot robot7.
[INFO] [1787862375.249001798] [multi3_coordinator_node]: Received robot state update from robot robot7: {'operational_state': 'working', 'current_assigned_fragment': 'fm5-14', 'state': {'position': {'x': 10, 'y': 10, 'z': 0.0}, 'docked': False}}
[INFO] [1787862375.814614189] [multi3_coordinator_node]: Received robot state update from robot robot4: {'operational_state': 'idle', 'current_assigned_fragment': None, 'state': {'position': {'x': 8, 'y': 8, 'z': 0.0}, 'docked': False}}
[INFO] [1787862375.816457886] [multi3_coordinator_node]: Received coordination message: {'robot_name': 'robot4', 'completed_fragment': 'fm7-3', 'state': {'position': {'x': 8, 'y': 8, 'z': 0.0}, 'docked': False}}
[INFO] [1787862375.818866357] [multi3_coordinator_node]: Received coordination message: {'robot_name': 'robot4', 'completed_task': 'place(o1-7,pack_area)'}
[INFO] [1787862376.222972066] [multi3_coordinator_node]: Assigned fragment fm7-12 to robot robot4.
[INFO] [1787862376.233485518] [multi3_coordinator_node]: Received robot state update from robot robot4: {'operational_state': 'working', 'current_assigned_fragment': 'fm7-12', 'state': {'position': {'x': 8, 'y': 8, 'z': 0.0}, 'docked': False}}
[INFO] [1787862376.251793334] [multi3_coordinator_node]: Received coordination message: {'robot_name': 'robot3', 'completed_task': 'move_to(o2-7,pack_area)'}
[INFO] [1787862376.278205670] [multi3_coordinator_node]: Fragment fm7-15 is now executable because all signal messages were received.
[INFO] [1787862376.279288684] [multi3_coordinator_node]: Received robot state update from robot robot5: {'operational_state': 'idle', 'current_assigned_fragment': None, 'state': {'position': {'x': 0.0, 'y': 0.0, 'z': 0.0}, 'docked': True}}
[INFO] [1787862376.280041838] [multi3_coordinator_node]: Received coordination message: {'robot_name': 'robot5', 'completed_fragment': 'fm7-14', 'state': {'position': {'x': 0.0, 'y': 0.0, 'z': 0.0}, 'docked': True}}
[INFO] [1787862376.280828141] [multi3_coordinator_node]: Received coordination message: {'robot_name': 'robot5', 'completed_task': 'scan(o5-7)'}
[INFO] [1787862381.825079798] [multi3_coordinator_node]: Received robot state update from robot robot2: {'operational_state': 'idle', 'current_assigned_fragment': None, 'state': {'position': {'x': 8, 'y': 8, 'z': 0.0}, 'docked': False}}
[INFO] [1787862381.826285235] [multi3_coordinator_node]: Received coordination message: {'robot_name': 'robot2', 'completed_task': 'place(o3-7,pack_area)'}
[INFO] [1787862381.826746929] [multi3_coordinator_node]: Received coordination message: {'robot_name': 'robot2', 'completed_fragment': 'fm7-9', 'state': {'position': {'x': 8, 'y': 8, 'z': 0.0}, 'docked': False}}
[INFO] [1787862382.218176195] [multi3_coordinator_node]: Assigned fragment fm7-15 to robot robot2.
[INFO] [1787862382.231861822] [multi3_coordinator_node]: Received robot state update from robot robot2: {'operational_state': 'working', 'current_assigned_fragment': 'fm7-15', 'state': {'position': {'x': 8, 'y': 8, 'z': 0.0}, 'docked': False}}
[INFO] [1787862383.212765672] [multi3_coordinator_node]: Received coordination message: {'robot_name': 'robot1', 'completed_task': 'pick(o1-2,shelf)'}
[INFO] [1787862384.278692260] [multi3_coordinator_node]: Received coordination message: {'robot_name': 'robot3', 'completed_task': 'place(o2-7,pack_area)'}
[INFO] [1787862384.280011042] [multi3_coordinator_node]: Received robot state update from robot robot3: {'operational_state': 'idle', 'current_assigned_fragment': None, 'state': {'position': {'x': 8, 'y': 8, 'z': 0.0}, 'docked': False}}
[INFO] [1787862384.282046509] [multi3_coordinator_node]: Received coordination message: {'robot_name': 'robot3', 'completed_fragment': 'fm7-6', 'state': {'position': {'x': 8, 'y': 8, 'z': 0.0}, 'docked': False}}
[INFO] [1787862385.224654336] [multi3_coordinator_node]: Assigned fragment fm2-4 to robot robot3.
[INFO] [1787862385.236715715] [multi3_coordinator_node]: Received robot state update from robot robot3: {'operational_state': 'working', 'current_assigned_fragment': 'fm2-4', 'state': {'position': {'x': 8, 'y': 8, 'z': 0.0}, 'docked': False}}
[INFO] [1787862391.742593388] [multi3_coordinator_node]: Received coordination message: {'robot_name': 'robot4', 'completed_task': 'pick(o4-7,scan_area)'}
[INFO] [1787862394.575141072] [multi3_coordinator_node]: Received coordination message: {'robot_name': 'robot1', 'completed_task': 'move_to(o1-2,scan_area)'}
[INFO] [1787862397.937622649] [multi3_coordinator_node]: Received coordination message: {'robot_name': 'robot7', 'completed_task': 'load_pack(p5)'}
[INFO] [1787862400.254881619] [multi3_coordinator_node]: Received coordination message: {'robot_name': 'robot4', 'completed_task': 'move_to(o4-7,pack_area)'}
[INFO] [1787862400.766296898] [multi3_coordinator_node]: Received coordination message: {'robot_name': 'robot2', 'completed_task': 'pick(o5-7,scan_area)'}
[INFO] [1787862403.609078944] [multi3_coordinator_node]: Received coordination message: {'robot_name': 'robot7', 'completed_task': 'move_to(deliver_area)'}
[INFO] [1787862404.556871504] [multi3_coordinator_node]: Fragment fm2-2 is now executable because all signal messages were received.
[INFO] [1787862404.558913269] [multi3_coordinator_node]: Received coordination message: {'robot_name': 'robot1', 'completed_fragment': 'fm2-1', 'state': {'position': {'x': 5, 'y': 5, 'z': 0.0}, 'docked': False}}
[INFO] [1787862404.559872436] [multi3_coordinator_node]: Received robot state update from robot robot1: {'operational_state': 'idle', 'current_assigned_fragment': None, 'state': {'position': {'x': 5, 'y': 5, 'z': 0.0}, 'docked': False}}
[INFO] [1787862404.560615183] [multi3_coordinator_node]: Received coordination message: {'robot_name': 'robot1', 'completed_task': 'place(o1-2,scan_area)'}
[INFO] [1787862404.939781853] [multi3_coordinator_node]: Received coordination message: {'robot_name': 'robot3', 'completed_task': 'pick(o2-2,shelf)'}
[INFO] [1787862405.225636407] [multi3_coordinator_node]: Assigned fragment fm2-2 to robot robot5.
[INFO] [1787862405.232024425] [multi3_coordinator_node]: Assigned fragment fm4-1 to robot robot1.
[INFO] [1787862405.242949562] [multi3_coordinator_node]: Received robot state update from robot robot1: {'operational_state': 'working', 'current_assigned_fragment': 'fm4-1', 'state': {'position': {'x': 5, 'y': 5, 'z': 0.0}, 'docked': False}}
[INFO] [1787862405.253039214] [multi3_coordinator_node]: Received robot state update from robot robot5: {'operational_state': 'working', 'current_assigned_fragment': 'fm2-2', 'state': {'position': {'x': 0.0, 'y': 0.0, 'z': 0.0}, 'docked': True}}
[INFO] [1787862407.276358394] [multi3_coordinator_node]: Received coordination message: {'robot_name': 'robot4', 'completed_task': 'place(o4-7,pack_area)'}
[INFO] [1787862407.277661688] [multi3_coordinator_node]: Received robot state update from robot robot4: {'operational_state': 'idle', 'current_assigned_fragment': None, 'state': {'position': {'x': 8, 'y': 8, 'z': 0.0}, 'docked': False}}
[INFO] [1787862407.278839666] [multi3_coordinator_node]: Received coordination message: {'robot_name': 'robot4', 'completed_fragment': 'fm7-12', 'state': {'position': {'x': 8, 'y': 8, 'z': 0.0}, 'docked': False}}
[INFO] [1787862408.226877569] [multi3_coordinator_node]: Assigned fragment fm4-4 to robot robot4.
[INFO] [1787862408.261970989] [multi3_coordinator_node]: Received robot state update from robot robot4: {'operational_state': 'working', 'current_assigned_fragment': 'fm4-4', 'state': {'position': {'x': 8, 'y': 8, 'z': 0.0}, 'docked': False}}
[INFO] [1787862409.238382993] [multi3_coordinator_node]: Received coordination message: {'robot_name': 'robot2', 'completed_task': 'move_to(o5-7,pack_area)'}
[INFO] [1787862413.426433691] [multi3_coordinator_node]: Received coordination message: {'robot_name': 'robot3', 'completed_task': 'move_to(o2-2,scan_area)'}
[INFO] [1787862415.340338525] [multi3_coordinator_node]: Fragment fm2-3 is now executable because all signal messages were received.
[INFO] [1787862415.341959214] [multi3_coordinator_node]: Received robot state update from robot robot5: {'operational_state': 'idle', 'current_assigned_fragment': None, 'state': {'position': {'x': 0.0, 'y': 0.0, 'z': 0.0}, 'docked': True}}
[INFO] [1787862415.342433039] [multi3_coordinator_node]: Received coordination message: {'robot_name': 'robot5', 'completed_fragment': 'fm2-2', 'state': {'position': {'x': 0.0, 'y': 0.0, 'z': 0.0}, 'docked': True}}
[INFO] [1787862415.343587237] [multi3_coordinator_node]: Received coordination message: {'robot_name': 'robot5', 'completed_task': 'scan(o1-2)'}
[INFO] [1787862416.643721797] [multi3_coordinator_node]: Received coordination message: {'robot_name': 'robot7', 'completed_task': 'unload_pack(p5)'}
[INFO] [1787862416.644957084] [multi3_coordinator_node]: Received robot state update from robot robot7: {'operational_state': 'idle', 'current_assigned_fragment': None, 'state': {'position': {'x': 10, 'y': 10, 'z': 0.0}, 'docked': False}}
[INFO] [1787862416.645571901] [multi3_coordinator_node]: Received coordination message: {'robot_name': 'robot7', 'completed_fragment': 'fm5-14', 'state': {'position': {'x': 10, 'y': 10, 'z': 0.0}, 'docked': False}}
[INFO] [1787862419.281718793] [multi3_coordinator_node]: Fragment fm7-16 is now executable because all signal messages were received.
[INFO] [1787862419.282675677] [multi3_coordinator_node]: Received robot state update from robot robot2: {'operational_state': 'idle', 'current_assigned_fragment': None, 'state': {'position': {'x': 8, 'y': 8, 'z': 0.0}, 'docked': False}}
[INFO] [1787862419.283915156] [multi3_coordinator_node]: Received coordination message: {'robot_name': 'robot2', 'completed_fragment': 'fm7-15', 'state': {'position': {'x': 8, 'y': 8, 'z': 0.0}, 'docked': False}}
[INFO] [1787862419.285088781] [multi3_coordinator_node]: Received coordination message: {'robot_name': 'robot2', 'completed_task': 'place(o5-7,pack_area)'}
[INFO] [1787862420.225195884] [multi3_coordinator_node]: Assigned fragment fm7-16 to robot robot6.
[INFO] [1787862420.228750353] [multi3_coordinator_node]: Assigned fragment fm2-3 to robot robot2.
[INFO] [1787862420.245594977] [multi3_coordinator_node]: Received robot state update from robot robot2: {'operational_state': 'working', 'current_assigned_fragment': 'fm2-3', 'state': {'position': {'x': 8, 'y': 8, 'z': 0.0}, 'docked': False}}
[INFO] [1787862420.303350431] [multi3_coordinator_node]: Received robot state update from robot robot6: {'operational_state': 'working', 'current_assigned_fragment': 'fm7-16', 'state': {'position': {'x': 0.0, 'y': 0.0, 'z': 0.0}, 'docked': True}}
[INFO] [1787862420.303900277] [multi3_coordinator_node]: Received coordination message: {'robot_name': 'robot1', 'completed_task': 'pick(o1-4,shelf)'}
[INFO] [1787862420.464737510] [multi3_coordinator_node]: Received coordination message: {'robot_name': 'robot3', 'completed_fragment': 'fm2-4', 'state': {'position': {'x': 5, 'y': 5, 'z': 0.0}, 'docked': False}}
[INFO] [1787862420.466451494] [multi3_coordinator_node]: Received robot state update from robot robot3: {'operational_state': 'idle', 'current_assigned_fragment': None, 'state': {'position': {'x': 5, 'y': 5, 'z': 0.0}, 'docked': False}}
[INFO] [1787862420.467211159] [multi3_coordinator_node]: Fragment fm2-5 is now executable because all signal messages were received.
[INFO] [1787862420.467783149] [multi3_coordinator_node]: Received coordination message: {'robot_name': 'robot3', 'completed_task': 'place(o2-2,scan_area)'}
[INFO] [1787862421.229822810] [multi3_coordinator_node]: Assigned fragment fm2-5 to robot robot5.
[INFO] [1787862421.289563459] [multi3_coordinator_node]: Assigned fragment fm4-7 to robot robot3.
[INFO] [1787862421.292551196] [multi3_coordinator_node]: Received robot state update from robot robot5: {'operational_state': 'working', 'current_assigned_fragment': 'fm2-5', 'state': {'position': {'x': 0.0, 'y': 0.0, 'z': 0.0}, 'docked': True}}
[INFO] [1787862421.293491453] [multi3_coordinator_node]: Received robot state update from robot robot3: {'operational_state': 'working', 'current_assigned_fragment': 'fm4-7', 'state': {'position': {'x': 5, 'y': 5, 'z': 0.0}, 'docked': False}}
[INFO] [1787862428.760402388] [multi3_coordinator_node]: Received coordination message: {'robot_name': 'robot1', 'completed_task': 'move_to(o1-4,scan_area)'}
[INFO] [1787862430.604610650] [multi3_coordinator_node]: Received coordination message: {'robot_name': 'robot4', 'completed_task': 'pick(o2-4,shelf)'}
[INFO] [1787862431.298728656] [multi3_coordinator_node]: Received coordination message: {'robot_name': 'robot5', 'completed_fragment': 'fm2-5', 'state': {'position': {'x': 0.0, 'y': 0.0, 'z': 0.0}, 'docked': True}}
[INFO] [1787862431.299714284] [multi3_coordinator_node]: Received robot state update from robot robot5: {'operational_state': 'idle', 'current_assigned_fragment': None, 'state': {'position': {'x': 0.0, 'y': 0.0, 'z': 0.0}, 'docked': True}}
[INFO] [1787862431.300333594] [multi3_coordinator_node]: Fragment fm2-6 is now executable because all signal messages were received.
[INFO] [1787862431.300828683] [multi3_coordinator_node]: Received coordination message: {'robot_name': 'robot5', 'completed_task': 'scan(o2-2)'}
[INFO] [1787862436.284700059] [multi3_coordinator_node]: Received coordination message: {'robot_name': 'robot4', 'completed_task': 'move_to(o2-4,scan_area)'}
[INFO] [1787862437.808017911] [multi3_coordinator_node]: Received coordination message: {'robot_name': 'robot1', 'completed_fragment': 'fm4-1', 'state': {'position': {'x': 5, 'y': 5, 'z': 0.0}, 'docked': False}}
[INFO] [1787862437.809249731] [multi3_coordinator_node]: Fragment fm4-2 is now executable because all signal messages were received.
[INFO] [1787862437.809556593] [multi3_coordinator_node]: Received robot state update from robot robot1: {'operational_state': 'idle', 'current_assigned_fragment': None, 'state': {'position': {'x': 5, 'y': 5, 'z': 0.0}, 'docked': False}}
[INFO] [1787862437.810293105] [multi3_coordinator_node]: Received coordination message: {'robot_name': 'robot1', 'completed_task': 'place(o1-4,scan_area)'}
[INFO] [1787862438.224357567] [multi3_coordinator_node]: Assigned fragment fm2-6 to robot robot1.
[INFO] [1787862438.231217516] [multi3_coordinator_node]: Assigned fragment fm4-2 to robot robot5.
[INFO] [1787862438.268521416] [multi3_coordinator_node]: Received robot state update from robot robot1: {'operational_state': 'working', 'current_assigned_fragment': 'fm2-6', 'state': {'position': {'x': 5, 'y': 5, 'z': 0.0}, 'docked': False}}
[INFO] [1787862438.269370977] [multi3_coordinator_node]: Received robot state update from robot robot5: {'operational_state': 'working', 'current_assigned_fragment': 'fm4-2', 'state': {'position': {'x': 0.0, 'y': 0.0, 'z': 0.0}, 'docked': True}}
[INFO] [1787862438.773728622] [multi3_coordinator_node]: Received coordination message: {'robot_name': 'robot2', 'completed_task': 'pick(o1-2,scan_area)'}
[INFO] [1787862439.776822700] [multi3_coordinator_node]: Received coordination message: {'robot_name': 'robot3', 'completed_task': 'pick(o3-4,shelf)'}
[INFO] [1787862444.332193171] [multi3_coordinator_node]: Received robot state update from robot robot4: {'operational_state': 'idle', 'current_assigned_fragment': None, 'state': {'position': {'x': 5, 'y': 5, 'z': 0.0}, 'docked': False}}
[INFO] [1787862444.333307476] [multi3_coordinator_node]: Received coordination message: {'robot_name': 'robot4', 'completed_fragment': 'fm4-4', 'state': {'position': {'x': 5, 'y': 5, 'z': 0.0}, 'docked': False}}
[INFO] [1787862444.333914811] [multi3_coordinator_node]: Fragment fm4-5 is now executable because all signal messages were received.
[INFO] [1787862444.334414540] [multi3_coordinator_node]: Received coordination message: {'robot_name': 'robot4', 'completed_task': 'place(o2-4,scan_area)'}
[INFO] [1787862445.224613032] [multi3_coordinator_node]: Assigned fragment fm6-1 to robot robot4.
[INFO] [1787862445.238471951] [multi3_coordinator_node]: Received robot state update from robot robot4: {'operational_state': 'working', 'current_assigned_fragment': 'fm6-1', 'state': {'position': {'x': 5, 'y': 5, 'z': 0.0}, 'docked': False}}
[INFO] [1787862445.272182887] [multi3_coordinator_node]: Received coordination message: {'robot_name': 'robot1', 'completed_task': 'pick(o2-2,scan_area)'}
[INFO] [1787862446.277573180] [multi3_coordinator_node]: Fragment fm7-17 is now executable because all signal messages were received.
[INFO] [1787862446.282693463] [multi3_coordinator_node]: Received robot state update from robot robot6: {'operational_state': 'idle', 'current_assigned_fragment': None, 'state': {'position': {'x': 0.0, 'y': 0.0, 'z': 0.0}, 'docked': True}}
[INFO] [1787862446.284495947] [multi3_coordinator_node]: Received coordination message: {'robot_name': 'robot6', 'completed_task': 'pack(o1-7,o2-7,o3-7,o4-7,o5-7)'}
[INFO] [1787862446.285578229] [multi3_coordinator_node]: Received coordination message: {'robot_name': 'robot6', 'completed_fragment': 'fm7-16', 'state': {'position': {'x': 0.0, 'y': 0.0, 'z': 0.0}, 'docked': True}}
[INFO] [1787862447.224518116] [multi3_coordinator_node]: Assigned fragment fm7-17 to robot robot7.
[INFO] [1787862447.252022760] [multi3_coordinator_node]: Received robot state update from robot robot7: {'operational_state': 'working', 'current_assigned_fragment': 'fm7-17', 'state': {'position': {'x': 10, 'y': 10, 'z': 0.0}, 'docked': False}}
[INFO] [1787862447.256051315] [multi3_coordinator_node]: Received coordination message: {'robot_name': 'robot2', 'completed_task': 'move_to(o1-2,pack_area)'}
[INFO] [1787862448.317927322] [multi3_coordinator_node]: Received coordination message: {'robot_name': 'robot3', 'completed_task': 'move_to(o3-4,scan_area)'}
[INFO] [1787862448.319475768] [multi3_coordinator_node]: Received robot state update from robot robot5: {'operational_state': 'idle', 'current_assigned_fragment': None, 'state': {'position': {'x': 0.0, 'y': 0.0, 'z': 0.0}, 'docked': True}}
[INFO] [1787862448.320673083] [multi3_coordinator_node]: Fragment fm4-3 is now executable because all signal messages were received.
[INFO] [1787862448.321230160] [multi3_coordinator_node]: Received coordination message: {'robot_name': 'robot5', 'completed_fragment': 'fm4-2', 'state': {'position': {'x': 0.0, 'y': 0.0, 'z': 0.0}, 'docked': True}}
[INFO] [1787862448.321824094] [multi3_coordinator_node]: Received coordination message: {'robot_name': 'robot5', 'completed_task': 'scan(o1-4)'}
[INFO] [1787862449.245029721] [multi3_coordinator_node]: Assigned fragment fm4-5 to robot robot5.
[INFO] [1787862449.278365477] [multi3_coordinator_node]: Received robot state update from robot robot5: {'operational_state': 'working', 'current_assigned_fragment': 'fm4-5', 'state': {'position': {'x': 0.0, 'y': 0.0, 'z': 0.0}, 'docked': True}}
[INFO] [1787862453.772008834] [multi3_coordinator_node]: Received coordination message: {'robot_name': 'robot1', 'completed_task': 'move_to(o2-2,pack_area)'}
[INFO] [1787862457.355178754] [multi3_coordinator_node]: Received robot state update from robot robot2: {'operational_state': 'idle', 'current_assigned_fragment': None, 'state': {'position': {'x': 8, 'y': 8, 'z': 0.0}, 'docked': False}}
[INFO] [1787862457.358774911] [multi3_coordinator_node]: Received coordination message: {'robot_name': 'robot2', 'completed_task': 'place(o1-2,pack_area)'}
[INFO] [1787862457.361454936] [multi3_coordinator_node]: Received coordination message: {'robot_name': 'robot2', 'completed_fragment': 'fm2-3', 'state': {'position': {'x': 8, 'y': 8, 'z': 0.0}, 'docked': False}}
[INFO] [1787862457.362985263] [multi3_coordinator_node]: Received robot state update from robot robot5: {'operational_state': 'idle', 'current_assigned_fragment': None, 'state': {'position': {'x': 0.0, 'y': 0.0, 'z': 0.0}, 'docked': True}}
[INFO] [1787862457.363665317] [multi3_coordinator_node]: Fragment fm4-6 is now executable because all signal messages were received.
[INFO] [1787862457.364032699] [multi3_coordinator_node]: Received coordination message: {'robot_name': 'robot5', 'completed_fragment': 'fm4-5', 'state': {'position': {'x': 0.0, 'y': 0.0, 'z': 0.0}, 'docked': True}}
[INFO] [1787862457.364932466] [multi3_coordinator_node]: Received coordination message: {'robot_name': 'robot5', 'completed_task': 'scan(o2-4)'}
[INFO] [1787862458.225827087] [multi3_coordinator_node]: Assigned fragment fm4-3 to robot robot2.
[INFO] [1787862458.307398522] [multi3_coordinator_node]: Fragment fm4-8 is now executable because all signal messages were received.
[INFO] [1787862458.309381307] [multi3_coordinator_node]: Received robot state update from robot robot3: {'operational_state': 'idle', 'current_assigned_fragment': None, 'state': {'position': {'x': 5, 'y': 5, 'z': 0.0}, 'docked': False}}
[INFO] [1787862458.310319219] [multi3_coordinator_node]: Received robot state update from robot robot2: {'operational_state': 'working', 'current_assigned_fragment': 'fm4-3', 'state': {'position': {'x': 8, 'y': 8, 'z': 0.0}, 'docked': False}}
[INFO] [1787862458.311158014] [multi3_coordinator_node]: Received coordination message: {'robot_name': 'robot3', 'completed_fragment': 'fm4-7', 'state': {'position': {'x': 5, 'y': 5, 'z': 0.0}, 'docked': False}}
[INFO] [1787862458.311825620] [multi3_coordinator_node]: Received coordination message: {'robot_name': 'robot3', 'completed_task': 'place(o3-4,scan_area)'}
[INFO] [1787862459.224932904] [multi3_coordinator_node]: Assigned fragment fm4-6 to robot robot3.
[INFO] [1787862459.230417950] [multi3_coordinator_node]: Assigned fragment fm4-8 to robot robot5.
[INFO] [1787862459.242952882] [multi3_coordinator_node]: Received robot state update from robot robot5: {'operational_state': 'working', 'current_assigned_fragment': 'fm4-8', 'state': {'position': {'x': 0.0, 'y': 0.0, 'z': 0.0}, 'docked': True}}
[INFO] [1787862459.244305332] [multi3_coordinator_node]: Received robot state update from robot robot3: {'operational_state': 'working', 'current_assigned_fragment': 'fm4-6', 'state': {'position': {'x': 5, 'y': 5, 'z': 0.0}, 'docked': False}}
[INFO] [1787862460.821987585] [multi3_coordinator_node]: Received coordination message: {'robot_name': 'robot1', 'completed_fragment': 'fm2-6', 'state': {'position': {'x': 8, 'y': 8, 'z': 0.0}, 'docked': False}}
[INFO] [1787862460.823449880] [multi3_coordinator_node]: Received robot state update from robot robot1: {'operational_state': 'idle', 'current_assigned_fragment': None, 'state': {'position': {'x': 8, 'y': 8, 'z': 0.0}, 'docked': False}}
[INFO] [1787862460.824156079] [multi3_coordinator_node]: Fragment fm2-7 is now executable because all signal messages were received.
[INFO] [1787862460.824748284] [multi3_coordinator_node]: Received coordination message: {'robot_name': 'robot1', 'completed_task': 'place(o2-2,pack_area)'}
[INFO] [1787862461.235367344] [multi3_coordinator_node]: Assigned fragment fm2-7 to robot robot6.
[INFO] [1787862461.237683580] [multi3_coordinator_node]: Assigned fragment fm6-4 to robot robot1.
[INFO] [1787862461.247940280] [multi3_coordinator_node]: Received robot state update from robot robot1: {'operational_state': 'working', 'current_assigned_fragment': 'fm6-4', 'state': {'position': {'x': 8, 'y': 8, 'z': 0.0}, 'docked': False}}
[INFO] [1787862461.267497449] [multi3_coordinator_node]: Received robot state update from robot robot6: {'operational_state': 'working', 'current_assigned_fragment': 'fm2-7', 'state': {'position': {'x': 0.0, 'y': 0.0, 'z': 0.0}, 'docked': True}}
[INFO] [1787862467.283582030] [multi3_coordinator_node]: Received coordination message: {'robot_name': 'robot3', 'completed_task': 'pick(o2-4,scan_area)'}
[INFO] [1787862468.259937551] [multi3_coordinator_node]: Received coordination message: {'robot_name': 'robot4', 'completed_task': 'pick(o1-6,shelf)'}
[INFO] [1787862468.274979244] [multi3_coordinator_node]: Received coordination message: {'robot_name': 'robot4', 'completed_task': 'move_to(o1-6,scan_area)'}
[INFO] [1787862469.351736185] [multi3_coordinator_node]: Fragment fm4-9 is now executable because all signal messages were received.
[INFO] [1787862469.352832236] [multi3_coordinator_node]: Received coordination message: {'robot_name': 'robot5', 'completed_fragment': 'fm4-8', 'state': {'position': {'x': 0.0, 'y': 0.0, 'z': 0.0}, 'docked': True}}
[INFO] [1787862469.353959356] [multi3_coordinator_node]: Received robot state update from robot robot5: {'operational_state': 'idle', 'current_assigned_fragment': None, 'state': {'position': {'x': 0.0, 'y': 0.0, 'z': 0.0}, 'docked': True}}
[INFO] [1787862469.354539055] [multi3_coordinator_node]: Received coordination message: {'robot_name': 'robot5', 'completed_task': 'scan(o3-4)'}
[INFO] [1787862469.963906333] [multi3_coordinator_node]: Received coordination message: {'robot_name': 'robot7', 'completed_task': 'load_pack(p7)'}
[INFO] [1787862475.616604912] [multi3_coordinator_node]: Received coordination message: {'robot_name': 'robot7', 'completed_task': 'move_to(deliver_area)'}
[INFO] [1787862475.751170488] [multi3_coordinator_node]: Received coordination message: {'robot_name': 'robot3', 'completed_task': 'move_to(o2-4,pack_area)'}
[INFO] [1787862475.755984469] [multi3_coordinator_node]: Received coordination message: {'robot_name': 'robot2', 'completed_task': 'pick(o1-4,scan_area)'}
[INFO] [1787862480.299423149] [multi3_coordinator_node]: Received coordination message: {'robot_name': 'robot6', 'completed_fragment': 'fm2-7', 'state': {'position': {'x': 0.0, 'y': 0.0, 'z': 0.0}, 'docked': True}}
[INFO] [1787862480.301663319] [multi3_coordinator_node]: Received robot state update from robot robot6: {'operational_state': 'idle', 'current_assigned_fragment': None, 'state': {'position': {'x': 0.0, 'y': 0.0, 'z': 0.0}, 'docked': True}}
[INFO] [1787862480.302354748] [multi3_coordinator_node]: Fragment fm2-8 is now executable because all signal messages were received.
[INFO] [1787862480.303512400] [multi3_coordinator_node]: Received coordination message: {'robot_name': 'robot6', 'completed_task': 'pack(o1-2,o2-2)'}
[INFO] [1787862483.307681438] [multi3_coordinator_node]: Received coordination message: {'robot_name': 'robot4', 'completed_fragment': 'fm6-1', 'state': {'position': {'x': 5, 'y': 5, 'z': 0.0}, 'docked': False}}
[INFO] [1787862483.308759228] [multi3_coordinator_node]: Received robot state update from robot robot4: {'operational_state': 'idle', 'current_assigned_fragment': None, 'state': {'position': {'x': 5, 'y': 5, 'z': 0.0}, 'docked': False}}
[INFO] [1787862483.309731453] [multi3_coordinator_node]: Fragment fm6-2 is now executable because all signal messages were received.
[INFO] [1787862483.310469177] [multi3_coordinator_node]: Received coordination message: {'robot_name': 'robot4', 'completed_task': 'place(o1-6,scan_area)'}
[INFO] [1787862483.842320063] [multi3_coordinator_node]: Received robot state update from robot robot3: {'operational_state': 'idle', 'current_assigned_fragment': None, 'state': {'position': {'x': 8, 'y': 8, 'z': 0.0}, 'docked': False}}
[INFO] [1787862483.843258765] [multi3_coordinator_node]: Received coordination message: {'robot_name': 'robot3', 'completed_task': 'place(o2-4,pack_area)'}
[INFO] [1787862483.843588777] [multi3_coordinator_node]: Received coordination message: {'robot_name': 'robot3', 'completed_fragment': 'fm4-6', 'state': {'position': {'x': 8, 'y': 8, 'z': 0.0}, 'docked': False}}
[INFO] [1787862484.221366403] [multi3_coordinator_node]: Assigned fragment fm4-9 to robot robot3.
[INFO] [1787862484.226469113] [multi3_coordinator_node]: Assigned fragment fm6-2 to robot robot5.
[INFO] [1787862484.231050527] [multi3_coordinator_node]: Assigned fragment fm6-7 to robot robot4.
[INFO] [1787862484.250810497] [multi3_coordinator_node]: Received coordination message: {'robot_name': 'robot2', 'completed_task': 'move_to(o1-4,pack_area)'}
[INFO] [1787862484.252174195] [multi3_coordinator_node]: Received robot state update from robot robot4: {'operational_state': 'working', 'current_assigned_fragment': 'fm6-7', 'state': {'position': {'x': 5, 'y': 5, 'z': 0.0}, 'docked': False}}
[INFO] [1787862484.271734541] [multi3_coordinator_node]: Received robot state update from robot robot5: {'operational_state': 'working', 'current_assigned_fragment': 'fm6-2', 'state': {'position': {'x': 0.0, 'y': 0.0, 'z': 0.0}, 'docked': True}}
[INFO] [1787862484.272536526] [multi3_coordinator_node]: Received robot state update from robot robot3: {'operational_state': 'working', 'current_assigned_fragment': 'fm4-9', 'state': {'position': {'x': 8, 'y': 8, 'z': 0.0}, 'docked': False}}
[INFO] [1787862486.475639734] [multi3_coordinator_node]: Received coordination message: {'robot_name': 'robot1', 'completed_task': 'pick(o2-6,shelf)'}
[INFO] [1787862488.635984378] [multi3_coordinator_node]: Received coordination message: {'robot_name': 'robot7', 'completed_task': 'unload_pack(p7)'}
[INFO] [1787862488.636517339] [multi3_coordinator_node]: Received robot state update from robot robot7: {'operational_state': 'idle', 'current_assigned_fragment': None, 'state': {'position': {'x': 10, 'y': 10, 'z': 0.0}, 'docked': False}}
[INFO] [1787862488.637308420] [multi3_coordinator_node]: Received coordination message: {'robot_name': 'robot7', 'completed_fragment': 'fm7-17', 'state': {'position': {'x': 10, 'y': 10, 'z': 0.0}, 'docked': False}}
[INFO] [1787862489.219332289] [multi3_coordinator_node]: Assigned fragment fm2-8 to robot robot7.
[INFO] [1787862489.244398507] [multi3_coordinator_node]: Received robot state update from robot robot7: {'operational_state': 'working', 'current_assigned_fragment': 'fm2-8', 'state': {'position': {'x': 10, 'y': 10, 'z': 0.0}, 'docked': False}}
[INFO] [1787862492.266265634] [multi3_coordinator_node]: Received robot state update from robot robot5: {'operational_state': 'idle', 'current_assigned_fragment': None, 'state': {'position': {'x': 0.0, 'y': 0.0, 'z': 0.0}, 'docked': True}}
[INFO] [1787862492.267470102] [multi3_coordinator_node]: Fragment fm6-3 is now executable because all signal messages were received.
[INFO] [1787862492.268528364] [multi3_coordinator_node]: Received coordination message: {'robot_name': 'robot5', 'completed_task': 'scan(o1-6)'}
[INFO] [1787862492.269075778] [multi3_coordinator_node]: Received coordination message: {'robot_name': 'robot5', 'completed_fragment': 'fm6-2', 'state': {'position': {'x': 0.0, 'y': 0.0, 'z': 0.0}, 'docked': True}}
[INFO] [1787862493.367547975] [multi3_coordinator_node]: Received coordination message: {'robot_name': 'robot2', 'completed_task': 'place(o1-4,pack_area)'}
[INFO] [1787862493.368649561] [multi3_coordinator_node]: Received robot state update from robot robot2: {'operational_state': 'idle', 'current_assigned_fragment': None, 'state': {'position': {'x': 8, 'y': 8, 'z': 0.0}, 'docked': False}}
[INFO] [1787862493.369290700] [multi3_coordinator_node]: Received coordination message: {'robot_name': 'robot2', 'completed_fragment': 'fm4-3', 'state': {'position': {'x': 8, 'y': 8, 'z': 0.0}, 'docked': False}}
[INFO] [1787862494.227315055] [multi3_coordinator_node]: Assigned fragment fm6-3 to robot robot2.
[INFO] [1787862494.237693504] [multi3_coordinator_node]: Received robot state update from robot robot2: {'operational_state': 'working', 'current_assigned_fragment': 'fm6-3', 'state': {'position': {'x': 8, 'y': 8, 'z': 0.0}, 'docked': False}}
[INFO] [1787862497.799481911] [multi3_coordinator_node]: Received coordination message: {'robot_name': 'robot1', 'completed_task': 'move_to(o2-6,scan_area)'}
[INFO] [1787862500.609122907] [multi3_coordinator_node]: Received coordination message: {'robot_name': 'robot4', 'completed_task': 'pick(o3-6,shelf)'}
[INFO] [1787862502.768365912] [multi3_coordinator_node]: Received coordination message: {'robot_name': 'robot3', 'completed_task': 'pick(o3-4,scan_area)'}
[INFO] [1787862505.843913098] [multi3_coordinator_node]: Received robot state update from robot robot1: {'operational_state': 'idle', 'current_assigned_fragment': None, 'state': {'position': {'x': 5, 'y': 5, 'z': 0.0}, 'docked': False}}
[INFO] [1787862505.846790541] [multi3_coordinator_node]: Fragment fm6-5 is now executable because all signal messages were received.
[INFO] [1787862505.848549386] [multi3_coordinator_node]: Received coordination message: {'robot_name': 'robot1', 'completed_fragment': 'fm6-4', 'state': {'position': {'x': 5, 'y': 5, 'z': 0.0}, 'docked': False}}
[INFO] [1787862505.849693432] [multi3_coordinator_node]: Received coordination message: {'robot_name': 'robot1', 'completed_task': 'place(o2-6,scan_area)'}
[INFO] [1787862506.225026985] [multi3_coordinator_node]: Assigned fragment fm6-5 to robot robot5.
[INFO] [1787862506.228632112] [multi3_coordinator_node]: Assigned fragment fm6-10 to robot robot1.
[INFO] [1787862506.277608178] [multi3_coordinator_node]: Received robot state update from robot robot5: {'operational_state': 'working', 'current_assigned_fragment': 'fm6-5', 'state': {'position': {'x': 0.0, 'y': 0.0, 'z': 0.0}, 'docked': True}}
[INFO] [1787862506.278760132] [multi3_coordinator_node]: Received robot state update from robot robot1: {'operational_state': 'working', 'current_assigned_fragment': 'fm6-10', 'state': {'position': {'x': 5, 'y': 5, 'z': 0.0}, 'docked': False}}
[INFO] [1787862506.913880333] [multi3_coordinator_node]: Received coordination message: {'robot_name': 'robot7', 'completed_task': 'load_pack(p2)'}
[INFO] [1787862509.084707678] [multi3_coordinator_node]: Received coordination message: {'robot_name': 'robot4', 'completed_task': 'move_to(o3-6,scan_area)'}
[INFO] [1787862511.283918458] [multi3_coordinator_node]: Received coordination message: {'robot_name': 'robot3', 'completed_task': 'move_to(o3-4,pack_area)'}
[INFO] [1787862512.577132805] [multi3_coordinator_node]: Received coordination message: {'robot_name': 'robot7', 'completed_task': 'move_to(deliver_area)'}
[INFO] [1787862516.294090686] [multi3_coordinator_node]: Received robot state update from robot robot5: {'operational_state': 'idle', 'current_assigned_fragment': None, 'state': {'position': {'x': 0.0, 'y': 0.0, 'z': 0.0}, 'docked': True}}
[INFO] [1787862516.294756386] [multi3_coordinator_node]: Received coordination message: {'robot_name': 'robot5', 'completed_fragment': 'fm6-5', 'state': {'position': {'x': 0.0, 'y': 0.0, 'z': 0.0}, 'docked': True}}
[INFO] [1787862516.295448697] [multi3_coordinator_node]: Fragment fm6-6 is now executable because all signal messages were received.
[INFO] [1787862516.295969820] [multi3_coordinator_node]: Received coordination message: {'robot_name': 'robot5', 'completed_task': 'scan(o2-6)'}
[INFO] [1787862517.757386106] [multi3_coordinator_node]: Received coordination message: {'robot_name': 'robot2', 'completed_task': 'pick(o1-6,scan_area)'}
[INFO] [1787862519.156892495] [multi3_coordinator_node]: Received robot state update from robot robot4: {'operational_state': 'idle', 'current_assigned_fragment': None, 'state': {'position': {'x': 5, 'y': 5, 'z': 0.0}, 'docked': False}}
[INFO] [1787862519.158044191] [multi3_coordinator_node]: Fragment fm6-8 is now executable because all signal messages were received.
[INFO] [1787862519.158831869] [multi3_coordinator_node]: Received coordination message: {'robot_name': 'robot4', 'completed_fragment': 'fm6-7', 'state': {'position': {'x': 5, 'y': 5, 'z': 0.0}, 'docked': False}}
[INFO] [1787862519.159497574] [multi3_coordinator_node]: Received coordination message: {'robot_name': 'robot4', 'completed_task': 'place(o3-6,scan_area)'}
[INFO] [1787862519.225020981] [multi3_coordinator_node]: Assigned fragment fm6-6 to robot robot4.
[INFO] [1787862519.232780889] [multi3_coordinator_node]: Assigned fragment fm6-8 to robot robot5.
[INFO] [1787862519.243919722] [multi3_coordinator_node]: Received robot state update from robot robot5: {'operational_state': 'working', 'current_assigned_fragment': 'fm6-8', 'state': {'position': {'x': 0.0, 'y': 0.0, 'z': 0.0}, 'docked': True}}
[INFO] [1787862519.245523681] [multi3_coordinator_node]: Received robot state update from robot robot4: {'operational_state': 'working', 'current_assigned_fragment': 'fm6-6', 'state': {'position': {'x': 5, 'y': 5, 'z': 0.0}, 'docked': False}}
[INFO] [1787862521.293223188] [multi3_coordinator_node]: Received coordination message: {'robot_name': 'robot3', 'completed_fragment': 'fm4-9', 'state': {'position': {'x': 8, 'y': 8, 'z': 0.0}, 'docked': False}}
[INFO] [1787862521.294041267] [multi3_coordinator_node]: Received robot state update from robot robot3: {'operational_state': 'idle', 'current_assigned_fragment': None, 'state': {'position': {'x': 8, 'y': 8, 'z': 0.0}, 'docked': False}}
[INFO] [1787862521.294688504] [multi3_coordinator_node]: Fragment fm4-10 is now executable because all signal messages were received.
[INFO] [1787862521.295370810] [multi3_coordinator_node]: Received coordination message: {'robot_name': 'robot3', 'completed_task': 'place(o3-4,pack_area)'}
[INFO] [1787862522.227635801] [multi3_coordinator_node]: Assigned fragment fm4-10 to robot robot6.
[INFO] [1787862522.259499410] [multi3_coordinator_node]: Received robot state update from robot robot6: {'operational_state': 'working', 'current_assigned_fragment': 'fm4-10', 'state': {'position': {'x': 0.0, 'y': 0.0, 'z': 0.0}, 'docked': True}}
[INFO] [1787862524.599254738] [multi3_coordinator_node]: Received coordination message: {'robot_name': 'robot7', 'completed_task': 'unload_pack(p2)'}
[INFO] [1787862524.599777375] [multi3_coordinator_node]: Received robot state update from robot robot7: {'operational_state': 'idle', 'current_assigned_fragment': None, 'state': {'position': {'x': 10, 'y': 10, 'z': 0.0}, 'docked': False}}
[INFO] [1787862524.600177119] [multi3_coordinator_node]: Received coordination message: {'robot_name': 'robot7', 'completed_fragment': 'fm2-8', 'state': {'position': {'x': 10, 'y': 10, 'z': 0.0}, 'docked': False}}
[INFO] [1787862526.243881358] [multi3_coordinator_node]: Received coordination message: {'robot_name': 'robot2', 'completed_task': 'move_to(o1-6,pack_area)'}
[INFO] [1787862526.584285673] [multi3_coordinator_node]: Received coordination message: {'robot_name': 'robot1', 'completed_task': 'pick(o4-6,shelf)'}
[INFO] [1787862527.288149740] [multi3_coordinator_node]: Received coordination message: {'robot_name': 'robot4', 'completed_task': 'pick(o2-6,scan_area)'}
[INFO] [1787862529.324170388] [multi3_coordinator_node]: Fragment fm6-9 is now executable because all signal messages were received.
[INFO] [1787862529.324962922] [multi3_coordinator_node]: Received coordination message: {'robot_name': 'robot5', 'completed_fragment': 'fm6-8', 'state': {'position': {'x': 0.0, 'y': 0.0, 'z': 0.0}, 'docked': True}}
[INFO] [1787862529.325852743] [multi3_coordinator_node]: Received robot state update from robot robot5: {'operational_state': 'idle', 'current_assigned_fragment': None, 'state': {'position': {'x': 0.0, 'y': 0.0, 'z': 0.0}, 'docked': True}}
[INFO] [1787862529.326539125] [multi3_coordinator_node]: Received coordination message: {'robot_name': 'robot5', 'completed_task': 'scan(o3-6)'}
[INFO] [1787862530.225163345] [multi3_coordinator_node]: Assigned fragment fm6-9 to robot robot3.
[INFO] [1787862530.253772450] [multi3_coordinator_node]: Received robot state update from robot robot3: {'operational_state': 'working', 'current_assigned_fragment': 'fm6-9', 'state': {'position': {'x': 8, 'y': 8, 'z': 0.0}, 'docked': False}}
[INFO] [1787862535.761311932] [multi3_coordinator_node]: Received coordination message: {'robot_name': 'robot4', 'completed_task': 'move_to(o2-6,pack_area)'}
[INFO] [1787862537.904822587] [multi3_coordinator_node]: Received coordination message: {'robot_name': 'robot1', 'completed_task': 'move_to(o4-6,scan_area)'}
[INFO] [1787862539.888398901] [multi3_coordinator_node]: Received coordination message: {'robot_name': 'robot6', 'completed_fragment': 'fm4-10', 'state': {'position': {'x': 0.0, 'y': 0.0, 'z': 0.0}, 'docked': True}}
[INFO] [1787862539.889772945] [multi3_coordinator_node]: Received robot state update from robot robot6: {'operational_state': 'idle', 'current_assigned_fragment': None, 'state': {'position': {'x': 0.0, 'y': 0.0, 'z': 0.0}, 'docked': True}}
[INFO] [1787862539.890684266] [multi3_coordinator_node]: Fragment fm4-11 is now executable because all signal messages were received.
[INFO] [1787862539.891321032] [multi3_coordinator_node]: Received coordination message: {'robot_name': 'robot6', 'completed_task': 'pack(o1-4,o2-4,o3-4)'}
[INFO] [1787862540.223663290] [multi3_coordinator_node]: Assigned fragment fm4-11 to robot robot7.
[INFO] [1787862540.238682151] [multi3_coordinator_node]: Received robot state update from robot robot7: {'operational_state': 'working', 'current_assigned_fragment': 'fm4-11', 'state': {'position': {'x': 10, 'y': 10, 'z': 0.0}, 'docked': False}}
[INFO] [1787862541.306466649] [multi3_coordinator_node]: Received coordination message: {'robot_name': 'robot2', 'completed_task': 'place(o1-6,pack_area)'}
[INFO] [1787862541.307479312] [multi3_coordinator_node]: Received coordination message: {'robot_name': 'robot2', 'completed_fragment': 'fm6-3', 'state': {'position': {'x': 8, 'y': 8, 'z': 0.0}, 'docked': False}}
[INFO] [1787862541.307853778] [multi3_coordinator_node]: Received robot state update from robot robot2: {'operational_state': 'idle', 'current_assigned_fragment': None, 'state': {'position': {'x': 8, 'y': 8, 'z': 0.0}, 'docked': False}}
[INFO] [1787862543.787750254] [multi3_coordinator_node]: Received coordination message: {'robot_name': 'robot4', 'completed_fragment': 'fm6-6', 'state': {'position': {'x': 8, 'y': 8, 'z': 0.0}, 'docked': False}}
[INFO] [1787862543.788505106] [multi3_coordinator_node]: Received coordination message: {'robot_name': 'robot4', 'completed_task': 'place(o2-6,pack_area)'}
[INFO] [1787862543.789264870] [multi3_coordinator_node]: Received robot state update from robot robot4: {'operational_state': 'idle', 'current_assigned_fragment': None, 'state': {'position': {'x': 8, 'y': 8, 'z': 0.0}, 'docked': False}}
[INFO] [1787862546.948918311] [multi3_coordinator_node]: Fragment fm6-11 is now executable because all signal messages were received.
[INFO] [1787862546.951328142] [multi3_coordinator_node]: Received coordination message: {'robot_name': 'robot1', 'completed_fragment': 'fm6-10', 'state': {'position': {'x': 5, 'y': 5, 'z': 0.0}, 'docked': False}}
[INFO] [1787862546.952345220] [multi3_coordinator_node]: Received coordination message: {'robot_name': 'robot1', 'completed_task': 'place(o4-6,scan_area)'}
[INFO] [1787862546.953264411] [multi3_coordinator_node]: Received robot state update from robot robot1: {'operational_state': 'idle', 'current_assigned_fragment': None, 'state': {'position': {'x': 5, 'y': 5, 'z': 0.0}, 'docked': False}}
[INFO] [1787862547.223802051] [multi3_coordinator_node]: Assigned fragment fm6-11 to robot robot5.
[INFO] [1787862547.241518928] [multi3_coordinator_node]: Received robot state update from robot robot5: {'operational_state': 'working', 'current_assigned_fragment': 'fm6-11', 'state': {'position': {'x': 0.0, 'y': 0.0, 'z': 0.0}, 'docked': True}}
[INFO] [1787862548.761471972] [multi3_coordinator_node]: Received coordination message: {'robot_name': 'robot3', 'completed_task': 'pick(o3-6,scan_area)'}
[INFO] [1787862557.279800175] [multi3_coordinator_node]: Received robot state update from robot robot5: {'operational_state': 'idle', 'current_assigned_fragment': None, 'state': {'position': {'x': 0.0, 'y': 0.0, 'z': 0.0}, 'docked': True}}
[INFO] [1787862557.281531238] [multi3_coordinator_node]: Fragment fm6-12 is now executable because all signal messages were received.
[INFO] [1787862557.285326841] [multi3_coordinator_node]: Received coordination message: {'robot_name': 'robot5', 'completed_fragment': 'fm6-11', 'state': {'position': {'x': 0.0, 'y': 0.0, 'z': 0.0}, 'docked': True}}
[INFO] [1787862557.286593005] [multi3_coordinator_node]: Received coordination message: {'robot_name': 'robot5', 'completed_task': 'scan(o4-6)'}
[INFO] [1787862557.287710536] [multi3_coordinator_node]: Received coordination message: {'robot_name': 'robot3', 'completed_task': 'move_to(o3-6,pack_area)'}
[INFO] [1787862558.225390175] [multi3_coordinator_node]: Assigned fragment fm6-12 to robot robot1.
[INFO] [1787862558.257011690] [multi3_coordinator_node]: Received robot state update from robot robot1: {'operational_state': 'working', 'current_assigned_fragment': 'fm6-12', 'state': {'position': {'x': 5, 'y': 5, 'z': 0.0}, 'docked': False}}
[INFO] [1787862562.957270285] [multi3_coordinator_node]: Received coordination message: {'robot_name': 'robot7', 'completed_task': 'load_pack(p3)'}
[INFO] [1787862567.310516016] [multi3_coordinator_node]: Received coordination message: {'robot_name': 'robot1', 'completed_task': 'pick(o4-6,scan_area)'}
[INFO] [1787862567.311786805] [multi3_coordinator_node]: Received robot state update from robot robot3: {'operational_state': 'idle', 'current_assigned_fragment': None, 'state': {'position': {'x': 8, 'y': 8, 'z': 0.0}, 'docked': False}}
[INFO] [1787862567.312932753] [multi3_coordinator_node]: Received coordination message: {'robot_name': 'robot3', 'completed_fragment': 'fm6-9', 'state': {'position': {'x': 8, 'y': 8, 'z': 0.0}, 'docked': False}}
[INFO] [1787862567.313447909] [multi3_coordinator_node]: Received coordination message: {'robot_name': 'robot3', 'completed_task': 'place(o3-6,pack_area)'}
[INFO] [1787862568.593600194] [multi3_coordinator_node]: Received coordination message: {'robot_name': 'robot7', 'completed_task': 'move_to(deliver_area)'}
[INFO] [1787862575.756081069] [multi3_coordinator_node]: Received coordination message: {'robot_name': 'robot1', 'completed_task': 'move_to(o4-6,pack_area)'}
[INFO] [1787862581.638886725] [multi3_coordinator_node]: Received robot state update from robot robot7: {'operational_state': 'idle', 'current_assigned_fragment': None, 'state': {'position': {'x': 10, 'y': 10, 'z': 0.0}, 'docked': False}}
[INFO] [1787862581.639488121] [multi3_coordinator_node]: Received coordination message: {'robot_name': 'robot7', 'completed_fragment': 'fm4-11', 'state': {'position': {'x': 10, 'y': 10, 'z': 0.0}, 'docked': False}}
[INFO] [1787862581.640437947] [multi3_coordinator_node]: Received coordination message: {'robot_name': 'robot7', 'completed_task': 'unload_pack(p3)'}
[INFO] [1787862584.848239847] [multi3_coordinator_node]: Received coordination message: {'robot_name': 'robot1', 'completed_fragment': 'fm6-12', 'state': {'position': {'x': 8, 'y': 8, 'z': 0.0}, 'docked': False}}
[INFO] [1787862584.849106173] [multi3_coordinator_node]: Received robot state update from robot robot1: {'operational_state': 'idle', 'current_assigned_fragment': None, 'state': {'position': {'x': 8, 'y': 8, 'z': 0.0}, 'docked': False}}
[INFO] [1787862584.849447944] [multi3_coordinator_node]: Fragment fm6-13 is now executable because all signal messages were received.
[INFO] [1787862584.850170966] [multi3_coordinator_node]: Received coordination message: {'robot_name': 'robot1', 'completed_task': 'place(o4-6,pack_area)'}
[INFO] [1787862585.223663867] [multi3_coordinator_node]: Assigned fragment fm6-13 to robot robot6.
[INFO] [1787862585.243921394] [multi3_coordinator_node]: Received robot state update from robot robot6: {'operational_state': 'working', 'current_assigned_fragment': 'fm6-13', 'state': {'position': {'x': 0.0, 'y': 0.0, 'z': 0.0}, 'docked': True}}
[INFO] [1787862609.127050248] [multi3_coordinator_node]: Received robot state update from robot robot6: {'operational_state': 'idle', 'current_assigned_fragment': None, 'state': {'position': {'x': 0.0, 'y': 0.0, 'z': 0.0}, 'docked': True}}
[INFO] [1787862609.128906386] [multi3_coordinator_node]: Received coordination message: {'robot_name': 'robot6', 'completed_fragment': 'fm6-13', 'state': {'position': {'x': 0.0, 'y': 0.0, 'z': 0.0}, 'docked': True}}
[INFO] [1787862609.129474208] [multi3_coordinator_node]: Fragment fm6-14 is now executable because all signal messages were received.
[INFO] [1787862609.129936697] [multi3_coordinator_node]: Received coordination message: {'robot_name': 'robot6', 'completed_task': 'pack(o1-6,o2-6,o3-6,o4-6)'}
[INFO] [1787862609.219177613] [multi3_coordinator_node]: Assigned fragment fm6-14 to robot robot7.
[INFO] [1787862609.236107252] [multi3_coordinator_node]: Received robot state update from robot robot7: {'operational_state': 'working', 'current_assigned_fragment': 'fm6-14', 'state': {'position': {'x': 10, 'y': 10, 'z': 0.0}, 'docked': False}}
[INFO] [1787862631.946360088] [multi3_coordinator_node]: Received coordination message: {'robot_name': 'robot7', 'completed_task': 'load_pack(p6)'}
[INFO] [1787862637.629580882] [multi3_coordinator_node]: Received coordination message: {'robot_name': 'robot7', 'completed_task': 'move_to(deliver_area)'}
[INFO] [1787862650.601403786] [multi3_coordinator_node]: Received coordination message: {'robot_name': 'robot7', 'completed_task': 'unload_pack(p6)'}
[INFO] [1787862650.603336714] [multi3_coordinator_node]: Received coordination message: {'robot_name': 'robot7', 'completed_fragment': 'fm6-14', 'state': {'position': {'x': 10, 'y': 10, 'z': 0.0}, 'docked': False}}
[INFO] [1787862650.604006928] [multi3_coordinator_node]: Received robot state update from robot robot7: {'operational_state': 'idle', 'current_assigned_fragment': None, 'state': {'position': {'x': 10, 'y': 10, 'z': 0.0}, 'docked': False}}
Traceback (most recent call last):
  File "/root/ros2_ws/install/multi3_coordinator/lib/multi3_coordinator/coordinator", line 33, in <module>
    sys.exit(load_entry_point('multi3-coordinator==0.0.0', 'console_scripts', 'coordinator')())
  File "/root/ros2_ws/install/multi3_coordinator/lib/python3.10/site-packages/nodes/coordinator.py", line 371, in main
    rclpy.shutdown()
  File "/opt/ros/humble/local/lib/python3.10/dist-packages/rclpy/__init__.py", line 130, in shutdown
    _shutdown(context=context)
  File "/opt/ros/humble/local/lib/python3.10/dist-packages/rclpy/utilities.py", line 58, in shutdown
    return context.shutdown()
  File "/opt/ros/humble/local/lib/python3.10/dist-packages/rclpy/context.py", line 102, in shutdown
    self.__context.shutdown()
rclpy._rclpy_pybind11.RCLError: failed to shutdown: rcl_shutdown already called on the given context, at ./src/rcl/init.c:241

--- executor_robot1.log ---
[INFO] [1787862126.809139011] [robot1.fragment_exec_node]: Setting up skill: UndockSkill
[INFO] [1787862126.810185050] [robot1.fragment_exec_node]: Setting up skill: PickSkill
[INFO] [1787862126.811138106] [robot1.fragment_exec_node]: Setting up skill: NavigateSkill
[INFO] [1787862126.812538145] [robot1.fragment_exec_node]: Setting up skill: PlaceSkill
[INFO] [1787862126.813757099] [robot1.fragment_exec_node]: Setting up skill: LocalizeSkill
[INFO] [1787862126.819699883] [robot1.fragment_exec_node]: Published robot registration: {'name': 'robot1', 'operational_state': 'idle', 'capabilities': ['pick', 'move_to', 'place', 'undock', 'localize'], 'state': {'position': {'x': 0.0, 'y': 0.0, 'z': 0.0}, 'docked': True}}
[INFO] [1787862154.240030711] [robot1.fragment_exec_node]: Received fragment assignment: {'robot': 'robot1', 'fragment': {'id': 'fm3-4', 'mission': 'm3', 'state': 'assigned', 'wait': [], 'tasks': [{'name': 'pick', 'label': 'pick(o2-3,shelf)', 'params': {'x': 3, 'y': 3, 'weight': 3}}, {'name': 'move_to', 'label': 'move_to(o2-3,scan_area)', 'params': {'x': 5, 'y': 5}}, {'name': 'place', 'label': 'place(o2-3,scan_area)', 'params': {'x': 5, 'y': 5, 'weight': 3}}], 'arrive_timestamp': 1787862142, 'priority': 1, 'segment': 's2'}}
[INFO] [1787862154.245576781] [robot1.fragment_exec_node]: Starting execution of fragment fm3-4...
[INFO] [1787862154.247087102] [robot1.fragment_exec_node]: Executing task pick(o2-3,shelf). Params: {'x': 3, 'y': 3, 'weight': 3}, Virtual state: {'position': {'x': 0.0, 'y': 0.0, 'z': 0.0}, 'docked': True}
[INFO] [1787862154.249072972] [robot1.fragment_exec_node]: EventType: Control (Task: pick), Activity: undock, Robot: robot1, Mission: m3, Segment: s2, Start: 1787862154.2481606
[INFO] [1787862154.250216593] [robot1.fragment_exec_node]: Simulating undock skill...
[INFO] [1787862158.251887495] [robot1.fragment_exec_node]: Undock completed!
[INFO] [1787862158.252763581] [robot1.fragment_exec_node]: EventType: Control (Task: pick), Activity: undock, Robot: robot1, Mission: m3, Segment: s2, End: 1787862158.2522657
[INFO] [1787862158.253363795] [robot1.fragment_exec_node]: EventType: Control (Task: pick), Activity: move_to, Robot: robot1, Mission: m3, Segment: s2, Start: 1787862158.2530391
[INFO] [1787862158.253984248] [robot1.fragment_exec_node]: Simulating navigate skill from position (0.0, 0.0) to (3, 3) (8.48528137423857 seconds)...
[INFO] [1787862166.742660792] [robot1.fragment_exec_node]: Navigation completed!
[INFO] [1787862166.744971458] [robot1.fragment_exec_node]: EventType: Control (Task: pick), Activity: move_to, Robot: robot1, Mission: m3, Segment: s2, End: 1787862166.7435436
[INFO] [1787862166.746698027] [robot1.fragment_exec_node]: EventType: Control (Task: pick), Activity: localize, Robot: robot1, Mission: m3, Segment: s2, Start: 1787862166.7457414
[INFO] [1787862166.748111706] [robot1.fragment_exec_node]: Simulating localize skill...
[INFO] [1787862171.752260792] [robot1.fragment_exec_node]: Localize completed!
[INFO] [1787862171.755311851] [robot1.fragment_exec_node]: EventType: Control (Task: pick), Activity: localize, Robot: robot1, Mission: m3, Segment: s2, End: 1787862171.7533736
[INFO] [1787862171.757558727] [robot1.fragment_exec_node]: EventType: Task, Activity: pick, Robot: robot1, Mission: m3, Segment: s2, Start: 1787862171.7561653
[INFO] [1787862171.759263694] [robot1.fragment_exec_node]: Simulating pick skill...
[INFO] [1787862174.762772230] [robot1.fragment_exec_node]: Pick completed!
[INFO] [1787862174.764570177] [robot1.fragment_exec_node]: EventType: Task, Activity: pick, Robot: robot1, Mission: m3, Segment: s2, End: 1787862174.763618
[INFO] [1787862174.766379979] [robot1.fragment_exec_node]: Executing task move_to(o2-3,scan_area). Params: {'x': 5, 'y': 5}, Virtual state: {'position': {'x': 3, 'y': 3, 'z': 0.0}, 'docked': False}
[INFO] [1787862174.767764769] [robot1.fragment_exec_node]: EventType: Task, Activity: move_to, Robot: robot1, Mission: m3, Segment: s2, Start: 1787862174.7669861
[INFO] [1787862174.768988607] [robot1.fragment_exec_node]: Simulating navigate skill from position (3, 3) to (5, 5) (5.656854249492381 seconds)...
[INFO] [1787862180.428965458] [robot1.fragment_exec_node]: Navigation completed!
[INFO] [1787862180.430341468] [robot1.fragment_exec_node]: EventType: Task, Activity: move_to, Robot: robot1, Mission: m3, Segment: s2, End: 1787862180.4297884
[INFO] [1787862180.431631664] [robot1.fragment_exec_node]: Executing task place(o2-3,scan_area). Params: {'x': 5, 'y': 5, 'weight': 3}, Virtual state: {'position': {'x': 5, 'y': 5, 'z': 0.0}, 'docked': False}
[INFO] [1787862180.432561973] [robot1.fragment_exec_node]: EventType: Control (Task: place), Activity: localize, Robot: robot1, Mission: m3, Segment: s2, Start: 1787862180.4320598
[INFO] [1787862180.434057175] [robot1.fragment_exec_node]: Simulating localize skill...
[INFO] [1787862185.436964428] [robot1.fragment_exec_node]: Localize completed!
[INFO] [1787862185.438393682] [robot1.fragment_exec_node]: EventType: Control (Task: place), Activity: localize, Robot: robot1, Mission: m3, Segment: s2, End: 1787862185.437418
[INFO] [1787862185.439963258] [robot1.fragment_exec_node]: EventType: Task, Activity: place, Robot: robot1, Mission: m3, Segment: s2, Start: 1787862185.4390411
[INFO] [1787862185.441878504] [robot1.fragment_exec_node]: Simulating place skill...
[INFO] [1787862188.447420911] [robot1.fragment_exec_node]: Place completed!
[INFO] [1787862188.449494662] [robot1.fragment_exec_node]: EventType: Task, Activity: place, Robot: robot1, Mission: m3, Segment: s2, End: 1787862188.4482963
[INFO] [1787862188.451632431] [robot1.fragment_exec_node]: Execution of fragment fm3-4 completed!
[INFO] [1787862189.230276529] [robot1.fragment_exec_node]: Received fragment assignment: {'robot': 'robot1', 'fragment': {'id': 'fm5-1', 'mission': 'm5', 'state': 'assigned', 'wait': [], 'tasks': [{'name': 'pick', 'label': 'pick(o1-5,shelf)', 'params': {'x': 1, 'y': 3, 'weight': 4}}, {'name': 'move_to', 'label': 'move_to(o1-5,scan_area)', 'params': {'x': 5, 'y': 5}}, {'name': 'place', 'label': 'place(o1-5,scan_area)', 'params': {'x': 5, 'y': 5, 'weight': 4}}], 'arrive_timestamp': 1787862144, 'priority': 1, 'segment': 's1'}}
[INFO] [1787862189.231450813] [robot1.fragment_exec_node]: Starting execution of fragment fm5-1...
[INFO] [1787862189.233416419] [robot1.fragment_exec_node]: Executing task pick(o1-5,shelf). Params: {'x': 1, 'y': 3, 'weight': 4}, Virtual state: {'position': {'x': 5, 'y': 5, 'z': 0.0}, 'docked': False}
[INFO] [1787862189.234606958] [robot1.fragment_exec_node]: EventType: Control (Task: pick), Activity: move_to, Robot: robot1, Mission: m5, Segment: s1, Start: 1787862189.23381
[INFO] [1787862189.235539930] [robot1.fragment_exec_node]: Simulating navigate skill from position (5, 5) to (1, 3) (8.94427190999916 seconds)...
[INFO] [1787862198.183871062] [robot1.fragment_exec_node]: Navigation completed!
[INFO] [1787862198.186690065] [robot1.fragment_exec_node]: EventType: Control (Task: pick), Activity: move_to, Robot: robot1, Mission: m5, Segment: s1, End: 1787862198.1850312
[INFO] [1787862198.188690317] [robot1.fragment_exec_node]: EventType: Control (Task: pick), Activity: localize, Robot: robot1, Mission: m5, Segment: s1, Start: 1787862198.1872575
[INFO] [1787862198.190291174] [robot1.fragment_exec_node]: Simulating localize skill...
[INFO] [1787862203.192522183] [robot1.fragment_exec_node]: Localize completed!
[INFO] [1787862203.193458544] [robot1.fragment_exec_node]: EventType: Control (Task: pick), Activity: localize, Robot: robot1, Mission: m5, Segment: s1, End: 1787862203.1928284
[INFO] [1787862203.195346311] [robot1.fragment_exec_node]: EventType: Task, Activity: pick, Robot: robot1, Mission: m5, Segment: s1, Start: 1787862203.1937993
[INFO] [1787862203.197049405] [robot1.fragment_exec_node]: Simulating pick skill...
[INFO] [1787862207.201544920] [robot1.fragment_exec_node]: Pick completed!
[INFO] [1787862207.203719228] [robot1.fragment_exec_node]: EventType: Task, Activity: pick, Robot: robot1, Mission: m5, Segment: s1, End: 1787862207.202213
[INFO] [1787862207.205316945] [robot1.fragment_exec_node]: Executing task move_to(o1-5,scan_area). Params: {'x': 5, 'y': 5}, Virtual state: {'position': {'x': 1, 'y': 3, 'z': 0.0}, 'docked': False}
[INFO] [1787862207.207848317] [robot1.fragment_exec_node]: EventType: Task, Activity: move_to, Robot: robot1, Mission: m5, Segment: s1, Start: 1787862207.2063234
[INFO] [1787862207.210332206] [robot1.fragment_exec_node]: Simulating navigate skill from position (1, 3) to (5, 5) (11.313708498984761 seconds)...
[INFO] [1787862218.528599915] [robot1.fragment_exec_node]: Navigation completed!
[INFO] [1787862218.531284474] [robot1.fragment_exec_node]: EventType: Task, Activity: move_to, Robot: robot1, Mission: m5, Segment: s1, End: 1787862218.5294409
[INFO] [1787862218.533383834] [robot1.fragment_exec_node]: Executing task place(o1-5,scan_area). Params: {'x': 5, 'y': 5, 'weight': 4}, Virtual state: {'position': {'x': 5, 'y': 5, 'z': 0.0}, 'docked': False}
[INFO] [1787862218.534733562] [robot1.fragment_exec_node]: EventType: Control (Task: place), Activity: localize, Robot: robot1, Mission: m5, Segment: s1, Start: 1787862218.5338385
[INFO] [1787862218.536085049] [robot1.fragment_exec_node]: Simulating localize skill...
[INFO] [1787862223.539947834] [robot1.fragment_exec_node]: Localize completed!
[INFO] [1787862223.541803360] [robot1.fragment_exec_node]: EventType: Control (Task: place), Activity: localize, Robot: robot1, Mission: m5, Segment: s1, End: 1787862223.5406199
[INFO] [1787862223.543507524] [robot1.fragment_exec_node]: EventType: Task, Activity: place, Robot: robot1, Mission: m5, Segment: s1, Start: 1787862223.5422418
[INFO] [1787862223.545022157] [robot1.fragment_exec_node]: Simulating place skill...
[INFO] [1787862227.548422491] [robot1.fragment_exec_node]: Place completed!
[INFO] [1787862227.549825354] [robot1.fragment_exec_node]: EventType: Task, Activity: place, Robot: robot1, Mission: m5, Segment: s1, End: 1787862227.5490189
[INFO] [1787862227.551602689] [robot1.fragment_exec_node]: Execution of fragment fm5-1 completed!
[INFO] [1787862228.232124476] [robot1.fragment_exec_node]: Received fragment assignment: {'robot': 'robot1', 'fragment': {'id': 'fm5-7', 'mission': 'm5', 'state': 'assigned', 'wait': [], 'tasks': [{'name': 'pick', 'label': 'pick(o3-5,shelf)', 'params': {'x': 2, 'y': 2, 'weight': 5}}, {'name': 'move_to', 'label': 'move_to(o3-5,scan_area)', 'params': {'x': 5, 'y': 5}}, {'name': 'place', 'label': 'place(o3-5,scan_area)', 'params': {'x': 5, 'y': 5, 'weight': 5}}], 'arrive_timestamp': 1787862144, 'priority': 1, 'segment': 's3'}}
[INFO] [1787862228.233642352] [robot1.fragment_exec_node]: Starting execution of fragment fm5-7...
[INFO] [1787862228.235342443] [robot1.fragment_exec_node]: Executing task pick(o3-5,shelf). Params: {'x': 2, 'y': 2, 'weight': 5}, Virtual state: {'position': {'x': 5, 'y': 5, 'z': 0.0}, 'docked': False}
[INFO] [1787862228.236816330] [robot1.fragment_exec_node]: EventType: Control (Task: pick), Activity: move_to, Robot: robot1, Mission: m5, Segment: s3, Start: 1787862228.2361186
[INFO] [1787862228.237863098] [robot1.fragment_exec_node]: Simulating navigate skill from position (5, 5) to (2, 2) (8.48528137423857 seconds)...
[INFO] [1787862236.727420147] [robot1.fragment_exec_node]: Navigation completed!
[INFO] [1787862236.731705556] [robot1.fragment_exec_node]: EventType: Control (Task: pick), Activity: move_to, Robot: robot1, Mission: m5, Segment: s3, End: 1787862236.7295415
[INFO] [1787862236.733662789] [robot1.fragment_exec_node]: EventType: Control (Task: pick), Activity: localize, Robot: robot1, Mission: m5, Segment: s3, Start: 1787862236.7324936
[INFO] [1787862236.735461117] [robot1.fragment_exec_node]: Simulating localize skill...
[INFO] [1787862241.738964042] [robot1.fragment_exec_node]: Localize completed!
[INFO] [1787862241.740613828] [robot1.fragment_exec_node]: EventType: Control (Task: pick), Activity: localize, Robot: robot1, Mission: m5, Segment: s3, End: 1787862241.7395663
[INFO] [1787862241.742619300] [robot1.fragment_exec_node]: EventType: Task, Activity: pick, Robot: robot1, Mission: m5, Segment: s3, Start: 1787862241.7412696
[INFO] [1787862241.744707340] [robot1.fragment_exec_node]: Simulating pick skill...
[INFO] [1787862246.748428804] [robot1.fragment_exec_node]: Pick completed!
[INFO] [1787862246.752164056] [robot1.fragment_exec_node]: EventType: Task, Activity: pick, Robot: robot1, Mission: m5, Segment: s3, End: 1787862246.7500303
[INFO] [1787862246.754723697] [robot1.fragment_exec_node]: Executing task move_to(o3-5,scan_area). Params: {'x': 5, 'y': 5}, Virtual state: {'position': {'x': 2, 'y': 2, 'z': 0.0}, 'docked': False}
[INFO] [1787862246.756578926] [robot1.fragment_exec_node]: EventType: Task, Activity: move_to, Robot: robot1, Mission: m5, Segment: s3, Start: 1787862246.7553096
[INFO] [1787862246.758360852] [robot1.fragment_exec_node]: Simulating navigate skill from position (2, 2) to (5, 5) (8.48528137423857 seconds)...
[INFO] [1787862255.248994490] [robot1.fragment_exec_node]: Navigation completed!
[INFO] [1787862255.253432376] [robot1.fragment_exec_node]: EventType: Task, Activity: move_to, Robot: robot1, Mission: m5, Segment: s3, End: 1787862255.251933
[INFO] [1787862255.255669325] [robot1.fragment_exec_node]: Executing task place(o3-5,scan_area). Params: {'x': 5, 'y': 5, 'weight': 5}, Virtual state: {'position': {'x': 5, 'y': 5, 'z': 0.0}, 'docked': False}
[INFO] [1787862255.257380628] [robot1.fragment_exec_node]: EventType: Control (Task: place), Activity: localize, Robot: robot1, Mission: m5, Segment: s3, Start: 1787862255.2563684
[INFO] [1787862255.258704084] [robot1.fragment_exec_node]: Simulating localize skill...
[INFO] [1787862260.272608072] [robot1.fragment_exec_node]: Localize completed!
[INFO] [1787862260.275878283] [robot1.fragment_exec_node]: EventType: Control (Task: place), Activity: localize, Robot: robot1, Mission: m5, Segment: s3, End: 1787862260.274827
[INFO] [1787862260.277089984] [robot1.fragment_exec_node]: EventType: Task, Activity: place, Robot: robot1, Mission: m5, Segment: s3, Start: 1787862260.2764907
[INFO] [1787862260.278069746] [robot1.fragment_exec_node]: Simulating place skill...
[INFO] [1787862265.280396895] [robot1.fragment_exec_node]: Place completed!
[INFO] [1787862265.281922378] [robot1.fragment_exec_node]: EventType: Task, Activity: place, Robot: robot1, Mission: m5, Segment: s3, End: 1787862265.2810175
[INFO] [1787862265.283598940] [robot1.fragment_exec_node]: Execution of fragment fm5-7 completed!
[INFO] [1787862266.255807374] [robot1.fragment_exec_node]: Received fragment assignment: {'robot': 'robot1', 'fragment': {'id': 'fm5-10', 'mission': 'm5', 'state': 'assigned', 'wait': [], 'tasks': [{'name': 'pick', 'label': 'pick(o4-5,shelf)', 'params': {'x': 1, 'y': 3, 'weight': 4}}, {'name': 'move_to', 'label': 'move_to(o4-5,scan_area)', 'params': {'x': 5, 'y': 5}}, {'name': 'place', 'label': 'place(o4-5,scan_area)', 'params': {'x': 5, 'y': 5, 'weight': 4}}], 'arrive_timestamp': 1787862144, 'priority': 1, 'segment': 's4'}}
[INFO] [1787862266.256968615] [robot1.fragment_exec_node]: Starting execution of fragment fm5-10...
[INFO] [1787862266.257807716] [robot1.fragment_exec_node]: Executing task pick(o4-5,shelf). Params: {'x': 1, 'y': 3, 'weight': 4}, Virtual state: {'position': {'x': 5, 'y': 5, 'z': 0.0}, 'docked': False}
[INFO] [1787862266.258645601] [robot1.fragment_exec_node]: EventType: Control (Task: pick), Activity: move_to, Robot: robot1, Mission: m5, Segment: s4, Start: 1787862266.2582142
[INFO] [1787862266.259415640] [robot1.fragment_exec_node]: Simulating navigate skill from position (5, 5) to (1, 3) (8.94427190999916 seconds)...
[INFO] [1787862275.207568712] [robot1.fragment_exec_node]: Navigation completed!
[INFO] [1787862275.211454026] [robot1.fragment_exec_node]: EventType: Control (Task: pick), Activity: move_to, Robot: robot1, Mission: m5, Segment: s4, End: 1787862275.2093294
[INFO] [1787862275.213915408] [robot1.fragment_exec_node]: EventType: Control (Task: pick), Activity: localize, Robot: robot1, Mission: m5, Segment: s4, Start: 1787862275.212415
[INFO] [1787862275.215546123] [robot1.fragment_exec_node]: Simulating localize skill...
[INFO] [1787862280.219735684] [robot1.fragment_exec_node]: Localize completed!
[INFO] [1787862280.222644581] [robot1.fragment_exec_node]: EventType: Control (Task: pick), Activity: localize, Robot: robot1, Mission: m5, Segment: s4, End: 1787862280.2215502
[INFO] [1787862280.224346932] [robot1.fragment_exec_node]: EventType: Task, Activity: pick, Robot: robot1, Mission: m5, Segment: s4, Start: 1787862280.2232525
[INFO] [1787862280.226011766] [robot1.fragment_exec_node]: Simulating pick skill...
[INFO] [1787862284.227491610] [robot1.fragment_exec_node]: Pick completed!
[INFO] [1787862284.228549905] [robot1.fragment_exec_node]: EventType: Task, Activity: pick, Robot: robot1, Mission: m5, Segment: s4, End: 1787862284.2281864
[INFO] [1787862284.229515750] [robot1.fragment_exec_node]: Executing task move_to(o4-5,scan_area). Params: {'x': 5, 'y': 5}, Virtual state: {'position': {'x': 1, 'y': 3, 'z': 0.0}, 'docked': False}
[INFO] [1787862284.230241650] [robot1.fragment_exec_node]: EventType: Task, Activity: move_to, Robot: robot1, Mission: m5, Segment: s4, Start: 1787862284.2298448
[INFO] [1787862284.231101798] [robot1.fragment_exec_node]: Simulating navigate skill from position (1, 3) to (5, 5) (11.313708498984761 seconds)...
[INFO] [1787862295.548204093] [robot1.fragment_exec_node]: Navigation completed!
[INFO] [1787862295.552679131] [robot1.fragment_exec_node]: EventType: Task, Activity: move_to, Robot: robot1, Mission: m5, Segment: s4, End: 1787862295.5505383
[INFO] [1787862295.556474270] [robot1.fragment_exec_node]: Executing task place(o4-5,scan_area). Params: {'x': 5, 'y': 5, 'weight': 4}, Virtual state: {'position': {'x': 5, 'y': 5, 'z': 0.0}, 'docked': False}
[INFO] [1787862295.558528012] [robot1.fragment_exec_node]: EventType: Control (Task: place), Activity: localize, Robot: robot1, Mission: m5, Segment: s4, Start: 1787862295.5574057
[INFO] [1787862295.560143281] [robot1.fragment_exec_node]: Simulating localize skill...
[INFO] [1787862300.603017580] [robot1.fragment_exec_node]: Localize completed!
[INFO] [1787862300.628674824] [robot1.fragment_exec_node]: EventType: Control (Task: place), Activity: localize, Robot: robot1, Mission: m5, Segment: s4, End: 1787862300.628217
[INFO] [1787862300.629653466] [robot1.fragment_exec_node]: EventType: Task, Activity: place, Robot: robot1, Mission: m5, Segment: s4, Start: 1787862300.6290119
[INFO] [1787862300.630335806] [robot1.fragment_exec_node]: Simulating place skill...
[INFO] [1787862304.632205802] [robot1.fragment_exec_node]: Place completed!
[INFO] [1787862304.635330796] [robot1.fragment_exec_node]: EventType: Task, Activity: place, Robot: robot1, Mission: m5, Segment: s4, End: 1787862304.6340685
[INFO] [1787862304.636898787] [robot1.fragment_exec_node]: Execution of fragment fm5-10 completed!
[INFO] [1787862305.231849927] [robot1.fragment_exec_node]: Received fragment assignment: {'robot': 'robot1', 'fragment': {'id': 'fm7-7', 'mission': 'm7', 'state': 'assigned', 'wait': [], 'tasks': [{'name': 'pick', 'label': 'pick(o3-7,shelf)', 'params': {'x': 3, 'y': 6, 'weight': 3}}, {'name': 'move_to', 'label': 'move_to(o3-7,scan_area)', 'params': {'x': 5, 'y': 5}}, {'name': 'place', 'label': 'place(o3-7,scan_area)', 'params': {'x': 5, 'y': 5, 'weight': 3}}], 'arrive_timestamp': 1787862245, 'priority': 1, 'segment': 's3'}}
[INFO] [1787862305.232922056] [robot1.fragment_exec_node]: Starting execution of fragment fm7-7...
[INFO] [1787862305.234521935] [robot1.fragment_exec_node]: Executing task pick(o3-7,shelf). Params: {'x': 3, 'y': 6, 'weight': 3}, Virtual state: {'position': {'x': 5, 'y': 5, 'z': 0.0}, 'docked': False}
[INFO] [1787862305.235730286] [robot1.fragment_exec_node]: EventType: Control (Task: pick), Activity: move_to, Robot: robot1, Mission: m7, Segment: s3, Start: 1787862305.2348592
[INFO] [1787862305.237000686] [robot1.fragment_exec_node]: Simulating navigate skill from position (5, 5) to (3, 6) (4.47213595499958 seconds)...
[INFO] [1787862309.714037687] [robot1.fragment_exec_node]: Navigation completed!
[INFO] [1787862309.716451563] [robot1.fragment_exec_node]: EventType: Control (Task: pick), Activity: move_to, Robot: robot1, Mission: m7, Segment: s3, End: 1787862309.7151291
[INFO] [1787862309.718741607] [robot1.fragment_exec_node]: EventType: Control (Task: pick), Activity: localize, Robot: robot1, Mission: m7, Segment: s3, Start: 1787862309.7175474
[INFO] [1787862309.720205082] [robot1.fragment_exec_node]: Simulating localize skill...
[INFO] [1787862314.725119436] [robot1.fragment_exec_node]: Localize completed!
[INFO] [1787862314.727359082] [robot1.fragment_exec_node]: EventType: Control (Task: pick), Activity: localize, Robot: robot1, Mission: m7, Segment: s3, End: 1787862314.7258184
[INFO] [1787862314.728918145] [robot1.fragment_exec_node]: EventType: Task, Activity: pick, Robot: robot1, Mission: m7, Segment: s3, Start: 1787862314.7280047
[INFO] [1787862314.731221047] [robot1.fragment_exec_node]: Simulating pick skill...
[INFO] [1787862317.733666711] [robot1.fragment_exec_node]: Pick completed!
[INFO] [1787862317.734668210] [robot1.fragment_exec_node]: EventType: Task, Activity: pick, Robot: robot1, Mission: m7, Segment: s3, End: 1787862317.7343059
[INFO] [1787862317.735898338] [robot1.fragment_exec_node]: Executing task move_to(o3-7,scan_area). Params: {'x': 5, 'y': 5}, Virtual state: {'position': {'x': 3, 'y': 6, 'z': 0.0}, 'docked': False}
[INFO] [1787862317.740990680] [robot1.fragment_exec_node]: EventType: Task, Activity: move_to, Robot: robot1, Mission: m7, Segment: s3, Start: 1787862317.7362814
[INFO] [1787862317.742632658] [robot1.fragment_exec_node]: Simulating navigate skill from position (3, 6) to (5, 5) (5.656854249492381 seconds)...
[INFO] [1787862323.403323711] [robot1.fragment_exec_node]: Navigation completed!
[INFO] [1787862323.406549685] [robot1.fragment_exec_node]: EventType: Task, Activity: move_to, Robot: robot1, Mission: m7, Segment: s3, End: 1787862323.4048753
[INFO] [1787862323.408610337] [robot1.fragment_exec_node]: Executing task place(o3-7,scan_area). Params: {'x': 5, 'y': 5, 'weight': 3}, Virtual state: {'position': {'x': 5, 'y': 5, 'z': 0.0}, 'docked': False}
[INFO] [1787862323.410277398] [robot1.fragment_exec_node]: EventType: Control (Task: place), Activity: localize, Robot: robot1, Mission: m7, Segment: s3, Start: 1787862323.4092538
[INFO] [1787862323.411759060] [robot1.fragment_exec_node]: Simulating localize skill...
[INFO] [1787862328.415751993] [robot1.fragment_exec_node]: Localize completed!
[INFO] [1787862328.418303579] [robot1.fragment_exec_node]: EventType: Control (Task: place), Activity: localize, Robot: robot1, Mission: m7, Segment: s3, End: 1787862328.4168005
[INFO] [1787862328.420420974] [robot1.fragment_exec_node]: EventType: Task, Activity: place, Robot: robot1, Mission: m7, Segment: s3, Start: 1787862328.4190538
[INFO] [1787862328.422369231] [robot1.fragment_exec_node]: Simulating place skill...
[INFO] [1787862331.439094006] [robot1.fragment_exec_node]: Place completed!
[INFO] [1787862331.440385339] [robot1.fragment_exec_node]: EventType: Task, Activity: place, Robot: robot1, Mission: m7, Segment: s3, End: 1787862331.439609
[INFO] [1787862331.443939489] [robot1.fragment_exec_node]: Execution of fragment fm7-7 completed!
[INFO] [1787862332.247076238] [robot1.fragment_exec_node]: Received fragment assignment: {'robot': 'robot1', 'fragment': {'id': 'fm7-13', 'mission': 'm7', 'state': 'assigned', 'wait': [], 'tasks': [{'name': 'pick', 'label': 'pick(o5-7,shelf)', 'params': {'x': 4, 'y': 1, 'weight': 5}}, {'name': 'move_to', 'label': 'move_to(o5-7,scan_area)', 'params': {'x': 5, 'y': 5}}, {'name': 'place', 'label': 'place(o5-7,scan_area)', 'params': {'x': 5, 'y': 5, 'weight': 5}}], 'arrive_timestamp': 1787862245, 'priority': 1, 'segment': 's5'}}
[INFO] [1787862332.248102688] [robot1.fragment_exec_node]: Starting execution of fragment fm7-13...
[INFO] [1787862332.249480704] [robot1.fragment_exec_node]: Executing task pick(o5-7,shelf). Params: {'x': 4, 'y': 1, 'weight': 5}, Virtual state: {'position': {'x': 5, 'y': 5, 'z': 0.0}, 'docked': False}
[INFO] [1787862332.250147065] [robot1.fragment_exec_node]: EventType: Control (Task: pick), Activity: move_to, Robot: robot1, Mission: m7, Segment: s5, Start: 1787862332.2498298
[INFO] [1787862332.251373385] [robot1.fragment_exec_node]: Simulating navigate skill from position (5, 5) to (4, 1) (8.246211251235321 seconds)...
[INFO] [1787862340.502695549] [robot1.fragment_exec_node]: Navigation completed!
[INFO] [1787862340.505305053] [robot1.fragment_exec_node]: EventType: Control (Task: pick), Activity: move_to, Robot: robot1, Mission: m7, Segment: s5, End: 1787862340.503523
[INFO] [1787862340.507254222] [robot1.fragment_exec_node]: EventType: Control (Task: pick), Activity: localize, Robot: robot1, Mission: m7, Segment: s5, Start: 1787862340.5059917
[INFO] [1787862340.510687512] [robot1.fragment_exec_node]: Simulating localize skill...
[INFO] [1787862345.514225884] [robot1.fragment_exec_node]: Localize completed!
[INFO] [1787862345.515696179] [robot1.fragment_exec_node]: EventType: Control (Task: pick), Activity: localize, Robot: robot1, Mission: m7, Segment: s5, End: 1787862345.5146453
[INFO] [1787862345.517575532] [robot1.fragment_exec_node]: EventType: Task, Activity: pick, Robot: robot1, Mission: m7, Segment: s5, Start: 1787862345.516194
[INFO] [1787862345.518573031] [robot1.fragment_exec_node]: Simulating pick skill...
[INFO] [1787862350.522043736] [robot1.fragment_exec_node]: Pick completed!
[INFO] [1787862350.524187785] [robot1.fragment_exec_node]: EventType: Task, Activity: pick, Robot: robot1, Mission: m7, Segment: s5, End: 1787862350.5228174
[INFO] [1787862350.526824247] [robot1.fragment_exec_node]: Executing task move_to(o5-7,scan_area). Params: {'x': 5, 'y': 5}, Virtual state: {'position': {'x': 4, 'y': 1, 'z': 0.0}, 'docked': False}
[INFO] [1787862350.528393010] [robot1.fragment_exec_node]: EventType: Task, Activity: move_to, Robot: robot1, Mission: m7, Segment: s5, Start: 1787862350.5274754
[INFO] [1787862350.529690267] [robot1.fragment_exec_node]: Simulating navigate skill from position (4, 1) to (5, 5) (2.8284271247461903 seconds)...
[INFO] [1787862353.361013527] [robot1.fragment_exec_node]: Navigation completed!
[INFO] [1787862353.363613324] [robot1.fragment_exec_node]: EventType: Task, Activity: move_to, Robot: robot1, Mission: m7, Segment: s5, End: 1787862353.3623238
[INFO] [1787862353.366070358] [robot1.fragment_exec_node]: Executing task place(o5-7,scan_area). Params: {'x': 5, 'y': 5, 'weight': 5}, Virtual state: {'position': {'x': 5, 'y': 5, 'z': 0.0}, 'docked': False}
[INFO] [1787862353.368767357] [robot1.fragment_exec_node]: EventType: Control (Task: place), Activity: localize, Robot: robot1, Mission: m7, Segment: s5, Start: 1787862353.3667843
[INFO] [1787862353.370709630] [robot1.fragment_exec_node]: Simulating localize skill...
[INFO] [1787862358.374851591] [robot1.fragment_exec_node]: Localize completed!
[INFO] [1787862358.378121327] [robot1.fragment_exec_node]: EventType: Control (Task: place), Activity: localize, Robot: robot1, Mission: m7, Segment: s5, End: 1787862358.376111
[INFO] [1787862358.379954381] [robot1.fragment_exec_node]: EventType: Task, Activity: place, Robot: robot1, Mission: m7, Segment: s5, Start: 1787862358.3788426
[INFO] [1787862358.381690117] [robot1.fragment_exec_node]: Simulating place skill...
[INFO] [1787862363.385584256] [robot1.fragment_exec_node]: Place completed!
[INFO] [1787862363.388478502] [robot1.fragment_exec_node]: EventType: Task, Activity: place, Robot: robot1, Mission: m7, Segment: s5, End: 1787862363.3868752
[INFO] [1787862363.391741076] [robot1.fragment_exec_node]: Execution of fragment fm7-13 completed!
[INFO] [1787862364.227692761] [robot1.fragment_exec_node]: Received fragment assignment: {'robot': 'robot1', 'fragment': {'id': 'fm2-1', 'mission': 'm2', 'state': 'assigned', 'wait': [], 'tasks': [{'name': 'pick', 'label': 'pick(o1-2,shelf)', 'params': {'x': 1, 'y': 3, 'weight': 5}}, {'name': 'move_to', 'label': 'move_to(o1-2,scan_area)', 'params': {'x': 5, 'y': 5}}, {'name': 'place', 'label': 'place(o1-2,scan_area)', 'params': {'x': 5, 'y': 5, 'weight': 5}}], 'arrive_timestamp': 1787862243, 'priority': 1, 'segment': 's1'}}
[INFO] [1787862364.229549101] [robot1.fragment_exec_node]: Starting execution of fragment fm2-1...
[INFO] [1787862364.231382755] [robot1.fragment_exec_node]: Executing task pick(o1-2,shelf). Params: {'x': 1, 'y': 3, 'weight': 5}, Virtual state: {'position': {'x': 5, 'y': 5, 'z': 0.0}, 'docked': False}
[INFO] [1787862364.232604263] [robot1.fragment_exec_node]: EventType: Control (Task: pick), Activity: move_to, Robot: robot1, Mission: m2, Segment: s1, Start: 1787862364.2317507
[INFO] [1787862364.233681013] [robot1.fragment_exec_node]: Simulating navigate skill from position (5, 5) to (1, 3) (8.94427190999916 seconds)...
[INFO] [1787862373.183514569] [robot1.fragment_exec_node]: Navigation completed!
[INFO] [1787862373.185205137] [robot1.fragment_exec_node]: EventType: Control (Task: pick), Activity: move_to, Robot: robot1, Mission: m2, Segment: s1, End: 1787862373.1840715
[INFO] [1787862373.186774968] [robot1.fragment_exec_node]: EventType: Control (Task: pick), Activity: localize, Robot: robot1, Mission: m2, Segment: s1, Start: 1787862373.1856496
[INFO] [1787862373.188319761] [robot1.fragment_exec_node]: Simulating localize skill...
[INFO] [1787862378.190562597] [robot1.fragment_exec_node]: Localize completed!
[INFO] [1787862378.191706181] [robot1.fragment_exec_node]: EventType: Control (Task: pick), Activity: localize, Robot: robot1, Mission: m2, Segment: s1, End: 1787862378.1909213
[INFO] [1787862378.192705109] [robot1.fragment_exec_node]: EventType: Task, Activity: pick, Robot: robot1, Mission: m2, Segment: s1, Start: 1787862378.1920102
[INFO] [1787862378.193504154] [robot1.fragment_exec_node]: Simulating pick skill...
[INFO] [1787862383.196856362] [robot1.fragment_exec_node]: Pick completed!
[INFO] [1787862383.199630053] [robot1.fragment_exec_node]: EventType: Task, Activity: pick, Robot: robot1, Mission: m2, Segment: s1, End: 1787862383.1976848
[INFO] [1787862383.203720728] [robot1.fragment_exec_node]: Executing task move_to(o1-2,scan_area). Params: {'x': 5, 'y': 5}, Virtual state: {'position': {'x': 1, 'y': 3, 'z': 0.0}, 'docked': False}
[INFO] [1787862383.205343148] [robot1.fragment_exec_node]: EventType: Task, Activity: move_to, Robot: robot1, Mission: m2, Segment: s1, Start: 1787862383.2043757
[INFO] [1787862383.206841629] [robot1.fragment_exec_node]: Simulating navigate skill from position (1, 3) to (5, 5) (11.313708498984761 seconds)...
[INFO] [1787862394.523789875] [robot1.fragment_exec_node]: Navigation completed!
[INFO] [1787862394.526586532] [robot1.fragment_exec_node]: EventType: Task, Activity: move_to, Robot: robot1, Mission: m2, Segment: s1, End: 1787862394.5247319
[INFO] [1787862394.530075879] [robot1.fragment_exec_node]: Executing task place(o1-2,scan_area). Params: {'x': 5, 'y': 5, 'weight': 5}, Virtual state: {'position': {'x': 5, 'y': 5, 'z': 0.0}, 'docked': False}
[INFO] [1787862394.531604645] [robot1.fragment_exec_node]: EventType: Control (Task: place), Activity: localize, Robot: robot1, Mission: m2, Segment: s1, Start: 1787862394.5306492
[INFO] [1787862394.533125456] [robot1.fragment_exec_node]: Simulating localize skill...
[INFO] [1787862399.535242498] [robot1.fragment_exec_node]: Localize completed!
[INFO] [1787862399.536169692] [robot1.fragment_exec_node]: EventType: Control (Task: place), Activity: localize, Robot: robot1, Mission: m2, Segment: s1, End: 1787862399.5356014
[INFO] [1787862399.537071983] [robot1.fragment_exec_node]: EventType: Task, Activity: place, Robot: robot1, Mission: m2, Segment: s1, Start: 1787862399.5364745
[INFO] [1787862399.537939345] [robot1.fragment_exec_node]: Simulating place skill...
[INFO] [1787862404.541955243] [robot1.fragment_exec_node]: Place completed!
[INFO] [1787862404.543143373] [robot1.fragment_exec_node]: EventType: Task, Activity: place, Robot: robot1, Mission: m2, Segment: s1, End: 1787862404.5423768
[INFO] [1787862404.545381060] [robot1.fragment_exec_node]: Execution of fragment fm2-1 completed!
[INFO] [1787862405.233613761] [robot1.fragment_exec_node]: Received fragment assignment: {'robot': 'robot1', 'fragment': {'id': 'fm4-1', 'mission': 'm4', 'state': 'assigned', 'wait': [], 'tasks': [{'name': 'pick', 'label': 'pick(o1-4,shelf)', 'params': {'x': 2, 'y': 5, 'weight': 4}}, {'name': 'move_to', 'label': 'move_to(o1-4,scan_area)', 'params': {'x': 5, 'y': 5}}, {'name': 'place', 'label': 'place(o1-4,scan_area)', 'params': {'x': 5, 'y': 5, 'weight': 4}}], 'arrive_timestamp': 1787862333, 'priority': 1, 'segment': 's1'}}
[INFO] [1787862405.238425145] [robot1.fragment_exec_node]: Starting execution of fragment fm4-1...
[INFO] [1787862405.240038131] [robot1.fragment_exec_node]: Executing task pick(o1-4,shelf). Params: {'x': 2, 'y': 5, 'weight': 4}, Virtual state: {'position': {'x': 5, 'y': 5, 'z': 0.0}, 'docked': False}
[INFO] [1787862405.240973016] [robot1.fragment_exec_node]: EventType: Control (Task: pick), Activity: move_to, Robot: robot1, Mission: m4, Segment: s1, Start: 1787862405.2403362
[INFO] [1787862405.241812426] [robot1.fragment_exec_node]: Simulating navigate skill from position (5, 5) to (2, 5) (6.0 seconds)...
[INFO] [1787862411.244907990] [robot1.fragment_exec_node]: Navigation completed!
[INFO] [1787862411.246952695] [robot1.fragment_exec_node]: EventType: Control (Task: pick), Activity: move_to, Robot: robot1, Mission: m4, Segment: s1, End: 1787862411.2457795
[INFO] [1787862411.248542189] [robot1.fragment_exec_node]: EventType: Control (Task: pick), Activity: localize, Robot: robot1, Mission: m4, Segment: s1, Start: 1787862411.247374
[INFO] [1787862411.249937484] [robot1.fragment_exec_node]: Simulating localize skill...
[INFO] [1787862416.252207498] [robot1.fragment_exec_node]: Localize completed!
[INFO] [1787862416.253211431] [robot1.fragment_exec_node]: EventType: Control (Task: pick), Activity: localize, Robot: robot1, Mission: m4, Segment: s1, End: 1787862416.25259
[INFO] [1787862416.254010935] [robot1.fragment_exec_node]: EventType: Task, Activity: pick, Robot: robot1, Mission: m4, Segment: s1, Start: 1787862416.2534673
[INFO] [1787862416.254897934] [robot1.fragment_exec_node]: Simulating pick skill...
[INFO] [1787862420.256707154] [robot1.fragment_exec_node]: Pick completed!
[INFO] [1787862420.257558482] [robot1.fragment_exec_node]: EventType: Task, Activity: pick, Robot: robot1, Mission: m4, Segment: s1, End: 1787862420.2571795
[INFO] [1787862420.258408952] [robot1.fragment_exec_node]: Executing task move_to(o1-4,scan_area). Params: {'x': 5, 'y': 5}, Virtual state: {'position': {'x': 2, 'y': 5, 'z': 0.0}, 'docked': False}
[INFO] [1787862420.258982513] [robot1.fragment_exec_node]: EventType: Task, Activity: move_to, Robot: robot1, Mission: m4, Segment: s1, Start: 1787862420.2585807
[INFO] [1787862420.259518081] [robot1.fragment_exec_node]: Simulating navigate skill from position (2, 5) to (5, 5) (8.48528137423857 seconds)...
[INFO] [1787862428.746219890] [robot1.fragment_exec_node]: Navigation completed!
[INFO] [1787862428.747670344] [robot1.fragment_exec_node]: EventType: Task, Activity: move_to, Robot: robot1, Mission: m4, Segment: s1, End: 1787862428.7468395
[INFO] [1787862428.748878150] [robot1.fragment_exec_node]: Executing task place(o1-4,scan_area). Params: {'x': 5, 'y': 5, 'weight': 4}, Virtual state: {'position': {'x': 5, 'y': 5, 'z': 0.0}, 'docked': False}
[INFO] [1787862428.749868496] [robot1.fragment_exec_node]: EventType: Control (Task: place), Activity: localize, Robot: robot1, Mission: m4, Segment: s1, Start: 1787862428.749214
[INFO] [1787862428.750836815] [robot1.fragment_exec_node]: Simulating localize skill...
[INFO] [1787862433.753804499] [robot1.fragment_exec_node]: Localize completed!
[INFO] [1787862433.755946362] [robot1.fragment_exec_node]: EventType: Control (Task: place), Activity: localize, Robot: robot1, Mission: m4, Segment: s1, End: 1787862433.754489
[INFO] [1787862433.758004011] [robot1.fragment_exec_node]: EventType: Task, Activity: place, Robot: robot1, Mission: m4, Segment: s1, Start: 1787862433.7567635
[INFO] [1787862433.759935536] [robot1.fragment_exec_node]: Simulating place skill...
[INFO] [1787862437.763707880] [robot1.fragment_exec_node]: Place completed!
[INFO] [1787862437.766384867] [robot1.fragment_exec_node]: EventType: Task, Activity: place, Robot: robot1, Mission: m4, Segment: s1, End: 1787862437.764807
[INFO] [1787862437.769469801] [robot1.fragment_exec_node]: Execution of fragment fm4-1 completed!
[INFO] [1787862438.229584565] [robot1.fragment_exec_node]: Received fragment assignment: {'robot': 'robot1', 'fragment': {'id': 'fm2-6', 'mission': 'm2', 'state': 'assigned', 'wait': ['scan(o2-2)'], 'tasks': [{'name': 'pick', 'label': 'pick(o2-2,scan_area)', 'params': {'x': 5, 'y': 5, 'weight': 2}}, {'name': 'move_to', 'label': 'move_to(o2-2,pack_area)', 'params': {'x': 8, 'y': 8}}, {'name': 'place', 'label': 'place(o2-2,pack_area)', 'params': {'x': 8, 'y': 8, 'weight': 2}}], 'arrive_timestamp': 1787862243, 'priority': 1, 'segment': 's2'}}
[INFO] [1787862438.245480706] [robot1.fragment_exec_node]: Starting execution of fragment fm2-6...
[INFO] [1787862438.246672786] [robot1.fragment_exec_node]: Executing task pick(o2-2,scan_area). Params: {'x': 5, 'y': 5, 'weight': 2}, Virtual state: {'position': {'x': 5, 'y': 5, 'z': 0.0}, 'docked': False}
[INFO] [1787862438.248147564] [robot1.fragment_exec_node]: EventType: Control (Task: pick), Activity: localize, Robot: robot1, Mission: m2, Segment: s2, Start: 1787862438.2470071
[INFO] [1787862438.249097012] [robot1.fragment_exec_node]: Simulating localize skill...
[INFO] [1787862443.252409030] [robot1.fragment_exec_node]: Localize completed!
[INFO] [1787862443.255081095] [robot1.fragment_exec_node]: EventType: Control (Task: pick), Activity: localize, Robot: robot1, Mission: m2, Segment: s2, End: 1787862443.253493
[INFO] [1787862443.257764074] [robot1.fragment_exec_node]: EventType: Task, Activity: pick, Robot: robot1, Mission: m2, Segment: s2, Start: 1787862443.2559812
[INFO] [1787862443.259439366] [robot1.fragment_exec_node]: Simulating pick skill...
[INFO] [1787862445.269094575] [robot1.fragment_exec_node]: Pick completed!
[INFO] [1787862445.269681974] [robot1.fragment_exec_node]: EventType: Task, Activity: pick, Robot: robot1, Mission: m2, Segment: s2, End: 1787862445.2693965
[INFO] [1787862445.270432967] [robot1.fragment_exec_node]: Executing task move_to(o2-2,pack_area). Params: {'x': 8, 'y': 8}, Virtual state: {'position': {'x': 5, 'y': 5, 'z': 0.0}, 'docked': False}
[INFO] [1787862445.270903805] [robot1.fragment_exec_node]: EventType: Task, Activity: move_to, Robot: robot1, Mission: m2, Segment: s2, Start: 1787862445.2706063
[INFO] [1787862445.271403493] [robot1.fragment_exec_node]: Simulating navigate skill from position (5, 5) to (8, 8) (8.48528137423857 seconds)...
[INFO] [1787862453.760177441] [robot1.fragment_exec_node]: Navigation completed!
[INFO] [1787862453.762473448] [robot1.fragment_exec_node]: EventType: Task, Activity: move_to, Robot: robot1, Mission: m2, Segment: s2, End: 1787862453.7608323
[INFO] [1787862453.764919945] [robot1.fragment_exec_node]: Executing task place(o2-2,pack_area). Params: {'x': 8, 'y': 8, 'weight': 2}, Virtual state: {'position': {'x': 8, 'y': 8, 'z': 0.0}, 'docked': False}
[INFO] [1787862453.766347699] [robot1.fragment_exec_node]: EventType: Control (Task: place), Activity: localize, Robot: robot1, Mission: m2, Segment: s2, Start: 1787862453.7656147
[INFO] [1787862453.767496606] [robot1.fragment_exec_node]: Simulating localize skill...
[INFO] [1787862458.770596674] [robot1.fragment_exec_node]: Localize completed!
[INFO] [1787862458.773144523] [robot1.fragment_exec_node]: EventType: Control (Task: place), Activity: localize, Robot: robot1, Mission: m2, Segment: s2, End: 1787862458.7716742
[INFO] [1787862458.774842050] [robot1.fragment_exec_node]: EventType: Task, Activity: place, Robot: robot1, Mission: m2, Segment: s2, Start: 1787862458.773754
[INFO] [1787862458.776536778] [robot1.fragment_exec_node]: Simulating place skill...
[INFO] [1787862460.779444588] [robot1.fragment_exec_node]: Place completed!
[INFO] [1787862460.781071249] [robot1.fragment_exec_node]: EventType: Task, Activity: place, Robot: robot1, Mission: m2, Segment: s2, End: 1787862460.7802594
[INFO] [1787862460.783077900] [robot1.fragment_exec_node]: Execution of fragment fm2-6 completed!
[INFO] [1787862461.241157900] [robot1.fragment_exec_node]: Received fragment assignment: {'robot': 'robot1', 'fragment': {'id': 'fm6-4', 'mission': 'm6', 'state': 'assigned', 'wait': [], 'tasks': [{'name': 'pick', 'label': 'pick(o2-6,shelf)', 'params': {'x': 1, 'y': 3, 'weight': 3}}, {'name': 'move_to', 'label': 'move_to(o2-6,scan_area)', 'params': {'x': 5, 'y': 5}}, {'name': 'place', 'label': 'place(o2-6,scan_area)', 'params': {'x': 5, 'y': 5, 'weight': 3}}], 'arrive_timestamp': 1787862335, 'priority': 1, 'segment': 's2'}}
[INFO] [1787862461.243069931] [robot1.fragment_exec_node]: Starting execution of fragment fm6-4...
[INFO] [1787862461.244594365] [robot1.fragment_exec_node]: Executing task pick(o2-6,shelf). Params: {'x': 1, 'y': 3, 'weight': 3}, Virtual state: {'position': {'x': 8, 'y': 8, 'z': 0.0}, 'docked': False}
[INFO] [1787862461.246224765] [robot1.fragment_exec_node]: EventType: Control (Task: pick), Activity: move_to, Robot: robot1, Mission: m6, Segment: s2, Start: 1787862461.244927
[INFO] [1787862461.247524213] [robot1.fragment_exec_node]: Simulating navigate skill from position (8, 8) to (1, 3) (17.204650534085253 seconds)...
[INFO] [1787862478.455893207] [robot1.fragment_exec_node]: Navigation completed!
[INFO] [1787862478.457557965] [robot1.fragment_exec_node]: EventType: Control (Task: pick), Activity: move_to, Robot: robot1, Mission: m6, Segment: s2, End: 1787862478.4566495
[INFO] [1787862478.458827776] [robot1.fragment_exec_node]: EventType: Control (Task: pick), Activity: localize, Robot: robot1, Mission: m6, Segment: s2, Start: 1787862478.4580152
[INFO] [1787862478.459976594] [robot1.fragment_exec_node]: Simulating localize skill...
[INFO] [1787862483.462303504] [robot1.fragment_exec_node]: Localize completed!
[INFO] [1787862483.463398159] [robot1.fragment_exec_node]: EventType: Control (Task: pick), Activity: localize, Robot: robot1, Mission: m6, Segment: s2, End: 1787862483.4627953
[INFO] [1787862483.464153628] [robot1.fragment_exec_node]: EventType: Task, Activity: pick, Robot: robot1, Mission: m6, Segment: s2, Start: 1787862483.4636846
[INFO] [1787862483.464877779] [robot1.fragment_exec_node]: Simulating pick skill...
[INFO] [1787862486.467178698] [robot1.fragment_exec_node]: Pick completed!
[INFO] [1787862486.468461057] [robot1.fragment_exec_node]: EventType: Task, Activity: pick, Robot: robot1, Mission: m6, Segment: s2, End: 1787862486.4676874
[INFO] [1787862486.470452350] [robot1.fragment_exec_node]: Executing task move_to(o2-6,scan_area). Params: {'x': 5, 'y': 5}, Virtual state: {'position': {'x': 1, 'y': 3, 'z': 0.0}, 'docked': False}
[INFO] [1787862486.472332345] [robot1.fragment_exec_node]: EventType: Task, Activity: move_to, Robot: robot1, Mission: m6, Segment: s2, Start: 1787862486.4711988
[INFO] [1787862486.473809785] [robot1.fragment_exec_node]: Simulating navigate skill from position (1, 3) to (5, 5) (11.313708498984761 seconds)...
[INFO] [1787862497.793058108] [robot1.fragment_exec_node]: Navigation completed!
[INFO] [1787862497.794287850] [robot1.fragment_exec_node]: EventType: Task, Activity: move_to, Robot: robot1, Mission: m6, Segment: s2, End: 1787862497.793628
[INFO] [1787862497.795613451] [robot1.fragment_exec_node]: Executing task place(o2-6,scan_area). Params: {'x': 5, 'y': 5, 'weight': 3}, Virtual state: {'position': {'x': 5, 'y': 5, 'z': 0.0}, 'docked': False}
[INFO] [1787862497.796946512] [robot1.fragment_exec_node]: EventType: Control (Task: place), Activity: localize, Robot: robot1, Mission: m6, Segment: s2, Start: 1787862497.796174
[INFO] [1787862497.798797674] [robot1.fragment_exec_node]: Simulating localize skill...
[INFO] [1787862502.802690893] [robot1.fragment_exec_node]: Localize completed!
[INFO] [1787862502.805520560] [robot1.fragment_exec_node]: EventType: Control (Task: place), Activity: localize, Robot: robot1, Mission: m6, Segment: s2, End: 1787862502.8037758
[INFO] [1787862502.807031763] [robot1.fragment_exec_node]: EventType: Task, Activity: place, Robot: robot1, Mission: m6, Segment: s2, Start: 1787862502.8061337
[INFO] [1787862502.809242924] [robot1.fragment_exec_node]: Simulating place skill...
[INFO] [1787862505.814487628] [robot1.fragment_exec_node]: Place completed!
[INFO] [1787862505.818538602] [robot1.fragment_exec_node]: EventType: Task, Activity: place, Robot: robot1, Mission: m6, Segment: s2, End: 1787862505.816856
[INFO] [1787862505.820895596] [robot1.fragment_exec_node]: Execution of fragment fm6-4 completed!
[INFO] [1787862506.231762810] [robot1.fragment_exec_node]: Received fragment assignment: {'robot': 'robot1', 'fragment': {'id': 'fm6-10', 'mission': 'm6', 'state': 'assigned', 'wait': [], 'tasks': [{'name': 'pick', 'label': 'pick(o4-6,shelf)', 'params': {'x': 1, 'y': 1, 'weight': 4}}, {'name': 'move_to', 'label': 'move_to(o4-6,scan_area)', 'params': {'x': 5, 'y': 5}}, {'name': 'place', 'label': 'place(o4-6,scan_area)', 'params': {'x': 5, 'y': 5, 'weight': 4}}], 'arrive_timestamp': 1787862335, 'priority': 1, 'segment': 's4'}}
[INFO] [1787862506.233335903] [robot1.fragment_exec_node]: Starting execution of fragment fm6-10...
[INFO] [1787862506.235240936] [robot1.fragment_exec_node]: Executing task pick(o4-6,shelf). Params: {'x': 1, 'y': 1, 'weight': 4}, Virtual state: {'position': {'x': 5, 'y': 5, 'z': 0.0}, 'docked': False}
[INFO] [1787862506.236410144] [robot1.fragment_exec_node]: EventType: Control (Task: pick), Activity: move_to, Robot: robot1, Mission: m6, Segment: s4, Start: 1787862506.2356997
[INFO] [1787862506.237682395] [robot1.fragment_exec_node]: Simulating navigate skill from position (5, 5) to (1, 1) (11.313708498984761 seconds)...
[INFO] [1787862517.553482043] [robot1.fragment_exec_node]: Navigation completed!
[INFO] [1787862517.555857160] [robot1.fragment_exec_node]: EventType: Control (Task: pick), Activity: move_to, Robot: robot1, Mission: m6, Segment: s4, End: 1787862517.5548425
[INFO] [1787862517.556826175] [robot1.fragment_exec_node]: EventType: Control (Task: pick), Activity: localize, Robot: robot1, Mission: m6, Segment: s4, Start: 1787862517.5563705
[INFO] [1787862517.557588655] [robot1.fragment_exec_node]: Simulating localize skill...
[INFO] [1787862522.562886550] [robot1.fragment_exec_node]: Localize completed!
[INFO] [1787862522.565481339] [robot1.fragment_exec_node]: EventType: Control (Task: pick), Activity: localize, Robot: robot1, Mission: m6, Segment: s4, End: 1787862522.5640426
[INFO] [1787862522.567425406] [robot1.fragment_exec_node]: EventType: Task, Activity: pick, Robot: robot1, Mission: m6, Segment: s4, Start: 1787862522.5662646
[INFO] [1787862522.569132377] [robot1.fragment_exec_node]: Simulating pick skill...
[INFO] [1787862526.573335318] [robot1.fragment_exec_node]: Pick completed!
[INFO] [1787862526.576535519] [robot1.fragment_exec_node]: EventType: Task, Activity: pick, Robot: robot1, Mission: m6, Segment: s4, End: 1787862526.574727
[INFO] [1787862526.579725722] [robot1.fragment_exec_node]: Executing task move_to(o4-6,scan_area). Params: {'x': 5, 'y': 5}, Virtual state: {'position': {'x': 1, 'y': 1, 'z': 0.0}, 'docked': False}
[INFO] [1787862526.581686712] [robot1.fragment_exec_node]: EventType: Task, Activity: move_to, Robot: robot1, Mission: m6, Segment: s4, Start: 1787862526.580466
[INFO] [1787862526.583591003] [robot1.fragment_exec_node]: Simulating navigate skill from position (1, 1) to (5, 5) (11.313708498984761 seconds)...
[INFO] [1787862537.899096292] [robot1.fragment_exec_node]: Navigation completed!
[INFO] [1787862537.899769825] [robot1.fragment_exec_node]: EventType: Task, Activity: move_to, Robot: robot1, Mission: m6, Segment: s4, End: 1787862537.899405
[INFO] [1787862537.900406888] [robot1.fragment_exec_node]: Executing task place(o4-6,scan_area). Params: {'x': 5, 'y': 5, 'weight': 4}, Virtual state: {'position': {'x': 5, 'y': 5, 'z': 0.0}, 'docked': False}
[INFO] [1787862537.900997394] [robot1.fragment_exec_node]: EventType: Control (Task: place), Activity: localize, Robot: robot1, Mission: m6, Segment: s4, Start: 1787862537.9006574
[INFO] [1787862537.901568413] [robot1.fragment_exec_node]: Simulating localize skill...
[INFO] [1787862542.904902539] [robot1.fragment_exec_node]: Localize completed!
[INFO] [1787862542.908291284] [robot1.fragment_exec_node]: EventType: Control (Task: place), Activity: localize, Robot: robot1, Mission: m6, Segment: s4, End: 1787862542.9057744
[INFO] [1787862542.910988841] [robot1.fragment_exec_node]: EventType: Task, Activity: place, Robot: robot1, Mission: m6, Segment: s4, Start: 1787862542.9099567
[INFO] [1787862542.912932013] [robot1.fragment_exec_node]: Simulating place skill...
[INFO] [1787862546.914338955] [robot1.fragment_exec_node]: Place completed!
[INFO] [1787862546.915188703] [robot1.fragment_exec_node]: EventType: Task, Activity: place, Robot: robot1, Mission: m6, Segment: s4, End: 1787862546.9148002
[INFO] [1787862546.916232543] [robot1.fragment_exec_node]: Execution of fragment fm6-10 completed!
[INFO] [1787862558.226877429] [robot1.fragment_exec_node]: Received fragment assignment: {'robot': 'robot1', 'fragment': {'id': 'fm6-12', 'mission': 'm6', 'state': 'assigned', 'wait': ['scan(o4-6)'], 'tasks': [{'name': 'pick', 'label': 'pick(o4-6,scan_area)', 'params': {'x': 5, 'y': 5, 'weight': 4}}, {'name': 'move_to', 'label': 'move_to(o4-6,pack_area)', 'params': {'x': 8, 'y': 8}}, {'name': 'place', 'label': 'place(o4-6,pack_area)', 'params': {'x': 8, 'y': 8, 'weight': 4}}], 'arrive_timestamp': 1787862335, 'priority': 1, 'segment': 's4'}}
[INFO] [1787862558.229270507] [robot1.fragment_exec_node]: Starting execution of fragment fm6-12...
[INFO] [1787862558.230649431] [robot1.fragment_exec_node]: Executing task pick(o4-6,scan_area). Params: {'x': 5, 'y': 5, 'weight': 4}, Virtual state: {'position': {'x': 5, 'y': 5, 'z': 0.0}, 'docked': False}
[INFO] [1787862558.231850915] [robot1.fragment_exec_node]: EventType: Control (Task: pick), Activity: localize, Robot: robot1, Mission: m6, Segment: s4, Start: 1787862558.2311263
[INFO] [1787862558.233087426] [robot1.fragment_exec_node]: Simulating localize skill...
[INFO] [1787862563.236384684] [robot1.fragment_exec_node]: Localize completed!
[INFO] [1787862563.239118548] [robot1.fragment_exec_node]: EventType: Control (Task: pick), Activity: localize, Robot: robot1, Mission: m6, Segment: s4, End: 1787862563.2374938
[INFO] [1787862563.240608859] [robot1.fragment_exec_node]: EventType: Task, Activity: pick, Robot: robot1, Mission: m6, Segment: s4, Start: 1787862563.239741
[INFO] [1787862563.242306303] [robot1.fragment_exec_node]: Simulating pick skill...
[INFO] [1787862567.246155409] [robot1.fragment_exec_node]: Pick completed!
[INFO] [1787862567.249181046] [robot1.fragment_exec_node]: EventType: Task, Activity: pick, Robot: robot1, Mission: m6, Segment: s4, End: 1787862567.247236
[INFO] [1787862567.252829303] [robot1.fragment_exec_node]: Executing task move_to(o4-6,pack_area). Params: {'x': 8, 'y': 8}, Virtual state: {'position': {'x': 5, 'y': 5, 'z': 0.0}, 'docked': False}
[INFO] [1787862567.254552255] [robot1.fragment_exec_node]: EventType: Task, Activity: move_to, Robot: robot1, Mission: m6, Segment: s4, Start: 1787862567.2533762
[INFO] [1787862567.256603629] [robot1.fragment_exec_node]: Simulating navigate skill from position (5, 5) to (8, 8) (8.48528137423857 seconds)...
[INFO] [1787862575.745231547] [robot1.fragment_exec_node]: Navigation completed!
[INFO] [1787862575.748226245] [robot1.fragment_exec_node]: EventType: Task, Activity: move_to, Robot: robot1, Mission: m6, Segment: s4, End: 1787862575.7464023
[INFO] [1787862575.750279405] [robot1.fragment_exec_node]: Executing task place(o4-6,pack_area). Params: {'x': 8, 'y': 8, 'weight': 4}, Virtual state: {'position': {'x': 8, 'y': 8, 'z': 0.0}, 'docked': False}
[INFO] [1787862575.752070857] [robot1.fragment_exec_node]: EventType: Control (Task: place), Activity: localize, Robot: robot1, Mission: m6, Segment: s4, Start: 1787862575.750957
[INFO] [1787862575.753677601] [robot1.fragment_exec_node]: Simulating localize skill...
[INFO] [1787862580.757019107] [robot1.fragment_exec_node]: Localize completed!
[INFO] [1787862580.759415327] [robot1.fragment_exec_node]: EventType: Control (Task: place), Activity: localize, Robot: robot1, Mission: m6, Segment: s4, End: 1787862580.7580554
[INFO] [1787862580.761141692] [robot1.fragment_exec_node]: EventType: Task, Activity: place, Robot: robot1, Mission: m6, Segment: s4, Start: 1787862580.7600477
[INFO] [1787862580.763391392] [robot1.fragment_exec_node]: Simulating place skill...
[INFO] [1787862584.768183343] [robot1.fragment_exec_node]: Place completed!
[INFO] [1787862584.770680582] [robot1.fragment_exec_node]: EventType: Task, Activity: place, Robot: robot1, Mission: m6, Segment: s4, End: 1787862584.7692237
[INFO] [1787862584.773225167] [robot1.fragment_exec_node]: Execution of fragment fm6-12 completed!
Traceback (most recent call last):
  File "/root/ros2_ws/install/multi3_executor/lib/multi3_executor/executor", line 33, in <module>
    sys.exit(load_entry_point('multi3-executor==0.0.0', 'console_scripts', 'executor')())
  File "/root/ros2_ws/install/multi3_executor/lib/python3.10/site-packages/multi3_executor/nodes/executor.py", line 313, in main
    rclpy.shutdown()
  File "/opt/ros/humble/local/lib/python3.10/dist-packages/rclpy/__init__.py", line 130, in shutdown
    _shutdown(context=context)
  File "/opt/ros/humble/local/lib/python3.10/dist-packages/rclpy/utilities.py", line 58, in shutdown
    return context.shutdown()
  File "/opt/ros/humble/local/lib/python3.10/dist-packages/rclpy/context.py", line 102, in shutdown
    self.__context.shutdown()
rclpy._rclpy_pybind11.RCLError: failed to shutdown: rcl_shutdown already called on the given context, at ./src/rcl/init.c:241

--- executor_robot2.log ---
[INFO] [1787862128.904382168] [robot2.fragment_exec_node]: Setting up skill: UndockSkill
[INFO] [1787862128.906116209] [robot2.fragment_exec_node]: Setting up skill: PickSkill
[INFO] [1787862128.907166711] [robot2.fragment_exec_node]: Setting up skill: NavigateSkill
[INFO] [1787862128.908228826] [robot2.fragment_exec_node]: Setting up skill: PlaceSkill
[INFO] [1787862128.909139350] [robot2.fragment_exec_node]: Setting up skill: LocalizeSkill
[INFO] [1787862128.920073195] [robot2.fragment_exec_node]: Published robot registration: {'name': 'robot2', 'operational_state': 'idle', 'capabilities': ['pick', 'move_to', 'place', 'undock', 'localize'], 'state': {'position': {'x': 0.0, 'y': 0.0, 'z': 0.0}, 'docked': True}}
[INFO] [1787862154.253178805] [robot2.fragment_exec_node]: Received fragment assignment: {'robot': 'robot2', 'fragment': {'id': 'fm1-4', 'mission': 'm1', 'state': 'assigned', 'wait': [], 'tasks': [{'name': 'pick', 'label': 'pick(o2-1,shelf)', 'params': {'x': 2, 'y': 3, 'weight': 2}}, {'name': 'move_to', 'label': 'move_to(o2-1,scan_area)', 'params': {'x': 5, 'y': 5}}, {'name': 'place', 'label': 'place(o2-1,scan_area)', 'params': {'x': 5, 'y': 5, 'weight': 2}}], 'arrive_timestamp': 1787862140, 'priority': 1, 'segment': 's2'}}
[INFO] [1787862154.255019727] [robot2.fragment_exec_node]: Starting execution of fragment fm1-4...
[INFO] [1787862154.256182781] [robot2.fragment_exec_node]: Executing task pick(o2-1,shelf). Params: {'x': 2, 'y': 3, 'weight': 2}, Virtual state: {'position': {'x': 0.0, 'y': 0.0, 'z': 0.0}, 'docked': True}
[INFO] [1787862154.257165978] [robot2.fragment_exec_node]: EventType: Control (Task: pick), Activity: undock, Robot: robot2, Mission: m1, Segment: s2, Start: 1787862154.256442
[INFO] [1787862154.257846938] [robot2.fragment_exec_node]: Simulating undock skill...
[INFO] [1787862158.259787025] [robot2.fragment_exec_node]: Undock completed!
[INFO] [1787862158.260932870] [robot2.fragment_exec_node]: EventType: Control (Task: pick), Activity: undock, Robot: robot2, Mission: m1, Segment: s2, End: 1787862158.2605236
[INFO] [1787862158.261415171] [robot2.fragment_exec_node]: EventType: Control (Task: pick), Activity: move_to, Robot: robot2, Mission: m1, Segment: s2, Start: 1787862158.2611377
[INFO] [1787862158.262036340] [robot2.fragment_exec_node]: Simulating navigate skill from position (0.0, 0.0) to (2, 3) (7.211102550927978 seconds)...
[INFO] [1787862165.476262716] [robot2.fragment_exec_node]: Navigation completed!
[INFO] [1787862165.477670321] [robot2.fragment_exec_node]: EventType: Control (Task: pick), Activity: move_to, Robot: robot2, Mission: m1, Segment: s2, End: 1787862165.4769113
[INFO] [1787862165.479073357] [robot2.fragment_exec_node]: EventType: Control (Task: pick), Activity: localize, Robot: robot2, Mission: m1, Segment: s2, Start: 1787862165.4781818
[INFO] [1787862165.480219990] [robot2.fragment_exec_node]: Simulating localize skill...
[INFO] [1787862170.482371640] [robot2.fragment_exec_node]: Localize completed!
[INFO] [1787862170.483081953] [robot2.fragment_exec_node]: EventType: Control (Task: pick), Activity: localize, Robot: robot2, Mission: m1, Segment: s2, End: 1787862170.482709
[INFO] [1787862170.483612411] [robot2.fragment_exec_node]: EventType: Task, Activity: pick, Robot: robot2, Mission: m1, Segment: s2, Start: 1787862170.4833071
[INFO] [1787862170.484124233] [robot2.fragment_exec_node]: Simulating pick skill...
[INFO] [1787862172.485524547] [robot2.fragment_exec_node]: Pick completed!
[INFO] [1787862172.486460844] [robot2.fragment_exec_node]: EventType: Task, Activity: pick, Robot: robot2, Mission: m1, Segment: s2, End: 1787862172.485946
[INFO] [1787862172.487451658] [robot2.fragment_exec_node]: Executing task move_to(o2-1,scan_area). Params: {'x': 5, 'y': 5}, Virtual state: {'position': {'x': 2, 'y': 3, 'z': 0.0}, 'docked': False}
[INFO] [1787862172.488098922] [robot2.fragment_exec_node]: EventType: Task, Activity: move_to, Robot: robot2, Mission: m1, Segment: s2, Start: 1787862172.487726
[INFO] [1787862172.488908760] [robot2.fragment_exec_node]: Simulating navigate skill from position (2, 3) to (5, 5) (8.48528137423857 seconds)...
[INFO] [1787862180.977188506] [robot2.fragment_exec_node]: Navigation completed!
[INFO] [1787862180.978356852] [robot2.fragment_exec_node]: EventType: Task, Activity: move_to, Robot: robot2, Mission: m1, Segment: s2, End: 1787862180.977749
[INFO] [1787862180.979653960] [robot2.fragment_exec_node]: Executing task place(o2-1,scan_area). Params: {'x': 5, 'y': 5, 'weight': 2}, Virtual state: {'position': {'x': 5, 'y': 5, 'z': 0.0}, 'docked': False}
[INFO] [1787862180.981590944] [robot2.fragment_exec_node]: EventType: Control (Task: place), Activity: localize, Robot: robot2, Mission: m1, Segment: s2, Start: 1787862180.9801903
[INFO] [1787862180.983520957] [robot2.fragment_exec_node]: Simulating localize skill...
[INFO] [1787862185.987311635] [robot2.fragment_exec_node]: Localize completed!
[INFO] [1787862185.990281544] [robot2.fragment_exec_node]: EventType: Control (Task: place), Activity: localize, Robot: robot2, Mission: m1, Segment: s2, End: 1787862185.9883704
[INFO] [1787862185.992593852] [robot2.fragment_exec_node]: EventType: Task, Activity: place, Robot: robot2, Mission: m1, Segment: s2, Start: 1787862185.9912727
[INFO] [1787862185.994315666] [robot2.fragment_exec_node]: Simulating place skill...
[INFO] [1787862187.997427581] [robot2.fragment_exec_node]: Place completed!
[INFO] [1787862187.999425009] [robot2.fragment_exec_node]: EventType: Task, Activity: place, Robot: robot2, Mission: m1, Segment: s2, End: 1787862187.9982479
[INFO] [1787862188.001240809] [robot2.fragment_exec_node]: Execution of fragment fm1-4 completed!
[INFO] [1787862188.238597695] [robot2.fragment_exec_node]: Received fragment assignment: {'robot': 'robot2', 'fragment': {'id': 'fm3-7', 'mission': 'm3', 'state': 'assigned', 'wait': [], 'tasks': [{'name': 'pick', 'label': 'pick(o3-3,shelf)', 'params': {'x': 2, 'y': 8, 'weight': 5}}, {'name': 'move_to', 'label': 'move_to(o3-3,scan_area)', 'params': {'x': 5, 'y': 5}}, {'name': 'place', 'label': 'place(o3-3,scan_area)', 'params': {'x': 5, 'y': 5, 'weight': 5}}], 'arrive_timestamp': 1787862142, 'priority': 1, 'segment': 's3'}}
[INFO] [1787862188.239902186] [robot2.fragment_exec_node]: Starting execution of fragment fm3-7...
[INFO] [1787862188.241268478] [robot2.fragment_exec_node]: Executing task pick(o3-3,shelf). Params: {'x': 2, 'y': 8, 'weight': 5}, Virtual state: {'position': {'x': 5, 'y': 5, 'z': 0.0}, 'docked': False}
[INFO] [1787862188.242417873] [robot2.fragment_exec_node]: EventType: Control (Task: pick), Activity: move_to, Robot: robot2, Mission: m3, Segment: s3, Start: 1787862188.2415595
[INFO] [1787862188.243532280] [robot2.fragment_exec_node]: Simulating navigate skill from position (5, 5) to (2, 8) (8.48528137423857 seconds)...
[INFO] [1787862196.735114836] [robot2.fragment_exec_node]: Navigation completed!
[INFO] [1787862196.737657208] [robot2.fragment_exec_node]: EventType: Control (Task: pick), Activity: move_to, Robot: robot2, Mission: m3, Segment: s3, End: 1787862196.7359195
[INFO] [1787862196.740183555] [robot2.fragment_exec_node]: EventType: Control (Task: pick), Activity: localize, Robot: robot2, Mission: m3, Segment: s3, Start: 1787862196.738271
[INFO] [1787862196.742643368] [robot2.fragment_exec_node]: Simulating localize skill...
[INFO] [1787862201.746385206] [robot2.fragment_exec_node]: Localize completed!
[INFO] [1787862201.748170111] [robot2.fragment_exec_node]: EventType: Control (Task: pick), Activity: localize, Robot: robot2, Mission: m3, Segment: s3, End: 1787862201.747114
[INFO] [1787862201.749423923] [robot2.fragment_exec_node]: EventType: Task, Activity: pick, Robot: robot2, Mission: m3, Segment: s3, Start: 1787862201.7485435
[INFO] [1787862201.750503607] [robot2.fragment_exec_node]: Simulating pick skill...
[INFO] [1787862206.754402226] [robot2.fragment_exec_node]: Pick completed!
[INFO] [1787862206.756600507] [robot2.fragment_exec_node]: EventType: Task, Activity: pick, Robot: robot2, Mission: m3, Segment: s3, End: 1787862206.7550645
[INFO] [1787862206.758697920] [robot2.fragment_exec_node]: Executing task move_to(o3-3,scan_area). Params: {'x': 5, 'y': 5}, Virtual state: {'position': {'x': 2, 'y': 8, 'z': 0.0}, 'docked': False}
[INFO] [1787862206.760392032] [robot2.fragment_exec_node]: EventType: Task, Activity: move_to, Robot: robot2, Mission: m3, Segment: s3, Start: 1787862206.7595575
[INFO] [1787862206.761748542] [robot2.fragment_exec_node]: Simulating navigate skill from position (2, 8) to (5, 5) (8.48528137423857 seconds)...
[INFO] [1787862215.248428912] [robot2.fragment_exec_node]: Navigation completed!
[INFO] [1787862215.249261513] [robot2.fragment_exec_node]: EventType: Task, Activity: move_to, Robot: robot2, Mission: m3, Segment: s3, End: 1787862215.248696
[INFO] [1787862215.250076930] [robot2.fragment_exec_node]: Executing task place(o3-3,scan_area). Params: {'x': 5, 'y': 5, 'weight': 5}, Virtual state: {'position': {'x': 5, 'y': 5, 'z': 0.0}, 'docked': False}
[INFO] [1787862215.250641968] [robot2.fragment_exec_node]: EventType: Control (Task: place), Activity: localize, Robot: robot2, Mission: m3, Segment: s3, Start: 1787862215.250268
[INFO] [1787862215.251220007] [robot2.fragment_exec_node]: Simulating localize skill...
[INFO] [1787862220.252394457] [robot2.fragment_exec_node]: Localize completed!
[INFO] [1787862220.253188818] [robot2.fragment_exec_node]: EventType: Control (Task: place), Activity: localize, Robot: robot2, Mission: m3, Segment: s3, End: 1787862220.252809
[INFO] [1787862220.253968802] [robot2.fragment_exec_node]: EventType: Task, Activity: place, Robot: robot2, Mission: m3, Segment: s3, Start: 1787862220.2534804
[INFO] [1787862220.254641610] [robot2.fragment_exec_node]: Simulating place skill...
[INFO] [1787862225.259611701] [robot2.fragment_exec_node]: Place completed!
[INFO] [1787862225.260480444] [robot2.fragment_exec_node]: EventType: Task, Activity: place, Robot: robot2, Mission: m3, Segment: s3, End: 1787862225.26005
[INFO] [1787862225.261537246] [robot2.fragment_exec_node]: Execution of fragment fm3-7 completed!
[INFO] [1787862226.233968237] [robot2.fragment_exec_node]: Received fragment assignment: {'robot': 'robot2', 'fragment': {'id': 'fm3-6', 'mission': 'm3', 'state': 'assigned', 'wait': ['scan(o2-3)'], 'tasks': [{'name': 'pick', 'label': 'pick(o2-3,scan_area)', 'params': {'x': 5, 'y': 5, 'weight': 3}}, {'name': 'move_to', 'label': 'move_to(o2-3,pack_area)', 'params': {'x': 8, 'y': 8}}, {'name': 'place', 'label': 'place(o2-3,pack_area)', 'params': {'x': 8, 'y': 8, 'weight': 3}}], 'arrive_timestamp': 1787862142, 'priority': 1, 'segment': 's2'}}
[INFO] [1787862226.238161245] [robot2.fragment_exec_node]: Starting execution of fragment fm3-6...
[INFO] [1787862226.240344040] [robot2.fragment_exec_node]: Executing task pick(o2-3,scan_area). Params: {'x': 5, 'y': 5, 'weight': 3}, Virtual state: {'position': {'x': 5, 'y': 5, 'z': 0.0}, 'docked': False}
[INFO] [1787862226.242077523] [robot2.fragment_exec_node]: EventType: Control (Task: pick), Activity: localize, Robot: robot2, Mission: m3, Segment: s2, Start: 1787862226.2408967
[INFO] [1787862226.243396171] [robot2.fragment_exec_node]: Simulating localize skill...
[INFO] [1787862231.247141475] [robot2.fragment_exec_node]: Localize completed!
[INFO] [1787862231.249859869] [robot2.fragment_exec_node]: EventType: Control (Task: pick), Activity: localize, Robot: robot2, Mission: m3, Segment: s2, End: 1787862231.2481494
[INFO] [1787862231.252155765] [robot2.fragment_exec_node]: EventType: Task, Activity: pick, Robot: robot2, Mission: m3, Segment: s2, Start: 1787862231.2505367
[INFO] [1787862231.254495707] [robot2.fragment_exec_node]: Simulating pick skill...
[INFO] [1787862234.256535146] [robot2.fragment_exec_node]: Pick completed!
[INFO] [1787862234.257461107] [robot2.fragment_exec_node]: EventType: Task, Activity: pick, Robot: robot2, Mission: m3, Segment: s2, End: 1787862234.2570677
[INFO] [1787862234.259273292] [robot2.fragment_exec_node]: Executing task move_to(o2-3,pack_area). Params: {'x': 8, 'y': 8}, Virtual state: {'position': {'x': 5, 'y': 5, 'z': 0.0}, 'docked': False}
[INFO] [1787862234.260454106] [robot2.fragment_exec_node]: EventType: Task, Activity: move_to, Robot: robot2, Mission: m3, Segment: s2, Start: 1787862234.25962
[INFO] [1787862234.261465363] [robot2.fragment_exec_node]: Simulating navigate skill from position (5, 5) to (8, 8) (8.48528137423857 seconds)...
[INFO] [1787862242.749914949] [robot2.fragment_exec_node]: Navigation completed!
[INFO] [1787862242.752146036] [robot2.fragment_exec_node]: EventType: Task, Activity: move_to, Robot: robot2, Mission: m3, Segment: s2, End: 1787862242.7511246
[INFO] [1787862242.753961264] [robot2.fragment_exec_node]: Executing task place(o2-3,pack_area). Params: {'x': 8, 'y': 8, 'weight': 3}, Virtual state: {'position': {'x': 8, 'y': 8, 'z': 0.0}, 'docked': False}
[INFO] [1787862242.755454494] [robot2.fragment_exec_node]: EventType: Control (Task: place), Activity: localize, Robot: robot2, Mission: m3, Segment: s2, Start: 1787862242.754521
[INFO] [1787862242.756667268] [robot2.fragment_exec_node]: Simulating localize skill...
[INFO] [1787862247.760889945] [robot2.fragment_exec_node]: Localize completed!
[INFO] [1787862247.763794260] [robot2.fragment_exec_node]: EventType: Control (Task: place), Activity: localize, Robot: robot2, Mission: m3, Segment: s2, End: 1787862247.7620664
[INFO] [1787862247.766536798] [robot2.fragment_exec_node]: EventType: Task, Activity: place, Robot: robot2, Mission: m3, Segment: s2, Start: 1787862247.7647102
[INFO] [1787862247.768339119] [robot2.fragment_exec_node]: Simulating place skill...
[INFO] [1787862250.773458769] [robot2.fragment_exec_node]: Place completed!
[INFO] [1787862250.775869789] [robot2.fragment_exec_node]: EventType: Task, Activity: place, Robot: robot2, Mission: m3, Segment: s2, End: 1787862250.774726
[INFO] [1787862250.778646508] [robot2.fragment_exec_node]: Execution of fragment fm3-6 completed!
[INFO] [1787862251.237544135] [robot2.fragment_exec_node]: Received fragment assignment: {'robot': 'robot2', 'fragment': {'id': 'fm3-9', 'mission': 'm3', 'state': 'assigned', 'wait': ['scan(o3-3)'], 'tasks': [{'name': 'pick', 'label': 'pick(o3-3,scan_area)', 'params': {'x': 5, 'y': 5, 'weight': 5}}, {'name': 'move_to', 'label': 'move_to(o3-3,pack_area)', 'params': {'x': 8, 'y': 8}}, {'name': 'place', 'label': 'place(o3-3,pack_area)', 'params': {'x': 8, 'y': 8, 'weight': 5}}], 'arrive_timestamp': 1787862142, 'priority': 1, 'segment': 's3'}}
[INFO] [1787862251.238268166] [robot2.fragment_exec_node]: Starting execution of fragment fm3-9...
[INFO] [1787862251.239224182] [robot2.fragment_exec_node]: Executing task pick(o3-3,scan_area). Params: {'x': 5, 'y': 5, 'weight': 5}, Virtual state: {'position': {'x': 8, 'y': 8, 'z': 0.0}, 'docked': False}
[INFO] [1787862251.240092623] [robot2.fragment_exec_node]: EventType: Control (Task: pick), Activity: move_to, Robot: robot2, Mission: m3, Segment: s3, Start: 1787862251.2395098
[INFO] [1787862251.240616943] [robot2.fragment_exec_node]: Simulating navigate skill from position (8, 8) to (5, 5) (8.48528137423857 seconds)...
[INFO] [1787862259.730599299] [robot2.fragment_exec_node]: Navigation completed!
[INFO] [1787862259.733495927] [robot2.fragment_exec_node]: EventType: Control (Task: pick), Activity: move_to, Robot: robot2, Mission: m3, Segment: s3, End: 1787862259.732382
[INFO] [1787862259.734982015] [robot2.fragment_exec_node]: EventType: Control (Task: pick), Activity: localize, Robot: robot2, Mission: m3, Segment: s3, Start: 1787862259.734111
[INFO] [1787862259.736701364] [robot2.fragment_exec_node]: Simulating localize skill...
[INFO] [1787862264.740601638] [robot2.fragment_exec_node]: Localize completed!
[INFO] [1787862264.742949378] [robot2.fragment_exec_node]: EventType: Control (Task: pick), Activity: localize, Robot: robot2, Mission: m3, Segment: s3, End: 1787862264.7417452
[INFO] [1787862264.744735702] [robot2.fragment_exec_node]: EventType: Task, Activity: pick, Robot: robot2, Mission: m3, Segment: s3, Start: 1787862264.7436206
[INFO] [1787862264.746429021] [robot2.fragment_exec_node]: Simulating pick skill...
[INFO] [1787862269.750641442] [robot2.fragment_exec_node]: Pick completed!
[INFO] [1787862269.754562341] [robot2.fragment_exec_node]: EventType: Task, Activity: pick, Robot: robot2, Mission: m3, Segment: s3, End: 1787862269.752651
[INFO] [1787862269.757931151] [robot2.fragment_exec_node]: Executing task move_to(o3-3,pack_area). Params: {'x': 8, 'y': 8}, Virtual state: {'position': {'x': 5, 'y': 5, 'z': 0.0}, 'docked': False}
[INFO] [1787862269.759556083] [robot2.fragment_exec_node]: EventType: Task, Activity: move_to, Robot: robot2, Mission: m3, Segment: s3, Start: 1787862269.7584834
[INFO] [1787862269.761493770] [robot2.fragment_exec_node]: Simulating navigate skill from position (5, 5) to (8, 8) (8.48528137423857 seconds)...
[INFO] [1787862278.249390885] [robot2.fragment_exec_node]: Navigation completed!
[INFO] [1787862278.251189579] [robot2.fragment_exec_node]: EventType: Task, Activity: move_to, Robot: robot2, Mission: m3, Segment: s3, End: 1787862278.25002
[INFO] [1787862278.253460706] [robot2.fragment_exec_node]: Executing task place(o3-3,pack_area). Params: {'x': 8, 'y': 8, 'weight': 5}, Virtual state: {'position': {'x': 8, 'y': 8, 'z': 0.0}, 'docked': False}
[INFO] [1787862278.254842581] [robot2.fragment_exec_node]: EventType: Control (Task: place), Activity: localize, Robot: robot2, Mission: m3, Segment: s3, Start: 1787862278.253959
[INFO] [1787862278.256002381] [robot2.fragment_exec_node]: Simulating localize skill...
[INFO] [1787862283.259393677] [robot2.fragment_exec_node]: Localize completed!
[INFO] [1787862283.262581463] [robot2.fragment_exec_node]: EventType: Control (Task: place), Activity: localize, Robot: robot2, Mission: m3, Segment: s3, End: 1787862283.260987
[INFO] [1787862283.265588955] [robot2.fragment_exec_node]: EventType: Task, Activity: place, Robot: robot2, Mission: m3, Segment: s3, Start: 1787862283.2635002
[INFO] [1787862283.269527010] [robot2.fragment_exec_node]: Simulating place skill...
[INFO] [1787862288.275682034] [robot2.fragment_exec_node]: Place completed!
[INFO] [1787862288.276975435] [robot2.fragment_exec_node]: EventType: Task, Activity: place, Robot: robot2, Mission: m3, Segment: s3, End: 1787862288.2761066
[INFO] [1787862288.278117270] [robot2.fragment_exec_node]: Execution of fragment fm3-9 completed!
[INFO] [1787862289.238135665] [robot2.fragment_exec_node]: Received fragment assignment: {'robot': 'robot2', 'fragment': {'id': 'fm5-9', 'mission': 'm5', 'state': 'assigned', 'wait': ['scan(o3-5)'], 'tasks': [{'name': 'pick', 'label': 'pick(o3-5,scan_area)', 'params': {'x': 5, 'y': 5, 'weight': 5}}, {'name': 'move_to', 'label': 'move_to(o3-5,pack_area)', 'params': {'x': 8, 'y': 8}}, {'name': 'place', 'label': 'place(o3-5,pack_area)', 'params': {'x': 8, 'y': 8, 'weight': 5}}], 'arrive_timestamp': 1787862144, 'priority': 1, 'segment': 's3'}}
[INFO] [1787862289.239118506] [robot2.fragment_exec_node]: Starting execution of fragment fm5-9...
[INFO] [1787862289.240073245] [robot2.fragment_exec_node]: Executing task pick(o3-5,scan_area). Params: {'x': 5, 'y': 5, 'weight': 5}, Virtual state: {'position': {'x': 8, 'y': 8, 'z': 0.0}, 'docked': False}
[INFO] [1787862289.240930078] [robot2.fragment_exec_node]: EventType: Control (Task: pick), Activity: move_to, Robot: robot2, Mission: m5, Segment: s3, Start: 1787862289.2403462
[INFO] [1787862289.241909963] [robot2.fragment_exec_node]: Simulating navigate skill from position (8, 8) to (5, 5) (8.48528137423857 seconds)...
[INFO] [1787862297.730138150] [robot2.fragment_exec_node]: Navigation completed!
[INFO] [1787862297.736217405] [robot2.fragment_exec_node]: EventType: Control (Task: pick), Activity: move_to, Robot: robot2, Mission: m5, Segment: s3, End: 1787862297.7319922
[INFO] [1787862297.738576070] [robot2.fragment_exec_node]: EventType: Control (Task: pick), Activity: localize, Robot: robot2, Mission: m5, Segment: s3, Start: 1787862297.7371163
[INFO] [1787862297.739851062] [robot2.fragment_exec_node]: Simulating localize skill...
[INFO] [1787862302.741429398] [robot2.fragment_exec_node]: Localize completed!
[INFO] [1787862302.742103174] [robot2.fragment_exec_node]: EventType: Control (Task: pick), Activity: localize, Robot: robot2, Mission: m5, Segment: s3, End: 1787862302.7417488
[INFO] [1787862302.742870807] [robot2.fragment_exec_node]: EventType: Task, Activity: pick, Robot: robot2, Mission: m5, Segment: s3, Start: 1787862302.7425041
[INFO] [1787862302.743338235] [robot2.fragment_exec_node]: Simulating pick skill...
[INFO] [1787862307.747201847] [robot2.fragment_exec_node]: Pick completed!
[INFO] [1787862307.751379807] [robot2.fragment_exec_node]: EventType: Task, Activity: pick, Robot: robot2, Mission: m5, Segment: s3, End: 1787862307.7494946
[INFO] [1787862307.754360671] [robot2.fragment_exec_node]: Executing task move_to(o3-5,pack_area). Params: {'x': 8, 'y': 8}, Virtual state: {'position': {'x': 5, 'y': 5, 'z': 0.0}, 'docked': False}
[INFO] [1787862307.755993607] [robot2.fragment_exec_node]: EventType: Task, Activity: move_to, Robot: robot2, Mission: m5, Segment: s3, Start: 1787862307.7549593
[INFO] [1787862307.758286574] [robot2.fragment_exec_node]: Simulating navigate skill from position (5, 5) to (8, 8) (8.48528137423857 seconds)...
[INFO] [1787862316.246485009] [robot2.fragment_exec_node]: Navigation completed!
[INFO] [1787862316.247506037] [robot2.fragment_exec_node]: EventType: Task, Activity: move_to, Robot: robot2, Mission: m5, Segment: s3, End: 1787862316.2470412
[INFO] [1787862316.248938459] [robot2.fragment_exec_node]: Executing task place(o3-5,pack_area). Params: {'x': 8, 'y': 8, 'weight': 5}, Virtual state: {'position': {'x': 8, 'y': 8, 'z': 0.0}, 'docked': False}
[INFO] [1787862316.250063199] [robot2.fragment_exec_node]: EventType: Control (Task: place), Activity: localize, Robot: robot2, Mission: m5, Segment: s3, Start: 1787862316.2493587
[INFO] [1787862316.251015272] [robot2.fragment_exec_node]: Simulating localize skill...
[INFO] [1787862321.253437571] [robot2.fragment_exec_node]: Localize completed!
[INFO] [1787862321.255780671] [robot2.fragment_exec_node]: EventType: Control (Task: place), Activity: localize, Robot: robot2, Mission: m5, Segment: s3, End: 1787862321.2541049
[INFO] [1787862321.258509460] [robot2.fragment_exec_node]: EventType: Task, Activity: place, Robot: robot2, Mission: m5, Segment: s3, Start: 1787862321.2569249
[INFO] [1787862321.259595469] [robot2.fragment_exec_node]: Simulating place skill...
[INFO] [1787862326.262930515] [robot2.fragment_exec_node]: Place completed!
[INFO] [1787862326.265246386] [robot2.fragment_exec_node]: EventType: Task, Activity: place, Robot: robot2, Mission: m5, Segment: s3, End: 1787862326.263583
[INFO] [1787862326.267540340] [robot2.fragment_exec_node]: Execution of fragment fm5-9 completed!
[INFO] [1787862327.222811794] [robot2.fragment_exec_node]: Received fragment assignment: {'robot': 'robot2', 'fragment': {'id': 'fm7-10', 'mission': 'm7', 'state': 'assigned', 'wait': [], 'tasks': [{'name': 'pick', 'label': 'pick(o4-7,shelf)', 'params': {'x': 3, 'y': 7, 'weight': 2}}, {'name': 'move_to', 'label': 'move_to(o4-7,scan_area)', 'params': {'x': 5, 'y': 5}}, {'name': 'place', 'label': 'place(o4-7,scan_area)', 'params': {'x': 5, 'y': 5, 'weight': 2}}], 'arrive_timestamp': 1787862245, 'priority': 1, 'segment': 's4'}}
[INFO] [1787862327.223931008] [robot2.fragment_exec_node]: Starting execution of fragment fm7-10...
[INFO] [1787862327.225295187] [robot2.fragment_exec_node]: Executing task pick(o4-7,shelf). Params: {'x': 3, 'y': 7, 'weight': 2}, Virtual state: {'position': {'x': 8, 'y': 8, 'z': 0.0}, 'docked': False}
[INFO] [1787862327.226213091] [robot2.fragment_exec_node]: EventType: Control (Task: pick), Activity: move_to, Robot: robot2, Mission: m7, Segment: s4, Start: 1787862327.2256668
[INFO] [1787862327.227157515] [robot2.fragment_exec_node]: Simulating navigate skill from position (8, 8) to (3, 7) (10.198039027185569 seconds)...
[INFO] [1787862337.427575793] [robot2.fragment_exec_node]: Navigation completed!
[INFO] [1787862337.428892165] [robot2.fragment_exec_node]: EventType: Control (Task: pick), Activity: move_to, Robot: robot2, Mission: m7, Segment: s4, End: 1787862337.4281456
[INFO] [1787862337.429576870] [robot2.fragment_exec_node]: EventType: Control (Task: pick), Activity: localize, Robot: robot2, Mission: m7, Segment: s4, Start: 1787862337.429122
[INFO] [1787862337.430469461] [robot2.fragment_exec_node]: Simulating localize skill...
[INFO] [1787862342.435707467] [robot2.fragment_exec_node]: Localize completed!
[INFO] [1787862342.438532468] [robot2.fragment_exec_node]: EventType: Control (Task: pick), Activity: localize, Robot: robot2, Mission: m7, Segment: s4, End: 1787862342.436529
[INFO] [1787862342.440851662] [robot2.fragment_exec_node]: EventType: Task, Activity: pick, Robot: robot2, Mission: m7, Segment: s4, Start: 1787862342.4391341
[INFO] [1787862342.442400227] [robot2.fragment_exec_node]: Simulating pick skill...
[INFO] [1787862344.447674885] [robot2.fragment_exec_node]: Pick completed!
[INFO] [1787862344.451384286] [robot2.fragment_exec_node]: EventType: Task, Activity: pick, Robot: robot2, Mission: m7, Segment: s4, End: 1787862344.448857
[INFO] [1787862344.453629011] [robot2.fragment_exec_node]: Executing task move_to(o4-7,scan_area). Params: {'x': 5, 'y': 5}, Virtual state: {'position': {'x': 3, 'y': 7, 'z': 0.0}, 'docked': False}
[INFO] [1787862344.454864141] [robot2.fragment_exec_node]: EventType: Task, Activity: move_to, Robot: robot2, Mission: m7, Segment: s4, Start: 1787862344.454084
[INFO] [1787862344.455949058] [robot2.fragment_exec_node]: Simulating navigate skill from position (3, 7) to (5, 5) (5.656854249492381 seconds)...
[INFO] [1787862350.116968671] [robot2.fragment_exec_node]: Navigation completed!
[INFO] [1787862350.119624122] [robot2.fragment_exec_node]: EventType: Task, Activity: move_to, Robot: robot2, Mission: m7, Segment: s4, End: 1787862350.1176665
[INFO] [1787862350.122207538] [robot2.fragment_exec_node]: Executing task place(o4-7,scan_area). Params: {'x': 5, 'y': 5, 'weight': 2}, Virtual state: {'position': {'x': 5, 'y': 5, 'z': 0.0}, 'docked': False}
[INFO] [1787862350.123880561] [robot2.fragment_exec_node]: EventType: Control (Task: place), Activity: localize, Robot: robot2, Mission: m7, Segment: s4, Start: 1787862350.1226125
[INFO] [1787862350.125387185] [robot2.fragment_exec_node]: Simulating localize skill...
[INFO] [1787862355.127352205] [robot2.fragment_exec_node]: Localize completed!
[INFO] [1787862355.128606535] [robot2.fragment_exec_node]: EventType: Control (Task: place), Activity: localize, Robot: robot2, Mission: m7, Segment: s4, End: 1787862355.12783
[INFO] [1787862355.129612872] [robot2.fragment_exec_node]: EventType: Task, Activity: place, Robot: robot2, Mission: m7, Segment: s4, Start: 1787862355.1289093
[INFO] [1787862355.130541764] [robot2.fragment_exec_node]: Simulating place skill...
[INFO] [1787862357.132531948] [robot2.fragment_exec_node]: Place completed!
[INFO] [1787862357.133737630] [robot2.fragment_exec_node]: EventType: Task, Activity: place, Robot: robot2, Mission: m7, Segment: s4, End: 1787862357.1331103
[INFO] [1787862357.135739933] [robot2.fragment_exec_node]: Execution of fragment fm7-10 completed!
[INFO] [1787862357.238937259] [robot2.fragment_exec_node]: Received fragment assignment: {'robot': 'robot2', 'fragment': {'id': 'fm7-9', 'mission': 'm7', 'state': 'assigned', 'wait': ['scan(o3-7)'], 'tasks': [{'name': 'pick', 'label': 'pick(o3-7,scan_area)', 'params': {'x': 5, 'y': 5, 'weight': 3}}, {'name': 'move_to', 'label': 'move_to(o3-7,pack_area)', 'params': {'x': 8, 'y': 8}}, {'name': 'place', 'label': 'place(o3-7,pack_area)', 'params': {'x': 8, 'y': 8, 'weight': 3}}], 'arrive_timestamp': 1787862245, 'priority': 1, 'segment': 's3'}}
[INFO] [1787862357.244087874] [robot2.fragment_exec_node]: Starting execution of fragment fm7-9...
[INFO] [1787862357.245182042] [robot2.fragment_exec_node]: Executing task pick(o3-7,scan_area). Params: {'x': 5, 'y': 5, 'weight': 3}, Virtual state: {'position': {'x': 5, 'y': 5, 'z': 0.0}, 'docked': False}
[INFO] [1787862357.246112139] [robot2.fragment_exec_node]: EventType: Control (Task: pick), Activity: localize, Robot: robot2, Mission: m7, Segment: s3, Start: 1787862357.2455857
[INFO] [1787862357.246825433] [robot2.fragment_exec_node]: Simulating localize skill...
[INFO] [1787862362.250015328] [robot2.fragment_exec_node]: Localize completed!
[INFO] [1787862362.252760380] [robot2.fragment_exec_node]: EventType: Control (Task: pick), Activity: localize, Robot: robot2, Mission: m7, Segment: s3, End: 1787862362.251339
[INFO] [1787862362.255573633] [robot2.fragment_exec_node]: EventType: Task, Activity: pick, Robot: robot2, Mission: m7, Segment: s3, Start: 1787862362.2535331
[INFO] [1787862362.257161257] [robot2.fragment_exec_node]: Simulating pick skill...
[INFO] [1787862365.259904117] [robot2.fragment_exec_node]: Pick completed!
[INFO] [1787862365.261791152] [robot2.fragment_exec_node]: EventType: Task, Activity: pick, Robot: robot2, Mission: m7, Segment: s3, End: 1787862365.2606556
[INFO] [1787862365.263817002] [robot2.fragment_exec_node]: Executing task move_to(o3-7,pack_area). Params: {'x': 8, 'y': 8}, Virtual state: {'position': {'x': 5, 'y': 5, 'z': 0.0}, 'docked': False}
[INFO] [1787862365.265822848] [robot2.fragment_exec_node]: EventType: Task, Activity: move_to, Robot: robot2, Mission: m7, Segment: s3, Start: 1787862365.2644103
[INFO] [1787862365.268660610] [robot2.fragment_exec_node]: Simulating navigate skill from position (5, 5) to (8, 8) (8.48528137423857 seconds)...
[INFO] [1787862373.758201510] [robot2.fragment_exec_node]: Navigation completed!
[INFO] [1787862373.759993219] [robot2.fragment_exec_node]: EventType: Task, Activity: move_to, Robot: robot2, Mission: m7, Segment: s3, End: 1787862373.7588704
[INFO] [1787862373.762103114] [robot2.fragment_exec_node]: Executing task place(o3-7,pack_area). Params: {'x': 8, 'y': 8, 'weight': 3}, Virtual state: {'position': {'x': 8, 'y': 8, 'z': 0.0}, 'docked': False}
[INFO] [1787862373.764861363] [robot2.fragment_exec_node]: EventType: Control (Task: place), Activity: localize, Robot: robot2, Mission: m7, Segment: s3, Start: 1787862373.7628338
[INFO] [1787862373.767011009] [robot2.fragment_exec_node]: Simulating localize skill...
[INFO] [1787862378.770125213] [robot2.fragment_exec_node]: Localize completed!
[INFO] [1787862378.771760687] [robot2.fragment_exec_node]: EventType: Control (Task: place), Activity: localize, Robot: robot2, Mission: m7, Segment: s3, End: 1787862378.7706244
[INFO] [1787862378.772571671] [robot2.fragment_exec_node]: EventType: Task, Activity: place, Robot: robot2, Mission: m7, Segment: s3, Start: 1787862378.7720873
[INFO] [1787862378.773205704] [robot2.fragment_exec_node]: Simulating place skill...
[INFO] [1787862381.776899840] [robot2.fragment_exec_node]: Place completed!
[INFO] [1787862381.779821212] [robot2.fragment_exec_node]: EventType: Task, Activity: place, Robot: robot2, Mission: m7, Segment: s3, End: 1787862381.7779963
[INFO] [1787862381.782046555] [robot2.fragment_exec_node]: Execution of fragment fm7-9 completed!
[INFO] [1787862382.224468023] [robot2.fragment_exec_node]: Received fragment assignment: {'robot': 'robot2', 'fragment': {'id': 'fm7-15', 'mission': 'm7', 'state': 'assigned', 'wait': ['scan(o5-7)'], 'tasks': [{'name': 'pick', 'label': 'pick(o5-7,scan_area)', 'params': {'x': 5, 'y': 5, 'weight': 5}}, {'name': 'move_to', 'label': 'move_to(o5-7,pack_area)', 'params': {'x': 8, 'y': 8}}, {'name': 'place', 'label': 'place(o5-7,pack_area)', 'params': {'x': 8, 'y': 8, 'weight': 5}}], 'arrive_timestamp': 1787862245, 'priority': 1, 'segment': 's5'}}
[INFO] [1787862382.225895047] [robot2.fragment_exec_node]: Starting execution of fragment fm7-15...
[INFO] [1787862382.229180914] [robot2.fragment_exec_node]: Executing task pick(o5-7,scan_area). Params: {'x': 5, 'y': 5, 'weight': 5}, Virtual state: {'position': {'x': 8, 'y': 8, 'z': 0.0}, 'docked': False}
[INFO] [1787862382.230423992] [robot2.fragment_exec_node]: EventType: Control (Task: pick), Activity: move_to, Robot: robot2, Mission: m7, Segment: s5, Start: 1787862382.2298286
[INFO] [1787862382.231424177] [robot2.fragment_exec_node]: Simulating navigate skill from position (8, 8) to (5, 5) (8.48528137423857 seconds)...
[INFO] [1787862390.720053445] [robot2.fragment_exec_node]: Navigation completed!
[INFO] [1787862390.722459043] [robot2.fragment_exec_node]: EventType: Control (Task: pick), Activity: move_to, Robot: robot2, Mission: m7, Segment: s5, End: 1787862390.7207687
[INFO] [1787862390.725578178] [robot2.fragment_exec_node]: EventType: Control (Task: pick), Activity: localize, Robot: robot2, Mission: m7, Segment: s5, Start: 1787862390.7238095
[INFO] [1787862390.727071542] [robot2.fragment_exec_node]: Simulating localize skill...
[INFO] [1787862395.728959615] [robot2.fragment_exec_node]: Localize completed!
[INFO] [1787862395.729743464] [robot2.fragment_exec_node]: EventType: Control (Task: pick), Activity: localize, Robot: robot2, Mission: m7, Segment: s5, End: 1787862395.729324
[INFO] [1787862395.730539870] [robot2.fragment_exec_node]: EventType: Task, Activity: pick, Robot: robot2, Mission: m7, Segment: s5, Start: 1787862395.7300131
[INFO] [1787862395.731181250] [robot2.fragment_exec_node]: Simulating pick skill...
[INFO] [1787862400.734789567] [robot2.fragment_exec_node]: Pick completed!
[INFO] [1787862400.739235159] [robot2.fragment_exec_node]: EventType: Task, Activity: pick, Robot: robot2, Mission: m7, Segment: s5, End: 1787862400.7358184
[INFO] [1787862400.741873750] [robot2.fragment_exec_node]: Executing task move_to(o5-7,pack_area). Params: {'x': 8, 'y': 8}, Virtual state: {'position': {'x': 5, 'y': 5, 'z': 0.0}, 'docked': False}
[INFO] [1787862400.743725347] [robot2.fragment_exec_node]: EventType: Task, Activity: move_to, Robot: robot2, Mission: m7, Segment: s5, Start: 1787862400.7426322
[INFO] [1787862400.745022683] [robot2.fragment_exec_node]: Simulating navigate skill from position (5, 5) to (8, 8) (8.48528137423857 seconds)...
[INFO] [1787862409.233862183] [robot2.fragment_exec_node]: Navigation completed!
[INFO] [1787862409.234836292] [robot2.fragment_exec_node]: EventType: Task, Activity: move_to, Robot: robot2, Mission: m7, Segment: s5, End: 1787862409.2344604
[INFO] [1787862409.235719361] [robot2.fragment_exec_node]: Executing task place(o5-7,pack_area). Params: {'x': 8, 'y': 8, 'weight': 5}, Virtual state: {'position': {'x': 8, 'y': 8, 'z': 0.0}, 'docked': False}
[INFO] [1787862409.236756298] [robot2.fragment_exec_node]: EventType: Control (Task: place), Activity: localize, Robot: robot2, Mission: m7, Segment: s5, Start: 1787862409.236048
[INFO] [1787862409.237782038] [robot2.fragment_exec_node]: Simulating localize skill...
[INFO] [1787862414.241722096] [robot2.fragment_exec_node]: Localize completed!
[INFO] [1787862414.246148366] [robot2.fragment_exec_node]: EventType: Control (Task: place), Activity: localize, Robot: robot2, Mission: m7, Segment: s5, End: 1787862414.2444484
[INFO] [1787862414.248152684] [robot2.fragment_exec_node]: EventType: Task, Activity: place, Robot: robot2, Mission: m7, Segment: s5, Start: 1787862414.2470994
[INFO] [1787862414.249890295] [robot2.fragment_exec_node]: Simulating place skill...
[INFO] [1787862419.252920957] [robot2.fragment_exec_node]: Place completed!
[INFO] [1787862419.253874340] [robot2.fragment_exec_node]: EventType: Task, Activity: place, Robot: robot2, Mission: m7, Segment: s5, End: 1787862419.2533557
[INFO] [1787862419.254999683] [robot2.fragment_exec_node]: Execution of fragment fm7-15 completed!
[INFO] [1787862420.238611047] [robot2.fragment_exec_node]: Received fragment assignment: {'robot': 'robot2', 'fragment': {'id': 'fm2-3', 'mission': 'm2', 'state': 'assigned', 'wait': ['scan(o1-2)'], 'tasks': [{'name': 'pick', 'label': 'pick(o1-2,scan_area)', 'params': {'x': 5, 'y': 5, 'weight': 5}}, {'name': 'move_to', 'label': 'move_to(o1-2,pack_area)', 'params': {'x': 8, 'y': 8}}, {'name': 'place', 'label': 'place(o1-2,pack_area)', 'params': {'x': 8, 'y': 8, 'weight': 5}}], 'arrive_timestamp': 1787862243, 'priority': 1, 'segment': 's1'}}
[INFO] [1787862420.239832586] [robot2.fragment_exec_node]: Starting execution of fragment fm2-3...
[INFO] [1787862420.241027142] [robot2.fragment_exec_node]: Executing task pick(o1-2,scan_area). Params: {'x': 5, 'y': 5, 'weight': 5}, Virtual state: {'position': {'x': 8, 'y': 8, 'z': 0.0}, 'docked': False}
[INFO] [1787862420.242422480] [robot2.fragment_exec_node]: EventType: Control (Task: pick), Activity: move_to, Robot: robot2, Mission: m2, Segment: s1, Start: 1787862420.241538
[INFO] [1787862420.243715564] [robot2.fragment_exec_node]: Simulating navigate skill from position (8, 8) to (5, 5) (8.48528137423857 seconds)...
[INFO] [1787862428.731250621] [robot2.fragment_exec_node]: Navigation completed!
[INFO] [1787862428.732846717] [robot2.fragment_exec_node]: EventType: Control (Task: pick), Activity: move_to, Robot: robot2, Mission: m2, Segment: s1, End: 1787862428.7319574
[INFO] [1787862428.734082899] [robot2.fragment_exec_node]: EventType: Control (Task: pick), Activity: localize, Robot: robot2, Mission: m2, Segment: s1, Start: 1787862428.7331963
[INFO] [1787862428.735076873] [robot2.fragment_exec_node]: Simulating localize skill...
[INFO] [1787862433.737742654] [robot2.fragment_exec_node]: Localize completed!
[INFO] [1787862433.740896071] [robot2.fragment_exec_node]: EventType: Control (Task: pick), Activity: localize, Robot: robot2, Mission: m2, Segment: s1, End: 1787862433.7388923
[INFO] [1787862433.744891517] [robot2.fragment_exec_node]: EventType: Task, Activity: pick, Robot: robot2, Mission: m2, Segment: s1, Start: 1787862433.7419684
[INFO] [1787862433.746762069] [robot2.fragment_exec_node]: Simulating pick skill...
[INFO] [1787862438.750728864] [robot2.fragment_exec_node]: Pick completed!
[INFO] [1787862438.753617612] [robot2.fragment_exec_node]: EventType: Task, Activity: pick, Robot: robot2, Mission: m2, Segment: s1, End: 1787862438.7518272
[INFO] [1787862438.757492827] [robot2.fragment_exec_node]: Executing task move_to(o1-2,pack_area). Params: {'x': 8, 'y': 8}, Virtual state: {'position': {'x': 5, 'y': 5, 'z': 0.0}, 'docked': False}
[INFO] [1787862438.759716932] [robot2.fragment_exec_node]: EventType: Task, Activity: move_to, Robot: robot2, Mission: m2, Segment: s1, Start: 1787862438.7583113
[INFO] [1787862438.761911426] [robot2.fragment_exec_node]: Simulating navigate skill from position (5, 5) to (8, 8) (8.48528137423857 seconds)...
[INFO] [1787862447.250648715] [robot2.fragment_exec_node]: Navigation completed!
[INFO] [1787862447.252620970] [robot2.fragment_exec_node]: EventType: Task, Activity: move_to, Robot: robot2, Mission: m2, Segment: s1, End: 1787862447.2513518
[INFO] [1787862447.253958471] [robot2.fragment_exec_node]: Executing task place(o1-2,pack_area). Params: {'x': 8, 'y': 8, 'weight': 5}, Virtual state: {'position': {'x': 8, 'y': 8, 'z': 0.0}, 'docked': False}
[INFO] [1787862447.254889704] [robot2.fragment_exec_node]: EventType: Control (Task: place), Activity: localize, Robot: robot2, Mission: m2, Segment: s1, Start: 1787862447.254342
[INFO] [1787862447.255730608] [robot2.fragment_exec_node]: Simulating localize skill...
[INFO] [1787862452.257848117] [robot2.fragment_exec_node]: Localize completed!
[INFO] [1787862452.258512134] [robot2.fragment_exec_node]: EventType: Control (Task: place), Activity: localize, Robot: robot2, Mission: m2, Segment: s1, End: 1787862452.2581635
[INFO] [1787862452.259273252] [robot2.fragment_exec_node]: EventType: Task, Activity: place, Robot: robot2, Mission: m2, Segment: s1, Start: 1787862452.258865
[INFO] [1787862452.259815949] [robot2.fragment_exec_node]: Simulating place skill...
[INFO] [1787862457.264041358] [robot2.fragment_exec_node]: Place completed!
[INFO] [1787862457.265773403] [robot2.fragment_exec_node]: EventType: Task, Activity: place, Robot: robot2, Mission: m2, Segment: s1, End: 1787862457.264736
[INFO] [1787862457.268461159] [robot2.fragment_exec_node]: Execution of fragment fm2-3 completed!
[INFO] [1787862458.228070188] [robot2.fragment_exec_node]: Received fragment assignment: {'robot': 'robot2', 'fragment': {'id': 'fm4-3', 'mission': 'm4', 'state': 'assigned', 'wait': ['scan(o1-4)'], 'tasks': [{'name': 'pick', 'label': 'pick(o1-4,scan_area)', 'params': {'x': 5, 'y': 5, 'weight': 4}}, {'name': 'move_to', 'label': 'move_to(o1-4,pack_area)', 'params': {'x': 8, 'y': 8}}, {'name': 'place', 'label': 'place(o1-4,pack_area)', 'params': {'x': 8, 'y': 8, 'weight': 4}}], 'arrive_timestamp': 1787862333, 'priority': 1, 'segment': 's1'}}
[INFO] [1787862458.230065393] [robot2.fragment_exec_node]: Starting execution of fragment fm4-3...
[INFO] [1787862458.232529750] [robot2.fragment_exec_node]: Executing task pick(o1-4,scan_area). Params: {'x': 5, 'y': 5, 'weight': 4}, Virtual state: {'position': {'x': 8, 'y': 8, 'z': 0.0}, 'docked': False}
[INFO] [1787862458.233827723] [robot2.fragment_exec_node]: EventType: Control (Task: pick), Activity: move_to, Robot: robot2, Mission: m4, Segment: s1, Start: 1787862458.2330053
[INFO] [1787862458.234936448] [robot2.fragment_exec_node]: Simulating navigate skill from position (8, 8) to (5, 5) (8.48528137423857 seconds)...
[INFO] [1787862466.724577003] [robot2.fragment_exec_node]: Navigation completed!
[INFO] [1787862466.727951888] [robot2.fragment_exec_node]: EventType: Control (Task: pick), Activity: move_to, Robot: robot2, Mission: m4, Segment: s1, End: 1787862466.725788
[INFO] [1787862466.730730881] [robot2.fragment_exec_node]: EventType: Control (Task: pick), Activity: localize, Robot: robot2, Mission: m4, Segment: s1, Start: 1787862466.7286785
[INFO] [1787862466.732576250] [robot2.fragment_exec_node]: Simulating localize skill...
[INFO] [1787862471.737574986] [robot2.fragment_exec_node]: Localize completed!
[INFO] [1787862471.739477759] [robot2.fragment_exec_node]: EventType: Control (Task: pick), Activity: localize, Robot: robot2, Mission: m4, Segment: s1, End: 1787862471.738346
[INFO] [1787862471.740959612] [robot2.fragment_exec_node]: EventType: Task, Activity: pick, Robot: robot2, Mission: m4, Segment: s1, Start: 1787862471.7400792
[INFO] [1787862471.742120842] [robot2.fragment_exec_node]: Simulating pick skill...
[INFO] [1787862475.743887147] [robot2.fragment_exec_node]: Pick completed!
[INFO] [1787862475.745369010] [robot2.fragment_exec_node]: EventType: Task, Activity: pick, Robot: robot2, Mission: m4, Segment: s1, End: 1787862475.744587
[INFO] [1787862475.747448520] [robot2.fragment_exec_node]: Executing task move_to(o1-4,pack_area). Params: {'x': 8, 'y': 8}, Virtual state: {'position': {'x': 5, 'y': 5, 'z': 0.0}, 'docked': False}
[INFO] [1787862475.748951871] [robot2.fragment_exec_node]: EventType: Task, Activity: move_to, Robot: robot2, Mission: m4, Segment: s1, Start: 1787862475.7485495
[INFO] [1787862475.750036599] [robot2.fragment_exec_node]: Simulating navigate skill from position (5, 5) to (8, 8) (8.48528137423857 seconds)...
[INFO] [1787862484.237432642] [robot2.fragment_exec_node]: Navigation completed!
[INFO] [1787862484.238529476] [robot2.fragment_exec_node]: EventType: Task, Activity: move_to, Robot: robot2, Mission: m4, Segment: s1, End: 1787862484.2378707
[INFO] [1787862484.239738951] [robot2.fragment_exec_node]: Executing task place(o1-4,pack_area). Params: {'x': 8, 'y': 8, 'weight': 4}, Virtual state: {'position': {'x': 8, 'y': 8, 'z': 0.0}, 'docked': False}
[INFO] [1787862484.240913204] [robot2.fragment_exec_node]: EventType: Control (Task: place), Activity: localize, Robot: robot2, Mission: m4, Segment: s1, Start: 1787862484.2401898
[INFO] [1787862484.241895959] [robot2.fragment_exec_node]: Simulating localize skill...
[INFO] [1787862489.243546471] [robot2.fragment_exec_node]: Localize completed!
[INFO] [1787862489.244417066] [robot2.fragment_exec_node]: EventType: Control (Task: place), Activity: localize, Robot: robot2, Mission: m4, Segment: s1, End: 1787862489.2438738
[INFO] [1787862489.245082779] [robot2.fragment_exec_node]: EventType: Task, Activity: place, Robot: robot2, Mission: m4, Segment: s1, Start: 1787862489.2447395
[INFO] [1787862489.245668435] [robot2.fragment_exec_node]: Simulating place skill...
[INFO] [1787862493.251183642] [robot2.fragment_exec_node]: Place completed!
[INFO] [1787862493.252582777] [robot2.fragment_exec_node]: EventType: Task, Activity: place, Robot: robot2, Mission: m4, Segment: s1, End: 1787862493.2518682
[INFO] [1787862493.254036233] [robot2.fragment_exec_node]: Execution of fragment fm4-3 completed!
[INFO] [1787862494.231742687] [robot2.fragment_exec_node]: Received fragment assignment: {'robot': 'robot2', 'fragment': {'id': 'fm6-3', 'mission': 'm6', 'state': 'assigned', 'wait': ['scan(o1-6)'], 'tasks': [{'name': 'pick', 'label': 'pick(o1-6,scan_area)', 'params': {'x': 5, 'y': 5, 'weight': 10}}, {'name': 'move_to', 'label': 'move_to(o1-6,pack_area)', 'params': {'x': 8, 'y': 8}}, {'name': 'place', 'label': 'place(o1-6,pack_area)', 'params': {'x': 8, 'y': 8, 'weight': 10}}], 'arrive_timestamp': 1787862335, 'priority': 1, 'segment': 's1'}}
[INFO] [1787862494.233184585] [robot2.fragment_exec_node]: Starting execution of fragment fm6-3...
[INFO] [1787862494.234483796] [robot2.fragment_exec_node]: Executing task pick(o1-6,scan_area). Params: {'x': 5, 'y': 5, 'weight': 10}, Virtual state: {'position': {'x': 8, 'y': 8, 'z': 0.0}, 'docked': False}
[INFO] [1787862494.235823092] [robot2.fragment_exec_node]: EventType: Control (Task: pick), Activity: move_to, Robot: robot2, Mission: m6, Segment: s1, Start: 1787862494.234918
[INFO] [1787862494.237253715] [robot2.fragment_exec_node]: Simulating navigate skill from position (8, 8) to (5, 5) (8.48528137423857 seconds)...
[INFO] [1787862502.726922632] [robot2.fragment_exec_node]: Navigation completed!
[INFO] [1787862502.730384348] [robot2.fragment_exec_node]: EventType: Control (Task: pick), Activity: move_to, Robot: robot2, Mission: m6, Segment: s1, End: 1787862502.7280047
[INFO] [1787862502.732022886] [robot2.fragment_exec_node]: EventType: Control (Task: pick), Activity: localize, Robot: robot2, Mission: m6, Segment: s1, Start: 1787862502.7310927
[INFO] [1787862502.733978449] [robot2.fragment_exec_node]: Simulating localize skill...
[INFO] [1787862507.736023550] [robot2.fragment_exec_node]: Localize completed!
[INFO] [1787862507.737205411] [robot2.fragment_exec_node]: EventType: Control (Task: pick), Activity: localize, Robot: robot2, Mission: m6, Segment: s1, End: 1787862507.7365701
[INFO] [1787862507.737961866] [robot2.fragment_exec_node]: EventType: Task, Activity: pick, Robot: robot2, Mission: m6, Segment: s1, Start: 1787862507.7375107
[INFO] [1787862507.738731285] [robot2.fragment_exec_node]: Simulating pick skill...
[INFO] [1787862517.741442689] [robot2.fragment_exec_node]: Pick completed!
[INFO] [1787862517.743850284] [robot2.fragment_exec_node]: EventType: Task, Activity: pick, Robot: robot2, Mission: m6, Segment: s1, End: 1787862517.7429047
[INFO] [1787862517.745694924] [robot2.fragment_exec_node]: Executing task move_to(o1-6,pack_area). Params: {'x': 8, 'y': 8}, Virtual state: {'position': {'x': 5, 'y': 5, 'z': 0.0}, 'docked': False}
[INFO] [1787862517.747463085] [robot2.fragment_exec_node]: EventType: Task, Activity: move_to, Robot: robot2, Mission: m6, Segment: s1, Start: 1787862517.746204
[INFO] [1787862517.748714200] [robot2.fragment_exec_node]: Simulating navigate skill from position (5, 5) to (8, 8) (8.48528137423857 seconds)...
[INFO] [1787862526.236886982] [robot2.fragment_exec_node]: Navigation completed!
[INFO] [1787862526.238236603] [robot2.fragment_exec_node]: EventType: Task, Activity: move_to, Robot: robot2, Mission: m6, Segment: s1, End: 1787862526.2373977
[INFO] [1787862526.239663372] [robot2.fragment_exec_node]: Executing task place(o1-6,pack_area). Params: {'x': 8, 'y': 8, 'weight': 10}, Virtual state: {'position': {'x': 8, 'y': 8, 'z': 0.0}, 'docked': False}
[INFO] [1787862526.241267013] [robot2.fragment_exec_node]: EventType: Control (Task: place), Activity: localize, Robot: robot2, Mission: m6, Segment: s1, Start: 1787862526.2401924
[INFO] [1787862526.243278502] [robot2.fragment_exec_node]: Simulating localize skill...
[INFO] [1787862531.247023627] [robot2.fragment_exec_node]: Localize completed!
[INFO] [1787862531.250010405] [robot2.fragment_exec_node]: EventType: Control (Task: place), Activity: localize, Robot: robot2, Mission: m6, Segment: s1, End: 1787862531.2481408
[INFO] [1787862531.252089794] [robot2.fragment_exec_node]: EventType: Task, Activity: place, Robot: robot2, Mission: m6, Segment: s1, Start: 1787862531.2507336
[INFO] [1787862531.253570658] [robot2.fragment_exec_node]: Simulating place skill...
[INFO] [1787862541.256493931] [robot2.fragment_exec_node]: Place completed!
[INFO] [1787862541.258432990] [robot2.fragment_exec_node]: EventType: Task, Activity: place, Robot: robot2, Mission: m6, Segment: s1, End: 1787862541.2573304
[INFO] [1787862541.262152847] [robot2.fragment_exec_node]: Execution of fragment fm6-3 completed!
Traceback (most recent call last):
  File "/root/ros2_ws/install/multi3_executor/lib/multi3_executor/executor", line 33, in <module>
    sys.exit(load_entry_point('multi3-executor==0.0.0', 'console_scripts', 'executor')())
  File "/root/ros2_ws/install/multi3_executor/lib/python3.10/site-packages/multi3_executor/nodes/executor.py", line 313, in main
    rclpy.shutdown()
  File "/opt/ros/humble/local/lib/python3.10/dist-packages/rclpy/__init__.py", line 130, in shutdown
    _shutdown(context=context)
  File "/opt/ros/humble/local/lib/python3.10/dist-packages/rclpy/utilities.py", line 58, in shutdown
    return context.shutdown()
  File "/opt/ros/humble/local/lib/python3.10/dist-packages/rclpy/context.py", line 102, in shutdown
    self.__context.shutdown()
rclpy._rclpy_pybind11.RCLError: failed to shutdown: rcl_shutdown already called on the given context, at ./src/rcl/init.c:241

--- executor_robot3.log ---
[INFO] [1787862131.202156779] [robot3.fragment_exec_node]: Setting up skill: UndockSkill
[INFO] [1787862131.203120777] [robot3.fragment_exec_node]: Setting up skill: PickSkill
[INFO] [1787862131.203781588] [robot3.fragment_exec_node]: Setting up skill: NavigateSkill
[INFO] [1787862131.204556439] [robot3.fragment_exec_node]: Setting up skill: PlaceSkill
[INFO] [1787862131.205387998] [robot3.fragment_exec_node]: Setting up skill: LocalizeSkill
[INFO] [1787862131.212010035] [robot3.fragment_exec_node]: Published robot registration: {'name': 'robot3', 'operational_state': 'idle', 'capabilities': ['pick', 'move_to', 'place', 'undock', 'localize'], 'state': {'position': {'x': 0.0, 'y': 0.0, 'z': 0.0}, 'docked': True}}
[INFO] [1787862154.235465903] [robot3.fragment_exec_node]: Received fragment assignment: {'robot': 'robot3', 'fragment': {'id': 'fm3-1', 'mission': 'm3', 'state': 'assigned', 'wait': [], 'tasks': [{'name': 'pick', 'label': 'pick(o1-3,shelf)', 'params': {'x': 2, 'y': 5, 'weight': 4}}, {'name': 'move_to', 'label': 'move_to(o1-3,scan_area)', 'params': {'x': 5, 'y': 5}}, {'name': 'place', 'label': 'place(o1-3,scan_area)', 'params': {'x': 5, 'y': 5, 'weight': 4}}], 'arrive_timestamp': 1787862142, 'priority': 1, 'segment': 's1'}}
[INFO] [1787862154.238760983] [robot3.fragment_exec_node]: Starting execution of fragment fm3-1...
[INFO] [1787862154.243747077] [robot3.fragment_exec_node]: Executing task pick(o1-3,shelf). Params: {'x': 2, 'y': 5, 'weight': 4}, Virtual state: {'position': {'x': 0.0, 'y': 0.0, 'z': 0.0}, 'docked': True}
[INFO] [1787862154.245255234] [robot3.fragment_exec_node]: EventType: Control (Task: pick), Activity: undock, Robot: robot3, Mission: m3, Segment: s1, Start: 1787862154.2441077
[INFO] [1787862154.246303472] [robot3.fragment_exec_node]: Simulating undock skill...
[INFO] [1787862158.248173955] [robot3.fragment_exec_node]: Undock completed!
[INFO] [1787862158.248992396] [robot3.fragment_exec_node]: EventType: Control (Task: pick), Activity: undock, Robot: robot3, Mission: m3, Segment: s1, End: 1787862158.248575
[INFO] [1787862158.249607841] [robot3.fragment_exec_node]: EventType: Control (Task: pick), Activity: move_to, Robot: robot3, Mission: m3, Segment: s1, Start: 1787862158.2492244
[INFO] [1787862158.250340749] [robot3.fragment_exec_node]: Simulating navigate skill from position (0.0, 0.0) to (2, 5) (10.770329614269007 seconds)...
[INFO] [1787862169.023563704] [robot3.fragment_exec_node]: Navigation completed!
[INFO] [1787862169.025036236] [robot3.fragment_exec_node]: EventType: Control (Task: pick), Activity: move_to, Robot: robot3, Mission: m3, Segment: s1, End: 1787862169.0239964
[INFO] [1787862169.025875259] [robot3.fragment_exec_node]: EventType: Control (Task: pick), Activity: localize, Robot: robot3, Mission: m3, Segment: s1, Start: 1787862169.0253825
[INFO] [1787862169.026679312] [robot3.fragment_exec_node]: Simulating localize skill...
[INFO] [1787862174.029845713] [robot3.fragment_exec_node]: Localize completed!
[INFO] [1787862174.033115036] [robot3.fragment_exec_node]: EventType: Control (Task: pick), Activity: localize, Robot: robot3, Mission: m3, Segment: s1, End: 1787862174.0311422
[INFO] [1787862174.035658148] [robot3.fragment_exec_node]: EventType: Task, Activity: pick, Robot: robot3, Mission: m3, Segment: s1, Start: 1787862174.0341763
[INFO] [1787862174.037425816] [robot3.fragment_exec_node]: Simulating pick skill...
[INFO] [1787862178.039608804] [robot3.fragment_exec_node]: Pick completed!
[INFO] [1787862178.041128717] [robot3.fragment_exec_node]: EventType: Task, Activity: pick, Robot: robot3, Mission: m3, Segment: s1, End: 1787862178.0402575
[INFO] [1787862178.042571612] [robot3.fragment_exec_node]: Executing task move_to(o1-3,scan_area). Params: {'x': 5, 'y': 5}, Virtual state: {'position': {'x': 2, 'y': 5, 'z': 0.0}, 'docked': False}
[INFO] [1787862178.043568780] [robot3.fragment_exec_node]: EventType: Task, Activity: move_to, Robot: robot3, Mission: m3, Segment: s1, Start: 1787862178.043033
[INFO] [1787862178.044648135] [robot3.fragment_exec_node]: Simulating navigate skill from position (2, 5) to (5, 5) (8.48528137423857 seconds)...
[INFO] [1787862186.533559316] [robot3.fragment_exec_node]: Navigation completed!
[INFO] [1787862186.534895628] [robot3.fragment_exec_node]: EventType: Task, Activity: move_to, Robot: robot3, Mission: m3, Segment: s1, End: 1787862186.5341156
[INFO] [1787862186.536300732] [robot3.fragment_exec_node]: Executing task place(o1-3,scan_area). Params: {'x': 5, 'y': 5, 'weight': 4}, Virtual state: {'position': {'x': 5, 'y': 5, 'z': 0.0}, 'docked': False}
[INFO] [1787862186.538496537] [robot3.fragment_exec_node]: EventType: Control (Task: place), Activity: localize, Robot: robot3, Mission: m3, Segment: s1, Start: 1787862186.5369518
[INFO] [1787862186.540253812] [robot3.fragment_exec_node]: Simulating localize skill...
[INFO] [1787862191.543307322] [robot3.fragment_exec_node]: Localize completed!
[INFO] [1787862191.544644164] [robot3.fragment_exec_node]: EventType: Control (Task: place), Activity: localize, Robot: robot3, Mission: m3, Segment: s1, End: 1787862191.543907
[INFO] [1787862191.546031269] [robot3.fragment_exec_node]: EventType: Task, Activity: place, Robot: robot3, Mission: m3, Segment: s1, Start: 1787862191.5451167
[INFO] [1787862191.547472740] [robot3.fragment_exec_node]: Simulating place skill...
[INFO] [1787862195.551280922] [robot3.fragment_exec_node]: Place completed!
[INFO] [1787862195.553328173] [robot3.fragment_exec_node]: EventType: Task, Activity: place, Robot: robot3, Mission: m3, Segment: s1, End: 1787862195.5521004
[INFO] [1787862195.556027994] [robot3.fragment_exec_node]: Execution of fragment fm3-1 completed!
[INFO] [1787862196.230955646] [robot3.fragment_exec_node]: Received fragment assignment: {'robot': 'robot3', 'fragment': {'id': 'fm5-4', 'mission': 'm5', 'state': 'assigned', 'wait': [], 'tasks': [{'name': 'pick', 'label': 'pick(o2-5,shelf)', 'params': {'x': 5, 'y': 2, 'weight': 3}}, {'name': 'move_to', 'label': 'move_to(o2-5,scan_area)', 'params': {'x': 5, 'y': 5}}, {'name': 'place', 'label': 'place(o2-5,scan_area)', 'params': {'x': 5, 'y': 5, 'weight': 3}}], 'arrive_timestamp': 1787862144, 'priority': 1, 'segment': 's2'}}
[INFO] [1787862196.231982412] [robot3.fragment_exec_node]: Starting execution of fragment fm5-4...
[INFO] [1787862196.233097925] [robot3.fragment_exec_node]: Executing task pick(o2-5,shelf). Params: {'x': 5, 'y': 2, 'weight': 3}, Virtual state: {'position': {'x': 5, 'y': 5, 'z': 0.0}, 'docked': False}
[INFO] [1787862196.234188587] [robot3.fragment_exec_node]: EventType: Control (Task: pick), Activity: move_to, Robot: robot3, Mission: m5, Segment: s2, Start: 1787862196.2333894
[INFO] [1787862196.235077472] [robot3.fragment_exec_node]: Simulating navigate skill from position (5, 5) to (5, 2) (6.0 seconds)...
[INFO] [1787862202.236864478] [robot3.fragment_exec_node]: Navigation completed!
[INFO] [1787862202.237886176] [robot3.fragment_exec_node]: EventType: Control (Task: pick), Activity: move_to, Robot: robot3, Mission: m5, Segment: s2, End: 1787862202.2371924
[INFO] [1787862202.239281655] [robot3.fragment_exec_node]: EventType: Control (Task: pick), Activity: localize, Robot: robot3, Mission: m5, Segment: s2, Start: 1787862202.2381144
[INFO] [1787862202.240085045] [robot3.fragment_exec_node]: Simulating localize skill...
[INFO] [1787862207.241245785] [robot3.fragment_exec_node]: Localize completed!
[INFO] [1787862207.242016200] [robot3.fragment_exec_node]: EventType: Control (Task: pick), Activity: localize, Robot: robot3, Mission: m5, Segment: s2, End: 1787862207.2415426
[INFO] [1787862207.242472871] [robot3.fragment_exec_node]: EventType: Task, Activity: pick, Robot: robot3, Mission: m5, Segment: s2, Start: 1787862207.2421188
[INFO] [1787862207.243350444] [robot3.fragment_exec_node]: Simulating pick skill...
[INFO] [1787862210.244467407] [robot3.fragment_exec_node]: Pick completed!
[INFO] [1787862210.245439072] [robot3.fragment_exec_node]: EventType: Task, Activity: pick, Robot: robot3, Mission: m5, Segment: s2, End: 1787862210.2446108
[INFO] [1787862210.246363474] [robot3.fragment_exec_node]: Executing task move_to(o2-5,scan_area). Params: {'x': 5, 'y': 5}, Virtual state: {'position': {'x': 5, 'y': 2, 'z': 0.0}, 'docked': False}
[INFO] [1787862210.247271062] [robot3.fragment_exec_node]: EventType: Task, Activity: move_to, Robot: robot3, Mission: m5, Segment: s2, Start: 1787862210.2468019
[INFO] [1787862210.247957229] [robot3.fragment_exec_node]: Simulating navigate skill from position (5, 2) to (5, 5) (0.0 seconds)...
[INFO] [1787862210.248444341] [robot3.fragment_exec_node]: Navigation completed!
[INFO] [1787862210.248991304] [robot3.fragment_exec_node]: EventType: Task, Activity: move_to, Robot: robot3, Mission: m5, Segment: s2, End: 1787862210.2485704
[INFO] [1787862210.250091492] [robot3.fragment_exec_node]: Executing task place(o2-5,scan_area). Params: {'x': 5, 'y': 5, 'weight': 3}, Virtual state: {'position': {'x': 5, 'y': 5, 'z': 0.0}, 'docked': False}
[INFO] [1787862210.250644563] [robot3.fragment_exec_node]: EventType: Control (Task: place), Activity: localize, Robot: robot3, Mission: m5, Segment: s2, Start: 1787862210.2503304
[INFO] [1787862210.251174363] [robot3.fragment_exec_node]: Simulating localize skill...
[INFO] [1787862215.252235609] [robot3.fragment_exec_node]: Localize completed!
[INFO] [1787862215.252862475] [robot3.fragment_exec_node]: EventType: Control (Task: place), Activity: localize, Robot: robot3, Mission: m5, Segment: s2, End: 1787862215.2524247
[INFO] [1787862215.253429240] [robot3.fragment_exec_node]: EventType: Task, Activity: place, Robot: robot3, Mission: m5, Segment: s2, Start: 1787862215.253043
[INFO] [1787862215.253955176] [robot3.fragment_exec_node]: Simulating place skill...
[INFO] [1787862218.257714832] [robot3.fragment_exec_node]: Place completed!
[INFO] [1787862218.259964980] [robot3.fragment_exec_node]: EventType: Task, Activity: place, Robot: robot3, Mission: m5, Segment: s2, End: 1787862218.258941
[INFO] [1787862218.262435959] [robot3.fragment_exec_node]: Execution of fragment fm5-4 completed!
[INFO] [1787862219.229193459] [robot3.fragment_exec_node]: Received fragment assignment: {'robot': 'robot3', 'fragment': {'id': 'fm1-3', 'mission': 'm1', 'state': 'assigned', 'wait': ['scan(o1-1)'], 'tasks': [{'name': 'pick', 'label': 'pick(o1-1,scan_area)', 'params': {'x': 5, 'y': 5, 'weight': 8}}, {'name': 'move_to', 'label': 'move_to(o1-1,pack_area)', 'params': {'x': 8, 'y': 8}}, {'name': 'place', 'label': 'place(o1-1,pack_area)', 'params': {'x': 8, 'y': 8, 'weight': 8}}], 'arrive_timestamp': 1787862140, 'priority': 1, 'segment': 's1'}}
[INFO] [1787862219.230506821] [robot3.fragment_exec_node]: Starting execution of fragment fm1-3...
[INFO] [1787862219.232408178] [robot3.fragment_exec_node]: Executing task pick(o1-1,scan_area). Params: {'x': 5, 'y': 5, 'weight': 8}, Virtual state: {'position': {'x': 5, 'y': 5, 'z': 0.0}, 'docked': False}
[INFO] [1787862219.233698972] [robot3.fragment_exec_node]: EventType: Control (Task: pick), Activity: localize, Robot: robot3, Mission: m1, Segment: s1, Start: 1787862219.2329228
[INFO] [1787862219.235588405] [robot3.fragment_exec_node]: Simulating localize skill...
[INFO] [1787862224.238816878] [robot3.fragment_exec_node]: Localize completed!
[INFO] [1787862224.239910087] [robot3.fragment_exec_node]: EventType: Control (Task: pick), Activity: localize, Robot: robot3, Mission: m1, Segment: s1, End: 1787862224.2393436
[INFO] [1787862224.240862068] [robot3.fragment_exec_node]: EventType: Task, Activity: pick, Robot: robot3, Mission: m1, Segment: s1, Start: 1787862224.2403328
[INFO] [1787862224.241706894] [robot3.fragment_exec_node]: Simulating pick skill...
[INFO] [1787862232.245745069] [robot3.fragment_exec_node]: Pick completed!
[INFO] [1787862232.248210691] [robot3.fragment_exec_node]: EventType: Task, Activity: pick, Robot: robot3, Mission: m1, Segment: s1, End: 1787862232.2470849
[INFO] [1787862232.250414233] [robot3.fragment_exec_node]: Executing task move_to(o1-1,pack_area). Params: {'x': 8, 'y': 8}, Virtual state: {'position': {'x': 5, 'y': 5, 'z': 0.0}, 'docked': False}
[INFO] [1787862232.252037045] [robot3.fragment_exec_node]: EventType: Task, Activity: move_to, Robot: robot3, Mission: m1, Segment: s1, Start: 1787862232.2510023
[INFO] [1787862232.254254996] [robot3.fragment_exec_node]: Simulating navigate skill from position (5, 5) to (8, 8) (8.48528137423857 seconds)...
[INFO] [1787862240.743562386] [robot3.fragment_exec_node]: Navigation completed!
[INFO] [1787862240.747786051] [robot3.fragment_exec_node]: EventType: Task, Activity: move_to, Robot: robot3, Mission: m1, Segment: s1, End: 1787862240.7456732
[INFO] [1787862240.750483958] [robot3.fragment_exec_node]: Executing task place(o1-1,pack_area). Params: {'x': 8, 'y': 8, 'weight': 8}, Virtual state: {'position': {'x': 8, 'y': 8, 'z': 0.0}, 'docked': False}
[INFO] [1787862240.752198375] [robot3.fragment_exec_node]: EventType: Control (Task: place), Activity: localize, Robot: robot3, Mission: m1, Segment: s1, Start: 1787862240.7511854
[INFO] [1787862240.753861367] [robot3.fragment_exec_node]: Simulating localize skill...
[INFO] [1787862245.757347166] [robot3.fragment_exec_node]: Localize completed!
[INFO] [1787862245.760557914] [robot3.fragment_exec_node]: EventType: Control (Task: place), Activity: localize, Robot: robot3, Mission: m1, Segment: s1, End: 1787862245.758384
[INFO] [1787862245.762901145] [robot3.fragment_exec_node]: EventType: Task, Activity: place, Robot: robot3, Mission: m1, Segment: s1, Start: 1787862245.7615275
[INFO] [1787862245.764585314] [robot3.fragment_exec_node]: Simulating place skill...
[INFO] [1787862253.769586611] [robot3.fragment_exec_node]: Place completed!
[INFO] [1787862253.773694257] [robot3.fragment_exec_node]: EventType: Task, Activity: place, Robot: robot3, Mission: m1, Segment: s1, End: 1787862253.7715638
[INFO] [1787862253.776083206] [robot3.fragment_exec_node]: Execution of fragment fm1-3 completed!
[INFO] [1787862254.249905380] [robot3.fragment_exec_node]: Received fragment assignment: {'robot': 'robot3', 'fragment': {'id': 'fm5-3', 'mission': 'm5', 'state': 'assigned', 'wait': ['scan(o1-5)'], 'tasks': [{'name': 'pick', 'label': 'pick(o1-5,scan_area)', 'params': {'x': 5, 'y': 5, 'weight': 4}}, {'name': 'move_to', 'label': 'move_to(o1-5,pack_area)', 'params': {'x': 8, 'y': 8}}, {'name': 'place', 'label': 'place(o1-5,pack_area)', 'params': {'x': 8, 'y': 8, 'weight': 4}}], 'arrive_timestamp': 1787862144, 'priority': 1, 'segment': 's1'}}
[INFO] [1787862254.250596708] [robot3.fragment_exec_node]: Starting execution of fragment fm5-3...
[INFO] [1787862254.251489792] [robot3.fragment_exec_node]: Executing task pick(o1-5,scan_area). Params: {'x': 5, 'y': 5, 'weight': 4}, Virtual state: {'position': {'x': 8, 'y': 8, 'z': 0.0}, 'docked': False}
[INFO] [1787862254.252168284] [robot3.fragment_exec_node]: EventType: Control (Task: pick), Activity: move_to, Robot: robot3, Mission: m5, Segment: s1, Start: 1787862254.2517676
[INFO] [1787862254.252731708] [robot3.fragment_exec_node]: Simulating navigate skill from position (8, 8) to (5, 5) (8.48528137423857 seconds)...
[INFO] [1787862262.740699846] [robot3.fragment_exec_node]: Navigation completed!
[INFO] [1787862262.743157657] [robot3.fragment_exec_node]: EventType: Control (Task: pick), Activity: move_to, Robot: robot3, Mission: m5, Segment: s1, End: 1787862262.7419446
[INFO] [1787862262.744886209] [robot3.fragment_exec_node]: EventType: Control (Task: pick), Activity: localize, Robot: robot3, Mission: m5, Segment: s1, Start: 1787862262.7437847
[INFO] [1787862262.746379682] [robot3.fragment_exec_node]: Simulating localize skill...
[INFO] [1787862267.750621492] [robot3.fragment_exec_node]: Localize completed!
[INFO] [1787862267.753617361] [robot3.fragment_exec_node]: EventType: Control (Task: pick), Activity: localize, Robot: robot3, Mission: m5, Segment: s1, End: 1787862267.751775
[INFO] [1787862267.755113690] [robot3.fragment_exec_node]: EventType: Task, Activity: pick, Robot: robot3, Mission: m5, Segment: s1, Start: 1787862267.754223
[INFO] [1787862267.756799551] [robot3.fragment_exec_node]: Simulating pick skill...
[INFO] [1787862271.760954765] [robot3.fragment_exec_node]: Pick completed!
[INFO] [1787862271.764670376] [robot3.fragment_exec_node]: EventType: Task, Activity: pick, Robot: robot3, Mission: m5, Segment: s1, End: 1787862271.7627215
[INFO] [1787862271.767626450] [robot3.fragment_exec_node]: Executing task move_to(o1-5,pack_area). Params: {'x': 8, 'y': 8}, Virtual state: {'position': {'x': 5, 'y': 5, 'z': 0.0}, 'docked': False}
[INFO] [1787862271.769045895] [robot3.fragment_exec_node]: EventType: Task, Activity: move_to, Robot: robot3, Mission: m5, Segment: s1, Start: 1787862271.76815
[INFO] [1787862271.770534781] [robot3.fragment_exec_node]: Simulating navigate skill from position (5, 5) to (8, 8) (8.48528137423857 seconds)...
[INFO] [1787862280.259848045] [robot3.fragment_exec_node]: Navigation completed!
[INFO] [1787862280.263703613] [robot3.fragment_exec_node]: EventType: Task, Activity: move_to, Robot: robot3, Mission: m5, Segment: s1, End: 1787862280.2619202
[INFO] [1787862280.265957588] [robot3.fragment_exec_node]: Executing task place(o1-5,pack_area). Params: {'x': 8, 'y': 8, 'weight': 4}, Virtual state: {'position': {'x': 8, 'y': 8, 'z': 0.0}, 'docked': False}
[INFO] [1787862280.267723544] [robot3.fragment_exec_node]: EventType: Control (Task: place), Activity: localize, Robot: robot3, Mission: m5, Segment: s1, Start: 1787862280.26657
[INFO] [1787862280.269524785] [robot3.fragment_exec_node]: Simulating localize skill...
[INFO] [1787862285.273749241] [robot3.fragment_exec_node]: Localize completed!
[INFO] [1787862285.275549486] [robot3.fragment_exec_node]: EventType: Control (Task: place), Activity: localize, Robot: robot3, Mission: m5, Segment: s1, End: 1787862285.2744527
[INFO] [1787862285.277270779] [robot3.fragment_exec_node]: EventType: Task, Activity: place, Robot: robot3, Mission: m5, Segment: s1, Start: 1787862285.2761626
[INFO] [1787862285.279030347] [robot3.fragment_exec_node]: Simulating place skill...
[INFO] [1787862289.280323135] [robot3.fragment_exec_node]: Place completed!
[INFO] [1787862289.280987074] [robot3.fragment_exec_node]: EventType: Task, Activity: place, Robot: robot3, Mission: m5, Segment: s1, End: 1787862289.280596
[INFO] [1787862289.281964610] [robot3.fragment_exec_node]: Execution of fragment fm5-3 completed!
[INFO] [1787862290.225112153] [robot3.fragment_exec_node]: Received fragment assignment: {'robot': 'robot3', 'fragment': {'id': 'fm7-1', 'mission': 'm7', 'state': 'assigned', 'wait': [], 'tasks': [{'name': 'pick', 'label': 'pick(o1-7,shelf)', 'params': {'x': 6, 'y': 3, 'weight': 5}}, {'name': 'move_to', 'label': 'move_to(o1-7,scan_area)', 'params': {'x': 5, 'y': 5}}, {'name': 'place', 'label': 'place(o1-7,scan_area)', 'params': {'x': 5, 'y': 5, 'weight': 5}}], 'arrive_timestamp': 1787862245, 'priority': 1, 'segment': 's1'}}
[INFO] [1787862290.231676460] [robot3.fragment_exec_node]: Starting execution of fragment fm7-1...
[INFO] [1787862290.233100348] [robot3.fragment_exec_node]: Executing task pick(o1-7,shelf). Params: {'x': 6, 'y': 3, 'weight': 5}, Virtual state: {'position': {'x': 8, 'y': 8, 'z': 0.0}, 'docked': False}
[INFO] [1787862290.233945911] [robot3.fragment_exec_node]: EventType: Control (Task: pick), Activity: move_to, Robot: robot3, Mission: m7, Segment: s1, Start: 1787862290.2334046
[INFO] [1787862290.234834321] [robot3.fragment_exec_node]: Simulating navigate skill from position (8, 8) to (6, 3) (10.770329614269007 seconds)...
[INFO] [1787862301.006564775] [robot3.fragment_exec_node]: Navigation completed!
[INFO] [1787862301.011033686] [robot3.fragment_exec_node]: EventType: Control (Task: pick), Activity: move_to, Robot: robot3, Mission: m7, Segment: s1, End: 1787862301.010026
[INFO] [1787862301.012170516] [robot3.fragment_exec_node]: EventType: Control (Task: pick), Activity: localize, Robot: robot3, Mission: m7, Segment: s1, Start: 1787862301.0114264
[INFO] [1787862301.013018769] [robot3.fragment_exec_node]: Simulating localize skill...
[INFO] [1787862306.016552383] [robot3.fragment_exec_node]: Localize completed!
[INFO] [1787862306.019606478] [robot3.fragment_exec_node]: EventType: Control (Task: pick), Activity: localize, Robot: robot3, Mission: m7, Segment: s1, End: 1787862306.0176744
[INFO] [1787862306.022074842] [robot3.fragment_exec_node]: EventType: Task, Activity: pick, Robot: robot3, Mission: m7, Segment: s1, Start: 1787862306.020991
[INFO] [1787862306.023737360] [robot3.fragment_exec_node]: Simulating pick skill...
[INFO] [1787862311.026652343] [robot3.fragment_exec_node]: Pick completed!
[INFO] [1787862311.028738314] [robot3.fragment_exec_node]: EventType: Task, Activity: pick, Robot: robot3, Mission: m7, Segment: s1, End: 1787862311.027364
[INFO] [1787862311.030669568] [robot3.fragment_exec_node]: Executing task move_to(o1-7,scan_area). Params: {'x': 5, 'y': 5}, Virtual state: {'position': {'x': 6, 'y': 3, 'z': 0.0}, 'docked': False}
[INFO] [1787862311.032281772] [robot3.fragment_exec_node]: EventType: Task, Activity: move_to, Robot: robot3, Mission: m7, Segment: s1, Start: 1787862311.0312934
[INFO] [1787862311.034172429] [robot3.fragment_exec_node]: Simulating navigate skill from position (6, 3) to (5, 5) (2.8284271247461903 seconds)...
[INFO] [1787862313.867327484] [robot3.fragment_exec_node]: Navigation completed!
[INFO] [1787862313.869813123] [robot3.fragment_exec_node]: EventType: Task, Activity: move_to, Robot: robot3, Mission: m7, Segment: s1, End: 1787862313.868448
[INFO] [1787862313.872289863] [robot3.fragment_exec_node]: Executing task place(o1-7,scan_area). Params: {'x': 5, 'y': 5, 'weight': 5}, Virtual state: {'position': {'x': 5, 'y': 5, 'z': 0.0}, 'docked': False}
[INFO] [1787862313.873861927] [robot3.fragment_exec_node]: EventType: Control (Task: place), Activity: localize, Robot: robot3, Mission: m7, Segment: s1, Start: 1787862313.8729703
[INFO] [1787862313.875645248] [robot3.fragment_exec_node]: Simulating localize skill...
[INFO] [1787862318.877889280] [robot3.fragment_exec_node]: Localize completed!
[INFO] [1787862318.880635768] [robot3.fragment_exec_node]: EventType: Control (Task: place), Activity: localize, Robot: robot3, Mission: m7, Segment: s1, End: 1787862318.879575
[INFO] [1787862318.882165474] [robot3.fragment_exec_node]: EventType: Task, Activity: place, Robot: robot3, Mission: m7, Segment: s1, Start: 1787862318.8812408
[INFO] [1787862318.883488629] [robot3.fragment_exec_node]: Simulating place skill...
[INFO] [1787862323.885720996] [robot3.fragment_exec_node]: Place completed!
[INFO] [1787862323.886700357] [robot3.fragment_exec_node]: EventType: Task, Activity: place, Robot: robot3, Mission: m7, Segment: s1, End: 1787862323.8861318
[INFO] [1787862323.888679546] [robot3.fragment_exec_node]: Execution of fragment fm7-1 completed!
[INFO] [1787862324.229778158] [robot3.fragment_exec_node]: Received fragment assignment: {'robot': 'robot3', 'fragment': {'id': 'fm5-12', 'mission': 'm5', 'state': 'assigned', 'wait': ['scan(o4-5)'], 'tasks': [{'name': 'pick', 'label': 'pick(o4-5,scan_area)', 'params': {'x': 5, 'y': 5, 'weight': 4}}, {'name': 'move_to', 'label': 'move_to(o4-5,pack_area)', 'params': {'x': 8, 'y': 8}}, {'name': 'place', 'label': 'place(o4-5,pack_area)', 'params': {'x': 8, 'y': 8, 'weight': 4}}], 'arrive_timestamp': 1787862144, 'priority': 1, 'segment': 's4'}}
[INFO] [1787862324.243371101] [robot3.fragment_exec_node]: Starting execution of fragment fm5-12...
[INFO] [1787862324.244461307] [robot3.fragment_exec_node]: Executing task pick(o4-5,scan_area). Params: {'x': 5, 'y': 5, 'weight': 4}, Virtual state: {'position': {'x': 5, 'y': 5, 'z': 0.0}, 'docked': False}
[INFO] [1787862324.245378227] [robot3.fragment_exec_node]: EventType: Control (Task: pick), Activity: localize, Robot: robot3, Mission: m5, Segment: s4, Start: 1787862324.244826
[INFO] [1787862324.246327075] [robot3.fragment_exec_node]: Simulating localize skill...
[INFO] [1787862329.248473396] [robot3.fragment_exec_node]: Localize completed!
[INFO] [1787862329.249285385] [robot3.fragment_exec_node]: EventType: Control (Task: pick), Activity: localize, Robot: robot3, Mission: m5, Segment: s4, End: 1787862329.2488568
[INFO] [1787862329.250074990] [robot3.fragment_exec_node]: EventType: Task, Activity: pick, Robot: robot3, Mission: m5, Segment: s4, Start: 1787862329.2495604
[INFO] [1787862329.250744191] [robot3.fragment_exec_node]: Simulating pick skill...
[INFO] [1787862333.253473959] [robot3.fragment_exec_node]: Pick completed!
[INFO] [1787862333.255313020] [robot3.fragment_exec_node]: EventType: Task, Activity: pick, Robot: robot3, Mission: m5, Segment: s4, End: 1787862333.2541702
[INFO] [1787862333.257491726] [robot3.fragment_exec_node]: Executing task move_to(o4-5,pack_area). Params: {'x': 8, 'y': 8}, Virtual state: {'position': {'x': 5, 'y': 5, 'z': 0.0}, 'docked': False}
[INFO] [1787862333.260282857] [robot3.fragment_exec_node]: EventType: Task, Activity: move_to, Robot: robot3, Mission: m5, Segment: s4, Start: 1787862333.2583222
[INFO] [1787862333.263519398] [robot3.fragment_exec_node]: Simulating navigate skill from position (5, 5) to (8, 8) (8.48528137423857 seconds)...
[INFO] [1787862341.750594995] [robot3.fragment_exec_node]: Navigation completed!
[INFO] [1787862341.751385553] [robot3.fragment_exec_node]: EventType: Task, Activity: move_to, Robot: robot3, Mission: m5, Segment: s4, End: 1787862341.750912
[INFO] [1787862341.752314791] [robot3.fragment_exec_node]: Executing task place(o4-5,pack_area). Params: {'x': 8, 'y': 8, 'weight': 4}, Virtual state: {'position': {'x': 8, 'y': 8, 'z': 0.0}, 'docked': False}
[INFO] [1787862341.753255085] [robot3.fragment_exec_node]: EventType: Control (Task: place), Activity: localize, Robot: robot3, Mission: m5, Segment: s4, Start: 1787862341.7525973
[INFO] [1787862341.754789189] [robot3.fragment_exec_node]: Simulating localize skill...
[INFO] [1787862346.758670070] [robot3.fragment_exec_node]: Localize completed!
[INFO] [1787862346.760527538] [robot3.fragment_exec_node]: EventType: Control (Task: place), Activity: localize, Robot: robot3, Mission: m5, Segment: s4, End: 1787862346.759364
[INFO] [1787862346.762018566] [robot3.fragment_exec_node]: EventType: Task, Activity: place, Robot: robot3, Mission: m5, Segment: s4, Start: 1787862346.7611442
[INFO] [1787862346.765060663] [robot3.fragment_exec_node]: Simulating place skill...
[INFO] [1787862350.768838359] [robot3.fragment_exec_node]: Place completed!
[INFO] [1787862350.771480921] [robot3.fragment_exec_node]: EventType: Task, Activity: place, Robot: robot3, Mission: m5, Segment: s4, End: 1787862350.769927
[INFO] [1787862350.773689219] [robot3.fragment_exec_node]: Execution of fragment fm5-12 completed!
[INFO] [1787862351.234494542] [robot3.fragment_exec_node]: Received fragment assignment: {'robot': 'robot3', 'fragment': {'id': 'fm7-6', 'mission': 'm7', 'state': 'assigned', 'wait': ['scan(o2-7)'], 'tasks': [{'name': 'pick', 'label': 'pick(o2-7,scan_area)', 'params': {'x': 5, 'y': 5, 'weight': 3}}, {'name': 'move_to', 'label': 'move_to(o2-7,pack_area)', 'params': {'x': 8, 'y': 8}}, {'name': 'place', 'label': 'place(o2-7,pack_area)', 'params': {'x': 8, 'y': 8, 'weight': 3}}], 'arrive_timestamp': 1787862245, 'priority': 1, 'segment': 's2'}}
[INFO] [1787862351.235648704] [robot3.fragment_exec_node]: Starting execution of fragment fm7-6...
[INFO] [1787862351.236964490] [robot3.fragment_exec_node]: Executing task pick(o2-7,scan_area). Params: {'x': 5, 'y': 5, 'weight': 3}, Virtual state: {'position': {'x': 8, 'y': 8, 'z': 0.0}, 'docked': False}
[INFO] [1787862351.238211848] [robot3.fragment_exec_node]: EventType: Control (Task: pick), Activity: move_to, Robot: robot3, Mission: m7, Segment: s2, Start: 1787862351.2372956
[INFO] [1787862351.239034892] [robot3.fragment_exec_node]: Simulating navigate skill from position (8, 8) to (5, 5) (8.48528137423857 seconds)...
[INFO] [1787862359.727668497] [robot3.fragment_exec_node]: Navigation completed!
[INFO] [1787862359.729367694] [robot3.fragment_exec_node]: EventType: Control (Task: pick), Activity: move_to, Robot: robot3, Mission: m7, Segment: s2, End: 1787862359.7282343
[INFO] [1787862359.730901103] [robot3.fragment_exec_node]: EventType: Control (Task: pick), Activity: localize, Robot: robot3, Mission: m7, Segment: s2, Start: 1787862359.7297883
[INFO] [1787862359.732514307] [robot3.fragment_exec_node]: Simulating localize skill...
[INFO] [1787862364.736658585] [robot3.fragment_exec_node]: Localize completed!
[INFO] [1787862364.739848682] [robot3.fragment_exec_node]: EventType: Control (Task: pick), Activity: localize, Robot: robot3, Mission: m7, Segment: s2, End: 1787862364.737897
[INFO] [1787862364.742527968] [robot3.fragment_exec_node]: EventType: Task, Activity: pick, Robot: robot3, Mission: m7, Segment: s2, Start: 1787862364.7406127
[INFO] [1787862364.744875776] [robot3.fragment_exec_node]: Simulating pick skill...
[INFO] [1787862367.748080964] [robot3.fragment_exec_node]: Pick completed!
[INFO] [1787862367.749938577] [robot3.fragment_exec_node]: EventType: Task, Activity: pick, Robot: robot3, Mission: m7, Segment: s2, End: 1787862367.7486925
[INFO] [1787862367.752561450] [robot3.fragment_exec_node]: Executing task move_to(o2-7,pack_area). Params: {'x': 8, 'y': 8}, Virtual state: {'position': {'x': 5, 'y': 5, 'z': 0.0}, 'docked': False}
[INFO] [1787862367.754269315] [robot3.fragment_exec_node]: EventType: Task, Activity: move_to, Robot: robot3, Mission: m7, Segment: s2, Start: 1787862367.7532744
[INFO] [1787862367.755918043] [robot3.fragment_exec_node]: Simulating navigate skill from position (5, 5) to (8, 8) (8.48528137423857 seconds)...
[INFO] [1787862376.241862059] [robot3.fragment_exec_node]: Navigation completed!
[INFO] [1787862376.242989498] [robot3.fragment_exec_node]: EventType: Task, Activity: move_to, Robot: robot3, Mission: m7, Segment: s2, End: 1787862376.2423122
[INFO] [1787862376.243980346] [robot3.fragment_exec_node]: Executing task place(o2-7,pack_area). Params: {'x': 8, 'y': 8, 'weight': 3}, Virtual state: {'position': {'x': 8, 'y': 8, 'z': 0.0}, 'docked': False}
[INFO] [1787862376.244638189] [robot3.fragment_exec_node]: EventType: Control (Task: place), Activity: localize, Robot: robot3, Mission: m7, Segment: s2, Start: 1787862376.2442913
[INFO] [1787862376.245309764] [robot3.fragment_exec_node]: Simulating localize skill...
[INFO] [1787862381.248850296] [robot3.fragment_exec_node]: Localize completed!
[INFO] [1787862381.251678276] [robot3.fragment_exec_node]: EventType: Control (Task: place), Activity: localize, Robot: robot3, Mission: m7, Segment: s2, End: 1787862381.2496617
[INFO] [1787862381.253984306] [robot3.fragment_exec_node]: EventType: Task, Activity: place, Robot: robot3, Mission: m7, Segment: s2, Start: 1787862381.2525802
[INFO] [1787862381.255251186] [robot3.fragment_exec_node]: Simulating place skill...
[INFO] [1787862384.258769607] [robot3.fragment_exec_node]: Place completed!
[INFO] [1787862384.260506805] [robot3.fragment_exec_node]: EventType: Task, Activity: place, Robot: robot3, Mission: m7, Segment: s2, End: 1787862384.259475
[INFO] [1787862384.263027205] [robot3.fragment_exec_node]: Execution of fragment fm7-6 completed!
[INFO] [1787862385.229155601] [robot3.fragment_exec_node]: Received fragment assignment: {'robot': 'robot3', 'fragment': {'id': 'fm2-4', 'mission': 'm2', 'state': 'assigned', 'wait': [], 'tasks': [{'name': 'pick', 'label': 'pick(o2-2,shelf)', 'params': {'x': 2, 'y': 6, 'weight': 2}}, {'name': 'move_to', 'label': 'move_to(o2-2,scan_area)', 'params': {'x': 5, 'y': 5}}, {'name': 'place', 'label': 'place(o2-2,scan_area)', 'params': {'x': 5, 'y': 5, 'weight': 2}}], 'arrive_timestamp': 1787862243, 'priority': 1, 'segment': 's2'}}
[INFO] [1787862385.231147693] [robot3.fragment_exec_node]: Starting execution of fragment fm2-4...
[INFO] [1787862385.233367481] [robot3.fragment_exec_node]: Executing task pick(o2-2,shelf). Params: {'x': 2, 'y': 6, 'weight': 2}, Virtual state: {'position': {'x': 8, 'y': 8, 'z': 0.0}, 'docked': False}
[INFO] [1787862385.234686922] [robot3.fragment_exec_node]: EventType: Control (Task: pick), Activity: move_to, Robot: robot3, Mission: m2, Segment: s2, Start: 1787862385.233814
[INFO] [1787862385.236122079] [robot3.fragment_exec_node]: Simulating navigate skill from position (8, 8) to (2, 6) (12.649110640673518 seconds)...
[INFO] [1787862397.888848338] [robot3.fragment_exec_node]: Navigation completed!
[INFO] [1787862397.891855292] [robot3.fragment_exec_node]: EventType: Control (Task: pick), Activity: move_to, Robot: robot3, Mission: m2, Segment: s2, End: 1787862397.8901098
[INFO] [1787862397.894084034] [robot3.fragment_exec_node]: EventType: Control (Task: pick), Activity: localize, Robot: robot3, Mission: m2, Segment: s2, Start: 1787862397.893075
[INFO] [1787862397.895826243] [robot3.fragment_exec_node]: Simulating localize skill...
[INFO] [1787862402.900276624] [robot3.fragment_exec_node]: Localize completed!
[INFO] [1787862402.901769916] [robot3.fragment_exec_node]: EventType: Control (Task: pick), Activity: localize, Robot: robot3, Mission: m2, Segment: s2, End: 1787862402.9011998
[INFO] [1787862402.903762598] [robot3.fragment_exec_node]: EventType: Task, Activity: pick, Robot: robot3, Mission: m2, Segment: s2, Start: 1787862402.9023898
[INFO] [1787862402.906767491] [robot3.fragment_exec_node]: Simulating pick skill...
[INFO] [1787862404.910377698] [robot3.fragment_exec_node]: Pick completed!
[INFO] [1787862404.913024431] [robot3.fragment_exec_node]: EventType: Task, Activity: pick, Robot: robot3, Mission: m2, Segment: s2, End: 1787862404.9113624
[INFO] [1787862404.914882940] [robot3.fragment_exec_node]: Executing task move_to(o2-2,scan_area). Params: {'x': 5, 'y': 5}, Virtual state: {'position': {'x': 2, 'y': 6, 'z': 0.0}, 'docked': False}
[INFO] [1787862404.916144645] [robot3.fragment_exec_node]: EventType: Task, Activity: move_to, Robot: robot3, Mission: m2, Segment: s2, Start: 1787862404.9154284
[INFO] [1787862404.917625294] [robot3.fragment_exec_node]: Simulating navigate skill from position (2, 6) to (5, 5) (8.48528137423857 seconds)...
[INFO] [1787862413.406593384] [robot3.fragment_exec_node]: Navigation completed!
[INFO] [1787862413.408998380] [robot3.fragment_exec_node]: EventType: Task, Activity: move_to, Robot: robot3, Mission: m2, Segment: s2, End: 1787862413.4081101
[INFO] [1787862413.412936542] [robot3.fragment_exec_node]: Executing task place(o2-2,scan_area). Params: {'x': 5, 'y': 5, 'weight': 2}, Virtual state: {'position': {'x': 5, 'y': 5, 'z': 0.0}, 'docked': False}
[INFO] [1787862413.414325106] [robot3.fragment_exec_node]: EventType: Control (Task: place), Activity: localize, Robot: robot3, Mission: m2, Segment: s2, Start: 1787862413.4134274
[INFO] [1787862413.415520730] [robot3.fragment_exec_node]: Simulating localize skill...
[INFO] [1787862418.418761223] [robot3.fragment_exec_node]: Localize completed!
[INFO] [1787862418.421776675] [robot3.fragment_exec_node]: EventType: Control (Task: place), Activity: localize, Robot: robot3, Mission: m2, Segment: s2, End: 1787862418.4198706
[INFO] [1787862418.424585307] [robot3.fragment_exec_node]: EventType: Task, Activity: place, Robot: robot3, Mission: m2, Segment: s2, Start: 1787862418.4227571
[INFO] [1787862418.426655730] [robot3.fragment_exec_node]: Simulating place skill...
[INFO] [1787862420.429615281] [robot3.fragment_exec_node]: Place completed!
[INFO] [1787862420.433129993] [robot3.fragment_exec_node]: EventType: Task, Activity: place, Robot: robot3, Mission: m2, Segment: s2, End: 1787862420.4310923
[INFO] [1787862420.436088010] [robot3.fragment_exec_node]: Execution of fragment fm2-4 completed!
[INFO] [1787862421.243433931] [robot3.fragment_exec_node]: Received fragment assignment: {'robot': 'robot3', 'fragment': {'id': 'fm4-7', 'mission': 'm4', 'state': 'assigned', 'wait': [], 'tasks': [{'name': 'pick', 'label': 'pick(o3-4,shelf)', 'params': {'x': 2, 'y': 8, 'weight': 5}}, {'name': 'move_to', 'label': 'move_to(o3-4,scan_area)', 'params': {'x': 5, 'y': 5}}, {'name': 'place', 'label': 'place(o3-4,scan_area)', 'params': {'x': 5, 'y': 5, 'weight': 5}}], 'arrive_timestamp': 1787862333, 'priority': 1, 'segment': 's3'}}
[INFO] [1787862421.246791243] [robot3.fragment_exec_node]: Starting execution of fragment fm4-7...
[INFO] [1787862421.249170474] [robot3.fragment_exec_node]: Executing task pick(o3-4,shelf). Params: {'x': 2, 'y': 8, 'weight': 5}, Virtual state: {'position': {'x': 5, 'y': 5, 'z': 0.0}, 'docked': False}
[INFO] [1787862421.250614742] [robot3.fragment_exec_node]: EventType: Control (Task: pick), Activity: move_to, Robot: robot3, Mission: m4, Segment: s3, Start: 1787862421.2496011
[INFO] [1787862421.252449298] [robot3.fragment_exec_node]: Simulating navigate skill from position (5, 5) to (2, 8) (8.48528137423857 seconds)...
[INFO] [1787862429.741235127] [robot3.fragment_exec_node]: Navigation completed!
[INFO] [1787862429.743872930] [robot3.fragment_exec_node]: EventType: Control (Task: pick), Activity: move_to, Robot: robot3, Mission: m4, Segment: s3, End: 1787862429.7434435
[INFO] [1787862429.744520537] [robot3.fragment_exec_node]: EventType: Control (Task: pick), Activity: localize, Robot: robot3, Mission: m4, Segment: s3, Start: 1787862429.744141
[INFO] [1787862429.746026315] [robot3.fragment_exec_node]: Simulating localize skill...
[INFO] [1787862434.748713288] [robot3.fragment_exec_node]: Localize completed!
[INFO] [1787862434.751894740] [robot3.fragment_exec_node]: EventType: Control (Task: pick), Activity: localize, Robot: robot3, Mission: m4, Segment: s3, End: 1787862434.7498736
[INFO] [1787862434.754574457] [robot3.fragment_exec_node]: EventType: Task, Activity: pick, Robot: robot3, Mission: m4, Segment: s3, Start: 1787862434.752877
[INFO] [1787862434.756062251] [robot3.fragment_exec_node]: Simulating pick skill...
[INFO] [1787862439.760208842] [robot3.fragment_exec_node]: Pick completed!
[INFO] [1787862439.763462014] [robot3.fragment_exec_node]: EventType: Task, Activity: pick, Robot: robot3, Mission: m4, Segment: s3, End: 1787862439.7614276
[INFO] [1787862439.765699344] [robot3.fragment_exec_node]: Executing task move_to(o3-4,scan_area). Params: {'x': 5, 'y': 5}, Virtual state: {'position': {'x': 2, 'y': 8, 'z': 0.0}, 'docked': False}
[INFO] [1787862439.767241582] [robot3.fragment_exec_node]: EventType: Task, Activity: move_to, Robot: robot3, Mission: m4, Segment: s3, Start: 1787862439.7663698
[INFO] [1787862439.768785002] [robot3.fragment_exec_node]: Simulating navigate skill from position (2, 8) to (5, 5) (8.48528137423857 seconds)...
[INFO] [1787862448.257547621] [robot3.fragment_exec_node]: Navigation completed!
[INFO] [1787862448.260695018] [robot3.fragment_exec_node]: EventType: Task, Activity: move_to, Robot: robot3, Mission: m4, Segment: s3, End: 1787862448.2586646
[INFO] [1787862448.264388208] [robot3.fragment_exec_node]: Executing task place(o3-4,scan_area). Params: {'x': 5, 'y': 5, 'weight': 5}, Virtual state: {'position': {'x': 5, 'y': 5, 'z': 0.0}, 'docked': False}
[INFO] [1787862448.266789725] [robot3.fragment_exec_node]: EventType: Control (Task: place), Activity: localize, Robot: robot3, Mission: m4, Segment: s3, Start: 1787862448.2650332
[INFO] [1787862448.268865781] [robot3.fragment_exec_node]: Simulating localize skill...
[INFO] [1787862453.272585566] [robot3.fragment_exec_node]: Localize completed!
[INFO] [1787862453.275470322] [robot3.fragment_exec_node]: EventType: Control (Task: place), Activity: localize, Robot: robot3, Mission: m4, Segment: s3, End: 1787862453.2736778
[INFO] [1787862453.277520384] [robot3.fragment_exec_node]: EventType: Task, Activity: place, Robot: robot3, Mission: m4, Segment: s3, Start: 1787862453.276354
[INFO] [1787862453.280488962] [robot3.fragment_exec_node]: Simulating place skill...
[INFO] [1787862458.282557297] [robot3.fragment_exec_node]: Place completed!
[INFO] [1787862458.283229447] [robot3.fragment_exec_node]: EventType: Task, Activity: place, Robot: robot3, Mission: m4, Segment: s3, End: 1787862458.2828352
[INFO] [1787862458.284056426] [robot3.fragment_exec_node]: Execution of fragment fm4-7 completed!
[INFO] [1787862459.233004226] [robot3.fragment_exec_node]: Received fragment assignment: {'robot': 'robot3', 'fragment': {'id': 'fm4-6', 'mission': 'm4', 'state': 'assigned', 'wait': ['scan(o2-4)'], 'tasks': [{'name': 'pick', 'label': 'pick(o2-4,scan_area)', 'params': {'x': 5, 'y': 5, 'weight': 3}}, {'name': 'move_to', 'label': 'move_to(o2-4,pack_area)', 'params': {'x': 8, 'y': 8}}, {'name': 'place', 'label': 'place(o2-4,pack_area)', 'params': {'x': 8, 'y': 8, 'weight': 3}}], 'arrive_timestamp': 1787862333, 'priority': 1, 'segment': 's2'}}
[INFO] [1787862459.234645196] [robot3.fragment_exec_node]: Starting execution of fragment fm4-6...
[INFO] [1787862459.236986626] [robot3.fragment_exec_node]: Executing task pick(o2-4,scan_area). Params: {'x': 5, 'y': 5, 'weight': 3}, Virtual state: {'position': {'x': 5, 'y': 5, 'z': 0.0}, 'docked': False}
[INFO] [1787862459.238085122] [robot3.fragment_exec_node]: EventType: Control (Task: pick), Activity: localize, Robot: robot3, Mission: m4, Segment: s2, Start: 1787862459.2373824
[INFO] [1787862459.239309061] [robot3.fragment_exec_node]: Simulating localize skill...
[INFO] [1787862464.241929094] [robot3.fragment_exec_node]: Localize completed!
[INFO] [1787862464.243172246] [robot3.fragment_exec_node]: EventType: Control (Task: pick), Activity: localize, Robot: robot3, Mission: m4, Segment: s2, End: 1787862464.2426279
[INFO] [1787862464.244044284] [robot3.fragment_exec_node]: EventType: Task, Activity: pick, Robot: robot3, Mission: m4, Segment: s2, Start: 1787862464.2435496
[INFO] [1787862464.245364792] [robot3.fragment_exec_node]: Simulating pick skill...
[INFO] [1787862467.249887401] [robot3.fragment_exec_node]: Pick completed!
[INFO] [1787862467.251513492] [robot3.fragment_exec_node]: EventType: Task, Activity: pick, Robot: robot3, Mission: m4, Segment: s2, End: 1787862467.2503943
[INFO] [1787862467.253147596] [robot3.fragment_exec_node]: Executing task move_to(o2-4,pack_area). Params: {'x': 8, 'y': 8}, Virtual state: {'position': {'x': 5, 'y': 5, 'z': 0.0}, 'docked': False}
[INFO] [1787862467.254607337] [robot3.fragment_exec_node]: EventType: Task, Activity: move_to, Robot: robot3, Mission: m4, Segment: s2, Start: 1787862467.2535043
[INFO] [1787862467.255746315] [robot3.fragment_exec_node]: Simulating navigate skill from position (5, 5) to (8, 8) (8.48528137423857 seconds)...
[INFO] [1787862475.743017223] [robot3.fragment_exec_node]: Navigation completed!
[INFO] [1787862475.744349489] [robot3.fragment_exec_node]: EventType: Task, Activity: move_to, Robot: robot3, Mission: m4, Segment: s2, End: 1787862475.743383
[INFO] [1787862475.745809222] [robot3.fragment_exec_node]: Executing task place(o2-4,pack_area). Params: {'x': 8, 'y': 8, 'weight': 3}, Virtual state: {'position': {'x': 8, 'y': 8, 'z': 0.0}, 'docked': False}
[INFO] [1787862475.747254805] [robot3.fragment_exec_node]: EventType: Control (Task: place), Activity: localize, Robot: robot3, Mission: m4, Segment: s2, Start: 1787862475.7461493
[INFO] [1787862475.748306528] [robot3.fragment_exec_node]: Simulating localize skill...
[INFO] [1787862480.751429553] [robot3.fragment_exec_node]: Localize completed!
[INFO] [1787862480.753201813] [robot3.fragment_exec_node]: EventType: Control (Task: place), Activity: localize, Robot: robot3, Mission: m4, Segment: s2, End: 1787862480.7521572
[INFO] [1787862480.754758638] [robot3.fragment_exec_node]: EventType: Task, Activity: place, Robot: robot3, Mission: m4, Segment: s2, Start: 1787862480.7536361
[INFO] [1787862480.756096521] [robot3.fragment_exec_node]: Simulating place skill...
[INFO] [1787862483.759555066] [robot3.fragment_exec_node]: Place completed!
[INFO] [1787862483.762275110] [robot3.fragment_exec_node]: EventType: Task, Activity: place, Robot: robot3, Mission: m4, Segment: s2, End: 1787862483.760358
[INFO] [1787862483.766408761] [robot3.fragment_exec_node]: Execution of fragment fm4-6 completed!
[INFO] [1787862484.250615624] [robot3.fragment_exec_node]: Received fragment assignment: {'robot': 'robot3', 'fragment': {'id': 'fm4-9', 'mission': 'm4', 'state': 'assigned', 'wait': ['scan(o3-4)'], 'tasks': [{'name': 'pick', 'label': 'pick(o3-4,scan_area)', 'params': {'x': 5, 'y': 5, 'weight': 5}}, {'name': 'move_to', 'label': 'move_to(o3-4,pack_area)', 'params': {'x': 8, 'y': 8}}, {'name': 'place', 'label': 'place(o3-4,pack_area)', 'params': {'x': 8, 'y': 8, 'weight': 5}}], 'arrive_timestamp': 1787862333, 'priority': 1, 'segment': 's3'}}
[INFO] [1787862484.252218773] [robot3.fragment_exec_node]: Starting execution of fragment fm4-9...
[INFO] [1787862484.252873528] [robot3.fragment_exec_node]: Executing task pick(o3-4,scan_area). Params: {'x': 5, 'y': 5, 'weight': 5}, Virtual state: {'position': {'x': 8, 'y': 8, 'z': 0.0}, 'docked': False}
[INFO] [1787862484.253699533] [robot3.fragment_exec_node]: EventType: Control (Task: pick), Activity: move_to, Robot: robot3, Mission: m4, Segment: s3, Start: 1787862484.253394
[INFO] [1787862484.254247955] [robot3.fragment_exec_node]: Simulating navigate skill from position (8, 8) to (5, 5) (8.48528137423857 seconds)...
[INFO] [1787862492.745927298] [robot3.fragment_exec_node]: Navigation completed!
[INFO] [1787862492.747218134] [robot3.fragment_exec_node]: EventType: Control (Task: pick), Activity: move_to, Robot: robot3, Mission: m4, Segment: s3, End: 1787862492.7464929
[INFO] [1787862492.748312920] [robot3.fragment_exec_node]: EventType: Control (Task: pick), Activity: localize, Robot: robot3, Mission: m4, Segment: s3, Start: 1787862492.7475922
[INFO] [1787862492.749326765] [robot3.fragment_exec_node]: Simulating localize skill...
[INFO] [1787862497.751404046] [robot3.fragment_exec_node]: Localize completed!
[INFO] [1787862497.752458938] [robot3.fragment_exec_node]: EventType: Control (Task: pick), Activity: localize, Robot: robot3, Mission: m4, Segment: s3, End: 1787862497.7518327
[INFO] [1787862497.753497749] [robot3.fragment_exec_node]: EventType: Task, Activity: pick, Robot: robot3, Mission: m4, Segment: s3, Start: 1787862497.752852
[INFO] [1787862497.754503242] [robot3.fragment_exec_node]: Simulating pick skill...
[INFO] [1787862502.757748317] [robot3.fragment_exec_node]: Pick completed!
[INFO] [1787862502.759638983] [robot3.fragment_exec_node]: EventType: Task, Activity: pick, Robot: robot3, Mission: m4, Segment: s3, End: 1787862502.7585294
[INFO] [1787862502.761858244] [robot3.fragment_exec_node]: Executing task move_to(o3-4,pack_area). Params: {'x': 8, 'y': 8}, Virtual state: {'position': {'x': 5, 'y': 5, 'z': 0.0}, 'docked': False}
[INFO] [1787862502.763447459] [robot3.fragment_exec_node]: EventType: Task, Activity: move_to, Robot: robot3, Mission: m4, Segment: s3, Start: 1787862502.7624362
[INFO] [1787862502.765294937] [robot3.fragment_exec_node]: Simulating navigate skill from position (5, 5) to (8, 8) (8.48528137423857 seconds)...
[INFO] [1787862511.252855272] [robot3.fragment_exec_node]: Navigation completed!
[INFO] [1787862511.253730120] [robot3.fragment_exec_node]: EventType: Task, Activity: move_to, Robot: robot3, Mission: m4, Segment: s3, End: 1787862511.2533538
[INFO] [1787862511.254561219] [robot3.fragment_exec_node]: Executing task place(o3-4,pack_area). Params: {'x': 8, 'y': 8, 'weight': 5}, Virtual state: {'position': {'x': 8, 'y': 8, 'z': 0.0}, 'docked': False}
[INFO] [1787862511.255344736] [robot3.fragment_exec_node]: EventType: Control (Task: place), Activity: localize, Robot: robot3, Mission: m4, Segment: s3, Start: 1787862511.2548685
[INFO] [1787862511.255921082] [robot3.fragment_exec_node]: Simulating localize skill...
[INFO] [1787862516.258775944] [robot3.fragment_exec_node]: Localize completed!
[INFO] [1787862516.260357398] [robot3.fragment_exec_node]: EventType: Control (Task: place), Activity: localize, Robot: robot3, Mission: m4, Segment: s3, End: 1787862516.259215
[INFO] [1787862516.261923718] [robot3.fragment_exec_node]: EventType: Task, Activity: place, Robot: robot3, Mission: m4, Segment: s3, Start: 1787862516.2609088
[INFO] [1787862516.263794739] [robot3.fragment_exec_node]: Simulating place skill...
[INFO] [1787862521.265911314] [robot3.fragment_exec_node]: Place completed!
[INFO] [1787862521.266804907] [robot3.fragment_exec_node]: EventType: Task, Activity: place, Robot: robot3, Mission: m4, Segment: s3, End: 1787862521.2663329
[INFO] [1787862521.267572438] [robot3.fragment_exec_node]: Execution of fragment fm4-9 completed!
[INFO] [1787862530.233787872] [robot3.fragment_exec_node]: Received fragment assignment: {'robot': 'robot3', 'fragment': {'id': 'fm6-9', 'mission': 'm6', 'state': 'assigned', 'wait': ['scan(o3-6)'], 'tasks': [{'name': 'pick', 'label': 'pick(o3-6,scan_area)', 'params': {'x': 5, 'y': 5, 'weight': 5}}, {'name': 'move_to', 'label': 'move_to(o3-6,pack_area)', 'params': {'x': 8, 'y': 8}}, {'name': 'place', 'label': 'place(o3-6,pack_area)', 'params': {'x': 8, 'y': 8, 'weight': 5}}], 'arrive_timestamp': 1787862335, 'priority': 1, 'segment': 's3'}}
[INFO] [1787862530.236047695] [robot3.fragment_exec_node]: Starting execution of fragment fm6-9...
[INFO] [1787862530.238266174] [robot3.fragment_exec_node]: Executing task pick(o3-6,scan_area). Params: {'x': 5, 'y': 5, 'weight': 5}, Virtual state: {'position': {'x': 8, 'y': 8, 'z': 0.0}, 'docked': False}
[INFO] [1787862530.240019482] [robot3.fragment_exec_node]: EventType: Control (Task: pick), Activity: move_to, Robot: robot3, Mission: m6, Segment: s3, Start: 1787862530.2388499
[INFO] [1787862530.241000637] [robot3.fragment_exec_node]: Simulating navigate skill from position (8, 8) to (5, 5) (8.48528137423857 seconds)...
[INFO] [1787862538.730176491] [robot3.fragment_exec_node]: Navigation completed!
[INFO] [1787862538.733066738] [robot3.fragment_exec_node]: EventType: Control (Task: pick), Activity: move_to, Robot: robot3, Mission: m6, Segment: s3, End: 1787862538.731183
[INFO] [1787862538.735377370] [robot3.fragment_exec_node]: EventType: Control (Task: pick), Activity: localize, Robot: robot3, Mission: m6, Segment: s3, Start: 1787862538.733953
[INFO] [1787862538.737085536] [robot3.fragment_exec_node]: Simulating localize skill...
[INFO] [1787862543.740211063] [robot3.fragment_exec_node]: Localize completed!
[INFO] [1787862543.741235003] [robot3.fragment_exec_node]: EventType: Control (Task: pick), Activity: localize, Robot: robot3, Mission: m6, Segment: s3, End: 1787862543.7406647
[INFO] [1787862543.742281090] [robot3.fragment_exec_node]: EventType: Task, Activity: pick, Robot: robot3, Mission: m6, Segment: s3, Start: 1787862543.741643
[INFO] [1787862543.743592773] [robot3.fragment_exec_node]: Simulating pick skill...
[INFO] [1787862548.749491657] [robot3.fragment_exec_node]: Pick completed!
[INFO] [1787862548.752077365] [robot3.fragment_exec_node]: EventType: Task, Activity: pick, Robot: robot3, Mission: m6, Segment: s3, End: 1787862548.7509813
[INFO] [1787862548.755587176] [robot3.fragment_exec_node]: Executing task move_to(o3-6,pack_area). Params: {'x': 8, 'y': 8}, Virtual state: {'position': {'x': 5, 'y': 5, 'z': 0.0}, 'docked': False}
[INFO] [1787862548.759426028] [robot3.fragment_exec_node]: EventType: Task, Activity: move_to, Robot: robot3, Mission: m6, Segment: s3, Start: 1787862548.7573454
[INFO] [1787862548.761288581] [robot3.fragment_exec_node]: Simulating navigate skill from position (5, 5) to (8, 8) (8.48528137423857 seconds)...
[INFO] [1787862557.248804912] [robot3.fragment_exec_node]: Navigation completed!
[INFO] [1787862557.251558273] [robot3.fragment_exec_node]: EventType: Task, Activity: move_to, Robot: robot3, Mission: m6, Segment: s3, End: 1787862557.2502756
[INFO] [1787862557.252627682] [robot3.fragment_exec_node]: Executing task place(o3-6,pack_area). Params: {'x': 8, 'y': 8, 'weight': 5}, Virtual state: {'position': {'x': 8, 'y': 8, 'z': 0.0}, 'docked': False}
[INFO] [1787862557.254140616] [robot3.fragment_exec_node]: EventType: Control (Task: place), Activity: localize, Robot: robot3, Mission: m6, Segment: s3, Start: 1787862557.2534425
[INFO] [1787862557.255064394] [robot3.fragment_exec_node]: Simulating localize skill...
[INFO] [1787862562.258217754] [robot3.fragment_exec_node]: Localize completed!
[INFO] [1787862562.261170102] [robot3.fragment_exec_node]: EventType: Control (Task: place), Activity: localize, Robot: robot3, Mission: m6, Segment: s3, End: 1787862562.259358
[INFO] [1787862562.262667399] [robot3.fragment_exec_node]: EventType: Task, Activity: place, Robot: robot3, Mission: m6, Segment: s3, Start: 1787862562.2617676
[INFO] [1787862562.264427262] [robot3.fragment_exec_node]: Simulating place skill...
[INFO] [1787862567.266822419] [robot3.fragment_exec_node]: Place completed!
[INFO] [1787862567.268088483] [robot3.fragment_exec_node]: EventType: Task, Activity: place, Robot: robot3, Mission: m6, Segment: s3, End: 1787862567.2672863
[INFO] [1787862567.269770654] [robot3.fragment_exec_node]: Execution of fragment fm6-9 completed!
Traceback (most recent call last):
  File "/root/ros2_ws/install/multi3_executor/lib/multi3_executor/executor", line 33, in <module>
    sys.exit(load_entry_point('multi3-executor==0.0.0', 'console_scripts', 'executor')())
  File "/root/ros2_ws/install/multi3_executor/lib/python3.10/site-packages/multi3_executor/nodes/executor.py", line 313, in main
    rclpy.shutdown()
  File "/opt/ros/humble/local/lib/python3.10/dist-packages/rclpy/__init__.py", line 130, in shutdown
    _shutdown(context=context)
  File "/opt/ros/humble/local/lib/python3.10/dist-packages/rclpy/utilities.py", line 58, in shutdown
    return context.shutdown()
  File "/opt/ros/humble/local/lib/python3.10/dist-packages/rclpy/context.py", line 102, in shutdown
    self.__context.shutdown()
rclpy._rclpy_pybind11.RCLError: failed to shutdown: rcl_shutdown already called on the given context, at ./src/rcl/init.c:241

--- executor_robot4.log ---
[INFO] [1787862132.839599144] [robot4.fragment_exec_node]: Setting up skill: UndockSkill
[INFO] [1787862132.840708033] [robot4.fragment_exec_node]: Setting up skill: PickSkill
[INFO] [1787862132.842228450] [robot4.fragment_exec_node]: Setting up skill: NavigateSkill
[INFO] [1787862132.843717170] [robot4.fragment_exec_node]: Setting up skill: PlaceSkill
[INFO] [1787862132.844870933] [robot4.fragment_exec_node]: Setting up skill: LocalizeSkill
[INFO] [1787862132.852626979] [robot4.fragment_exec_node]: Published robot registration: {'name': 'robot4', 'operational_state': 'idle', 'capabilities': ['pick', 'move_to', 'place', 'undock', 'localize'], 'state': {'position': {'x': 0.0, 'y': 0.0, 'z': 0.0}, 'docked': True}}
[INFO] [1787862154.236343408] [robot4.fragment_exec_node]: Received fragment assignment: {'robot': 'robot4', 'fragment': {'id': 'fm1-1', 'mission': 'm1', 'state': 'assigned', 'wait': [], 'tasks': [{'name': 'pick', 'label': 'pick(o1-1,shelf)', 'params': {'x': 5, 'y': 8, 'weight': 8}}, {'name': 'move_to', 'label': 'move_to(o1-1,scan_area)', 'params': {'x': 5, 'y': 5}}, {'name': 'place', 'label': 'place(o1-1,scan_area)', 'params': {'x': 5, 'y': 5, 'weight': 8}}], 'arrive_timestamp': 1787862140, 'priority': 1, 'segment': 's1'}}
[INFO] [1787862154.238811299] [robot4.fragment_exec_node]: Starting execution of fragment fm1-1...
[INFO] [1787862154.241017082] [robot4.fragment_exec_node]: Executing task pick(o1-1,shelf). Params: {'x': 5, 'y': 8, 'weight': 8}, Virtual state: {'position': {'x': 0.0, 'y': 0.0, 'z': 0.0}, 'docked': True}
[INFO] [1787862154.243054147] [robot4.fragment_exec_node]: EventType: Control (Task: pick), Activity: undock, Robot: robot4, Mission: m1, Segment: s1, Start: 1787862154.2413976
[INFO] [1787862154.247403103] [robot4.fragment_exec_node]: Simulating undock skill...
[INFO] [1787862158.249130983] [robot4.fragment_exec_node]: Undock completed!
[INFO] [1787862158.249794173] [robot4.fragment_exec_node]: EventType: Control (Task: pick), Activity: undock, Robot: robot4, Mission: m1, Segment: s1, End: 1787862158.2493434
[INFO] [1787862158.250502652] [robot4.fragment_exec_node]: EventType: Control (Task: pick), Activity: move_to, Robot: robot4, Mission: m1, Segment: s1, Start: 1787862158.2502072
[INFO] [1787862158.251090116] [robot4.fragment_exec_node]: Simulating navigate skill from position (0.0, 0.0) to (5, 8) (18.867962264113206 seconds)...
[INFO] [1787862177.123096929] [robot4.fragment_exec_node]: Navigation completed!
[INFO] [1787862177.126376824] [robot4.fragment_exec_node]: EventType: Control (Task: pick), Activity: move_to, Robot: robot4, Mission: m1, Segment: s1, End: 1787862177.1242828
[INFO] [1787862177.128107299] [robot4.fragment_exec_node]: EventType: Control (Task: pick), Activity: localize, Robot: robot4, Mission: m1, Segment: s1, Start: 1787862177.1269946
[INFO] [1787862177.129646664] [robot4.fragment_exec_node]: Simulating localize skill...
[INFO] [1787862182.132415355] [robot4.fragment_exec_node]: Localize completed!
[INFO] [1787862182.134443926] [robot4.fragment_exec_node]: EventType: Control (Task: pick), Activity: localize, Robot: robot4, Mission: m1, Segment: s1, End: 1787862182.1330204
[INFO] [1787862182.135952971] [robot4.fragment_exec_node]: EventType: Task, Activity: pick, Robot: robot4, Mission: m1, Segment: s1, Start: 1787862182.134975
[INFO] [1787862182.137181521] [robot4.fragment_exec_node]: Simulating pick skill...
[INFO] [1787862190.140191576] [robot4.fragment_exec_node]: Pick completed!
[INFO] [1787862190.141524384] [robot4.fragment_exec_node]: EventType: Task, Activity: pick, Robot: robot4, Mission: m1, Segment: s1, End: 1787862190.1407933
[INFO] [1787862190.143518594] [robot4.fragment_exec_node]: Executing task move_to(o1-1,scan_area). Params: {'x': 5, 'y': 5}, Virtual state: {'position': {'x': 5, 'y': 8, 'z': 0.0}, 'docked': False}
[INFO] [1787862190.144796641] [robot4.fragment_exec_node]: EventType: Task, Activity: move_to, Robot: robot4, Mission: m1, Segment: s1, Start: 1787862190.1439092
[INFO] [1787862190.146267892] [robot4.fragment_exec_node]: Simulating navigate skill from position (5, 8) to (5, 5) (0.0 seconds)...
[INFO] [1787862190.148275332] [robot4.fragment_exec_node]: Navigation completed!
[INFO] [1787862190.149799419] [robot4.fragment_exec_node]: EventType: Task, Activity: move_to, Robot: robot4, Mission: m1, Segment: s1, End: 1787862190.1488464
[INFO] [1787862190.152047274] [robot4.fragment_exec_node]: Executing task place(o1-1,scan_area). Params: {'x': 5, 'y': 5, 'weight': 8}, Virtual state: {'position': {'x': 5, 'y': 5, 'z': 0.0}, 'docked': False}
[INFO] [1787862190.153470212] [robot4.fragment_exec_node]: EventType: Control (Task: place), Activity: localize, Robot: robot4, Mission: m1, Segment: s1, Start: 1787862190.152499
[INFO] [1787862190.155142066] [robot4.fragment_exec_node]: Simulating localize skill...
[INFO] [1787862195.159018168] [robot4.fragment_exec_node]: Localize completed!
[INFO] [1787862195.160190127] [robot4.fragment_exec_node]: EventType: Control (Task: place), Activity: localize, Robot: robot4, Mission: m1, Segment: s1, End: 1787862195.1594863
[INFO] [1787862195.161450993] [robot4.fragment_exec_node]: EventType: Task, Activity: place, Robot: robot4, Mission: m1, Segment: s1, Start: 1787862195.1607926
[INFO] [1787862195.162457036] [robot4.fragment_exec_node]: Simulating place skill...
[INFO] [1787862203.166469695] [robot4.fragment_exec_node]: Place completed!
[INFO] [1787862203.169490419] [robot4.fragment_exec_node]: EventType: Task, Activity: place, Robot: robot4, Mission: m1, Segment: s1, End: 1787862203.1675808
[INFO] [1787862203.174112772] [robot4.fragment_exec_node]: Execution of fragment fm1-1 completed!
[INFO] [1787862203.233259333] [robot4.fragment_exec_node]: Received fragment assignment: {'robot': 'robot4', 'fragment': {'id': 'fm1-6', 'mission': 'm1', 'state': 'assigned', 'wait': ['scan(o2-1)'], 'tasks': [{'name': 'pick', 'label': 'pick(o2-1,scan_area)', 'params': {'x': 5, 'y': 5, 'weight': 2}}, {'name': 'move_to', 'label': 'move_to(o2-1,pack_area)', 'params': {'x': 8, 'y': 8}}, {'name': 'place', 'label': 'place(o2-1,pack_area)', 'params': {'x': 8, 'y': 8, 'weight': 2}}], 'arrive_timestamp': 1787862140, 'priority': 1, 'segment': 's2'}}
[INFO] [1787862203.234026381] [robot4.fragment_exec_node]: Starting execution of fragment fm1-6...
[INFO] [1787862203.234885553] [robot4.fragment_exec_node]: Executing task pick(o2-1,scan_area). Params: {'x': 5, 'y': 5, 'weight': 2}, Virtual state: {'position': {'x': 5, 'y': 5, 'z': 0.0}, 'docked': False}
[INFO] [1787862203.235569058] [robot4.fragment_exec_node]: EventType: Control (Task: pick), Activity: localize, Robot: robot4, Mission: m1, Segment: s2, Start: 1787862203.2351534
[INFO] [1787862203.236077772] [robot4.fragment_exec_node]: Simulating localize skill...
[INFO] [1787862208.237554099] [robot4.fragment_exec_node]: Localize completed!
[INFO] [1787862208.238401105] [robot4.fragment_exec_node]: EventType: Control (Task: pick), Activity: localize, Robot: robot4, Mission: m1, Segment: s2, End: 1787862208.2380424
[INFO] [1787862208.239286005] [robot4.fragment_exec_node]: EventType: Task, Activity: pick, Robot: robot4, Mission: m1, Segment: s2, Start: 1787862208.238692
[INFO] [1787862208.240059903] [robot4.fragment_exec_node]: Simulating pick skill...
[INFO] [1787862210.241303120] [robot4.fragment_exec_node]: Pick completed!
[INFO] [1787862210.242038252] [robot4.fragment_exec_node]: EventType: Task, Activity: pick, Robot: robot4, Mission: m1, Segment: s2, End: 1787862210.2415946
[INFO] [1787862210.242853205] [robot4.fragment_exec_node]: Executing task move_to(o2-1,pack_area). Params: {'x': 8, 'y': 8}, Virtual state: {'position': {'x': 5, 'y': 5, 'z': 0.0}, 'docked': False}
[INFO] [1787862210.243340460] [robot4.fragment_exec_node]: EventType: Task, Activity: move_to, Robot: robot4, Mission: m1, Segment: s2, Start: 1787862210.2430403
[INFO] [1787862210.244285928] [robot4.fragment_exec_node]: Simulating navigate skill from position (5, 5) to (8, 8) (8.48528137423857 seconds)...
[INFO] [1787862218.731697881] [robot4.fragment_exec_node]: Navigation completed!
[INFO] [1787862218.732642496] [robot4.fragment_exec_node]: EventType: Task, Activity: move_to, Robot: robot4, Mission: m1, Segment: s2, End: 1787862218.732133
[INFO] [1787862218.734264346] [robot4.fragment_exec_node]: Executing task place(o2-1,pack_area). Params: {'x': 8, 'y': 8, 'weight': 2}, Virtual state: {'position': {'x': 8, 'y': 8, 'z': 0.0}, 'docked': False}
[INFO] [1787862218.735316704] [robot4.fragment_exec_node]: EventType: Control (Task: place), Activity: localize, Robot: robot4, Mission: m1, Segment: s2, Start: 1787862218.734794
[INFO] [1787862218.736300949] [robot4.fragment_exec_node]: Simulating localize skill...
[INFO] [1787862223.740242578] [robot4.fragment_exec_node]: Localize completed!
[INFO] [1787862223.741432727] [robot4.fragment_exec_node]: EventType: Control (Task: place), Activity: localize, Robot: robot4, Mission: m1, Segment: s2, End: 1787862223.7407281
[INFO] [1787862223.742591473] [robot4.fragment_exec_node]: EventType: Task, Activity: place, Robot: robot4, Mission: m1, Segment: s2, Start: 1787862223.7418115
[INFO] [1787862223.743655455] [robot4.fragment_exec_node]: Simulating place skill...
[INFO] [1787862225.747367607] [robot4.fragment_exec_node]: Place completed!
[INFO] [1787862225.749488238] [robot4.fragment_exec_node]: EventType: Task, Activity: place, Robot: robot4, Mission: m1, Segment: s2, End: 1787862225.748283
[INFO] [1787862225.751840235] [robot4.fragment_exec_node]: Execution of fragment fm1-6 completed!
[INFO] [1787862226.242643925] [robot4.fragment_exec_node]: Received fragment assignment: {'robot': 'robot4', 'fragment': {'id': 'fm3-3', 'mission': 'm3', 'state': 'assigned', 'wait': ['scan(o1-3)'], 'tasks': [{'name': 'pick', 'label': 'pick(o1-3,scan_area)', 'params': {'x': 5, 'y': 5, 'weight': 4}}, {'name': 'move_to', 'label': 'move_to(o1-3,pack_area)', 'params': {'x': 8, 'y': 8}}, {'name': 'place', 'label': 'place(o1-3,pack_area)', 'params': {'x': 8, 'y': 8, 'weight': 4}}], 'arrive_timestamp': 1787862142, 'priority': 1, 'segment': 's1'}}
[INFO] [1787862226.244009765] [robot4.fragment_exec_node]: Starting execution of fragment fm3-3...
[INFO] [1787862226.245252612] [robot4.fragment_exec_node]: Executing task pick(o1-3,scan_area). Params: {'x': 5, 'y': 5, 'weight': 4}, Virtual state: {'position': {'x': 8, 'y': 8, 'z': 0.0}, 'docked': False}
[INFO] [1787862226.246379990] [robot4.fragment_exec_node]: EventType: Control (Task: pick), Activity: move_to, Robot: robot4, Mission: m3, Segment: s1, Start: 1787862226.245686
[INFO] [1787862226.247252269] [robot4.fragment_exec_node]: Simulating navigate skill from position (8, 8) to (5, 5) (8.48528137423857 seconds)...
[INFO] [1787862234.734881627] [robot4.fragment_exec_node]: Navigation completed!
[INFO] [1787862234.736052610] [robot4.fragment_exec_node]: EventType: Control (Task: pick), Activity: move_to, Robot: robot4, Mission: m3, Segment: s1, End: 1787862234.7354193
[INFO] [1787862234.737107622] [robot4.fragment_exec_node]: EventType: Control (Task: pick), Activity: localize, Robot: robot4, Mission: m3, Segment: s1, Start: 1787862234.7364426
[INFO] [1787862234.738214054] [robot4.fragment_exec_node]: Simulating localize skill...
[INFO] [1787862239.740214342] [robot4.fragment_exec_node]: Localize completed!
[INFO] [1787862239.743192784] [robot4.fragment_exec_node]: EventType: Control (Task: pick), Activity: localize, Robot: robot4, Mission: m3, Segment: s1, End: 1787862239.7422013
[INFO] [1787862239.744449471] [robot4.fragment_exec_node]: EventType: Task, Activity: pick, Robot: robot4, Mission: m3, Segment: s1, Start: 1787862239.7437212
[INFO] [1787862239.745545124] [robot4.fragment_exec_node]: Simulating pick skill...
[INFO] [1787862243.748160118] [robot4.fragment_exec_node]: Pick completed!
[INFO] [1787862243.749272755] [robot4.fragment_exec_node]: EventType: Task, Activity: pick, Robot: robot4, Mission: m3, Segment: s1, End: 1787862243.748641
[INFO] [1787862243.750313608] [robot4.fragment_exec_node]: Executing task move_to(o1-3,pack_area). Params: {'x': 8, 'y': 8}, Virtual state: {'position': {'x': 5, 'y': 5, 'z': 0.0}, 'docked': False}
[INFO] [1787862243.751169210] [robot4.fragment_exec_node]: EventType: Task, Activity: move_to, Robot: robot4, Mission: m3, Segment: s1, Start: 1787862243.7506273
[INFO] [1787862243.752375667] [robot4.fragment_exec_node]: Simulating navigate skill from position (5, 5) to (8, 8) (8.48528137423857 seconds)...
[INFO] [1787862252.242583435] [robot4.fragment_exec_node]: Navigation completed!
[INFO] [1787862252.245040594] [robot4.fragment_exec_node]: EventType: Task, Activity: move_to, Robot: robot4, Mission: m3, Segment: s1, End: 1787862252.243923
[INFO] [1787862252.247379844] [robot4.fragment_exec_node]: Executing task place(o1-3,pack_area). Params: {'x': 8, 'y': 8, 'weight': 4}, Virtual state: {'position': {'x': 8, 'y': 8, 'z': 0.0}, 'docked': False}
[INFO] [1787862252.249611230] [robot4.fragment_exec_node]: EventType: Control (Task: place), Activity: localize, Robot: robot4, Mission: m3, Segment: s1, Start: 1787862252.248176
[INFO] [1787862252.251058439] [robot4.fragment_exec_node]: Simulating localize skill...
[INFO] [1787862257.254559865] [robot4.fragment_exec_node]: Localize completed!
[INFO] [1787862257.257621030] [robot4.fragment_exec_node]: EventType: Control (Task: place), Activity: localize, Robot: robot4, Mission: m3, Segment: s1, End: 1787862257.2556643
[INFO] [1787862257.259810297] [robot4.fragment_exec_node]: EventType: Task, Activity: place, Robot: robot4, Mission: m3, Segment: s1, Start: 1787862257.2585413
[INFO] [1787862257.261828137] [robot4.fragment_exec_node]: Simulating place skill...
[INFO] [1787862261.264216370] [robot4.fragment_exec_node]: Place completed!
[INFO] [1787862261.266975637] [robot4.fragment_exec_node]: EventType: Task, Activity: place, Robot: robot4, Mission: m3, Segment: s1, End: 1787862261.265953
[INFO] [1787862261.269005215] [robot4.fragment_exec_node]: Execution of fragment fm3-3 completed!
[INFO] [1787862262.230986389] [robot4.fragment_exec_node]: Received fragment assignment: {'robot': 'robot4', 'fragment': {'id': 'fm5-6', 'mission': 'm5', 'state': 'assigned', 'wait': ['scan(o2-5)'], 'tasks': [{'name': 'pick', 'label': 'pick(o2-5,scan_area)', 'params': {'x': 5, 'y': 5, 'weight': 3}}, {'name': 'move_to', 'label': 'move_to(o2-5,pack_area)', 'params': {'x': 8, 'y': 8}}, {'name': 'place', 'label': 'place(o2-5,pack_area)', 'params': {'x': 8, 'y': 8, 'weight': 3}}], 'arrive_timestamp': 1787862144, 'priority': 1, 'segment': 's2'}}
[INFO] [1787862262.232395603] [robot4.fragment_exec_node]: Starting execution of fragment fm5-6...
[INFO] [1787862262.234209278] [robot4.fragment_exec_node]: Executing task pick(o2-5,scan_area). Params: {'x': 5, 'y': 5, 'weight': 3}, Virtual state: {'position': {'x': 8, 'y': 8, 'z': 0.0}, 'docked': False}
[INFO] [1787862262.235454347] [robot4.fragment_exec_node]: EventType: Control (Task: pick), Activity: move_to, Robot: robot4, Mission: m5, Segment: s2, Start: 1787862262.2347302
[INFO] [1787862262.236654118] [robot4.fragment_exec_node]: Simulating navigate skill from position (8, 8) to (5, 5) (8.48528137423857 seconds)...
[INFO] [1787862270.725906713] [robot4.fragment_exec_node]: Navigation completed!
[INFO] [1787862270.730151939] [robot4.fragment_exec_node]: EventType: Control (Task: pick), Activity: move_to, Robot: robot4, Mission: m5, Segment: s2, End: 1787862270.7281616
[INFO] [1787862270.732002300] [robot4.fragment_exec_node]: EventType: Control (Task: pick), Activity: localize, Robot: robot4, Mission: m5, Segment: s2, Start: 1787862270.7309568
[INFO] [1787862270.733880717] [robot4.fragment_exec_node]: Simulating localize skill...
[INFO] [1787862275.737660659] [robot4.fragment_exec_node]: Localize completed!
[INFO] [1787862275.740869235] [robot4.fragment_exec_node]: EventType: Control (Task: pick), Activity: localize, Robot: robot4, Mission: m5, Segment: s2, End: 1787862275.7391565
[INFO] [1787862275.743398784] [robot4.fragment_exec_node]: EventType: Task, Activity: pick, Robot: robot4, Mission: m5, Segment: s2, Start: 1787862275.7418318
[INFO] [1787862275.745047382] [robot4.fragment_exec_node]: Simulating pick skill...
[INFO] [1787862278.748798670] [robot4.fragment_exec_node]: Pick completed!
[INFO] [1787862278.751525645] [robot4.fragment_exec_node]: EventType: Task, Activity: pick, Robot: robot4, Mission: m5, Segment: s2, End: 1787862278.7499404
[INFO] [1787862278.754095698] [robot4.fragment_exec_node]: Executing task move_to(o2-5,pack_area). Params: {'x': 8, 'y': 8}, Virtual state: {'position': {'x': 5, 'y': 5, 'z': 0.0}, 'docked': False}
[INFO] [1787862278.755842659] [robot4.fragment_exec_node]: EventType: Task, Activity: move_to, Robot: robot4, Mission: m5, Segment: s2, Start: 1787862278.7546785
[INFO] [1787862278.757502472] [robot4.fragment_exec_node]: Simulating navigate skill from position (5, 5) to (8, 8) (8.48528137423857 seconds)...
[INFO] [1787862287.245002753] [robot4.fragment_exec_node]: Navigation completed!
[INFO] [1787862287.246397876] [robot4.fragment_exec_node]: EventType: Task, Activity: move_to, Robot: robot4, Mission: m5, Segment: s2, End: 1787862287.2457557
[INFO] [1787862287.248392071] [robot4.fragment_exec_node]: Executing task place(o2-5,pack_area). Params: {'x': 8, 'y': 8, 'weight': 3}, Virtual state: {'position': {'x': 8, 'y': 8, 'z': 0.0}, 'docked': False}
[INFO] [1787862287.249484770] [robot4.fragment_exec_node]: EventType: Control (Task: place), Activity: localize, Robot: robot4, Mission: m5, Segment: s2, Start: 1787862287.2489111
[INFO] [1787862287.250180877] [robot4.fragment_exec_node]: Simulating localize skill...
[INFO] [1787862292.252491495] [robot4.fragment_exec_node]: Localize completed!
[INFO] [1787862292.254663619] [robot4.fragment_exec_node]: EventType: Control (Task: place), Activity: localize, Robot: robot4, Mission: m5, Segment: s2, End: 1787862292.2532232
[INFO] [1787862292.256437400] [robot4.fragment_exec_node]: EventType: Task, Activity: place, Robot: robot4, Mission: m5, Segment: s2, Start: 1787862292.25532
[INFO] [1787862292.258102632] [robot4.fragment_exec_node]: Simulating place skill...
[INFO] [1787862295.259769081] [robot4.fragment_exec_node]: Place completed!
[INFO] [1787862295.262265994] [robot4.fragment_exec_node]: EventType: Task, Activity: place, Robot: robot4, Mission: m5, Segment: s2, End: 1787862295.261343
[INFO] [1787862295.264330851] [robot4.fragment_exec_node]: Execution of fragment fm5-6 completed!
[INFO] [1787862296.241927792] [robot4.fragment_exec_node]: Received fragment assignment: {'robot': 'robot4', 'fragment': {'id': 'fm7-4', 'mission': 'm7', 'state': 'assigned', 'wait': [], 'tasks': [{'name': 'pick', 'label': 'pick(o2-7,shelf)', 'params': {'x': 2, 'y': 4, 'weight': 3}}, {'name': 'move_to', 'label': 'move_to(o2-7,scan_area)', 'params': {'x': 5, 'y': 5}}, {'name': 'place', 'label': 'place(o2-7,scan_area)', 'params': {'x': 5, 'y': 5, 'weight': 3}}], 'arrive_timestamp': 1787862245, 'priority': 1, 'segment': 's2'}}
[INFO] [1787862296.242889850] [robot4.fragment_exec_node]: Starting execution of fragment fm7-4...
[INFO] [1787862296.244458504] [robot4.fragment_exec_node]: Executing task pick(o2-7,shelf). Params: {'x': 2, 'y': 4, 'weight': 3}, Virtual state: {'position': {'x': 8, 'y': 8, 'z': 0.0}, 'docked': False}
[INFO] [1787862296.245461850] [robot4.fragment_exec_node]: EventType: Control (Task: pick), Activity: move_to, Robot: robot4, Mission: m7, Segment: s2, Start: 1787862296.2447379
[INFO] [1787862296.246961682] [robot4.fragment_exec_node]: Simulating navigate skill from position (8, 8) to (2, 4) (14.422205101855956 seconds)...
[INFO] [1787862310.674845771] [robot4.fragment_exec_node]: Navigation completed!
[INFO] [1787862310.677636277] [robot4.fragment_exec_node]: EventType: Control (Task: pick), Activity: move_to, Robot: robot4, Mission: m7, Segment: s2, End: 1787862310.6764448
[INFO] [1787862310.679211665] [robot4.fragment_exec_node]: EventType: Control (Task: pick), Activity: localize, Robot: robot4, Mission: m7, Segment: s2, Start: 1787862310.678304
[INFO] [1787862310.680544213] [robot4.fragment_exec_node]: Simulating localize skill...
[INFO] [1787862315.685646660] [robot4.fragment_exec_node]: Localize completed!
[INFO] [1787862315.688679408] [robot4.fragment_exec_node]: EventType: Control (Task: pick), Activity: localize, Robot: robot4, Mission: m7, Segment: s2, End: 1787862315.6869524
[INFO] [1787862315.692120012] [robot4.fragment_exec_node]: EventType: Task, Activity: pick, Robot: robot4, Mission: m7, Segment: s2, Start: 1787862315.6904678
[INFO] [1787862315.694053167] [robot4.fragment_exec_node]: Simulating pick skill...
[INFO] [1787862318.696417801] [robot4.fragment_exec_node]: Pick completed!
[INFO] [1787862318.697539669] [robot4.fragment_exec_node]: EventType: Task, Activity: pick, Robot: robot4, Mission: m7, Segment: s2, End: 1787862318.69722
[INFO] [1787862318.698349088] [robot4.fragment_exec_node]: Executing task move_to(o2-7,scan_area). Params: {'x': 5, 'y': 5}, Virtual state: {'position': {'x': 2, 'y': 4, 'z': 0.0}, 'docked': False}
[INFO] [1787862318.699027556] [robot4.fragment_exec_node]: EventType: Task, Activity: move_to, Robot: robot4, Mission: m7, Segment: s2, Start: 1787862318.698581
[INFO] [1787862318.699686415] [robot4.fragment_exec_node]: Simulating navigate skill from position (2, 4) to (5, 5) (8.48528137423857 seconds)...
[INFO] [1787862327.187414205] [robot4.fragment_exec_node]: Navigation completed!
[INFO] [1787862327.188963310] [robot4.fragment_exec_node]: EventType: Task, Activity: move_to, Robot: robot4, Mission: m7, Segment: s2, End: 1787862327.1880758
[INFO] [1787862327.191160210] [robot4.fragment_exec_node]: Executing task place(o2-7,scan_area). Params: {'x': 5, 'y': 5, 'weight': 3}, Virtual state: {'position': {'x': 5, 'y': 5, 'z': 0.0}, 'docked': False}
[INFO] [1787862327.192551797] [robot4.fragment_exec_node]: EventType: Control (Task: place), Activity: localize, Robot: robot4, Mission: m7, Segment: s2, Start: 1787862327.1917434
[INFO] [1787862327.193981890] [robot4.fragment_exec_node]: Simulating localize skill...
[INFO] [1787862332.197329899] [robot4.fragment_exec_node]: Localize completed!
[INFO] [1787862332.199919176] [robot4.fragment_exec_node]: EventType: Control (Task: place), Activity: localize, Robot: robot4, Mission: m7, Segment: s2, End: 1787862332.1979833
[INFO] [1787862332.201662728] [robot4.fragment_exec_node]: EventType: Task, Activity: place, Robot: robot4, Mission: m7, Segment: s2, Start: 1787862332.2005758
[INFO] [1787862332.203585732] [robot4.fragment_exec_node]: Simulating place skill...
[INFO] [1787862335.206585358] [robot4.fragment_exec_node]: Place completed!
[INFO] [1787862335.208456525] [robot4.fragment_exec_node]: EventType: Task, Activity: place, Robot: robot4, Mission: m7, Segment: s2, End: 1787862335.2072494
[INFO] [1787862335.211717742] [robot4.fragment_exec_node]: Execution of fragment fm7-4 completed!
[INFO] [1787862335.244581631] [robot4.fragment_exec_node]: Received fragment assignment: {'robot': 'robot4', 'fragment': {'id': 'fm7-3', 'mission': 'm7', 'state': 'assigned', 'wait': ['scan(o1-7)'], 'tasks': [{'name': 'pick', 'label': 'pick(o1-7,scan_area)', 'params': {'x': 5, 'y': 5, 'weight': 10}}, {'name': 'move_to', 'label': 'move_to(o1-7,pack_area)', 'params': {'x': 8, 'y': 8}}, {'name': 'place', 'label': 'place(o1-7,pack_area)', 'params': {'x': 8, 'y': 8, 'weight': 10}}], 'arrive_timestamp': 1787862245, 'priority': 1, 'segment': 's1'}}
[INFO] [1787862335.250389427] [robot4.fragment_exec_node]: Starting execution of fragment fm7-3...
[INFO] [1787862335.251746403] [robot4.fragment_exec_node]: Waiting for coordination messages before executing fragment fm7-3: ['scan(o1-7)']
[INFO] [1787862337.257633086] [robot4.fragment_exec_node]: Executing task pick(o1-7,scan_area). Params: {'x': 5, 'y': 5, 'weight': 10}, Virtual state: {'position': {'x': 5, 'y': 5, 'z': 0.0}, 'docked': False}
[INFO] [1787862337.259942594] [robot4.fragment_exec_node]: EventType: Control (Task: pick), Activity: localize, Robot: robot4, Mission: m7, Segment: s1, Start: 1787862337.2588925
[INFO] [1787862337.261716734] [robot4.fragment_exec_node]: Simulating localize skill...
[INFO] [1787862342.266697027] [robot4.fragment_exec_node]: Localize completed!
[INFO] [1787862342.268543775] [robot4.fragment_exec_node]: EventType: Control (Task: pick), Activity: localize, Robot: robot4, Mission: m7, Segment: s1, End: 1787862342.2674026
[INFO] [1787862342.270375690] [robot4.fragment_exec_node]: EventType: Task, Activity: pick, Robot: robot4, Mission: m7, Segment: s1, Start: 1787862342.269123
[INFO] [1787862342.272262976] [robot4.fragment_exec_node]: Simulating pick skill...
[INFO] [1787862352.274475563] [robot4.fragment_exec_node]: Pick completed!
[INFO] [1787862352.276094599] [robot4.fragment_exec_node]: EventType: Task, Activity: pick, Robot: robot4, Mission: m7, Segment: s1, End: 1787862352.2752423
[INFO] [1787862352.277488228] [robot4.fragment_exec_node]: Executing task move_to(o1-7,pack_area). Params: {'x': 8, 'y': 8}, Virtual state: {'position': {'x': 5, 'y': 5, 'z': 0.0}, 'docked': False}
[INFO] [1787862352.278904883] [robot4.fragment_exec_node]: EventType: Task, Activity: move_to, Robot: robot4, Mission: m7, Segment: s1, Start: 1787862352.2779264
[INFO] [1787862352.279972514] [robot4.fragment_exec_node]: Simulating navigate skill from position (5, 5) to (8, 8) (8.48528137423857 seconds)...
[INFO] [1787862360.768694015] [robot4.fragment_exec_node]: Navigation completed!
[INFO] [1787862360.771849860] [robot4.fragment_exec_node]: EventType: Task, Activity: move_to, Robot: robot4, Mission: m7, Segment: s1, End: 1787862360.769703
[INFO] [1787862360.774430601] [robot4.fragment_exec_node]: Executing task place(o1-7,pack_area). Params: {'x': 8, 'y': 8, 'weight': 10}, Virtual state: {'position': {'x': 8, 'y': 8, 'z': 0.0}, 'docked': False}
[INFO] [1787862360.776173464] [robot4.fragment_exec_node]: EventType: Control (Task: place), Activity: localize, Robot: robot4, Mission: m7, Segment: s1, Start: 1787862360.775099
[INFO] [1787862360.777803876] [robot4.fragment_exec_node]: Simulating localize skill...
[INFO] [1787862365.780606885] [robot4.fragment_exec_node]: Localize completed!
[INFO] [1787862365.782476849] [robot4.fragment_exec_node]: EventType: Control (Task: place), Activity: localize, Robot: robot4, Mission: m7, Segment: s1, End: 1787862365.7813377
[INFO] [1787862365.784035655] [robot4.fragment_exec_node]: EventType: Task, Activity: place, Robot: robot4, Mission: m7, Segment: s1, Start: 1787862365.783158
[INFO] [1787862365.785700253] [robot4.fragment_exec_node]: Simulating place skill...
[INFO] [1787862375.788067907] [robot4.fragment_exec_node]: Place completed!
[INFO] [1787862375.792740851] [robot4.fragment_exec_node]: EventType: Task, Activity: place, Robot: robot4, Mission: m7, Segment: s1, End: 1787862375.7895164
[INFO] [1787862375.794771876] [robot4.fragment_exec_node]: Execution of fragment fm7-3 completed!
[INFO] [1787862376.226096974] [robot4.fragment_exec_node]: Received fragment assignment: {'robot': 'robot4', 'fragment': {'id': 'fm7-12', 'mission': 'm7', 'state': 'assigned', 'wait': ['scan(o4-7)'], 'tasks': [{'name': 'pick', 'label': 'pick(o4-7,scan_area)', 'params': {'x': 5, 'y': 5, 'weight': 2}}, {'name': 'move_to', 'label': 'move_to(o4-7,pack_area)', 'params': {'x': 8, 'y': 8}}, {'name': 'place', 'label': 'place(o4-7,pack_area)', 'params': {'x': 8, 'y': 8, 'weight': 2}}], 'arrive_timestamp': 1787862245, 'priority': 1, 'segment': 's4'}}
[INFO] [1787862376.228113718] [robot4.fragment_exec_node]: Starting execution of fragment fm7-12...
[INFO] [1787862376.229919588] [robot4.fragment_exec_node]: Executing task pick(o4-7,scan_area). Params: {'x': 5, 'y': 5, 'weight': 2}, Virtual state: {'position': {'x': 8, 'y': 8, 'z': 0.0}, 'docked': False}
[INFO] [1787862376.231921741] [robot4.fragment_exec_node]: EventType: Control (Task: pick), Activity: move_to, Robot: robot4, Mission: m7, Segment: s4, Start: 1787862376.230486
[INFO] [1787862376.232804159] [robot4.fragment_exec_node]: Simulating navigate skill from position (8, 8) to (5, 5) (8.48528137423857 seconds)...
[INFO] [1787862384.722819654] [robot4.fragment_exec_node]: Navigation completed!
[INFO] [1787862384.725460167] [robot4.fragment_exec_node]: EventType: Control (Task: pick), Activity: move_to, Robot: robot4, Mission: m7, Segment: s4, End: 1787862384.7239468
[INFO] [1787862384.727169031] [robot4.fragment_exec_node]: EventType: Control (Task: pick), Activity: localize, Robot: robot4, Mission: m7, Segment: s4, Start: 1787862384.7261076
[INFO] [1787862384.729243554] [robot4.fragment_exec_node]: Simulating localize skill...
[INFO] [1787862389.732462433] [robot4.fragment_exec_node]: Localize completed!
[INFO] [1787862389.734237808] [robot4.fragment_exec_node]: EventType: Control (Task: pick), Activity: localize, Robot: robot4, Mission: m7, Segment: s4, End: 1787862389.7331617
[INFO] [1787862389.736091055] [robot4.fragment_exec_node]: EventType: Task, Activity: pick, Robot: robot4, Mission: m7, Segment: s4, Start: 1787862389.734915
[INFO] [1787862389.737330671] [robot4.fragment_exec_node]: Simulating pick skill...
[INFO] [1787862391.738829655] [robot4.fragment_exec_node]: Pick completed!
[INFO] [1787862391.739531516] [robot4.fragment_exec_node]: EventType: Task, Activity: pick, Robot: robot4, Mission: m7, Segment: s4, End: 1787862391.7391057
[INFO] [1787862391.740525955] [robot4.fragment_exec_node]: Executing task move_to(o4-7,pack_area). Params: {'x': 8, 'y': 8}, Virtual state: {'position': {'x': 5, 'y': 5, 'z': 0.0}, 'docked': False}
[INFO] [1787862391.741355574] [robot4.fragment_exec_node]: EventType: Task, Activity: move_to, Robot: robot4, Mission: m7, Segment: s4, Start: 1787862391.7408416
[INFO] [1787862391.741965085] [robot4.fragment_exec_node]: Simulating navigate skill from position (5, 5) to (8, 8) (8.48528137423857 seconds)...
[INFO] [1787862400.228988858] [robot4.fragment_exec_node]: Navigation completed!
[INFO] [1787862400.229838038] [robot4.fragment_exec_node]: EventType: Task, Activity: move_to, Robot: robot4, Mission: m7, Segment: s4, End: 1787862400.2293797
[INFO] [1787862400.231544481] [robot4.fragment_exec_node]: Executing task place(o4-7,pack_area). Params: {'x': 8, 'y': 8, 'weight': 2}, Virtual state: {'position': {'x': 8, 'y': 8, 'z': 0.0}, 'docked': False}
[INFO] [1787862400.232176602] [robot4.fragment_exec_node]: EventType: Control (Task: place), Activity: localize, Robot: robot4, Mission: m7, Segment: s4, Start: 1787862400.2318296
[INFO] [1787862400.232890110] [robot4.fragment_exec_node]: Simulating localize skill...
[INFO] [1787862405.247461907] [robot4.fragment_exec_node]: Localize completed!
[INFO] [1787862405.248508486] [robot4.fragment_exec_node]: EventType: Control (Task: place), Activity: localize, Robot: robot4, Mission: m7, Segment: s4, End: 1787862405.2479014
[INFO] [1787862405.249356057] [robot4.fragment_exec_node]: EventType: Task, Activity: place, Robot: robot4, Mission: m7, Segment: s4, Start: 1787862405.2488117
[INFO] [1787862405.250081064] [robot4.fragment_exec_node]: Simulating place skill...
[INFO] [1787862407.253309541] [robot4.fragment_exec_node]: Place completed!
[INFO] [1787862407.254911906] [robot4.fragment_exec_node]: EventType: Task, Activity: place, Robot: robot4, Mission: m7, Segment: s4, End: 1787862407.253881
[INFO] [1787862407.257316200] [robot4.fragment_exec_node]: Execution of fragment fm7-12 completed!
[INFO] [1787862408.240196496] [robot4.fragment_exec_node]: Received fragment assignment: {'robot': 'robot4', 'fragment': {'id': 'fm4-4', 'mission': 'm4', 'state': 'assigned', 'wait': [], 'tasks': [{'name': 'pick', 'label': 'pick(o2-4,shelf)', 'params': {'x': 3, 'y': 3, 'weight': 3}}, {'name': 'move_to', 'label': 'move_to(o2-4,scan_area)', 'params': {'x': 5, 'y': 5}}, {'name': 'place', 'label': 'place(o2-4,scan_area)', 'params': {'x': 5, 'y': 5, 'weight': 3}}], 'arrive_timestamp': 1787862333, 'priority': 1, 'segment': 's2'}}
[INFO] [1787862408.241541033] [robot4.fragment_exec_node]: Starting execution of fragment fm4-4...
[INFO] [1787862408.243006906] [robot4.fragment_exec_node]: Executing task pick(o2-4,shelf). Params: {'x': 3, 'y': 3, 'weight': 3}, Virtual state: {'position': {'x': 8, 'y': 8, 'z': 0.0}, 'docked': False}
[INFO] [1787862408.244042061] [robot4.fragment_exec_node]: EventType: Control (Task: pick), Activity: move_to, Robot: robot4, Mission: m4, Segment: s2, Start: 1787862408.2435443
[INFO] [1787862408.244997641] [robot4.fragment_exec_node]: Simulating navigate skill from position (8, 8) to (3, 3) (14.142135623730951 seconds)...
[INFO] [1787862422.390760777] [robot4.fragment_exec_node]: Navigation completed!
[INFO] [1787862422.395927755] [robot4.fragment_exec_node]: EventType: Control (Task: pick), Activity: move_to, Robot: robot4, Mission: m4, Segment: s2, End: 1787862422.3939996
[INFO] [1787862422.398878343] [robot4.fragment_exec_node]: EventType: Control (Task: pick), Activity: localize, Robot: robot4, Mission: m4, Segment: s2, Start: 1787862422.3968916
[INFO] [1787862422.401393454] [robot4.fragment_exec_node]: Simulating localize skill...
[INFO] [1787862427.404219187] [robot4.fragment_exec_node]: Localize completed!
[INFO] [1787862427.404845596] [robot4.fragment_exec_node]: EventType: Control (Task: pick), Activity: localize, Robot: robot4, Mission: m4, Segment: s2, End: 1787862427.404517
[INFO] [1787862427.405381855] [robot4.fragment_exec_node]: EventType: Task, Activity: pick, Robot: robot4, Mission: m4, Segment: s2, Start: 1787862427.405028
[INFO] [1787862427.405909626] [robot4.fragment_exec_node]: Simulating pick skill...
[INFO] [1787862430.407604415] [robot4.fragment_exec_node]: Pick completed!
[INFO] [1787862430.408562299] [robot4.fragment_exec_node]: EventType: Task, Activity: pick, Robot: robot4, Mission: m4, Segment: s2, End: 1787862430.4082386
[INFO] [1787862430.601897296] [robot4.fragment_exec_node]: Executing task move_to(o2-4,scan_area). Params: {'x': 5, 'y': 5}, Virtual state: {'position': {'x': 3, 'y': 3, 'z': 0.0}, 'docked': False}
[INFO] [1787862430.603088102] [robot4.fragment_exec_node]: EventType: Task, Activity: move_to, Robot: robot4, Mission: m4, Segment: s2, Start: 1787862430.6022234
[INFO] [1787862430.604335130] [robot4.fragment_exec_node]: Simulating navigate skill from position (3, 3) to (5, 5) (5.656854249492381 seconds)...
[INFO] [1787862436.263864769] [robot4.fragment_exec_node]: Navigation completed!
[INFO] [1787862436.266753409] [robot4.fragment_exec_node]: EventType: Task, Activity: move_to, Robot: robot4, Mission: m4, Segment: s2, End: 1787862436.2650757
[INFO] [1787862436.268959800] [robot4.fragment_exec_node]: Executing task place(o2-4,scan_area). Params: {'x': 5, 'y': 5, 'weight': 3}, Virtual state: {'position': {'x': 5, 'y': 5, 'z': 0.0}, 'docked': False}
[INFO] [1787862436.270774103] [robot4.fragment_exec_node]: EventType: Control (Task: place), Activity: localize, Robot: robot4, Mission: m4, Segment: s2, Start: 1787862436.2695923
[INFO] [1787862436.272303512] [robot4.fragment_exec_node]: Simulating localize skill...
[INFO] [1787862441.275758750] [robot4.fragment_exec_node]: Localize completed!
[INFO] [1787862441.278723729] [robot4.fragment_exec_node]: EventType: Control (Task: place), Activity: localize, Robot: robot4, Mission: m4, Segment: s2, End: 1787862441.2769022
[INFO] [1787862441.280559759] [robot4.fragment_exec_node]: EventType: Task, Activity: place, Robot: robot4, Mission: m4, Segment: s2, Start: 1787862441.2794588
[INFO] [1787862441.282310012] [robot4.fragment_exec_node]: Simulating place skill...
[INFO] [1787862444.285833595] [robot4.fragment_exec_node]: Place completed!
[INFO] [1787862444.287768865] [robot4.fragment_exec_node]: EventType: Task, Activity: place, Robot: robot4, Mission: m4, Segment: s2, End: 1787862444.286548
[INFO] [1787862444.289957533] [robot4.fragment_exec_node]: Execution of fragment fm4-4 completed!
[INFO] [1787862445.229473936] [robot4.fragment_exec_node]: Received fragment assignment: {'robot': 'robot4', 'fragment': {'id': 'fm6-1', 'mission': 'm6', 'state': 'assigned', 'wait': [], 'tasks': [{'name': 'pick', 'label': 'pick(o1-6,shelf)', 'params': {'x': 5, 'y': 1, 'weight': 10}}, {'name': 'move_to', 'label': 'move_to(o1-6,scan_area)', 'params': {'x': 5, 'y': 5}}, {'name': 'place', 'label': 'place(o1-6,scan_area)', 'params': {'x': 5, 'y': 5, 'weight': 10}}], 'arrive_timestamp': 1787862335, 'priority': 1, 'segment': 's1'}}
[INFO] [1787862445.230827993] [robot4.fragment_exec_node]: Starting execution of fragment fm6-1...
[INFO] [1787862445.232543379] [robot4.fragment_exec_node]: Executing task pick(o1-6,shelf). Params: {'x': 5, 'y': 1, 'weight': 10}, Virtual state: {'position': {'x': 5, 'y': 5, 'z': 0.0}, 'docked': False}
[INFO] [1787862445.234603892] [robot4.fragment_exec_node]: EventType: Control (Task: pick), Activity: move_to, Robot: robot4, Mission: m6, Segment: s1, Start: 1787862445.2337992
[INFO] [1787862445.235724467] [robot4.fragment_exec_node]: Simulating navigate skill from position (5, 5) to (5, 1) (8.0 seconds)...
[INFO] [1787862453.240380692] [robot4.fragment_exec_node]: Navigation completed!
[INFO] [1787862453.242272084] [robot4.fragment_exec_node]: EventType: Control (Task: pick), Activity: move_to, Robot: robot4, Mission: m6, Segment: s1, End: 1787862453.2412581
[INFO] [1787862453.243992225] [robot4.fragment_exec_node]: EventType: Control (Task: pick), Activity: localize, Robot: robot4, Mission: m6, Segment: s1, Start: 1787862453.2428954
[INFO] [1787862453.245755730] [robot4.fragment_exec_node]: Simulating localize skill...
[INFO] [1787862458.247765733] [robot4.fragment_exec_node]: Localize completed!
[INFO] [1787862458.248643474] [robot4.fragment_exec_node]: EventType: Control (Task: pick), Activity: localize, Robot: robot4, Mission: m6, Segment: s1, End: 1787862458.2481723
[INFO] [1787862458.249869472] [robot4.fragment_exec_node]: EventType: Task, Activity: pick, Robot: robot4, Mission: m6, Segment: s1, Start: 1787862458.2489877
[INFO] [1787862458.250672441] [robot4.fragment_exec_node]: Simulating pick skill...
[INFO] [1787862468.252905504] [robot4.fragment_exec_node]: Pick completed!
[INFO] [1787862468.254193565] [robot4.fragment_exec_node]: EventType: Task, Activity: pick, Robot: robot4, Mission: m6, Segment: s1, End: 1787862468.253444
[INFO] [1787862468.255588310] [robot4.fragment_exec_node]: Executing task move_to(o1-6,scan_area). Params: {'x': 5, 'y': 5}, Virtual state: {'position': {'x': 5, 'y': 1, 'z': 0.0}, 'docked': False}
[INFO] [1787862468.256600943] [robot4.fragment_exec_node]: EventType: Task, Activity: move_to, Robot: robot4, Mission: m6, Segment: s1, Start: 1787862468.256014
[INFO] [1787862468.257646656] [robot4.fragment_exec_node]: Simulating navigate skill from position (5, 1) to (5, 5) (0.0 seconds)...
[INFO] [1787862468.258540439] [robot4.fragment_exec_node]: Navigation completed!
[INFO] [1787862468.259484218] [robot4.fragment_exec_node]: EventType: Task, Activity: move_to, Robot: robot4, Mission: m6, Segment: s1, End: 1787862468.2588542
[INFO] [1787862468.260526499] [robot4.fragment_exec_node]: Executing task place(o1-6,scan_area). Params: {'x': 5, 'y': 5, 'weight': 10}, Virtual state: {'position': {'x': 5, 'y': 5, 'z': 0.0}, 'docked': False}
[INFO] [1787862468.261509093] [robot4.fragment_exec_node]: EventType: Control (Task: place), Activity: localize, Robot: robot4, Mission: m6, Segment: s1, Start: 1787862468.2608922
[INFO] [1787862468.262424755] [robot4.fragment_exec_node]: Simulating localize skill...
[INFO] [1787862473.263795255] [robot4.fragment_exec_node]: Localize completed!
[INFO] [1787862473.264533119] [robot4.fragment_exec_node]: EventType: Control (Task: place), Activity: localize, Robot: robot4, Mission: m6, Segment: s1, End: 1787862473.2641587
[INFO] [1787862473.265263740] [robot4.fragment_exec_node]: EventType: Task, Activity: place, Robot: robot4, Mission: m6, Segment: s1, Start: 1787862473.2647815
[INFO] [1787862473.265968676] [robot4.fragment_exec_node]: Simulating place skill...
[INFO] [1787862483.269520109] [robot4.fragment_exec_node]: Place completed!
[INFO] [1787862483.272101876] [robot4.fragment_exec_node]: EventType: Task, Activity: place, Robot: robot4, Mission: m6, Segment: s1, End: 1787862483.2707582
[INFO] [1787862483.274560561] [robot4.fragment_exec_node]: Execution of fragment fm6-1 completed!
[INFO] [1787862484.234325004] [robot4.fragment_exec_node]: Received fragment assignment: {'robot': 'robot4', 'fragment': {'id': 'fm6-7', 'mission': 'm6', 'state': 'assigned', 'wait': [], 'tasks': [{'name': 'pick', 'label': 'pick(o3-6,shelf)', 'params': {'x': 2, 'y': 4, 'weight': 5}}, {'name': 'move_to', 'label': 'move_to(o3-6,scan_area)', 'params': {'x': 5, 'y': 5}}, {'name': 'place', 'label': 'place(o3-6,scan_area)', 'params': {'x': 5, 'y': 5, 'weight': 5}}], 'arrive_timestamp': 1787862335, 'priority': 1, 'segment': 's3'}}
[INFO] [1787862484.236914802] [robot4.fragment_exec_node]: Starting execution of fragment fm6-7...
[INFO] [1787862484.238395386] [robot4.fragment_exec_node]: Executing task pick(o3-6,shelf). Params: {'x': 2, 'y': 4, 'weight': 5}, Virtual state: {'position': {'x': 5, 'y': 5, 'z': 0.0}, 'docked': False}
[INFO] [1787862484.239446153] [robot4.fragment_exec_node]: EventType: Control (Task: pick), Activity: move_to, Robot: robot4, Mission: m6, Segment: s3, Start: 1787862484.238702
[INFO] [1787862484.240782233] [robot4.fragment_exec_node]: Simulating navigate skill from position (5, 5) to (2, 4) (6.324555320336759 seconds)...
[INFO] [1787862490.566792607] [robot4.fragment_exec_node]: Navigation completed!
[INFO] [1787862490.567470586] [robot4.fragment_exec_node]: EventType: Control (Task: pick), Activity: move_to, Robot: robot4, Mission: m6, Segment: s3, End: 1787862490.5671015
[INFO] [1787862490.567958299] [robot4.fragment_exec_node]: EventType: Control (Task: pick), Activity: localize, Robot: robot4, Mission: m6, Segment: s3, Start: 1787862490.5676699
[INFO] [1787862490.568555186] [robot4.fragment_exec_node]: Simulating localize skill...
[INFO] [1787862495.574895932] [robot4.fragment_exec_node]: Localize completed!
[INFO] [1787862495.577322916] [robot4.fragment_exec_node]: EventType: Control (Task: pick), Activity: localize, Robot: robot4, Mission: m6, Segment: s3, End: 1787862495.5759723
[INFO] [1787862495.579075641] [robot4.fragment_exec_node]: EventType: Task, Activity: pick, Robot: robot4, Mission: m6, Segment: s3, Start: 1787862495.5781257
[INFO] [1787862495.580825652] [robot4.fragment_exec_node]: Simulating pick skill...
[INFO] [1787862500.583825841] [robot4.fragment_exec_node]: Pick completed!
[INFO] [1787862500.585946542] [robot4.fragment_exec_node]: EventType: Task, Activity: pick, Robot: robot4, Mission: m6, Segment: s3, End: 1787862500.5844955
[INFO] [1787862500.589227962] [robot4.fragment_exec_node]: Executing task move_to(o3-6,scan_area). Params: {'x': 5, 'y': 5}, Virtual state: {'position': {'x': 2, 'y': 4, 'z': 0.0}, 'docked': False}
[INFO] [1787862500.590657735] [robot4.fragment_exec_node]: EventType: Task, Activity: move_to, Robot: robot4, Mission: m6, Segment: s3, Start: 1787862500.5898361
[INFO] [1787862500.592357355] [robot4.fragment_exec_node]: Simulating navigate skill from position (2, 4) to (5, 5) (8.48528137423857 seconds)...
[INFO] [1787862509.079813493] [robot4.fragment_exec_node]: Navigation completed!
[INFO] [1787862509.081179673] [robot4.fragment_exec_node]: EventType: Task, Activity: move_to, Robot: robot4, Mission: m6, Segment: s3, End: 1787862509.08075
[INFO] [1787862509.082001294] [robot4.fragment_exec_node]: Executing task place(o3-6,scan_area). Params: {'x': 5, 'y': 5, 'weight': 5}, Virtual state: {'position': {'x': 5, 'y': 5, 'z': 0.0}, 'docked': False}
[INFO] [1787862509.082533197] [robot4.fragment_exec_node]: EventType: Control (Task: place), Activity: localize, Robot: robot4, Mission: m6, Segment: s3, Start: 1787862509.0822337
[INFO] [1787862509.083032181] [robot4.fragment_exec_node]: Simulating localize skill...
[INFO] [1787862514.086420613] [robot4.fragment_exec_node]: Localize completed!
[INFO] [1787862514.089001038] [robot4.fragment_exec_node]: EventType: Control (Task: place), Activity: localize, Robot: robot4, Mission: m6, Segment: s3, End: 1787862514.0874195
[INFO] [1787862514.090793282] [robot4.fragment_exec_node]: EventType: Task, Activity: place, Robot: robot4, Mission: m6, Segment: s3, Start: 1787862514.0896852
[INFO] [1787862514.092679502] [robot4.fragment_exec_node]: Simulating place skill...
[INFO] [1787862519.096455544] [robot4.fragment_exec_node]: Place completed!
[INFO] [1787862519.099760054] [robot4.fragment_exec_node]: EventType: Task, Activity: place, Robot: robot4, Mission: m6, Segment: s3, End: 1787862519.0975277
[INFO] [1787862519.102802759] [robot4.fragment_exec_node]: Execution of fragment fm6-7 completed!
[INFO] [1787862519.235441190] [robot4.fragment_exec_node]: Received fragment assignment: {'robot': 'robot4', 'fragment': {'id': 'fm6-6', 'mission': 'm6', 'state': 'assigned', 'wait': ['scan(o2-6)'], 'tasks': [{'name': 'pick', 'label': 'pick(o2-6,scan_area)', 'params': {'x': 5, 'y': 5, 'weight': 3}}, {'name': 'move_to', 'label': 'move_to(o2-6,pack_area)', 'params': {'x': 8, 'y': 8}}, {'name': 'place', 'label': 'place(o2-6,pack_area)', 'params': {'x': 8, 'y': 8, 'weight': 3}}], 'arrive_timestamp': 1787862335, 'priority': 1, 'segment': 's2'}}
[INFO] [1787862519.237002939] [robot4.fragment_exec_node]: Starting execution of fragment fm6-6...
[INFO] [1787862519.238662958] [robot4.fragment_exec_node]: Executing task pick(o2-6,scan_area). Params: {'x': 5, 'y': 5, 'weight': 3}, Virtual state: {'position': {'x': 5, 'y': 5, 'z': 0.0}, 'docked': False}
[INFO] [1787862519.239894633] [robot4.fragment_exec_node]: EventType: Control (Task: pick), Activity: localize, Robot: robot4, Mission: m6, Segment: s2, Start: 1787862519.2390826
[INFO] [1787862519.241011596] [robot4.fragment_exec_node]: Simulating localize skill...
[INFO] [1787862524.245228208] [robot4.fragment_exec_node]: Localize completed!
[INFO] [1787862524.247130011] [robot4.fragment_exec_node]: EventType: Control (Task: pick), Activity: localize, Robot: robot4, Mission: m6, Segment: s2, End: 1787862524.246003
[INFO] [1787862524.248633322] [robot4.fragment_exec_node]: EventType: Task, Activity: pick, Robot: robot4, Mission: m6, Segment: s2, Start: 1787862524.2477145
[INFO] [1787862524.250298441] [robot4.fragment_exec_node]: Simulating pick skill...
[INFO] [1787862527.252988445] [robot4.fragment_exec_node]: Pick completed!
[INFO] [1787862527.254605948] [robot4.fragment_exec_node]: EventType: Task, Activity: pick, Robot: robot4, Mission: m6, Segment: s2, End: 1787862527.2537026
[INFO] [1787862527.256570934] [robot4.fragment_exec_node]: Executing task move_to(o2-6,pack_area). Params: {'x': 8, 'y': 8}, Virtual state: {'position': {'x': 5, 'y': 5, 'z': 0.0}, 'docked': False}
[INFO] [1787862527.257882595] [robot4.fragment_exec_node]: EventType: Task, Activity: move_to, Robot: robot4, Mission: m6, Segment: s2, Start: 1787862527.2570908
[INFO] [1787862527.259175014] [robot4.fragment_exec_node]: Simulating navigate skill from position (5, 5) to (8, 8) (8.48528137423857 seconds)...
[INFO] [1787862535.747656181] [robot4.fragment_exec_node]: Navigation completed!
[INFO] [1787862535.749939997] [robot4.fragment_exec_node]: EventType: Task, Activity: move_to, Robot: robot4, Mission: m6, Segment: s2, End: 1787862535.748484
[INFO] [1787862535.752215032] [robot4.fragment_exec_node]: Executing task place(o2-6,pack_area). Params: {'x': 8, 'y': 8, 'weight': 3}, Virtual state: {'position': {'x': 8, 'y': 8, 'z': 0.0}, 'docked': False}
[INFO] [1787862535.753984427] [robot4.fragment_exec_node]: EventType: Control (Task: place), Activity: localize, Robot: robot4, Mission: m6, Segment: s2, Start: 1787862535.7528841
[INFO] [1787862535.756212636] [robot4.fragment_exec_node]: Simulating localize skill...
[INFO] [1787862540.759131166] [robot4.fragment_exec_node]: Localize completed!
[INFO] [1787862540.760770717] [robot4.fragment_exec_node]: EventType: Control (Task: place), Activity: localize, Robot: robot4, Mission: m6, Segment: s2, End: 1787862540.759874
[INFO] [1787862540.762425595] [robot4.fragment_exec_node]: EventType: Task, Activity: place, Robot: robot4, Mission: m6, Segment: s2, Start: 1787862540.7614427
[INFO] [1787862540.763896635] [robot4.fragment_exec_node]: Simulating place skill...
[INFO] [1787862543.765264983] [robot4.fragment_exec_node]: Place completed!
[INFO] [1787862543.766366212] [robot4.fragment_exec_node]: EventType: Task, Activity: place, Robot: robot4, Mission: m6, Segment: s2, End: 1787862543.7656922
[INFO] [1787862543.767267625] [robot4.fragment_exec_node]: Execution of fragment fm6-6 completed!
Traceback (most recent call last):
  File "/root/ros2_ws/install/multi3_executor/lib/multi3_executor/executor", line 33, in <module>
    sys.exit(load_entry_point('multi3-executor==0.0.0', 'console_scripts', 'executor')())
  File "/root/ros2_ws/install/multi3_executor/lib/python3.10/site-packages/multi3_executor/nodes/executor.py", line 313, in main
    rclpy.shutdown()
  File "/opt/ros/humble/local/lib/python3.10/dist-packages/rclpy/__init__.py", line 130, in shutdown
    _shutdown(context=context)
  File "/opt/ros/humble/local/lib/python3.10/dist-packages/rclpy/utilities.py", line 58, in shutdown
    return context.shutdown()
  File "/opt/ros/humble/local/lib/python3.10/dist-packages/rclpy/context.py", line 102, in shutdown
    self.__context.shutdown()
rclpy._rclpy_pybind11.RCLError: failed to shutdown: rcl_shutdown already called on the given context, at ./src/rcl/init.c:241

--- executor_robot5.log ---
[INFO] [1787862134.843840884] [robot5.fragment_exec_node]: Setting up skill: ScanSkill
[INFO] [1787862134.844900539] [robot5.fragment_exec_node]: Setting up skill: LocalizeSkill
[INFO] [1787862134.854593010] [robot5.fragment_exec_node]: Published robot registration: {'name': 'robot5', 'operational_state': 'idle', 'capabilities': ['scan', 'localize'], 'state': {'position': {'x': 0.0, 'y': 0.0, 'z': 0.0}, 'docked': True}}
[INFO] [1787862188.242996268] [robot5.fragment_exec_node]: Received fragment assignment: {'robot': 'robot5', 'fragment': {'id': 'fm1-5', 'mission': 'm1', 'state': 'assigned', 'wait': ['place(o2-1,scan_area)'], 'tasks': [{'name': 'scan', 'label': 'scan(o2-1)', 'params': {}}], 'arrive_timestamp': 1787862140, 'priority': 1, 'segment': 's2'}}
[INFO] [1787862188.244872259] [robot5.fragment_exec_node]: Starting execution of fragment fm1-5...
[INFO] [1787862188.245832634] [robot5.fragment_exec_node]: Waiting for coordination messages before executing fragment fm1-5: ['place(o2-1,scan_area)']
[INFO] [1787862190.251959619] [robot5.fragment_exec_node]: Executing task scan(o2-1). Params: {}, Virtual state: {'position': {'x': 0.0, 'y': 0.0, 'z': 0.0}, 'docked': True}
[INFO] [1787862190.254764161] [robot5.fragment_exec_node]: EventType: Control (Task: scan), Activity: localize, Robot: robot5, Mission: m1, Segment: s2, Start: 1787862190.25297
[INFO] [1787862190.256625220] [robot5.fragment_exec_node]: Simulating localize skill...
[INFO] [1787862195.260096577] [robot5.fragment_exec_node]: Localize completed!
[INFO] [1787862195.261700279] [robot5.fragment_exec_node]: EventType: Control (Task: scan), Activity: localize, Robot: robot5, Mission: m1, Segment: s2, End: 1787862195.260835
[INFO] [1787862195.263047169] [robot5.fragment_exec_node]: EventType: Task, Activity: scan, Robot: robot5, Mission: m1, Segment: s2, Start: 1787862195.2621603
[INFO] [1787862195.264166985] [robot5.fragment_exec_node]: Simulating scan skill...
[INFO] [1787862198.267194533] [robot5.fragment_exec_node]: Scan completed!
[INFO] [1787862198.269170718] [robot5.fragment_exec_node]: EventType: Task, Activity: scan, Robot: robot5, Mission: m1, Segment: s2, End: 1787862198.2680504
[INFO] [1787862198.271516439] [robot5.fragment_exec_node]: Execution of fragment fm1-5 completed!
[INFO] [1787862199.228555365] [robot5.fragment_exec_node]: Received fragment assignment: {'robot': 'robot5', 'fragment': {'id': 'fm3-2', 'mission': 'm3', 'state': 'assigned', 'wait': ['place(o1-3,scan_area)'], 'tasks': [{'name': 'scan', 'label': 'scan(o1-3)', 'params': {}}], 'arrive_timestamp': 1787862142, 'priority': 1, 'segment': 's1'}}
[INFO] [1787862199.230215461] [robot5.fragment_exec_node]: Starting execution of fragment fm3-2...
[INFO] [1787862199.231768382] [robot5.fragment_exec_node]: Executing task scan(o1-3). Params: {}, Virtual state: {'position': {'x': 0.0, 'y': 0.0, 'z': 0.0}, 'docked': True}
[INFO] [1787862199.233365848] [robot5.fragment_exec_node]: EventType: Control (Task: scan), Activity: localize, Robot: robot5, Mission: m3, Segment: s1, Start: 1787862199.2324302
[INFO] [1787862199.234867286] [robot5.fragment_exec_node]: Simulating localize skill...
[INFO] [1787862204.236712435] [robot5.fragment_exec_node]: Localize completed!
[INFO] [1787862204.237749902] [robot5.fragment_exec_node]: EventType: Control (Task: scan), Activity: localize, Robot: robot5, Mission: m3, Segment: s1, End: 1787862204.2372081
[INFO] [1787862204.239056404] [robot5.fragment_exec_node]: EventType: Task, Activity: scan, Robot: robot5, Mission: m3, Segment: s1, Start: 1787862204.238093
[INFO] [1787862204.240024340] [robot5.fragment_exec_node]: Simulating scan skill...
[INFO] [1787862207.241246657] [robot5.fragment_exec_node]: Scan completed!
[INFO] [1787862207.241975225] [robot5.fragment_exec_node]: EventType: Task, Activity: scan, Robot: robot5, Mission: m3, Segment: s1, End: 1787862207.2415504
[INFO] [1787862207.243180270] [robot5.fragment_exec_node]: Execution of fragment fm3-2 completed!
[INFO] [1787862208.228750604] [robot5.fragment_exec_node]: Received fragment assignment: {'robot': 'robot5', 'fragment': {'id': 'fm1-2', 'mission': 'm1', 'state': 'assigned', 'wait': ['place(o1-1,scan_area)'], 'tasks': [{'name': 'scan', 'label': 'scan(o1-1)', 'params': {}}], 'arrive_timestamp': 1787862140, 'priority': 1, 'segment': 's1'}}
[INFO] [1787862208.229537186] [robot5.fragment_exec_node]: Starting execution of fragment fm1-2...
[INFO] [1787862208.230343695] [robot5.fragment_exec_node]: Executing task scan(o1-1). Params: {}, Virtual state: {'position': {'x': 0.0, 'y': 0.0, 'z': 0.0}, 'docked': True}
[INFO] [1787862208.230848907] [robot5.fragment_exec_node]: EventType: Control (Task: scan), Activity: localize, Robot: robot5, Mission: m1, Segment: s1, Start: 1787862208.230535
[INFO] [1787862208.231325202] [robot5.fragment_exec_node]: Simulating localize skill...
[INFO] [1787862213.234688529] [robot5.fragment_exec_node]: Localize completed!
[INFO] [1787862213.236322028] [robot5.fragment_exec_node]: EventType: Control (Task: scan), Activity: localize, Robot: robot5, Mission: m1, Segment: s1, End: 1787862213.235358
[INFO] [1787862213.237513099] [robot5.fragment_exec_node]: EventType: Task, Activity: scan, Robot: robot5, Mission: m1, Segment: s1, Start: 1787862213.2367783
[INFO] [1787862213.238658313] [robot5.fragment_exec_node]: Simulating scan skill...
[INFO] [1787862216.242097330] [robot5.fragment_exec_node]: Scan completed!
[INFO] [1787862216.244278238] [robot5.fragment_exec_node]: EventType: Task, Activity: scan, Robot: robot5, Mission: m1, Segment: s1, End: 1787862216.2430503
[INFO] [1787862216.248228188] [robot5.fragment_exec_node]: Execution of fragment fm1-2 completed!
[INFO] [1787862217.254998814] [robot5.fragment_exec_node]: Received fragment assignment: {'robot': 'robot5', 'fragment': {'id': 'fm3-5', 'mission': 'm3', 'state': 'assigned', 'wait': ['place(o2-3,scan_area)'], 'tasks': [{'name': 'scan', 'label': 'scan(o2-3)', 'params': {}}], 'arrive_timestamp': 1787862142, 'priority': 1, 'segment': 's2'}}
[INFO] [1787862217.255658427] [robot5.fragment_exec_node]: Starting execution of fragment fm3-5...
[INFO] [1787862217.256478354] [robot5.fragment_exec_node]: Executing task scan(o2-3). Params: {}, Virtual state: {'position': {'x': 0.0, 'y': 0.0, 'z': 0.0}, 'docked': True}
[INFO] [1787862217.257373826] [robot5.fragment_exec_node]: EventType: Control (Task: scan), Activity: localize, Robot: robot5, Mission: m3, Segment: s2, Start: 1787862217.2567534
[INFO] [1787862217.258439650] [robot5.fragment_exec_node]: Simulating localize skill...
[INFO] [1787862222.263755521] [robot5.fragment_exec_node]: Localize completed!
[INFO] [1787862222.266664229] [robot5.fragment_exec_node]: EventType: Control (Task: scan), Activity: localize, Robot: robot5, Mission: m3, Segment: s2, End: 1787862222.264816
[INFO] [1787862222.268505077] [robot5.fragment_exec_node]: EventType: Task, Activity: scan, Robot: robot5, Mission: m3, Segment: s2, Start: 1787862222.2673323
[INFO] [1787862222.270166469] [robot5.fragment_exec_node]: Simulating scan skill...
[INFO] [1787862225.272478116] [robot5.fragment_exec_node]: Scan completed!
[INFO] [1787862225.273188704] [robot5.fragment_exec_node]: EventType: Task, Activity: scan, Robot: robot5, Mission: m3, Segment: s2, End: 1787862225.272879
[INFO] [1787862225.274106936] [robot5.fragment_exec_node]: Execution of fragment fm3-5 completed!
[INFO] [1787862226.237364067] [robot5.fragment_exec_node]: Received fragment assignment: {'robot': 'robot5', 'fragment': {'id': 'fm3-8', 'mission': 'm3', 'state': 'assigned', 'wait': ['place(o3-3,scan_area)'], 'tasks': [{'name': 'scan', 'label': 'scan(o3-3)', 'params': {}}], 'arrive_timestamp': 1787862142, 'priority': 1, 'segment': 's3'}}
[INFO] [1787862226.238648334] [robot5.fragment_exec_node]: Starting execution of fragment fm3-8...
[INFO] [1787862226.240311987] [robot5.fragment_exec_node]: Executing task scan(o3-3). Params: {}, Virtual state: {'position': {'x': 0.0, 'y': 0.0, 'z': 0.0}, 'docked': True}
[INFO] [1787862226.241780200] [robot5.fragment_exec_node]: EventType: Control (Task: scan), Activity: localize, Robot: robot5, Mission: m3, Segment: s3, Start: 1787862226.2408571
[INFO] [1787862226.243728599] [robot5.fragment_exec_node]: Simulating localize skill...
[INFO] [1787862231.247187104] [robot5.fragment_exec_node]: Localize completed!
[INFO] [1787862231.249529095] [robot5.fragment_exec_node]: EventType: Control (Task: scan), Activity: localize, Robot: robot5, Mission: m3, Segment: s3, End: 1787862231.2479713
[INFO] [1787862231.252322128] [robot5.fragment_exec_node]: EventType: Task, Activity: scan, Robot: robot5, Mission: m3, Segment: s3, Start: 1787862231.2502623
[INFO] [1787862231.254351725] [robot5.fragment_exec_node]: Simulating scan skill...
[INFO] [1787862234.256535347] [robot5.fragment_exec_node]: Scan completed!
[INFO] [1787862234.257695753] [robot5.fragment_exec_node]: EventType: Task, Activity: scan, Robot: robot5, Mission: m3, Segment: s3, End: 1787862234.2569947
[INFO] [1787862234.259369444] [robot5.fragment_exec_node]: Execution of fragment fm3-8 completed!
[INFO] [1787862235.237732013] [robot5.fragment_exec_node]: Received fragment assignment: {'robot': 'robot5', 'fragment': {'id': 'fm5-2', 'mission': 'm5', 'state': 'assigned', 'wait': ['place(o1-5,scan_area)'], 'tasks': [{'name': 'scan', 'label': 'scan(o1-5)', 'params': {}}], 'arrive_timestamp': 1787862144, 'priority': 1, 'segment': 's1'}}
[INFO] [1787862235.238530720] [robot5.fragment_exec_node]: Starting execution of fragment fm5-2...
[INFO] [1787862235.239518276] [robot5.fragment_exec_node]: Executing task scan(o1-5). Params: {}, Virtual state: {'position': {'x': 0.0, 'y': 0.0, 'z': 0.0}, 'docked': True}
[INFO] [1787862235.240522539] [robot5.fragment_exec_node]: EventType: Control (Task: scan), Activity: localize, Robot: robot5, Mission: m5, Segment: s1, Start: 1787862235.2397847
[INFO] [1787862235.242011692] [robot5.fragment_exec_node]: Simulating localize skill...
[INFO] [1787862240.245511800] [robot5.fragment_exec_node]: Localize completed!
[INFO] [1787862240.248113933] [robot5.fragment_exec_node]: EventType: Control (Task: scan), Activity: localize, Robot: robot5, Mission: m5, Segment: s1, End: 1787862240.2468076
[INFO] [1787862240.249845796] [robot5.fragment_exec_node]: EventType: Task, Activity: scan, Robot: robot5, Mission: m5, Segment: s1, Start: 1787862240.2487187
[INFO] [1787862240.251779525] [robot5.fragment_exec_node]: Simulating scan skill...
[INFO] [1787862243.255441053] [robot5.fragment_exec_node]: Scan completed!
[INFO] [1787862243.261280091] [robot5.fragment_exec_node]: EventType: Task, Activity: scan, Robot: robot5, Mission: m5, Segment: s1, End: 1787862243.2564049
[INFO] [1787862243.264230042] [robot5.fragment_exec_node]: Execution of fragment fm5-2 completed!
[INFO] [1787862244.247489177] [robot5.fragment_exec_node]: Received fragment assignment: {'robot': 'robot5', 'fragment': {'id': 'fm5-5', 'mission': 'm5', 'state': 'assigned', 'wait': ['place(o2-5,scan_area)'], 'tasks': [{'name': 'scan', 'label': 'scan(o2-5)', 'params': {}}], 'arrive_timestamp': 1787862144, 'priority': 1, 'segment': 's2'}}
[INFO] [1787862244.248415540] [robot5.fragment_exec_node]: Starting execution of fragment fm5-5...
[INFO] [1787862244.249461656] [robot5.fragment_exec_node]: Executing task scan(o2-5). Params: {}, Virtual state: {'position': {'x': 0.0, 'y': 0.0, 'z': 0.0}, 'docked': True}
[INFO] [1787862244.250255980] [robot5.fragment_exec_node]: EventType: Control (Task: scan), Activity: localize, Robot: robot5, Mission: m5, Segment: s2, Start: 1787862244.2497056
[INFO] [1787862244.250904001] [robot5.fragment_exec_node]: Simulating localize skill...
[INFO] [1787862249.253901725] [robot5.fragment_exec_node]: Localize completed!
[INFO] [1787862249.257540377] [robot5.fragment_exec_node]: EventType: Control (Task: scan), Activity: localize, Robot: robot5, Mission: m5, Segment: s2, End: 1787862249.2561462
[INFO] [1787862249.259630250] [robot5.fragment_exec_node]: EventType: Task, Activity: scan, Robot: robot5, Mission: m5, Segment: s2, Start: 1787862249.258285
[INFO] [1787862249.261441314] [robot5.fragment_exec_node]: Simulating scan skill...
[INFO] [1787862252.266569180] [robot5.fragment_exec_node]: Scan completed!
[INFO] [1787862252.268541851] [robot5.fragment_exec_node]: EventType: Task, Activity: scan, Robot: robot5, Mission: m5, Segment: s2, End: 1787862252.2673442
[INFO] [1787862252.271607409] [robot5.fragment_exec_node]: Execution of fragment fm5-5 completed!
[INFO] [1787862266.251630212] [robot5.fragment_exec_node]: Received fragment assignment: {'robot': 'robot5', 'fragment': {'id': 'fm5-8', 'mission': 'm5', 'state': 'assigned', 'wait': ['place(o3-5,scan_area)'], 'tasks': [{'name': 'scan', 'label': 'scan(o3-5)', 'params': {}}], 'arrive_timestamp': 1787862144, 'priority': 1, 'segment': 's3'}}
[INFO] [1787862266.253812621] [robot5.fragment_exec_node]: Starting execution of fragment fm5-8...
[INFO] [1787862266.254736231] [robot5.fragment_exec_node]: Executing task scan(o3-5). Params: {}, Virtual state: {'position': {'x': 0.0, 'y': 0.0, 'z': 0.0}, 'docked': True}
[INFO] [1787862266.255508217] [robot5.fragment_exec_node]: EventType: Control (Task: scan), Activity: localize, Robot: robot5, Mission: m5, Segment: s3, Start: 1787862266.255022
[INFO] [1787862266.256430738] [robot5.fragment_exec_node]: Simulating localize skill...
[INFO] [1787862271.259656984] [robot5.fragment_exec_node]: Localize completed!
[INFO] [1787862271.262889340] [robot5.fragment_exec_node]: EventType: Control (Task: scan), Activity: localize, Robot: robot5, Mission: m5, Segment: s3, End: 1787862271.260877
[INFO] [1787862271.265608080] [robot5.fragment_exec_node]: EventType: Task, Activity: scan, Robot: robot5, Mission: m5, Segment: s3, Start: 1787862271.263825
[INFO] [1787862271.267433554] [robot5.fragment_exec_node]: Simulating scan skill...
[INFO] [1787862274.269731244] [robot5.fragment_exec_node]: Scan completed!
[INFO] [1787862274.270953548] [robot5.fragment_exec_node]: EventType: Task, Activity: scan, Robot: robot5, Mission: m5, Segment: s3, End: 1787862274.2704175
[INFO] [1787862274.272261857] [robot5.fragment_exec_node]: Execution of fragment fm5-8 completed!
[INFO] [1787862305.233194395] [robot5.fragment_exec_node]: Received fragment assignment: {'robot': 'robot5', 'fragment': {'id': 'fm5-11', 'mission': 'm5', 'state': 'assigned', 'wait': ['place(o4-5,scan_area)'], 'tasks': [{'name': 'scan', 'label': 'scan(o4-5)', 'params': {}}], 'arrive_timestamp': 1787862144, 'priority': 1, 'segment': 's4'}}
[INFO] [1787862305.235382037] [robot5.fragment_exec_node]: Starting execution of fragment fm5-11...
[INFO] [1787862305.236741583] [robot5.fragment_exec_node]: Waiting for coordination messages before executing fragment fm5-11: ['place(o4-5,scan_area)']
[INFO] [1787862307.242490399] [robot5.fragment_exec_node]: Executing task scan(o4-5). Params: {}, Virtual state: {'position': {'x': 0.0, 'y': 0.0, 'z': 0.0}, 'docked': True}
[INFO] [1787862307.245185973] [robot5.fragment_exec_node]: EventType: Control (Task: scan), Activity: localize, Robot: robot5, Mission: m5, Segment: s4, Start: 1787862307.2435966
[INFO] [1787862307.248819671] [robot5.fragment_exec_node]: Simulating localize skill...
[INFO] [1787862312.253220645] [robot5.fragment_exec_node]: Localize completed!
[INFO] [1787862312.255813544] [robot5.fragment_exec_node]: EventType: Control (Task: scan), Activity: localize, Robot: robot5, Mission: m5, Segment: s4, End: 1787862312.254378
[INFO] [1787862312.257552468] [robot5.fragment_exec_node]: EventType: Task, Activity: scan, Robot: robot5, Mission: m5, Segment: s4, Start: 1787862312.2567153
[INFO] [1787862312.258859854] [robot5.fragment_exec_node]: Simulating scan skill...
[INFO] [1787862315.262326579] [robot5.fragment_exec_node]: Scan completed!
[INFO] [1787862315.264383974] [robot5.fragment_exec_node]: EventType: Task, Activity: scan, Robot: robot5, Mission: m5, Segment: s4, End: 1787862315.2629972
[INFO] [1787862315.268298283] [robot5.fragment_exec_node]: Execution of fragment fm5-11 completed!
[INFO] [1787862324.250696713] [robot5.fragment_exec_node]: Received fragment assignment: {'robot': 'robot5', 'fragment': {'id': 'fm7-2', 'mission': 'm7', 'state': 'assigned', 'wait': ['place(o1-7,scan_area)'], 'tasks': [{'name': 'scan', 'label': 'scan(o1-7)', 'params': {}}], 'arrive_timestamp': 1787862245, 'priority': 1, 'segment': 's1'}}
[INFO] [1787862324.253514346] [robot5.fragment_exec_node]: Starting execution of fragment fm7-2...
[INFO] [1787862324.254356643] [robot5.fragment_exec_node]: Waiting for coordination messages before executing fragment fm7-2: ['place(o1-7,scan_area)']
[INFO] [1787862326.259731044] [robot5.fragment_exec_node]: Executing task scan(o1-7). Params: {}, Virtual state: {'position': {'x': 0.0, 'y': 0.0, 'z': 0.0}, 'docked': True}
[INFO] [1787862326.262957196] [robot5.fragment_exec_node]: EventType: Control (Task: scan), Activity: localize, Robot: robot5, Mission: m7, Segment: s1, Start: 1787862326.2609642
[INFO] [1787862326.265521564] [robot5.fragment_exec_node]: Simulating localize skill...
[INFO] [1787862331.268418611] [robot5.fragment_exec_node]: Localize completed!
[INFO] [1787862331.269799354] [robot5.fragment_exec_node]: EventType: Control (Task: scan), Activity: localize, Robot: robot5, Mission: m7, Segment: s1, End: 1787862331.269066
[INFO] [1787862331.271270527] [robot5.fragment_exec_node]: EventType: Task, Activity: scan, Robot: robot5, Mission: m7, Segment: s1, Start: 1787862331.2703667
[INFO] [1787862331.272628871] [robot5.fragment_exec_node]: Simulating scan skill...
[INFO] [1787862334.274809329] [robot5.fragment_exec_node]: Scan completed!
[INFO] [1787862334.276164628] [robot5.fragment_exec_node]: EventType: Task, Activity: scan, Robot: robot5, Mission: m7, Segment: s1, End: 1787862334.2753177
[INFO] [1787862334.278212228] [robot5.fragment_exec_node]: Execution of fragment fm7-2 completed!
[INFO] [1787862335.263289609] [robot5.fragment_exec_node]: Received fragment assignment: {'robot': 'robot5', 'fragment': {'id': 'fm7-5', 'mission': 'm7', 'state': 'assigned', 'wait': ['place(o2-7,scan_area)'], 'tasks': [{'name': 'scan', 'label': 'scan(o2-7)', 'params': {}}], 'arrive_timestamp': 1787862245, 'priority': 1, 'segment': 's2'}}
[INFO] [1787862335.264411203] [robot5.fragment_exec_node]: Starting execution of fragment fm7-5...
[INFO] [1787862335.265964720] [robot5.fragment_exec_node]: Waiting for coordination messages before executing fragment fm7-5: ['place(o2-7,scan_area)']
[INFO] [1787862337.270004953] [robot5.fragment_exec_node]: Executing task scan(o2-7). Params: {}, Virtual state: {'position': {'x': 0.0, 'y': 0.0, 'z': 0.0}, 'docked': True}
[INFO] [1787862337.271476673] [robot5.fragment_exec_node]: EventType: Control (Task: scan), Activity: localize, Robot: robot5, Mission: m7, Segment: s2, Start: 1787862337.2705603
[INFO] [1787862337.272703531] [robot5.fragment_exec_node]: Simulating localize skill...
[INFO] [1787862342.276120878] [robot5.fragment_exec_node]: Localize completed!
[INFO] [1787862342.277710652] [robot5.fragment_exec_node]: EventType: Control (Task: scan), Activity: localize, Robot: robot5, Mission: m7, Segment: s2, End: 1787862342.276791
[INFO] [1787862342.278901668] [robot5.fragment_exec_node]: EventType: Task, Activity: scan, Robot: robot5, Mission: m7, Segment: s2, Start: 1787862342.2781966
[INFO] [1787862342.280334720] [robot5.fragment_exec_node]: Simulating scan skill...
[INFO] [1787862345.282111218] [robot5.fragment_exec_node]: Scan completed!
[INFO] [1787862345.283797098] [robot5.fragment_exec_node]: EventType: Task, Activity: scan, Robot: robot5, Mission: m7, Segment: s2, End: 1787862345.2826955
[INFO] [1787862345.285628928] [robot5.fragment_exec_node]: Execution of fragment fm7-5 completed!
[INFO] [1787862346.233764206] [robot5.fragment_exec_node]: Received fragment assignment: {'robot': 'robot5', 'fragment': {'id': 'fm7-8', 'mission': 'm7', 'state': 'assigned', 'wait': ['place(o3-7,scan_area)'], 'tasks': [{'name': 'scan', 'label': 'scan(o3-7)', 'params': {}}], 'arrive_timestamp': 1787862245, 'priority': 1, 'segment': 's3'}}
[INFO] [1787862346.235632719] [robot5.fragment_exec_node]: Starting execution of fragment fm7-8...
[INFO] [1787862346.238751712] [robot5.fragment_exec_node]: Executing task scan(o3-7). Params: {}, Virtual state: {'position': {'x': 0.0, 'y': 0.0, 'z': 0.0}, 'docked': True}
[INFO] [1787862346.239913179] [robot5.fragment_exec_node]: EventType: Control (Task: scan), Activity: localize, Robot: robot5, Mission: m7, Segment: s3, Start: 1787862346.239208
[INFO] [1787862346.241680607] [robot5.fragment_exec_node]: Simulating localize skill...
[INFO] [1787862351.243844251] [robot5.fragment_exec_node]: Localize completed!
[INFO] [1787862351.244728868] [robot5.fragment_exec_node]: EventType: Control (Task: scan), Activity: localize, Robot: robot5, Mission: m7, Segment: s3, End: 1787862351.2442527
[INFO] [1787862351.245875859] [robot5.fragment_exec_node]: EventType: Task, Activity: scan, Robot: robot5, Mission: m7, Segment: s3, Start: 1787862351.2452104
[INFO] [1787862351.246647126] [robot5.fragment_exec_node]: Simulating scan skill...
[INFO] [1787862354.250666447] [robot5.fragment_exec_node]: Scan completed!
[INFO] [1787862354.253257235] [robot5.fragment_exec_node]: EventType: Task, Activity: scan, Robot: robot5, Mission: m7, Segment: s3, End: 1787862354.2515142
[INFO] [1787862354.256771974] [robot5.fragment_exec_node]: Execution of fragment fm7-8 completed!
[INFO] [1787862357.242277753] [robot5.fragment_exec_node]: Received fragment assignment: {'robot': 'robot5', 'fragment': {'id': 'fm7-11', 'mission': 'm7', 'state': 'assigned', 'wait': ['place(o4-7,scan_area)'], 'tasks': [{'name': 'scan', 'label': 'scan(o4-7)', 'params': {}}], 'arrive_timestamp': 1787862245, 'priority': 1, 'segment': 's4'}}
[INFO] [1787862357.244072301] [robot5.fragment_exec_node]: Starting execution of fragment fm7-11...
[INFO] [1787862357.245298599] [robot5.fragment_exec_node]: Waiting for coordination messages before executing fragment fm7-11: ['place(o4-7,scan_area)']
[INFO] [1787862359.249906680] [robot5.fragment_exec_node]: Executing task scan(o4-7). Params: {}, Virtual state: {'position': {'x': 0.0, 'y': 0.0, 'z': 0.0}, 'docked': True}
[INFO] [1787862359.252572997] [robot5.fragment_exec_node]: EventType: Control (Task: scan), Activity: localize, Robot: robot5, Mission: m7, Segment: s4, Start: 1787862359.250592
[INFO] [1787862359.254374813] [robot5.fragment_exec_node]: Simulating localize skill...
[INFO] [1787862364.255704463] [robot5.fragment_exec_node]: Localize completed!
[INFO] [1787862364.256471761] [robot5.fragment_exec_node]: EventType: Control (Task: scan), Activity: localize, Robot: robot5, Mission: m7, Segment: s4, End: 1787862364.2561312
[INFO] [1787862364.257292104] [robot5.fragment_exec_node]: EventType: Task, Activity: scan, Robot: robot5, Mission: m7, Segment: s4, Start: 1787862364.2568038
[INFO] [1787862364.258114633] [robot5.fragment_exec_node]: Simulating scan skill...
[INFO] [1787862367.260403999] [robot5.fragment_exec_node]: Scan completed!
[INFO] [1787862367.263669747] [robot5.fragment_exec_node]: EventType: Task, Activity: scan, Robot: robot5, Mission: m7, Segment: s4, End: 1787862367.2611876
[INFO] [1787862367.266623031] [robot5.fragment_exec_node]: Execution of fragment fm7-11 completed!
[INFO] [1787862368.242930587] [robot5.fragment_exec_node]: Received fragment assignment: {'robot': 'robot5', 'fragment': {'id': 'fm7-14', 'mission': 'm7', 'state': 'assigned', 'wait': ['place(o5-7,scan_area)'], 'tasks': [{'name': 'scan', 'label': 'scan(o5-7)', 'params': {}}], 'arrive_timestamp': 1787862245, 'priority': 1, 'segment': 's5'}}
[INFO] [1787862368.243853537] [robot5.fragment_exec_node]: Starting execution of fragment fm7-14...
[INFO] [1787862368.244859038] [robot5.fragment_exec_node]: Executing task scan(o5-7). Params: {}, Virtual state: {'position': {'x': 0.0, 'y': 0.0, 'z': 0.0}, 'docked': True}
[INFO] [1787862368.245763266] [robot5.fragment_exec_node]: EventType: Control (Task: scan), Activity: localize, Robot: robot5, Mission: m7, Segment: s5, Start: 1787862368.245248
[INFO] [1787862368.246604540] [robot5.fragment_exec_node]: Simulating localize skill...
[INFO] [1787862373.249527400] [robot5.fragment_exec_node]: Localize completed!
[INFO] [1787862373.251137617] [robot5.fragment_exec_node]: EventType: Control (Task: scan), Activity: localize, Robot: robot5, Mission: m7, Segment: s5, End: 1787862373.250188
[INFO] [1787862373.252495308] [robot5.fragment_exec_node]: EventType: Task, Activity: scan, Robot: robot5, Mission: m7, Segment: s5, Start: 1787862373.2516804
[INFO] [1787862373.254585933] [robot5.fragment_exec_node]: Simulating scan skill...
[INFO] [1787862376.256588254] [robot5.fragment_exec_node]: Scan completed!
[INFO] [1787862376.257533997] [robot5.fragment_exec_node]: EventType: Task, Activity: scan, Robot: robot5, Mission: m7, Segment: s5, End: 1787862376.2570236
[INFO] [1787862376.258818258] [robot5.fragment_exec_node]: Execution of fragment fm7-14 completed!
[INFO] [1787862405.230432227] [robot5.fragment_exec_node]: Received fragment assignment: {'robot': 'robot5', 'fragment': {'id': 'fm2-2', 'mission': 'm2', 'state': 'assigned', 'wait': ['place(o1-2,scan_area)'], 'tasks': [{'name': 'scan', 'label': 'scan(o1-2)', 'params': {}}], 'arrive_timestamp': 1787862243, 'priority': 1, 'segment': 's1'}}
[INFO] [1787862405.243302410] [robot5.fragment_exec_node]: Starting execution of fragment fm2-2...
[INFO] [1787862405.247073844] [robot5.fragment_exec_node]: Waiting for coordination messages before executing fragment fm2-2: ['place(o1-2,scan_area)']
[INFO] [1787862407.252740052] [robot5.fragment_exec_node]: Executing task scan(o1-2). Params: {}, Virtual state: {'position': {'x': 0.0, 'y': 0.0, 'z': 0.0}, 'docked': True}
[INFO] [1787862407.254678440] [robot5.fragment_exec_node]: EventType: Control (Task: scan), Activity: localize, Robot: robot5, Mission: m2, Segment: s1, Start: 1787862407.2535746
[INFO] [1787862407.256136373] [robot5.fragment_exec_node]: Simulating localize skill...
[INFO] [1787862412.260757308] [robot5.fragment_exec_node]: Localize completed!
[INFO] [1787862412.264249181] [robot5.fragment_exec_node]: EventType: Control (Task: scan), Activity: localize, Robot: robot5, Mission: m2, Segment: s1, End: 1787862412.2624063
[INFO] [1787862412.266302367] [robot5.fragment_exec_node]: EventType: Task, Activity: scan, Robot: robot5, Mission: m2, Segment: s1, Start: 1787862412.2653909
[INFO] [1787862412.268220471] [robot5.fragment_exec_node]: Simulating scan skill...
[INFO] [1787862415.270854545] [robot5.fragment_exec_node]: Scan completed!
[INFO] [1787862415.272698971] [robot5.fragment_exec_node]: EventType: Task, Activity: scan, Robot: robot5, Mission: m2, Segment: s1, End: 1787862415.2715902
[INFO] [1787862415.275489236] [robot5.fragment_exec_node]: Execution of fragment fm2-2 completed!
[INFO] [1787862421.226590976] [robot5.fragment_exec_node]: Received fragment assignment: {'robot': 'robot5', 'fragment': {'id': 'fm2-5', 'mission': 'm2', 'state': 'assigned', 'wait': ['place(o2-2,scan_area)'], 'tasks': [{'name': 'scan', 'label': 'scan(o2-2)', 'params': {}}], 'arrive_timestamp': 1787862243, 'priority': 1, 'segment': 's2'}}
[INFO] [1787862421.231901430] [robot5.fragment_exec_node]: Starting execution of fragment fm2-5...
[INFO] [1787862421.236479930] [robot5.fragment_exec_node]: Waiting for coordination messages before executing fragment fm2-5: ['place(o2-2,scan_area)']
[INFO] [1787862423.242782638] [robot5.fragment_exec_node]: Executing task scan(o2-2). Params: {}, Virtual state: {'position': {'x': 0.0, 'y': 0.0, 'z': 0.0}, 'docked': True}
[INFO] [1787862423.244480486] [robot5.fragment_exec_node]: EventType: Control (Task: scan), Activity: localize, Robot: robot5, Mission: m2, Segment: s2, Start: 1787862423.243545
[INFO] [1787862423.245470387] [robot5.fragment_exec_node]: Simulating localize skill...
[INFO] [1787862428.247019278] [robot5.fragment_exec_node]: Localize completed!
[INFO] [1787862428.248362587] [robot5.fragment_exec_node]: EventType: Control (Task: scan), Activity: localize, Robot: robot5, Mission: m2, Segment: s2, End: 1787862428.2474926
[INFO] [1787862428.248979315] [robot5.fragment_exec_node]: EventType: Task, Activity: scan, Robot: robot5, Mission: m2, Segment: s2, Start: 1787862428.2486567
[INFO] [1787862428.250506752] [robot5.fragment_exec_node]: Simulating scan skill...
[INFO] [1787862431.253789249] [robot5.fragment_exec_node]: Scan completed!
[INFO] [1787862431.256044457] [robot5.fragment_exec_node]: EventType: Task, Activity: scan, Robot: robot5, Mission: m2, Segment: s2, End: 1787862431.2548695
[INFO] [1787862431.258876445] [robot5.fragment_exec_node]: Execution of fragment fm2-5 completed!
[INFO] [1787862438.245210319] [robot5.fragment_exec_node]: Received fragment assignment: {'robot': 'robot5', 'fragment': {'id': 'fm4-2', 'mission': 'm4', 'state': 'assigned', 'wait': ['place(o1-4,scan_area)'], 'tasks': [{'name': 'scan', 'label': 'scan(o1-4)', 'params': {}}], 'arrive_timestamp': 1787862333, 'priority': 1, 'segment': 's1'}}
[INFO] [1787862438.246663844] [robot5.fragment_exec_node]: Starting execution of fragment fm4-2...
[INFO] [1787862438.248467650] [robot5.fragment_exec_node]: Waiting for coordination messages before executing fragment fm4-2: ['place(o1-4,scan_area)']
[INFO] [1787862440.253768835] [robot5.fragment_exec_node]: Executing task scan(o1-4). Params: {}, Virtual state: {'position': {'x': 0.0, 'y': 0.0, 'z': 0.0}, 'docked': True}
[INFO] [1787862440.256376008] [robot5.fragment_exec_node]: EventType: Control (Task: scan), Activity: localize, Robot: robot5, Mission: m4, Segment: s1, Start: 1787862440.2548058
[INFO] [1787862440.258068886] [robot5.fragment_exec_node]: Simulating localize skill...
[INFO] [1787862445.259710946] [robot5.fragment_exec_node]: Localize completed!
[INFO] [1787862445.260518851] [robot5.fragment_exec_node]: EventType: Control (Task: scan), Activity: localize, Robot: robot5, Mission: m4, Segment: s1, End: 1787862445.2600036
[INFO] [1787862445.261065310] [robot5.fragment_exec_node]: EventType: Task, Activity: scan, Robot: robot5, Mission: m4, Segment: s1, Start: 1787862445.2607374
[INFO] [1787862445.261533463] [robot5.fragment_exec_node]: Simulating scan skill...
[INFO] [1787862448.263948934] [robot5.fragment_exec_node]: Scan completed!
[INFO] [1787862448.266064924] [robot5.fragment_exec_node]: EventType: Task, Activity: scan, Robot: robot5, Mission: m4, Segment: s1, End: 1787862448.2646868
[INFO] [1787862448.268572762] [robot5.fragment_exec_node]: Execution of fragment fm4-2 completed!
[INFO] [1787862449.259512322] [robot5.fragment_exec_node]: Received fragment assignment: {'robot': 'robot5', 'fragment': {'id': 'fm4-5', 'mission': 'm4', 'state': 'assigned', 'wait': ['place(o2-4,scan_area)'], 'tasks': [{'name': 'scan', 'label': 'scan(o2-4)', 'params': {}}], 'arrive_timestamp': 1787862333, 'priority': 1, 'segment': 's2'}}
[INFO] [1787862449.260304860] [robot5.fragment_exec_node]: Starting execution of fragment fm4-5...
[INFO] [1787862449.261026205] [robot5.fragment_exec_node]: Executing task scan(o2-4). Params: {}, Virtual state: {'position': {'x': 0.0, 'y': 0.0, 'z': 0.0}, 'docked': True}
[INFO] [1787862449.261610582] [robot5.fragment_exec_node]: EventType: Control (Task: scan), Activity: localize, Robot: robot5, Mission: m4, Segment: s2, Start: 1787862449.2612464
[INFO] [1787862449.262298359] [robot5.fragment_exec_node]: Simulating localize skill...
[INFO] [1787862454.265849808] [robot5.fragment_exec_node]: Localize completed!
[INFO] [1787862454.267998053] [robot5.fragment_exec_node]: EventType: Control (Task: scan), Activity: localize, Robot: robot5, Mission: m4, Segment: s2, End: 1787862454.266654
[INFO] [1787862454.269589988] [robot5.fragment_exec_node]: EventType: Task, Activity: scan, Robot: robot5, Mission: m4, Segment: s2, Start: 1787862454.2685068
[INFO] [1787862454.271036718] [robot5.fragment_exec_node]: Simulating scan skill...
[INFO] [1787862457.273061188] [robot5.fragment_exec_node]: Scan completed!
[INFO] [1787862457.274821139] [robot5.fragment_exec_node]: EventType: Task, Activity: scan, Robot: robot5, Mission: m4, Segment: s2, End: 1787862457.273471
[INFO] [1787862457.276803841] [robot5.fragment_exec_node]: Execution of fragment fm4-5 completed!
[INFO] [1787862459.234840027] [robot5.fragment_exec_node]: Received fragment assignment: {'robot': 'robot5', 'fragment': {'id': 'fm4-8', 'mission': 'm4', 'state': 'assigned', 'wait': ['place(o3-4,scan_area)'], 'tasks': [{'name': 'scan', 'label': 'scan(o3-4)', 'params': {}}], 'arrive_timestamp': 1787862333, 'priority': 1, 'segment': 's3'}}
[INFO] [1787862459.236113860] [robot5.fragment_exec_node]: Starting execution of fragment fm4-8...
[INFO] [1787862459.238100891] [robot5.fragment_exec_node]: Waiting for coordination messages before executing fragment fm4-8: ['place(o3-4,scan_area)']
[INFO] [1787862461.247379726] [robot5.fragment_exec_node]: Executing task scan(o3-4). Params: {}, Virtual state: {'position': {'x': 0.0, 'y': 0.0, 'z': 0.0}, 'docked': True}
[INFO] [1787862461.248774994] [robot5.fragment_exec_node]: EventType: Control (Task: scan), Activity: localize, Robot: robot5, Mission: m4, Segment: s3, Start: 1787862461.247758
[INFO] [1787862461.249521972] [robot5.fragment_exec_node]: Simulating localize skill...
[INFO] [1787862466.253538581] [robot5.fragment_exec_node]: Localize completed!
[INFO] [1787862466.256396819] [robot5.fragment_exec_node]: EventType: Control (Task: scan), Activity: localize, Robot: robot5, Mission: m4, Segment: s3, End: 1787862466.2554953
[INFO] [1787862466.257590920] [robot5.fragment_exec_node]: EventType: Task, Activity: scan, Robot: robot5, Mission: m4, Segment: s3, Start: 1787862466.2568357
[INFO] [1787862466.258668108] [robot5.fragment_exec_node]: Simulating scan skill...
[INFO] [1787862469.262590413] [robot5.fragment_exec_node]: Scan completed!
[INFO] [1787862469.266000998] [robot5.fragment_exec_node]: EventType: Task, Activity: scan, Robot: robot5, Mission: m4, Segment: s3, End: 1787862469.263778
[INFO] [1787862469.268938159] [robot5.fragment_exec_node]: Execution of fragment fm4-8 completed!
[INFO] [1787862484.236280639] [robot5.fragment_exec_node]: Received fragment assignment: {'robot': 'robot5', 'fragment': {'id': 'fm6-2', 'mission': 'm6', 'state': 'assigned', 'wait': ['place(o1-6,scan_area)'], 'tasks': [{'name': 'scan', 'label': 'scan(o1-6)', 'params': {}}], 'arrive_timestamp': 1787862335, 'priority': 1, 'segment': 's1'}}
[INFO] [1787862484.238519922] [robot5.fragment_exec_node]: Starting execution of fragment fm6-2...
[INFO] [1787862484.239649099] [robot5.fragment_exec_node]: Executing task scan(o1-6). Params: {}, Virtual state: {'position': {'x': 0.0, 'y': 0.0, 'z': 0.0}, 'docked': True}
[INFO] [1787862484.240931629] [robot5.fragment_exec_node]: EventType: Control (Task: scan), Activity: localize, Robot: robot5, Mission: m6, Segment: s1, Start: 1787862484.2401168
[INFO] [1787862484.241777261] [robot5.fragment_exec_node]: Simulating localize skill...
[INFO] [1787862489.243546688] [robot5.fragment_exec_node]: Localize completed!
[INFO] [1787862489.244451250] [robot5.fragment_exec_node]: EventType: Control (Task: scan), Activity: localize, Robot: robot5, Mission: m6, Segment: s1, End: 1787862489.2438579
[INFO] [1787862489.245117893] [robot5.fragment_exec_node]: EventType: Task, Activity: scan, Robot: robot5, Mission: m6, Segment: s1, Start: 1787862489.2447455
[INFO] [1787862489.245654867] [robot5.fragment_exec_node]: Simulating scan skill...
[INFO] [1787862492.251037547] [robot5.fragment_exec_node]: Scan completed!
[INFO] [1787862492.251896490] [robot5.fragment_exec_node]: EventType: Task, Activity: scan, Robot: robot5, Mission: m6, Segment: s1, End: 1787862492.2514415
[INFO] [1787862492.253049418] [robot5.fragment_exec_node]: Execution of fragment fm6-2 completed!
[INFO] [1787862506.226486010] [robot5.fragment_exec_node]: Received fragment assignment: {'robot': 'robot5', 'fragment': {'id': 'fm6-5', 'mission': 'm6', 'state': 'assigned', 'wait': ['place(o2-6,scan_area)'], 'tasks': [{'name': 'scan', 'label': 'scan(o2-6)', 'params': {}}], 'arrive_timestamp': 1787862335, 'priority': 1, 'segment': 's2'}}
[INFO] [1787862506.231775288] [robot5.fragment_exec_node]: Starting execution of fragment fm6-5...
[INFO] [1787862506.233689160] [robot5.fragment_exec_node]: Waiting for coordination messages before executing fragment fm6-5: ['place(o2-6,scan_area)']
[INFO] [1787862508.238086316] [robot5.fragment_exec_node]: Executing task scan(o2-6). Params: {}, Virtual state: {'position': {'x': 0.0, 'y': 0.0, 'z': 0.0}, 'docked': True}
[INFO] [1787862508.239362850] [robot5.fragment_exec_node]: EventType: Control (Task: scan), Activity: localize, Robot: robot5, Mission: m6, Segment: s2, Start: 1787862508.238656
[INFO] [1787862508.240681331] [robot5.fragment_exec_node]: Simulating localize skill...
[INFO] [1787862513.243658463] [robot5.fragment_exec_node]: Localize completed!
[INFO] [1787862513.245544955] [robot5.fragment_exec_node]: EventType: Control (Task: scan), Activity: localize, Robot: robot5, Mission: m6, Segment: s2, End: 1787862513.2443955
[INFO] [1787862513.247457928] [robot5.fragment_exec_node]: EventType: Task, Activity: scan, Robot: robot5, Mission: m6, Segment: s2, Start: 1787862513.246196
[INFO] [1787862513.248823143] [robot5.fragment_exec_node]: Simulating scan skill...
[INFO] [1787862516.252604674] [robot5.fragment_exec_node]: Scan completed!
[INFO] [1787862516.254917312] [robot5.fragment_exec_node]: EventType: Task, Activity: scan, Robot: robot5, Mission: m6, Segment: s2, End: 1787862516.2537165
[INFO] [1787862516.257504923] [robot5.fragment_exec_node]: Execution of fragment fm6-5 completed!
[INFO] [1787862519.234513233] [robot5.fragment_exec_node]: Received fragment assignment: {'robot': 'robot5', 'fragment': {'id': 'fm6-8', 'mission': 'm6', 'state': 'assigned', 'wait': ['place(o3-6,scan_area)'], 'tasks': [{'name': 'scan', 'label': 'scan(o3-6)', 'params': {}}], 'arrive_timestamp': 1787862335, 'priority': 1, 'segment': 's3'}}
[INFO] [1787862519.235694016] [robot5.fragment_exec_node]: Starting execution of fragment fm6-8...
[INFO] [1787862519.237405027] [robot5.fragment_exec_node]: Waiting for coordination messages before executing fragment fm6-8: ['place(o3-6,scan_area)']
[INFO] [1787862521.240621789] [robot5.fragment_exec_node]: Executing task scan(o3-6). Params: {}, Virtual state: {'position': {'x': 0.0, 'y': 0.0, 'z': 0.0}, 'docked': True}
[INFO] [1787862521.241372501] [robot5.fragment_exec_node]: EventType: Control (Task: scan), Activity: localize, Robot: robot5, Mission: m6, Segment: s3, Start: 1787862521.2409759
[INFO] [1787862521.242133519] [robot5.fragment_exec_node]: Simulating localize skill...
[INFO] [1787862526.244282269] [robot5.fragment_exec_node]: Localize completed!
[INFO] [1787862526.245224136] [robot5.fragment_exec_node]: EventType: Control (Task: scan), Activity: localize, Robot: robot5, Mission: m6, Segment: s3, End: 1787862526.244668
[INFO] [1787862526.246349749] [robot5.fragment_exec_node]: EventType: Task, Activity: scan, Robot: robot5, Mission: m6, Segment: s3, Start: 1787862526.245759
[INFO] [1787862526.247328522] [robot5.fragment_exec_node]: Simulating scan skill...
[INFO] [1787862529.251296669] [robot5.fragment_exec_node]: Scan completed!
[INFO] [1787862529.253381974] [robot5.fragment_exec_node]: EventType: Task, Activity: scan, Robot: robot5, Mission: m6, Segment: s3, End: 1787862529.252166
[INFO] [1787862529.255662265] [robot5.fragment_exec_node]: Execution of fragment fm6-8 completed!
[INFO] [1787862547.226854938] [robot5.fragment_exec_node]: Received fragment assignment: {'robot': 'robot5', 'fragment': {'id': 'fm6-11', 'mission': 'm6', 'state': 'assigned', 'wait': ['place(o4-6,scan_area)'], 'tasks': [{'name': 'scan', 'label': 'scan(o4-6)', 'params': {}}], 'arrive_timestamp': 1787862335, 'priority': 1, 'segment': 's4'}}
[INFO] [1787862547.229940411] [robot5.fragment_exec_node]: Starting execution of fragment fm6-11...
[INFO] [1787862547.231465666] [robot5.fragment_exec_node]: Waiting for coordination messages before executing fragment fm6-11: ['place(o4-6,scan_area)']
[INFO] [1787862549.238523542] [robot5.fragment_exec_node]: Executing task scan(o4-6). Params: {}, Virtual state: {'position': {'x': 0.0, 'y': 0.0, 'z': 0.0}, 'docked': True}
[INFO] [1787862549.240011895] [robot5.fragment_exec_node]: EventType: Control (Task: scan), Activity: localize, Robot: robot5, Mission: m6, Segment: s4, Start: 1787862549.2389677
[INFO] [1787862549.242141440] [robot5.fragment_exec_node]: Simulating localize skill...
[INFO] [1787862554.244584608] [robot5.fragment_exec_node]: Localize completed!
[INFO] [1787862554.245910080] [robot5.fragment_exec_node]: EventType: Control (Task: scan), Activity: localize, Robot: robot5, Mission: m6, Segment: s4, End: 1787862554.244891
[INFO] [1787862554.247258184] [robot5.fragment_exec_node]: EventType: Task, Activity: scan, Robot: robot5, Mission: m6, Segment: s4, Start: 1787862554.2464426
[INFO] [1787862554.248156936] [robot5.fragment_exec_node]: Simulating scan skill...
[INFO] [1787862557.249862150] [robot5.fragment_exec_node]: Scan completed!
[INFO] [1787862557.251414423] [robot5.fragment_exec_node]: EventType: Task, Activity: scan, Robot: robot5, Mission: m6, Segment: s4, End: 1787862557.2502737
[INFO] [1787862557.253177512] [robot5.fragment_exec_node]: Execution of fragment fm6-11 completed!
Traceback (most recent call last):
  File "/root/ros2_ws/install/multi3_executor/lib/multi3_executor/executor", line 33, in <module>
    sys.exit(load_entry_point('multi3-executor==0.0.0', 'console_scripts', 'executor')())
  File "/root/ros2_ws/install/multi3_executor/lib/python3.10/site-packages/multi3_executor/nodes/executor.py", line 313, in main
    rclpy.shutdown()
  File "/opt/ros/humble/local/lib/python3.10/dist-packages/rclpy/__init__.py", line 130, in shutdown
    _shutdown(context=context)
  File "/opt/ros/humble/local/lib/python3.10/dist-packages/rclpy/utilities.py", line 58, in shutdown
    return context.shutdown()
  File "/opt/ros/humble/local/lib/python3.10/dist-packages/rclpy/context.py", line 102, in shutdown
    self.__context.shutdown()
rclpy._rclpy_pybind11.RCLError: failed to shutdown: rcl_shutdown already called on the given context, at ./src/rcl/init.c:241

--- executor_robot6.log ---
[INFO] [1787862136.957241231] [robot6.fragment_exec_node]: Setting up skill: PackSkill
[INFO] [1787862136.958405585] [robot6.fragment_exec_node]: Setting up skill: LocalizeSkill
[INFO] [1787862136.966824166] [robot6.fragment_exec_node]: Published robot registration: {'name': 'robot6', 'operational_state': 'idle', 'capabilities': ['pack', 'localize'], 'state': {'position': {'x': 0.0, 'y': 0.0, 'z': 0.0}, 'docked': True}}
[INFO] [1787862254.238587820] [robot6.fragment_exec_node]: Received fragment assignment: {'robot': 'robot6', 'fragment': {'id': 'fm1-7', 'mission': 'm1', 'state': 'assigned', 'wait': ['place(o1-1,pack_area)', 'place(o2-1,pack_area)'], 'tasks': [{'name': 'pack', 'label': 'pack(o1-1,o2-1)', 'params': {'items': 2}}], 'arrive_timestamp': 1787862140, 'priority': 1, 'segment': ''}}
[INFO] [1787862254.240784609] [robot6.fragment_exec_node]: Starting execution of fragment fm1-7...
[INFO] [1787862254.242659115] [robot6.fragment_exec_node]: Waiting for coordination messages before executing fragment fm1-7: ['place(o1-1,pack_area)', 'place(o2-1,pack_area)']
[INFO] [1787862256.248666842] [robot6.fragment_exec_node]: Executing task pack(o1-1,o2-1). Params: {'items': 2}, Virtual state: {'position': {'x': 0.0, 'y': 0.0, 'z': 0.0}, 'docked': True}
[INFO] [1787862256.251697083] [robot6.fragment_exec_node]: EventType: Control (Task: pack), Activity: localize, Robot: robot6, Mission: m1, Segment: , Start: 1787862256.2497506
[INFO] [1787862256.253947662] [robot6.fragment_exec_node]: Simulating localize skill...
[INFO] [1787862261.256664178] [robot6.fragment_exec_node]: Localize completed!
[INFO] [1787862261.258500009] [robot6.fragment_exec_node]: EventType: Control (Task: pack), Activity: localize, Robot: robot6, Mission: m1, Segment: , End: 1787862261.2573967
[INFO] [1787862261.260320215] [robot6.fragment_exec_node]: EventType: Task, Activity: pack, Robot: robot6, Mission: m1, Segment: , Start: 1787862261.2590582
[INFO] [1787862261.261799553] [robot6.fragment_exec_node]: Simulating pack skill...
[INFO] [1787862273.265714594] [robot6.fragment_exec_node]: Packing completed!
[INFO] [1787862273.269096906] [robot6.fragment_exec_node]: EventType: Task, Activity: pack, Robot: robot6, Mission: m1, Segment: , End: 1787862273.2678375
[INFO] [1787862273.271778305] [robot6.fragment_exec_node]: Execution of fragment fm1-7 completed!
[INFO] [1787862289.227749249] [robot6.fragment_exec_node]: Received fragment assignment: {'robot': 'robot6', 'fragment': {'id': 'fm3-10', 'mission': 'm3', 'state': 'assigned', 'wait': ['place(o1-3,pack_area)', 'place(o2-3,pack_area)', 'place(o3-3,pack_area)'], 'tasks': [{'name': 'pack', 'label': 'pack(o1-3,o2-3,o3-3)', 'params': {'items': 3}}], 'arrive_timestamp': 1787862142, 'priority': 1, 'segment': ''}}
[INFO] [1787862289.237575356] [robot6.fragment_exec_node]: Starting execution of fragment fm3-10...
[INFO] [1787862289.238570725] [robot6.fragment_exec_node]: Waiting for coordination messages before executing fragment fm3-10: ['place(o1-3,pack_area)', 'place(o2-3,pack_area)', 'place(o3-3,pack_area)']
[INFO] [1787862291.242568220] [robot6.fragment_exec_node]: Executing task pack(o1-3,o2-3,o3-3). Params: {'items': 3}, Virtual state: {'position': {'x': 0.0, 'y': 0.0, 'z': 0.0}, 'docked': True}
[INFO] [1787862291.243670306] [robot6.fragment_exec_node]: EventType: Control (Task: pack), Activity: localize, Robot: robot6, Mission: m3, Segment: , Start: 1787862291.2429297
[INFO] [1787862291.244385065] [robot6.fragment_exec_node]: Simulating localize skill...
[INFO] [1787862296.245979562] [robot6.fragment_exec_node]: Localize completed!
[INFO] [1787862296.246932837] [robot6.fragment_exec_node]: EventType: Control (Task: pack), Activity: localize, Robot: robot6, Mission: m3, Segment: , End: 1787862296.2463431
[INFO] [1787862296.247698512] [robot6.fragment_exec_node]: EventType: Task, Activity: pack, Robot: robot6, Mission: m3, Segment: , Start: 1787862296.2472754
[INFO] [1787862296.248269051] [robot6.fragment_exec_node]: Simulating pack skill...
[INFO] [1787862308.849665939] [robot6.fragment_exec_node]: Packing completed!
[INFO] [1787862308.851477583] [robot6.fragment_exec_node]: EventType: Task, Activity: pack, Robot: robot6, Mission: m3, Segment: , End: 1787862308.851068
[INFO] [1787862308.852602403] [robot6.fragment_exec_node]: Execution of fragment fm3-10 completed!
[INFO] [1787862351.229723979] [robot6.fragment_exec_node]: Received fragment assignment: {'robot': 'robot6', 'fragment': {'id': 'fm5-13', 'mission': 'm5', 'state': 'assigned', 'wait': ['place(o1-5,pack_area)', 'place(o2-5,pack_area)', 'place(o3-5,pack_area)', 'place(o4-5,pack_area)'], 'tasks': [{'name': 'pack', 'label': 'pack(o1-5,o2-5,o3-5,o4-5)', 'params': {'items': 4}}], 'arrive_timestamp': 1787862144, 'priority': 1, 'segment': ''}}
[INFO] [1787862351.243793168] [robot6.fragment_exec_node]: Starting execution of fragment fm5-13...
[INFO] [1787862351.244887955] [robot6.fragment_exec_node]: Waiting for coordination messages before executing fragment fm5-13: ['place(o1-5,pack_area)', 'place(o2-5,pack_area)', 'place(o3-5,pack_area)', 'place(o4-5,pack_area)']
[INFO] [1787862353.249173976] [robot6.fragment_exec_node]: Executing task pack(o1-5,o2-5,o3-5,o4-5). Params: {'items': 4}, Virtual state: {'position': {'x': 0.0, 'y': 0.0, 'z': 0.0}, 'docked': True}
[INFO] [1787862353.251247638] [robot6.fragment_exec_node]: EventType: Control (Task: pack), Activity: localize, Robot: robot6, Mission: m5, Segment: , Start: 1787862353.250377
[INFO] [1787862353.252677635] [robot6.fragment_exec_node]: Simulating localize skill...
[INFO] [1787862358.256773414] [robot6.fragment_exec_node]: Localize completed!
[INFO] [1787862358.258980453] [robot6.fragment_exec_node]: EventType: Control (Task: pack), Activity: localize, Robot: robot6, Mission: m5, Segment: , End: 1787862358.2577808
[INFO] [1787862358.260703869] [robot6.fragment_exec_node]: EventType: Task, Activity: pack, Robot: robot6, Mission: m5, Segment: , Start: 1787862358.2595859
[INFO] [1787862358.262405804] [robot6.fragment_exec_node]: Simulating pack skill...
[INFO] [1787862375.065369160] [robot6.fragment_exec_node]: Packing completed!
[INFO] [1787862375.068687788] [robot6.fragment_exec_node]: EventType: Task, Activity: pack, Robot: robot6, Mission: m5, Segment: , End: 1787862375.0666652
[INFO] [1787862375.074082628] [robot6.fragment_exec_node]: Execution of fragment fm5-13 completed!
[INFO] [1787862420.228676346] [robot6.fragment_exec_node]: Received fragment assignment: {'robot': 'robot6', 'fragment': {'id': 'fm7-16', 'mission': 'm7', 'state': 'assigned', 'wait': ['place(o1-7,pack_area)', 'place(o2-7,pack_area)', 'place(o3-7,pack_area)', 'place(o4-7,pack_area)', 'place(o5-7,pack_area)'], 'tasks': [{'name': 'pack', 'label': 'pack(o1-7,o2-7,o3-7,o4-7,o5-7)', 'params': {'items': 5}}], 'arrive_timestamp': 1787862245, 'priority': 1, 'segment': ''}}
[INFO] [1787862420.253539563] [robot6.fragment_exec_node]: Starting execution of fragment fm7-16...
[INFO] [1787862420.254584840] [robot6.fragment_exec_node]: Executing task pack(o1-7,o2-7,o3-7,o4-7,o5-7). Params: {'items': 5}, Virtual state: {'position': {'x': 0.0, 'y': 0.0, 'z': 0.0}, 'docked': True}
[INFO] [1787862420.255430427] [robot6.fragment_exec_node]: EventType: Control (Task: pack), Activity: localize, Robot: robot6, Mission: m7, Segment: , Start: 1787862420.2548795
[INFO] [1787862420.256096766] [robot6.fragment_exec_node]: Simulating localize skill...
[INFO] [1787862425.258246880] [robot6.fragment_exec_node]: Localize completed!
[INFO] [1787862425.259557482] [robot6.fragment_exec_node]: EventType: Control (Task: pack), Activity: localize, Robot: robot6, Mission: m7, Segment: , End: 1787862425.2588916
[INFO] [1787862425.260599086] [robot6.fragment_exec_node]: EventType: Task, Activity: pack, Robot: robot6, Mission: m7, Segment: , Start: 1787862425.259915
[INFO] [1787862425.261659723] [robot6.fragment_exec_node]: Simulating pack skill...
[INFO] [1787862446.262915411] [robot6.fragment_exec_node]: Packing completed!
[INFO] [1787862446.263948900] [robot6.fragment_exec_node]: EventType: Task, Activity: pack, Robot: robot6, Mission: m7, Segment: , End: 1787862446.263594
[INFO] [1787862446.264772417] [robot6.fragment_exec_node]: Execution of fragment fm7-16 completed!
[INFO] [1787862461.262785742] [robot6.fragment_exec_node]: Received fragment assignment: {'robot': 'robot6', 'fragment': {'id': 'fm2-7', 'mission': 'm2', 'state': 'assigned', 'wait': ['place(o1-2,pack_area)', 'place(o2-2,pack_area)'], 'tasks': [{'name': 'pack', 'label': 'pack(o1-2,o2-2)', 'params': {'items': 2}}], 'arrive_timestamp': 1787862243, 'priority': 1, 'segment': ''}}
[INFO] [1787862461.263869638] [robot6.fragment_exec_node]: Starting execution of fragment fm2-7...
[INFO] [1787862461.264646021] [robot6.fragment_exec_node]: Waiting for coordination messages before executing fragment fm2-7: ['place(o1-2,pack_area)', 'place(o2-2,pack_area)']
[INFO] [1787862463.269892514] [robot6.fragment_exec_node]: Executing task pack(o1-2,o2-2). Params: {'items': 2}, Virtual state: {'position': {'x': 0.0, 'y': 0.0, 'z': 0.0}, 'docked': True}
[INFO] [1787862463.271862388] [robot6.fragment_exec_node]: EventType: Control (Task: pack), Activity: localize, Robot: robot6, Mission: m2, Segment: , Start: 1787862463.270591
[INFO] [1787862463.273729187] [robot6.fragment_exec_node]: Simulating localize skill...
[INFO] [1787862468.275735508] [robot6.fragment_exec_node]: Localize completed!
[INFO] [1787862468.276797160] [robot6.fragment_exec_node]: EventType: Control (Task: pack), Activity: localize, Robot: robot6, Mission: m2, Segment: , End: 1787862468.2762697
[INFO] [1787862468.277506253] [robot6.fragment_exec_node]: EventType: Task, Activity: pack, Robot: robot6, Mission: m2, Segment: , Start: 1787862468.2771351
[INFO] [1787862468.278195268] [robot6.fragment_exec_node]: Simulating pack skill...
[INFO] [1787862480.280780824] [robot6.fragment_exec_node]: Packing completed!
[INFO] [1787862480.283353537] [robot6.fragment_exec_node]: EventType: Task, Activity: pack, Robot: robot6, Mission: m2, Segment: , End: 1787862480.2817783
[INFO] [1787862480.285988756] [robot6.fragment_exec_node]: Execution of fragment fm2-7 completed!
[INFO] [1787862522.230073359] [robot6.fragment_exec_node]: Received fragment assignment: {'robot': 'robot6', 'fragment': {'id': 'fm4-10', 'mission': 'm4', 'state': 'assigned', 'wait': ['place(o1-4,pack_area)', 'place(o2-4,pack_area)', 'place(o3-4,pack_area)'], 'tasks': [{'name': 'pack', 'label': 'pack(o1-4,o2-4,o3-4)', 'params': {'items': 3}}], 'arrive_timestamp': 1787862333, 'priority': 1, 'segment': ''}}
[INFO] [1787862522.236375560] [robot6.fragment_exec_node]: Starting execution of fragment fm4-10...
[INFO] [1787862522.238146977] [robot6.fragment_exec_node]: Executing task pack(o1-4,o2-4,o3-4). Params: {'items': 3}, Virtual state: {'position': {'x': 0.0, 'y': 0.0, 'z': 0.0}, 'docked': True}
[INFO] [1787862522.239347731] [robot6.fragment_exec_node]: EventType: Control (Task: pack), Activity: localize, Robot: robot6, Mission: m4, Segment: , Start: 1787862522.2386913
[INFO] [1787862522.240205380] [robot6.fragment_exec_node]: Simulating localize skill...
[INFO] [1787862527.244167255] [robot6.fragment_exec_node]: Localize completed!
[INFO] [1787862527.247119317] [robot6.fragment_exec_node]: EventType: Control (Task: pack), Activity: localize, Robot: robot6, Mission: m4, Segment: , End: 1787862527.2452748
[INFO] [1787862527.248675700] [robot6.fragment_exec_node]: EventType: Task, Activity: pack, Robot: robot6, Mission: m4, Segment: , Start: 1787862527.2477283
[INFO] [1787862527.250407857] [robot6.fragment_exec_node]: Simulating pack skill...
[INFO] [1787862539.854196254] [robot6.fragment_exec_node]: Packing completed!
[INFO] [1787862539.856473864] [robot6.fragment_exec_node]: EventType: Task, Activity: pack, Robot: robot6, Mission: m4, Segment: , End: 1787862539.8550315
[INFO] [1787862539.859472861] [robot6.fragment_exec_node]: Execution of fragment fm4-10 completed!
[INFO] [1787862585.232050708] [robot6.fragment_exec_node]: Received fragment assignment: {'robot': 'robot6', 'fragment': {'id': 'fm6-13', 'mission': 'm6', 'state': 'assigned', 'wait': ['place(o1-6,pack_area)', 'place(o2-6,pack_area)', 'place(o3-6,pack_area)', 'place(o4-6,pack_area)'], 'tasks': [{'name': 'pack', 'label': 'pack(o1-6,o2-6,o3-6,o4-6)', 'params': {'items': 4}}], 'arrive_timestamp': 1787862335, 'priority': 1, 'segment': ''}}
[INFO] [1787862585.234436166] [robot6.fragment_exec_node]: Starting execution of fragment fm6-13...
[INFO] [1787862585.236797073] [robot6.fragment_exec_node]: Waiting for coordination messages before executing fragment fm6-13: ['place(o1-6,pack_area)', 'place(o2-6,pack_area)', 'place(o3-6,pack_area)', 'place(o4-6,pack_area)']
[INFO] [1787862587.242039505] [robot6.fragment_exec_node]: Executing task pack(o1-6,o2-6,o3-6,o4-6). Params: {'items': 4}, Virtual state: {'position': {'x': 0.0, 'y': 0.0, 'z': 0.0}, 'docked': True}
[INFO] [1787862587.244979642] [robot6.fragment_exec_node]: EventType: Control (Task: pack), Activity: localize, Robot: robot6, Mission: m6, Segment: , Start: 1787862587.2431116
[INFO] [1787862587.247729891] [robot6.fragment_exec_node]: Simulating localize skill...
[INFO] [1787862592.250918163] [robot6.fragment_exec_node]: Localize completed!
[INFO] [1787862592.252233451] [robot6.fragment_exec_node]: EventType: Control (Task: pack), Activity: localize, Robot: robot6, Mission: m6, Segment: , End: 1787862592.2513442
[INFO] [1787862592.253219964] [robot6.fragment_exec_node]: EventType: Task, Activity: pack, Robot: robot6, Mission: m6, Segment: , Start: 1787862592.252622
[INFO] [1787862592.254328972] [robot6.fragment_exec_node]: Simulating pack skill...
[INFO] [1787862609.058400641] [robot6.fragment_exec_node]: Packing completed!
[INFO] [1787862609.063122003] [robot6.fragment_exec_node]: EventType: Task, Activity: pack, Robot: robot6, Mission: m6, Segment: , End: 1787862609.0612578
[INFO] [1787862609.066582915] [robot6.fragment_exec_node]: Execution of fragment fm6-13 completed!
Traceback (most recent call last):
  File "/root/ros2_ws/install/multi3_executor/lib/multi3_executor/executor", line 33, in <module>
    sys.exit(load_entry_point('multi3-executor==0.0.0', 'console_scripts', 'executor')())
  File "/root/ros2_ws/install/multi3_executor/lib/python3.10/site-packages/multi3_executor/nodes/executor.py", line 313, in main
    rclpy.shutdown()
  File "/opt/ros/humble/local/lib/python3.10/dist-packages/rclpy/__init__.py", line 130, in shutdown
    _shutdown(context=context)
  File "/opt/ros/humble/local/lib/python3.10/dist-packages/rclpy/utilities.py", line 58, in shutdown
    return context.shutdown()
  File "/opt/ros/humble/local/lib/python3.10/dist-packages/rclpy/context.py", line 102, in shutdown
    self.__context.shutdown()
rclpy._rclpy_pybind11.RCLError: failed to shutdown: rcl_shutdown already called on the given context, at ./src/rcl/init.c:241

--- executor_robot7.log ---
[INFO] [1787862139.246174188] [robot7.fragment_exec_node]: Setting up skill: UndockSkill
[INFO] [1787862139.247148083] [robot7.fragment_exec_node]: Setting up skill: NavigateSkill
[INFO] [1787862139.248334355] [robot7.fragment_exec_node]: Setting up skill: LocalizeSkill
[INFO] [1787862139.249257598] [robot7.fragment_exec_node]: Setting up skill: LoadPackSkill
[INFO] [1787862139.250140799] [robot7.fragment_exec_node]: Setting up skill: UnloadPackSkill
[INFO] [1787862139.263119330] [robot7.fragment_exec_node]: Published robot registration: {'name': 'robot7', 'operational_state': 'idle', 'capabilities': ['load_pack', 'move_to', 'unload_pack', 'localize', 'undock'], 'state': {'position': {'x': 0.0, 'y': 0.0, 'z': 0.0}, 'docked': True}}
[INFO] [1787862274.234979388] [robot7.fragment_exec_node]: Received fragment assignment: {'robot': 'robot7', 'fragment': {'id': 'fm1-8', 'mission': 'm1', 'state': 'assigned', 'wait': ['pack(o1-1,o2-1)'], 'tasks': [{'name': 'load_pack', 'label': 'load_pack(p1)', 'params': {'x': 8, 'y': 8, 'weight': 10}}, {'name': 'move_to', 'label': 'move_to(deliver_area)', 'params': {'x': 10, 'y': 10}}, {'name': 'unload_pack', 'label': 'unload_pack(p1)', 'params': {'x': 10, 'y': 10, 'weight': 10}}], 'arrive_timestamp': 1787862140, 'priority': 1, 'segment': ''}}
[INFO] [1787862274.237365058] [robot7.fragment_exec_node]: Starting execution of fragment fm1-8...
[INFO] [1787862274.238838504] [robot7.fragment_exec_node]: Executing task load_pack(p1). Params: {'x': 8, 'y': 8, 'weight': 10}, Virtual state: {'position': {'x': 0.0, 'y': 0.0, 'z': 0.0}, 'docked': True}
[INFO] [1787862274.239822663] [robot7.fragment_exec_node]: EventType: Control (Task: load_pack), Activity: undock, Robot: robot7, Mission: m1, Segment: , Start: 1787862274.2392435
[INFO] [1787862274.241849748] [robot7.fragment_exec_node]: Simulating undock skill...
[INFO] [1787862278.245648336] [robot7.fragment_exec_node]: Undock completed!
[INFO] [1787862278.248064101] [robot7.fragment_exec_node]: EventType: Control (Task: load_pack), Activity: undock, Robot: robot7, Mission: m1, Segment: , End: 1787862278.2467175
[INFO] [1787862278.249841813] [robot7.fragment_exec_node]: EventType: Control (Task: load_pack), Activity: move_to, Robot: robot7, Mission: m1, Segment: , Start: 1787862278.2486749
[INFO] [1787862278.251563430] [robot7.fragment_exec_node]: Simulating navigate skill from position (0.0, 0.0) to (8, 8) (22.627416997969522 seconds)...
[INFO] [1787862300.880722445] [robot7.fragment_exec_node]: Navigation completed!
[INFO] [1787862300.883137089] [robot7.fragment_exec_node]: EventType: Control (Task: load_pack), Activity: move_to, Robot: robot7, Mission: m1, Segment: , End: 1787862300.8820608
[INFO] [1787862300.885333473] [robot7.fragment_exec_node]: EventType: Control (Task: load_pack), Activity: localize, Robot: robot7, Mission: m1, Segment: , Start: 1787862300.884029
[INFO] [1787862300.886194201] [robot7.fragment_exec_node]: Simulating localize skill...
[INFO] [1787862305.887671512] [robot7.fragment_exec_node]: Localize completed!
[INFO] [1787862305.888582351] [robot7.fragment_exec_node]: EventType: Control (Task: load_pack), Activity: localize, Robot: robot7, Mission: m1, Segment: , End: 1787862305.888196
[INFO] [1787862305.889423546] [robot7.fragment_exec_node]: EventType: Task, Activity: load_pack, Robot: robot7, Mission: m1, Segment: , Start: 1787862305.8889341
[INFO] [1787862305.890279104] [robot7.fragment_exec_node]: Simulating load_pack skill...
[INFO] [1787862315.986656520] [robot7.fragment_exec_node]: LoadPack completed!
[INFO] [1787862315.988793915] [robot7.fragment_exec_node]: EventType: Task, Activity: load_pack, Robot: robot7, Mission: m1, Segment: , End: 1787862315.988076
[INFO] [1787862315.990323563] [robot7.fragment_exec_node]: Executing task move_to(deliver_area). Params: {'x': 10, 'y': 10}, Virtual state: {'position': {'x': 8, 'y': 8, 'z': 0.0}, 'docked': False}
[INFO] [1787862315.991175391] [robot7.fragment_exec_node]: EventType: Task, Activity: move_to, Robot: robot7, Mission: m1, Segment: , Start: 1787862315.9906209
[INFO] [1787862315.992005562] [robot7.fragment_exec_node]: Simulating navigate skill from position (8, 8) to (10, 10) (5.656854249492381 seconds)...
[INFO] [1787862321.651102879] [robot7.fragment_exec_node]: Navigation completed!
[INFO] [1787862321.652219637] [robot7.fragment_exec_node]: EventType: Task, Activity: move_to, Robot: robot7, Mission: m1, Segment: , End: 1787862321.6515286
[INFO] [1787862321.653476145] [robot7.fragment_exec_node]: Executing task unload_pack(p1). Params: {'x': 10, 'y': 10, 'weight': 10}, Virtual state: {'position': {'x': 10, 'y': 10, 'z': 0.0}, 'docked': False}
[INFO] [1787862321.654176831] [robot7.fragment_exec_node]: EventType: Control (Task: unload_pack), Activity: localize, Robot: robot7, Mission: m1, Segment: , Start: 1787862321.6537623
[INFO] [1787862321.655014154] [robot7.fragment_exec_node]: Simulating localize skill...
[INFO] [1787862326.657338606] [robot7.fragment_exec_node]: Localize completed!
[INFO] [1787862326.659271063] [robot7.fragment_exec_node]: EventType: Control (Task: unload_pack), Activity: localize, Robot: robot7, Mission: m1, Segment: , End: 1787862326.6580613
[INFO] [1787862326.660998336] [robot7.fragment_exec_node]: EventType: Task, Activity: unload_pack, Robot: robot7, Mission: m1, Segment: , Start: 1787862326.6599183
[INFO] [1787862326.662716804] [robot7.fragment_exec_node]: Simulating unload_pack skill...
[INFO] [1787862334.666851430] [robot7.fragment_exec_node]: UnloadPack completed!
[INFO] [1787862334.668825614] [robot7.fragment_exec_node]: EventType: Task, Activity: unload_pack, Robot: robot7, Mission: m1, Segment: , End: 1787862334.6677413
[INFO] [1787862334.672040320] [robot7.fragment_exec_node]: Execution of fragment fm1-8 completed!
[INFO] [1787862335.243598389] [robot7.fragment_exec_node]: Received fragment assignment: {'robot': 'robot7', 'fragment': {'id': 'fm3-11', 'mission': 'm3', 'state': 'assigned', 'wait': ['pack(o1-3,o2-3,o3-3)'], 'tasks': [{'name': 'load_pack', 'label': 'load_pack(p3)', 'params': {'x': 8, 'y': 8, 'weight': 10}}, {'name': 'move_to', 'label': 'move_to(deliver_area)', 'params': {'x': 10, 'y': 10}}, {'name': 'unload_pack', 'label': 'unload_pack(p3)', 'params': {'x': 10, 'y': 10, 'weight': 10}}], 'arrive_timestamp': 1787862142, 'priority': 1, 'segment': ''}}
[INFO] [1787862335.251519212] [robot7.fragment_exec_node]: Starting execution of fragment fm3-11...
[INFO] [1787862335.252562642] [robot7.fragment_exec_node]: Executing task load_pack(p3). Params: {'x': 8, 'y': 8, 'weight': 10}, Virtual state: {'position': {'x': 10, 'y': 10, 'z': 0.0}, 'docked': False}
[INFO] [1787862335.257939323] [robot7.fragment_exec_node]: EventType: Control (Task: load_pack), Activity: move_to, Robot: robot7, Mission: m3, Segment: , Start: 1787862335.2557287
[INFO] [1787862335.259276845] [robot7.fragment_exec_node]: Simulating navigate skill from position (10, 10) to (8, 8) (5.656854249492381 seconds)...
[INFO] [1787862340.917808648] [robot7.fragment_exec_node]: Navigation completed!
[INFO] [1787862340.918690319] [robot7.fragment_exec_node]: EventType: Control (Task: load_pack), Activity: move_to, Robot: robot7, Mission: m3, Segment: , End: 1787862340.9182956
[INFO] [1787862340.919494406] [robot7.fragment_exec_node]: EventType: Control (Task: load_pack), Activity: localize, Robot: robot7, Mission: m3, Segment: , Start: 1787862340.9191203
[INFO] [1787862340.920181499] [robot7.fragment_exec_node]: Simulating localize skill...
[INFO] [1787862345.922905281] [robot7.fragment_exec_node]: Localize completed!
[INFO] [1787862345.923938831] [robot7.fragment_exec_node]: EventType: Control (Task: load_pack), Activity: localize, Robot: robot7, Mission: m3, Segment: , End: 1787862345.9234092
[INFO] [1787862345.924611636] [robot7.fragment_exec_node]: EventType: Task, Activity: load_pack, Robot: robot7, Mission: m3, Segment: , Start: 1787862345.9242122
[INFO] [1787862345.925403457] [robot7.fragment_exec_node]: Simulating load_pack skill...
[INFO] [1787862355.927264169] [robot7.fragment_exec_node]: LoadPack completed!
[INFO] [1787862355.928455022] [robot7.fragment_exec_node]: EventType: Task, Activity: load_pack, Robot: robot7, Mission: m3, Segment: , End: 1787862355.9278612
[INFO] [1787862355.929665763] [robot7.fragment_exec_node]: Executing task move_to(deliver_area). Params: {'x': 10, 'y': 10}, Virtual state: {'position': {'x': 8, 'y': 8, 'z': 0.0}, 'docked': False}
[INFO] [1787862355.930525024] [robot7.fragment_exec_node]: EventType: Task, Activity: move_to, Robot: robot7, Mission: m3, Segment: , Start: 1787862355.9300656
[INFO] [1787862355.931410299] [robot7.fragment_exec_node]: Simulating navigate skill from position (8, 8) to (10, 10) (5.656854249492381 seconds)...
[INFO] [1787862361.593587251] [robot7.fragment_exec_node]: Navigation completed!
[INFO] [1787862361.596706894] [robot7.fragment_exec_node]: EventType: Task, Activity: move_to, Robot: robot7, Mission: m3, Segment: , End: 1787862361.594455
[INFO] [1787862361.598943042] [robot7.fragment_exec_node]: Executing task unload_pack(p3). Params: {'x': 10, 'y': 10, 'weight': 10}, Virtual state: {'position': {'x': 10, 'y': 10, 'z': 0.0}, 'docked': False}
[INFO] [1787862361.600447152] [robot7.fragment_exec_node]: EventType: Control (Task: unload_pack), Activity: localize, Robot: robot7, Mission: m3, Segment: , Start: 1787862361.599492
[INFO] [1787862361.601973171] [robot7.fragment_exec_node]: Simulating localize skill...
[INFO] [1787862366.605811001] [robot7.fragment_exec_node]: Localize completed!
[INFO] [1787862366.608482263] [robot7.fragment_exec_node]: EventType: Control (Task: unload_pack), Activity: localize, Robot: robot7, Mission: m3, Segment: , End: 1787862366.6068838
[INFO] [1787862366.609978862] [robot7.fragment_exec_node]: EventType: Task, Activity: unload_pack, Robot: robot7, Mission: m3, Segment: , Start: 1787862366.609072
[INFO] [1787862366.611752740] [robot7.fragment_exec_node]: Simulating unload_pack skill...
[INFO] [1787862374.613714760] [robot7.fragment_exec_node]: UnloadPack completed!
[INFO] [1787862374.614926872] [robot7.fragment_exec_node]: EventType: Task, Activity: unload_pack, Robot: robot7, Mission: m3, Segment: , End: 1787862374.6143134
[INFO] [1787862374.616473564] [robot7.fragment_exec_node]: Execution of fragment fm3-11 completed!
[INFO] [1787862375.234197582] [robot7.fragment_exec_node]: Received fragment assignment: {'robot': 'robot7', 'fragment': {'id': 'fm5-14', 'mission': 'm5', 'state': 'assigned', 'wait': ['pack(o1-5,o2-5,o3-5,o4-5)'], 'tasks': [{'name': 'load_pack', 'label': 'load_pack(p5)', 'params': {'x': 8, 'y': 8, 'weight': 11}}, {'name': 'move_to', 'label': 'move_to(deliver_area)', 'params': {'x': 10, 'y': 10}}, {'name': 'unload_pack', 'label': 'unload_pack(p5)', 'params': {'x': 10, 'y': 10, 'weight': 11}}], 'arrive_timestamp': 1787862144, 'priority': 1, 'segment': ''}}
[INFO] [1787862375.235511005] [robot7.fragment_exec_node]: Starting execution of fragment fm5-14...
[INFO] [1787862375.237073636] [robot7.fragment_exec_node]: Waiting for coordination messages before executing fragment fm5-14: ['pack(o1-5,o2-5,o3-5,o4-5)']
[INFO] [1787862377.245668193] [robot7.fragment_exec_node]: Executing task load_pack(p5). Params: {'x': 8, 'y': 8, 'weight': 11}, Virtual state: {'position': {'x': 10, 'y': 10, 'z': 0.0}, 'docked': False}
[INFO] [1787862377.247260671] [robot7.fragment_exec_node]: EventType: Control (Task: load_pack), Activity: move_to, Robot: robot7, Mission: m5, Segment: , Start: 1787862377.2463307
[INFO] [1787862377.248963939] [robot7.fragment_exec_node]: Simulating navigate skill from position (10, 10) to (8, 8) (5.656854249492381 seconds)...
[INFO] [1787862382.909641836] [robot7.fragment_exec_node]: Navigation completed!
[INFO] [1787862382.912602405] [robot7.fragment_exec_node]: EventType: Control (Task: load_pack), Activity: move_to, Robot: robot7, Mission: m5, Segment: , End: 1787862382.9107397
[INFO] [1787862382.915067127] [robot7.fragment_exec_node]: EventType: Control (Task: load_pack), Activity: localize, Robot: robot7, Mission: m5, Segment: , Start: 1787862382.9135818
[INFO] [1787862382.916942258] [robot7.fragment_exec_node]: Simulating localize skill...
[INFO] [1787862387.919415958] [robot7.fragment_exec_node]: Localize completed!
[INFO] [1787862387.920944448] [robot7.fragment_exec_node]: EventType: Control (Task: load_pack), Activity: localize, Robot: robot7, Mission: m5, Segment: , End: 1787862387.9203255
[INFO] [1787862387.921916317] [robot7.fragment_exec_node]: EventType: Task, Activity: load_pack, Robot: robot7, Mission: m5, Segment: , Start: 1787862387.921314
[INFO] [1787862387.922745873] [robot7.fragment_exec_node]: Simulating load_pack skill...
[INFO] [1787862397.925887759] [robot7.fragment_exec_node]: LoadPack completed!
[INFO] [1787862397.929057722] [robot7.fragment_exec_node]: EventType: Task, Activity: load_pack, Robot: robot7, Mission: m5, Segment: , End: 1787862397.9271512
[INFO] [1787862397.931986600] [robot7.fragment_exec_node]: Executing task move_to(deliver_area). Params: {'x': 10, 'y': 10}, Virtual state: {'position': {'x': 8, 'y': 8, 'z': 0.0}, 'docked': False}
[INFO] [1787862397.933792402] [robot7.fragment_exec_node]: EventType: Task, Activity: move_to, Robot: robot7, Mission: m5, Segment: , Start: 1787862397.9326754
[INFO] [1787862397.935285987] [robot7.fragment_exec_node]: Simulating navigate skill from position (8, 8) to (10, 10) (5.656854249492381 seconds)...
[INFO] [1787862403.596291875] [robot7.fragment_exec_node]: Navigation completed!
[INFO] [1787862403.596980328] [robot7.fragment_exec_node]: EventType: Task, Activity: move_to, Robot: robot7, Mission: m5, Segment: , End: 1787862403.5966213
[INFO] [1787862403.597991684] [robot7.fragment_exec_node]: Executing task unload_pack(p5). Params: {'x': 10, 'y': 10, 'weight': 11}, Virtual state: {'position': {'x': 10, 'y': 10, 'z': 0.0}, 'docked': False}
[INFO] [1787862403.599187574] [robot7.fragment_exec_node]: EventType: Control (Task: unload_pack), Activity: localize, Robot: robot7, Mission: m5, Segment: , Start: 1787862403.598355
[INFO] [1787862403.600033486] [robot7.fragment_exec_node]: Simulating localize skill...
[INFO] [1787862408.602765169] [robot7.fragment_exec_node]: Localize completed!
[INFO] [1787862408.603999128] [robot7.fragment_exec_node]: EventType: Control (Task: unload_pack), Activity: localize, Robot: robot7, Mission: m5, Segment: , End: 1787862408.6033669
[INFO] [1787862408.605078914] [robot7.fragment_exec_node]: EventType: Task, Activity: unload_pack, Robot: robot7, Mission: m5, Segment: , Start: 1787862408.6044066
[INFO] [1787862408.606174979] [robot7.fragment_exec_node]: Simulating unload_pack skill...
[INFO] [1787862416.609784729] [robot7.fragment_exec_node]: UnloadPack completed!
[INFO] [1787862416.613566437] [robot7.fragment_exec_node]: EventType: Task, Activity: unload_pack, Robot: robot7, Mission: m5, Segment: , End: 1787862416.611556
[INFO] [1787862416.615882285] [robot7.fragment_exec_node]: Execution of fragment fm5-14 completed!
[INFO] [1787862447.242374537] [robot7.fragment_exec_node]: Received fragment assignment: {'robot': 'robot7', 'fragment': {'id': 'fm7-17', 'mission': 'm7', 'state': 'assigned', 'wait': ['pack(o1-7,o2-7,o3-7,o4-7,o5-7)'], 'tasks': [{'name': 'load_pack', 'label': 'load_pack(p7)', 'params': {'x': 8, 'y': 8, 'weight': 19}}, {'name': 'move_to', 'label': 'move_to(deliver_area)', 'params': {'x': 10, 'y': 10}}, {'name': 'unload_pack', 'label': 'unload_pack(p7)', 'params': {'x': 10, 'y': 10, 'weight': 19}}], 'arrive_timestamp': 1787862245, 'priority': 1, 'segment': ''}}
[INFO] [1787862447.244089048] [robot7.fragment_exec_node]: Starting execution of fragment fm7-17...
[INFO] [1787862447.245433877] [robot7.fragment_exec_node]: Waiting for coordination messages before executing fragment fm7-17: ['pack(o1-7,o2-7,o3-7,o4-7,o5-7)']
[INFO] [1787862449.248392900] [robot7.fragment_exec_node]: Executing task load_pack(p7). Params: {'x': 8, 'y': 8, 'weight': 19}, Virtual state: {'position': {'x': 10, 'y': 10, 'z': 0.0}, 'docked': False}
[INFO] [1787862449.249641941] [robot7.fragment_exec_node]: EventType: Control (Task: load_pack), Activity: move_to, Robot: robot7, Mission: m7, Segment: , Start: 1787862449.2487495
[INFO] [1787862449.250754377] [robot7.fragment_exec_node]: Simulating navigate skill from position (10, 10) to (8, 8) (5.656854249492381 seconds)...
[INFO] [1787862454.911943910] [robot7.fragment_exec_node]: Navigation completed!
[INFO] [1787862454.914929278] [robot7.fragment_exec_node]: EventType: Control (Task: load_pack), Activity: move_to, Robot: robot7, Mission: m7, Segment: , End: 1787862454.9136248
[INFO] [1787862454.917019136] [robot7.fragment_exec_node]: EventType: Control (Task: load_pack), Activity: localize, Robot: robot7, Mission: m7, Segment: , Start: 1787862454.9158719
[INFO] [1787862454.918895056] [robot7.fragment_exec_node]: Simulating localize skill...
[INFO] [1787862459.922680189] [robot7.fragment_exec_node]: Localize completed!
[INFO] [1787862459.925836915] [robot7.fragment_exec_node]: EventType: Control (Task: load_pack), Activity: localize, Robot: robot7, Mission: m7, Segment: , End: 1787862459.9238644
[INFO] [1787862459.928064631] [robot7.fragment_exec_node]: EventType: Task, Activity: load_pack, Robot: robot7, Mission: m7, Segment: , Start: 1787862459.9267678
[INFO] [1787862459.929908711] [robot7.fragment_exec_node]: Simulating load_pack skill...
[INFO] [1787862469.934624382] [robot7.fragment_exec_node]: LoadPack completed!
[INFO] [1787862469.937011446] [robot7.fragment_exec_node]: EventType: Task, Activity: load_pack, Robot: robot7, Mission: m7, Segment: , End: 1787862469.935895
[INFO] [1787862469.939242834] [robot7.fragment_exec_node]: Executing task move_to(deliver_area). Params: {'x': 10, 'y': 10}, Virtual state: {'position': {'x': 8, 'y': 8, 'z': 0.0}, 'docked': False}
[INFO] [1787862469.940892124] [robot7.fragment_exec_node]: EventType: Task, Activity: move_to, Robot: robot7, Mission: m7, Segment: , Start: 1787862469.9398682
[INFO] [1787862469.942606748] [robot7.fragment_exec_node]: Simulating navigate skill from position (8, 8) to (10, 10) (5.656854249492381 seconds)...
[INFO] [1787862475.601573913] [robot7.fragment_exec_node]: Navigation completed!
[INFO] [1787862475.602984418] [robot7.fragment_exec_node]: EventType: Task, Activity: move_to, Robot: robot7, Mission: m7, Segment: , End: 1787862475.6026118
[INFO] [1787862475.603885216] [robot7.fragment_exec_node]: Executing task unload_pack(p7). Params: {'x': 10, 'y': 10, 'weight': 19}, Virtual state: {'position': {'x': 10, 'y': 10, 'z': 0.0}, 'docked': False}
[INFO] [1787862475.604493379] [robot7.fragment_exec_node]: EventType: Control (Task: unload_pack), Activity: localize, Robot: robot7, Mission: m7, Segment: , Start: 1787862475.6041706
[INFO] [1787862475.605161306] [robot7.fragment_exec_node]: Simulating localize skill...
[INFO] [1787862480.608319109] [robot7.fragment_exec_node]: Localize completed!
[INFO] [1787862480.610004764] [robot7.fragment_exec_node]: EventType: Control (Task: unload_pack), Activity: localize, Robot: robot7, Mission: m7, Segment: , End: 1787862480.6091049
[INFO] [1787862480.612074999] [robot7.fragment_exec_node]: EventType: Task, Activity: unload_pack, Robot: robot7, Mission: m7, Segment: , Start: 1787862480.6107166
[INFO] [1787862480.613891304] [robot7.fragment_exec_node]: Simulating unload_pack skill...
[INFO] [1787862488.615507852] [robot7.fragment_exec_node]: UnloadPack completed!
[INFO] [1787862488.616205549] [robot7.fragment_exec_node]: EventType: Task, Activity: unload_pack, Robot: robot7, Mission: m7, Segment: , End: 1787862488.615788
[INFO] [1787862488.617145889] [robot7.fragment_exec_node]: Execution of fragment fm7-17 completed!
[INFO] [1787862489.220793894] [robot7.fragment_exec_node]: Received fragment assignment: {'robot': 'robot7', 'fragment': {'id': 'fm2-8', 'mission': 'm2', 'state': 'assigned', 'wait': ['pack(o1-2,o2-2)'], 'tasks': [{'name': 'load_pack', 'label': 'load_pack(p2)', 'params': {'x': 8, 'y': 8, 'weight': 7}}, {'name': 'move_to', 'label': 'move_to(deliver_area)', 'params': {'x': 10, 'y': 10}}, {'name': 'unload_pack', 'label': 'unload_pack(p2)', 'params': {'x': 10, 'y': 10, 'weight': 7}}], 'arrive_timestamp': 1787862243, 'priority': 1, 'segment': ''}}
[INFO] [1787862489.222121717] [robot7.fragment_exec_node]: Starting execution of fragment fm2-8...
[INFO] [1787862489.224853038] [robot7.fragment_exec_node]: Executing task load_pack(p2). Params: {'x': 8, 'y': 8, 'weight': 7}, Virtual state: {'position': {'x': 10, 'y': 10, 'z': 0.0}, 'docked': False}
[INFO] [1787862489.226024170] [robot7.fragment_exec_node]: EventType: Control (Task: load_pack), Activity: move_to, Robot: robot7, Mission: m2, Segment: , Start: 1787862489.2254364
[INFO] [1787862489.227507851] [robot7.fragment_exec_node]: Simulating navigate skill from position (10, 10) to (8, 8) (5.656854249492381 seconds)...
[INFO] [1787862494.890668218] [robot7.fragment_exec_node]: Navigation completed!
[INFO] [1787862494.892808900] [robot7.fragment_exec_node]: EventType: Control (Task: load_pack), Activity: move_to, Robot: robot7, Mission: m2, Segment: , End: 1787862494.891695
[INFO] [1787862494.894581074] [robot7.fragment_exec_node]: EventType: Control (Task: load_pack), Activity: localize, Robot: robot7, Mission: m2, Segment: , Start: 1787862494.8934374
[INFO] [1787862494.896319616] [robot7.fragment_exec_node]: Simulating localize skill...
[INFO] [1787862499.899108035] [robot7.fragment_exec_node]: Localize completed!
[INFO] [1787862499.900277222] [robot7.fragment_exec_node]: EventType: Control (Task: load_pack), Activity: localize, Robot: robot7, Mission: m2, Segment: , End: 1787862499.8995712
[INFO] [1787862499.901320578] [robot7.fragment_exec_node]: EventType: Task, Activity: load_pack, Robot: robot7, Mission: m2, Segment: , Start: 1787862499.900636
[INFO] [1787862499.902537135] [robot7.fragment_exec_node]: Simulating load_pack skill...
[INFO] [1787862506.905747305] [robot7.fragment_exec_node]: LoadPack completed!
[INFO] [1787862506.907757855] [robot7.fragment_exec_node]: EventType: Task, Activity: load_pack, Robot: robot7, Mission: m2, Segment: , End: 1787862506.9061775
[INFO] [1787862506.908795566] [robot7.fragment_exec_node]: Executing task move_to(deliver_area). Params: {'x': 10, 'y': 10}, Virtual state: {'position': {'x': 8, 'y': 8, 'z': 0.0}, 'docked': False}
[INFO] [1787862506.909711226] [robot7.fragment_exec_node]: EventType: Task, Activity: move_to, Robot: robot7, Mission: m2, Segment: , Start: 1787862506.9092803
[INFO] [1787862506.910716953] [robot7.fragment_exec_node]: Simulating navigate skill from position (8, 8) to (10, 10) (5.656854249492381 seconds)...
[INFO] [1787862512.569852980] [robot7.fragment_exec_node]: Navigation completed!
[INFO] [1787862512.571135764] [robot7.fragment_exec_node]: EventType: Task, Activity: move_to, Robot: robot7, Mission: m2, Segment: , End: 1787862512.57059
[INFO] [1787862512.572993109] [robot7.fragment_exec_node]: Executing task unload_pack(p2). Params: {'x': 10, 'y': 10, 'weight': 7}, Virtual state: {'position': {'x': 10, 'y': 10, 'z': 0.0}, 'docked': False}
[INFO] [1787862512.574623717] [robot7.fragment_exec_node]: EventType: Control (Task: unload_pack), Activity: localize, Robot: robot7, Mission: m2, Segment: , Start: 1787862512.5736525
[INFO] [1787862512.575608066] [robot7.fragment_exec_node]: Simulating localize skill...
[INFO] [1787862517.578196220] [robot7.fragment_exec_node]: Localize completed!
[INFO] [1787862517.579857480] [robot7.fragment_exec_node]: EventType: Control (Task: unload_pack), Activity: localize, Robot: robot7, Mission: m2, Segment: , End: 1787862517.5786703
[INFO] [1787862517.580798925] [robot7.fragment_exec_node]: EventType: Task, Activity: unload_pack, Robot: robot7, Mission: m2, Segment: , Start: 1787862517.580308
[INFO] [1787862517.582310903] [robot7.fragment_exec_node]: Simulating unload_pack skill...
[INFO] [1787862524.585374452] [robot7.fragment_exec_node]: UnloadPack completed!
[INFO] [1787862524.585961138] [robot7.fragment_exec_node]: EventType: Task, Activity: unload_pack, Robot: robot7, Mission: m2, Segment: , End: 1787862524.585667
[INFO] [1787862524.586620558] [robot7.fragment_exec_node]: Execution of fragment fm2-8 completed!
[INFO] [1787862540.228857845] [robot7.fragment_exec_node]: Received fragment assignment: {'robot': 'robot7', 'fragment': {'id': 'fm4-11', 'mission': 'm4', 'state': 'assigned', 'wait': ['pack(o1-4,o2-4,o3-4)'], 'tasks': [{'name': 'load_pack', 'label': 'load_pack(p3)', 'params': {'x': 8, 'y': 8, 'weight': 10}}, {'name': 'move_to', 'label': 'move_to(deliver_area)', 'params': {'x': 10, 'y': 10}}, {'name': 'unload_pack', 'label': 'unload_pack(p3)', 'params': {'x': 10, 'y': 10, 'weight': 10}}], 'arrive_timestamp': 1787862333, 'priority': 1, 'segment': ''}}
[INFO] [1787862540.230986009] [robot7.fragment_exec_node]: Starting execution of fragment fm4-11...
[INFO] [1787862540.232904757] [robot7.fragment_exec_node]: Waiting for coordination messages before executing fragment fm4-11: ['pack(o1-4,o2-4,o3-4)']
[INFO] [1787862542.236743823] [robot7.fragment_exec_node]: Executing task load_pack(p3). Params: {'x': 8, 'y': 8, 'weight': 10}, Virtual state: {'position': {'x': 10, 'y': 10, 'z': 0.0}, 'docked': False}
[INFO] [1787862542.238474078] [robot7.fragment_exec_node]: EventType: Control (Task: load_pack), Activity: move_to, Robot: robot7, Mission: m4, Segment: , Start: 1787862542.2372568
[INFO] [1787862542.239593336] [robot7.fragment_exec_node]: Simulating navigate skill from position (10, 10) to (8, 8) (5.656854249492381 seconds)...
[INFO] [1787862547.898741056] [robot7.fragment_exec_node]: Navigation completed!
[INFO] [1787862547.900347583] [robot7.fragment_exec_node]: EventType: Control (Task: load_pack), Activity: move_to, Robot: robot7, Mission: m4, Segment: , End: 1787862547.8994665
[INFO] [1787862547.901520687] [robot7.fragment_exec_node]: EventType: Control (Task: load_pack), Activity: localize, Robot: robot7, Mission: m4, Segment: , Start: 1787862547.90081
[INFO] [1787862547.903019267] [robot7.fragment_exec_node]: Simulating localize skill...
[INFO] [1787862552.905254285] [robot7.fragment_exec_node]: Localize completed!
[INFO] [1787862552.907116932] [robot7.fragment_exec_node]: EventType: Control (Task: load_pack), Activity: localize, Robot: robot7, Mission: m4, Segment: , End: 1787862552.9061086
[INFO] [1787862552.908211242] [robot7.fragment_exec_node]: EventType: Task, Activity: load_pack, Robot: robot7, Mission: m4, Segment: , Start: 1787862552.9075525
[INFO] [1787862552.909359024] [robot7.fragment_exec_node]: Simulating load_pack skill...
[INFO] [1787862562.913961732] [robot7.fragment_exec_node]: LoadPack completed!
[INFO] [1787862562.916271915] [robot7.fragment_exec_node]: EventType: Task, Activity: load_pack, Robot: robot7, Mission: m4, Segment: , End: 1787862562.9152236
[INFO] [1787862562.918483306] [robot7.fragment_exec_node]: Executing task move_to(deliver_area). Params: {'x': 10, 'y': 10}, Virtual state: {'position': {'x': 8, 'y': 8, 'z': 0.0}, 'docked': False}
[INFO] [1787862562.920249069] [robot7.fragment_exec_node]: EventType: Task, Activity: move_to, Robot: robot7, Mission: m4, Segment: , Start: 1787862562.9191296
[INFO] [1787862562.921874739] [robot7.fragment_exec_node]: Simulating navigate skill from position (8, 8) to (10, 10) (5.656854249492381 seconds)...
[INFO] [1787862568.582418430] [robot7.fragment_exec_node]: Navigation completed!
[INFO] [1787862568.585443568] [robot7.fragment_exec_node]: EventType: Task, Activity: move_to, Robot: robot7, Mission: m4, Segment: , End: 1787862568.5834992
[INFO] [1787862568.588419347] [robot7.fragment_exec_node]: Executing task unload_pack(p3). Params: {'x': 10, 'y': 10, 'weight': 10}, Virtual state: {'position': {'x': 10, 'y': 10, 'z': 0.0}, 'docked': False}
[INFO] [1787862568.591692301] [robot7.fragment_exec_node]: EventType: Control (Task: unload_pack), Activity: localize, Robot: robot7, Mission: m4, Segment: , Start: 1787862568.5891802
[INFO] [1787862568.593623870] [robot7.fragment_exec_node]: Simulating localize skill...
[INFO] [1787862573.596385473] [robot7.fragment_exec_node]: Localize completed!
[INFO] [1787862573.598452505] [robot7.fragment_exec_node]: EventType: Control (Task: unload_pack), Activity: localize, Robot: robot7, Mission: m4, Segment: , End: 1787862573.5971372
[INFO] [1787862573.600664869] [robot7.fragment_exec_node]: EventType: Task, Activity: unload_pack, Robot: robot7, Mission: m4, Segment: , Start: 1787862573.5991087
[INFO] [1787862573.602166647] [robot7.fragment_exec_node]: Simulating unload_pack skill...
[INFO] [1787862581.605278222] [robot7.fragment_exec_node]: UnloadPack completed!
[INFO] [1787862581.607130664] [robot7.fragment_exec_node]: EventType: Task, Activity: unload_pack, Robot: robot7, Mission: m4, Segment: , End: 1787862581.605976
[INFO] [1787862581.609414484] [robot7.fragment_exec_node]: Execution of fragment fm4-11 completed!
[INFO] [1787862609.229545158] [robot7.fragment_exec_node]: Received fragment assignment: {'robot': 'robot7', 'fragment': {'id': 'fm6-14', 'mission': 'm6', 'state': 'assigned', 'wait': ['pack(o1-6,o2-6,o3-6,o4-6)'], 'tasks': [{'name': 'load_pack', 'label': 'load_pack(p6)', 'params': {'x': 8, 'y': 8, 'weight': 22}}, {'name': 'move_to', 'label': 'move_to(deliver_area)', 'params': {'x': 10, 'y': 10}}, {'name': 'unload_pack', 'label': 'unload_pack(p6)', 'params': {'x': 10, 'y': 10, 'weight': 22}}], 'arrive_timestamp': 1787862335, 'priority': 1, 'segment': ''}}
[INFO] [1787862609.230952253] [robot7.fragment_exec_node]: Starting execution of fragment fm6-14...
[INFO] [1787862609.231957106] [robot7.fragment_exec_node]: Waiting for coordination messages before executing fragment fm6-14: ['pack(o1-6,o2-6,o3-6,o4-6)']
[INFO] [1787862611.235660271] [robot7.fragment_exec_node]: Executing task load_pack(p6). Params: {'x': 8, 'y': 8, 'weight': 22}, Virtual state: {'position': {'x': 10, 'y': 10, 'z': 0.0}, 'docked': False}
[INFO] [1787862611.236853712] [robot7.fragment_exec_node]: EventType: Control (Task: load_pack), Activity: move_to, Robot: robot7, Mission: m6, Segment: , Start: 1787862611.2360163
[INFO] [1787862611.237791773] [robot7.fragment_exec_node]: Simulating navigate skill from position (10, 10) to (8, 8) (5.656854249492381 seconds)...
[INFO] [1787862616.894818928] [robot7.fragment_exec_node]: Navigation completed!
[INFO] [1787862616.898984125] [robot7.fragment_exec_node]: EventType: Control (Task: load_pack), Activity: move_to, Robot: robot7, Mission: m6, Segment: , End: 1787862616.896768
[INFO] [1787862616.900773850] [robot7.fragment_exec_node]: EventType: Control (Task: load_pack), Activity: localize, Robot: robot7, Mission: m6, Segment: , Start: 1787862616.8997374
[INFO] [1787862616.902465461] [robot7.fragment_exec_node]: Simulating localize skill...
[INFO] [1787862621.905334422] [robot7.fragment_exec_node]: Localize completed!
[INFO] [1787862621.907354032] [robot7.fragment_exec_node]: EventType: Control (Task: load_pack), Activity: localize, Robot: robot7, Mission: m6, Segment: , End: 1787862621.9061522
[INFO] [1787862621.909151232] [robot7.fragment_exec_node]: EventType: Task, Activity: load_pack, Robot: robot7, Mission: m6, Segment: , Start: 1787862621.9080422
[INFO] [1787862621.910879531] [robot7.fragment_exec_node]: Simulating load_pack skill...
[INFO] [1787862631.913427448] [robot7.fragment_exec_node]: LoadPack completed!
[INFO] [1787862631.917393627] [robot7.fragment_exec_node]: EventType: Task, Activity: load_pack, Robot: robot7, Mission: m6, Segment: , End: 1787862631.916137
[INFO] [1787862631.919521620] [robot7.fragment_exec_node]: Executing task move_to(deliver_area). Params: {'x': 10, 'y': 10}, Virtual state: {'position': {'x': 8, 'y': 8, 'z': 0.0}, 'docked': False}
[INFO] [1787862631.921321487] [robot7.fragment_exec_node]: EventType: Task, Activity: move_to, Robot: robot7, Mission: m6, Segment: , Start: 1787862631.9201808
[INFO] [1787862631.922961204] [robot7.fragment_exec_node]: Simulating navigate skill from position (8, 8) to (10, 10) (5.656854249492381 seconds)...
[INFO] [1787862637.583102640] [robot7.fragment_exec_node]: Navigation completed!
[INFO] [1787862637.586114899] [robot7.fragment_exec_node]: EventType: Task, Activity: move_to, Robot: robot7, Mission: m6, Segment: , End: 1787862637.58417
[INFO] [1787862637.589305141] [robot7.fragment_exec_node]: Executing task unload_pack(p6). Params: {'x': 10, 'y': 10, 'weight': 22}, Virtual state: {'position': {'x': 10, 'y': 10, 'z': 0.0}, 'docked': False}
[INFO] [1787862637.591147241] [robot7.fragment_exec_node]: EventType: Control (Task: unload_pack), Activity: localize, Robot: robot7, Mission: m6, Segment: , Start: 1787862637.5900397
[INFO] [1787862637.593356872] [robot7.fragment_exec_node]: Simulating localize skill...
[INFO] [1787862642.570586537] [robot7.fragment_exec_node]: Localize completed!
[INFO] [1787862642.573590111] [robot7.fragment_exec_node]: EventType: Control (Task: unload_pack), Activity: localize, Robot: robot7, Mission: m6, Segment: , End: 1787862642.572229
[INFO] [1787862642.575335286] [robot7.fragment_exec_node]: EventType: Task, Activity: unload_pack, Robot: robot7, Mission: m6, Segment: , Start: 1787862642.5741827
[INFO] [1787862642.576808859] [robot7.fragment_exec_node]: Simulating unload_pack skill...
[INFO] [1787862650.578828067] [robot7.fragment_exec_node]: UnloadPack completed!
[INFO] [1787862650.580792084] [robot7.fragment_exec_node]: EventType: Task, Activity: unload_pack, Robot: robot7, Mission: m6, Segment: , End: 1787862650.5802696
[INFO] [1787862650.581980093] [robot7.fragment_exec_node]: Execution of fragment fm6-14 completed!
Traceback (most recent call last):
  File "/root/ros2_ws/install/multi3_executor/lib/multi3_executor/executor", line 33, in <module>
    sys.exit(load_entry_point('multi3-executor==0.0.0', 'console_scripts', 'executor')())
  File "/root/ros2_ws/install/multi3_executor/lib/python3.10/site-packages/multi3_executor/nodes/executor.py", line 313, in main
    rclpy.shutdown()
  File "/opt/ros/humble/local/lib/python3.10/dist-packages/rclpy/__init__.py", line 130, in shutdown
    _shutdown(context=context)
  File "/opt/ros/humble/local/lib/python3.10/dist-packages/rclpy/utilities.py", line 58, in shutdown
    return context.shutdown()
  File "/opt/ros/humble/local/lib/python3.10/dist-packages/rclpy/context.py", line 102, in shutdown
    self.__context.shutdown()
rclpy._rclpy_pybind11.RCLError: failed to shutdown: rcl_shutdown already called on the given context, at ./src/rcl/init.c:241
