=== Test: spec: robots=[(4, ['pick', 'move_to', 'place']), (1, ['scan']), (1, ['pack']), (1, ['load_pack', 'move_to', 'unload_pack'])], mission_arrivals=[(0, ['order_management_1_size2', 'order_management_3_size3', 'order_management_5_size4', 'order_management_7_size5']), (90, ['order_management_2_size2', 'order_management_7_size5']), (180, ['order_management_4_size3', 'order_management_6_size4'])], strategy=closest


--- coordinator.log ---
[INFO] [1787839145.731416790] [multi3_coordinator_node]: Assignment strategy parameter: closest
[INFO] [1787839145.732385489] [multi3_coordinator_node]: Using assignment strategy: closest
[INFO] [1787839145.738340052] [multi3_coordinator_node]: Coordinator node started.
[INFO] [1787839148.732128054] [multi3_coordinator_node]: Received new robot info: {'name': 'robot1', 'operational_state': 'idle', 'capabilities': ['pick', 'move_to', 'place'], 'state': {'position': {'x': 0.0, 'y': 0.0, 'z': 0.0}, 'docked': True}, 'last_heartbeat': 1787839148}
[INFO] [1787839151.107189548] [multi3_coordinator_node]: Received new robot info: {'name': 'robot2', 'operational_state': 'idle', 'capabilities': ['pick', 'move_to', 'place'], 'state': {'position': {'x': 0.0, 'y': 0.0, 'z': 0.0}, 'docked': True}, 'last_heartbeat': 1787839151}
[INFO] [1787839153.158925524] [multi3_coordinator_node]: Received new robot info: {'name': 'robot3', 'operational_state': 'idle', 'capabilities': ['pick', 'move_to', 'place'], 'state': {'position': {'x': 0.0, 'y': 0.0, 'z': 0.0}, 'docked': True}, 'last_heartbeat': 1787839153}
[INFO] [1787839155.114955527] [multi3_coordinator_node]: Received new robot info: {'name': 'robot4', 'operational_state': 'idle', 'capabilities': ['pick', 'move_to', 'place'], 'state': {'position': {'x': 0.0, 'y': 0.0, 'z': 0.0}, 'docked': True}, 'last_heartbeat': 1787839155}
[INFO] [1787839157.169542035] [multi3_coordinator_node]: Received new robot info: {'name': 'robot5', 'operational_state': 'idle', 'capabilities': ['scan'], 'state': {'position': {'x': 0.0, 'y': 0.0, 'z': 0.0}, 'docked': True}, 'last_heartbeat': 1787839157}
[INFO] [1787839159.136524098] [multi3_coordinator_node]: Received new robot info: {'name': 'robot6', 'operational_state': 'idle', 'capabilities': ['pack'], 'state': {'position': {'x': 0.0, 'y': 0.0, 'z': 0.0}, 'docked': True}, 'last_heartbeat': 1787839159}
[INFO] [1787839161.155308543] [multi3_coordinator_node]: Received new robot info: {'name': 'robot7', 'operational_state': 'idle', 'capabilities': ['load_pack', 'move_to', 'unload_pack'], 'state': {'position': {'x': 0.0, 'y': 0.0, 'z': 0.0}, 'docked': True}, 'last_heartbeat': 1787839161}
[INFO] [1787839162.710334716] [multi3_coordinator_node]: Received mission: {'mission': 'm1', 'priority': 1, 'fragments': [{'id': 'fm1-1', 'wait': [], 'tasks': [{'name': 'pick', 'label': 'pick(o1-1,shelf)', 'params': {'x': 5, 'y': 8, 'weight': 8}}, {'name': 'move_to', 'label': 'move_to(o1-1,scan_area)', 'params': {'x': 5, 'y': 5}}, {'name': 'place', 'label': 'place(o1-1,scan_area)', 'params': {'x': 5, 'y': 5, 'weight': 8}}], 'segment': 's1'}, {'id': 'fm1-2', 'wait': ['place(o1-1,scan_area)'], 'tasks': [{'name': 'scan', 'label': 'scan(o1-1)', 'params': {}}], 'segment': 's1'}, {'id': 'fm1-3', 'wait': ['scan(o1-1)'], 'tasks': [{'name': 'pick', 'label': 'pick(o1-1,scan_area)', 'params': {'x': 5, 'y': 5, 'weight': 8}}, {'name': 'move_to', 'label': 'move_to(o1-1,pack_area)', 'params': {'x': 8, 'y': 8}}, {'name': 'place', 'label': 'place(o1-1,pack_area)', 'params': {'x': 8, 'y': 8, 'weight': 8}}], 'segment': 's1'}, {'id': 'fm1-4', 'wait': [], 'tasks': [{'name': 'pick', 'label': 'pick(o2-1,shelf)', 'params': {'x': 2, 'y': 3, 'weight': 2}}, {'name': 'move_to', 'label': 'move_to(o2-1,scan_area)', 'params': {'x': 5, 'y': 5}}, {'name': 'place', 'label': 'place(o2-1,scan_area)', 'params': {'x': 5, 'y': 5, 'weight': 2}}], 'segment': 's2'}, {'id': 'fm1-5', 'wait': ['place(o2-1,scan_area)'], 'tasks': [{'name': 'scan', 'label': 'scan(o2-1)', 'params': {}}], 'segment': 's2'}, {'id': 'fm1-6', 'wait': ['scan(o2-1)'], 'tasks': [{'name': 'pick', 'label': 'pick(o2-1,scan_area)', 'params': {'x': 5, 'y': 5, 'weight': 2}}, {'name': 'move_to', 'label': 'move_to(o2-1,pack_area)', 'params': {'x': 8, 'y': 8}}, {'name': 'place', 'label': 'place(o2-1,pack_area)', 'params': {'x': 8, 'y': 8, 'weight': 2}}], 'segment': 's2'}, {'id': 'fm1-7', 'wait': ['place(o1-1,pack_area)', 'place(o2-1,pack_area)'], 'tasks': [{'name': 'pack', 'label': 'pack(o1-1,o2-1)', 'params': {'items': 2}}], 'segment': ''}, {'id': 'fm1-8', 'wait': ['pack(o1-1,o2-1)'], 'tasks': [{'name': 'load_pack', 'label': 'load_pack(p1)', 'params': {'x': 8, 'y': 8, 'weight': 10}}, {'name': 'move_to', 'label': 'move_to(deliver_area)', 'params': {'x': 10, 'y': 10}}, {'name': 'unload_pack', 'label': 'unload_pack(p1)', 'params': {'x': 10, 'y': 10, 'weight': 10}}], 'segment': ''}]}
[INFO] [1787839162.711435541] [multi3_coordinator_node]: Fragment fm1-1 is now executable because all signal messages were received.
[INFO] [1787839162.712089263] [multi3_coordinator_node]: Fragment fm1-4 is now executable because all signal messages were received.
[INFO] [1787839163.529253070] [multi3_coordinator_node]: Received mission: {'mission': 'm3', 'priority': 1, 'fragments': [{'id': 'fm3-1', 'wait': [], 'tasks': [{'name': 'pick', 'label': 'pick(o1-3,shelf)', 'params': {'x': 2, 'y': 5, 'weight': 4}}, {'name': 'move_to', 'label': 'move_to(o1-3,scan_area)', 'params': {'x': 5, 'y': 5}}, {'name': 'place', 'label': 'place(o1-3,scan_area)', 'params': {'x': 5, 'y': 5, 'weight': 4}}], 'segment': 's1'}, {'id': 'fm3-2', 'wait': ['place(o1-3,scan_area)'], 'tasks': [{'name': 'scan', 'label': 'scan(o1-3)', 'params': {}}], 'segment': 's1'}, {'id': 'fm3-3', 'wait': ['scan(o1-3)'], 'tasks': [{'name': 'pick', 'label': 'pick(o1-3,scan_area)', 'params': {'x': 5, 'y': 5, 'weight': 4}}, {'name': 'move_to', 'label': 'move_to(o1-3,pack_area)', 'params': {'x': 8, 'y': 8}}, {'name': 'place', 'label': 'place(o1-3,pack_area)', 'params': {'x': 8, 'y': 8, 'weight': 4}}], 'segment': 's1'}, {'id': 'fm3-4', 'wait': [], 'tasks': [{'name': 'pick', 'label': 'pick(o2-3,shelf)', 'params': {'x': 3, 'y': 3, 'weight': 3}}, {'name': 'move_to', 'label': 'move_to(o2-3,scan_area)', 'params': {'x': 5, 'y': 5}}, {'name': 'place', 'label': 'place(o2-3,scan_area)', 'params': {'x': 5, 'y': 5, 'weight': 3}}], 'segment': 's2'}, {'id': 'fm3-5', 'wait': ['place(o2-3,scan_area)'], 'tasks': [{'name': 'scan', 'label': 'scan(o2-3)', 'params': {}}], 'segment': 's2'}, {'id': 'fm3-6', 'wait': ['scan(o2-3)'], 'tasks': [{'name': 'pick', 'label': 'pick(o2-3,scan_area)', 'params': {'x': 5, 'y': 5, 'weight': 3}}, {'name': 'move_to', 'label': 'move_to(o2-3,pack_area)', 'params': {'x': 8, 'y': 8}}, {'name': 'place', 'label': 'place(o2-3,pack_area)', 'params': {'x': 8, 'y': 8, 'weight': 3}}], 'segment': 's2'}, {'id': 'fm3-7', 'wait': [], 'tasks': [{'name': 'pick', 'label': 'pick(o3-3,shelf)', 'params': {'x': 2, 'y': 8, 'weight': 5}}, {'name': 'move_to', 'label': 'move_to(o3-3,scan_area)', 'params': {'x': 5, 'y': 5}}, {'name': 'place', 'label': 'place(o3-3,scan_area)', 'params': {'x': 5, 'y': 5, 'weight': 5}}], 'segment': 's3'}, {'id': 'fm3-8', 'wait': ['place(o3-3,scan_area)'], 'tasks': [{'name': 'scan', 'label': 'scan(o3-3)', 'params': {}}], 'segment': 's3'}, {'id': 'fm3-9', 'wait': ['scan(o3-3)'], 'tasks': [{'name': 'pick', 'label': 'pick(o3-3,scan_area)', 'params': {'x': 5, 'y': 5, 'weight': 5}}, {'name': 'move_to', 'label': 'move_to(o3-3,pack_area)', 'params': {'x': 8, 'y': 8}}, {'name': 'place', 'label': 'place(o3-3,pack_area)', 'params': {'x': 8, 'y': 8, 'weight': 5}}], 'segment': 's3'}, {'id': 'fm3-10', 'wait': ['place(o1-3,pack_area)', 'place(o2-3,pack_area)', 'place(o3-3,pack_area)'], 'tasks': [{'name': 'pack', 'label': 'pack(o1-3,o2-3,o3-3)', 'params': {'items': 3}}], 'segment': ''}, {'id': 'fm3-11', 'wait': ['pack(o1-3,o2-3,o3-3)'], 'tasks': [{'name': 'load_pack', 'label': 'load_pack(p3)', 'params': {'x': 8, 'y': 8, 'weight': 10}}, {'name': 'move_to', 'label': 'move_to(deliver_area)', 'params': {'x': 10, 'y': 10}}, {'name': 'unload_pack', 'label': 'unload_pack(p3)', 'params': {'x': 10, 'y': 10, 'weight': 10}}], 'segment': ''}]}
[INFO] [1787839163.531183061] [multi3_coordinator_node]: Fragment fm3-1 is now executable because all signal messages were received.
[INFO] [1787839163.533039167] [multi3_coordinator_node]: Fragment fm3-4 is now executable because all signal messages were received.
[INFO] [1787839163.534519221] [multi3_coordinator_node]: Fragment fm3-7 is now executable because all signal messages were received.
[INFO] [1787839164.348603209] [multi3_coordinator_node]: Received mission: {'mission': 'm5', 'priority': 1, 'fragments': [{'id': 'fm5-1', 'wait': [], 'tasks': [{'name': 'pick', 'label': 'pick(o1-5,shelf)', 'params': {'x': 1, 'y': 3, 'weight': 4}}, {'name': 'move_to', 'label': 'move_to(o1-5,scan_area)', 'params': {'x': 5, 'y': 5}}, {'name': 'place', 'label': 'place(o1-5,scan_area)', 'params': {'x': 5, 'y': 5, 'weight': 4}}], 'segment': 's1'}, {'id': 'fm5-2', 'wait': ['place(o1-5,scan_area)'], 'tasks': [{'name': 'scan', 'label': 'scan(o1-5)', 'params': {}}], 'segment': 's1'}, {'id': 'fm5-3', 'wait': ['scan(o1-5)'], 'tasks': [{'name': 'pick', 'label': 'pick(o1-5,scan_area)', 'params': {'x': 5, 'y': 5, 'weight': 4}}, {'name': 'move_to', 'label': 'move_to(o1-5,pack_area)', 'params': {'x': 8, 'y': 8}}, {'name': 'place', 'label': 'place(o1-5,pack_area)', 'params': {'x': 8, 'y': 8, 'weight': 4}}], 'segment': 's1'}, {'id': 'fm5-4', 'wait': [], 'tasks': [{'name': 'pick', 'label': 'pick(o2-5,shelf)', 'params': {'x': 5, 'y': 2, 'weight': 3}}, {'name': 'move_to', 'label': 'move_to(o2-5,scan_area)', 'params': {'x': 5, 'y': 5}}, {'name': 'place', 'label': 'place(o2-5,scan_area)', 'params': {'x': 5, 'y': 5, 'weight': 3}}], 'segment': 's2'}, {'id': 'fm5-5', 'wait': ['place(o2-5,scan_area)'], 'tasks': [{'name': 'scan', 'label': 'scan(o2-5)', 'params': {}}], 'segment': 's2'}, {'id': 'fm5-6', 'wait': ['scan(o2-5)'], 'tasks': [{'name': 'pick', 'label': 'pick(o2-5,scan_area)', 'params': {'x': 5, 'y': 5, 'weight': 3}}, {'name': 'move_to', 'label': 'move_to(o2-5,pack_area)', 'params': {'x': 8, 'y': 8}}, {'name': 'place', 'label': 'place(o2-5,pack_area)', 'params': {'x': 8, 'y': 8, 'weight': 3}}], 'segment': 's2'}, {'id': 'fm5-7', 'wait': [], 'tasks': [{'name': 'pick', 'label': 'pick(o3-5,shelf)', 'params': {'x': 2, 'y': 2, 'weight': 5}}, {'name': 'move_to', 'label': 'move_to(o3-5,scan_area)', 'params': {'x': 5, 'y': 5}}, {'name': 'place', 'label': 'place(o3-5,scan_area)', 'params': {'x': 5, 'y': 5, 'weight': 5}}], 'segment': 's3'}, {'id': 'fm5-8', 'wait': ['place(o3-5,scan_area)'], 'tasks': [{'name': 'scan', 'label': 'scan(o3-5)', 'params': {}}], 'segment': 's3'}, {'id': 'fm5-9', 'wait': ['scan(o3-5)'], 'tasks': [{'name': 'pick', 'label': 'pick(o3-5,scan_area)', 'params': {'x': 5, 'y': 5, 'weight': 5}}, {'name': 'move_to', 'label': 'move_to(o3-5,pack_area)', 'params': {'x': 8, 'y': 8}}, {'name': 'place', 'label': 'place(o3-5,pack_area)', 'params': {'x': 8, 'y': 8, 'weight': 5}}], 'segment': 's3'}, {'id': 'fm5-10', 'wait': [], 'tasks': [{'name': 'pick', 'label': 'pick(o4-5,shelf)', 'params': {'x': 1, 'y': 3, 'weight': 4}}, {'name': 'move_to', 'label': 'move_to(o4-5,scan_area)', 'params': {'x': 5, 'y': 5}}, {'name': 'place', 'label': 'place(o4-5,scan_area)', 'params': {'x': 5, 'y': 5, 'weight': 4}}], 'segment': 's4'}, {'id': 'fm5-11', 'wait': ['place(o4-5,scan_area)'], 'tasks': [{'name': 'scan', 'label': 'scan(o4-5)', 'params': {}}], 'segment': 's4'}, {'id': 'fm5-12', 'wait': ['scan(o4-5)'], 'tasks': [{'name': 'pick', 'label': 'pick(o4-5,scan_area)', 'params': {'x': 5, 'y': 5, 'weight': 4}}, {'name': 'move_to', 'label': 'move_to(o4-5,pack_area)', 'params': {'x': 8, 'y': 8}}, {'name': 'place', 'label': 'place(o4-5,pack_area)', 'params': {'x': 8, 'y': 8, 'weight': 4}}], 'segment': 's4'}, {'id': 'fm5-13', 'wait': ['place(o1-5,pack_area)', 'place(o2-5,pack_area)', 'place(o3-5,pack_area)', 'place(o4-5,pack_area)'], 'tasks': [{'name': 'pack', 'label': 'pack(o1-5,o2-5,o3-5,o4-5)', 'params': {'items': 4}}], 'segment': ''}, {'id': 'fm5-14', 'wait': ['pack(o1-5,o2-5,o3-5,o4-5)'], 'tasks': [{'name': 'load_pack', 'label': 'load_pack(p5)', 'params': {'x': 8, 'y': 8, 'weight': 11}}, {'name': 'move_to', 'label': 'move_to(deliver_area)', 'params': {'x': 10, 'y': 10}}, {'name': 'unload_pack', 'label': 'unload_pack(p5)', 'params': {'x': 10, 'y': 10, 'weight': 11}}], 'segment': ''}]}
[INFO] [1787839164.351914240] [multi3_coordinator_node]: Fragment fm5-1 is now executable because all signal messages were received.
[INFO] [1787839164.353437924] [multi3_coordinator_node]: Fragment fm5-4 is now executable because all signal messages were received.
[INFO] [1787839164.355700676] [multi3_coordinator_node]: Fragment fm5-7 is now executable because all signal messages were received.
[INFO] [1787839164.357115242] [multi3_coordinator_node]: Fragment fm5-10 is now executable because all signal messages were received.
[INFO] [1787839165.165900012] [multi3_coordinator_node]: Received mission: {'mission': 'm7', 'priority': 1, 'fragments': [{'id': 'fm7-1', 'wait': [], 'tasks': [{'name': 'pick', 'label': 'pick(o1-7,shelf)', 'params': {'x': 6, 'y': 3, 'weight': 5}}, {'name': 'move_to', 'label': 'move_to(o1-7,scan_area)', 'params': {'x': 5, 'y': 5}}, {'name': 'place', 'label': 'place(o1-7,scan_area)', 'params': {'x': 5, 'y': 5, 'weight': 5}}], 'segment': 's1'}, {'id': 'fm7-2', 'wait': ['place(o1-7,scan_area)'], 'tasks': [{'name': 'scan', 'label': 'scan(o1-7)', 'params': {}}], 'segment': 's1'}, {'id': 'fm7-3', 'wait': ['scan(o1-7)'], 'tasks': [{'name': 'pick', 'label': 'pick(o1-7,scan_area)', 'params': {'x': 5, 'y': 5, 'weight': 10}}, {'name': 'move_to', 'label': 'move_to(o1-7,pack_area)', 'params': {'x': 8, 'y': 8}}, {'name': 'place', 'label': 'place(o1-7,pack_area)', 'params': {'x': 8, 'y': 8, 'weight': 10}}], 'segment': 's1'}, {'id': 'fm7-4', 'wait': [], 'tasks': [{'name': 'pick', 'label': 'pick(o2-7,shelf)', 'params': {'x': 2, 'y': 4, 'weight': 3}}, {'name': 'move_to', 'label': 'move_to(o2-7,scan_area)', 'params': {'x': 5, 'y': 5}}, {'name': 'place', 'label': 'place(o2-7,scan_area)', 'params': {'x': 5, 'y': 5, 'weight': 3}}], 'segment': 's2'}, {'id': 'fm7-5', 'wait': ['place(o2-7,scan_area)'], 'tasks': [{'name': 'scan', 'label': 'scan(o2-7)', 'params': {}}], 'segment': 's2'}, {'id': 'fm7-6', 'wait': ['scan(o2-7)'], 'tasks': [{'name': 'pick', 'label': 'pick(o2-7,scan_area)', 'params': {'x': 5, 'y': 5, 'weight': 3}}, {'name': 'move_to', 'label': 'move_to(o2-7,pack_area)', 'params': {'x': 8, 'y': 8}}, {'name': 'place', 'label': 'place(o2-7,pack_area)', 'params': {'x': 8, 'y': 8, 'weight': 3}}], 'segment': 's2'}, {'id': 'fm7-7', 'wait': [], 'tasks': [{'name': 'pick', 'label': 'pick(o3-7,shelf)', 'params': {'x': 3, 'y': 6, 'weight': 3}}, {'name': 'move_to', 'label': 'move_to(o3-7,scan_area)', 'params': {'x': 5, 'y': 5}}, {'name': 'place', 'label': 'place(o3-7,scan_area)', 'params': {'x': 5, 'y': 5, 'weight': 3}}], 'segment': 's3'}, {'id': 'fm7-8', 'wait': ['place(o3-7,scan_area)'], 'tasks': [{'name': 'scan', 'label': 'scan(o3-7)', 'params': {}}], 'segment': 's3'}, {'id': 'fm7-9', 'wait': ['scan(o3-7)'], 'tasks': [{'name': 'pick', 'label': 'pick(o3-7,scan_area)', 'params': {'x': 5, 'y': 5, 'weight': 3}}, {'name': 'move_to', 'label': 'move_to(o3-7,pack_area)', 'params': {'x': 8, 'y': 8}}, {'name': 'place', 'label': 'place(o3-7,pack_area)', 'params': {'x': 8, 'y': 8, 'weight': 3}}], 'segment': 's3'}, {'id': 'fm7-10', 'wait': [], 'tasks': [{'name': 'pick', 'label': 'pick(o4-7,shelf)', 'params': {'x': 3, 'y': 7, 'weight': 2}}, {'name': 'move_to', 'label': 'move_to(o4-7,scan_area)', 'params': {'x': 5, 'y': 5}}, {'name': 'place', 'label': 'place(o4-7,scan_area)', 'params': {'x': 5, 'y': 5, 'weight': 2}}], 'segment': 's4'}, {'id': 'fm7-11', 'wait': ['place(o4-7,scan_area)'], 'tasks': [{'name': 'scan', 'label': 'scan(o4-7)', 'params': {}}], 'segment': 's4'}, {'id': 'fm7-12', 'wait': ['scan(o4-7)'], 'tasks': [{'name': 'pick', 'label': 'pick(o4-7,scan_area)', 'params': {'x': 5, 'y': 5, 'weight': 2}}, {'name': 'move_to', 'label': 'move_to(o4-7,pack_area)', 'params': {'x': 8, 'y': 8}}, {'name': 'place', 'label': 'place(o4-7,pack_area)', 'params': {'x': 8, 'y': 8, 'weight': 2}}], 'segment': 's4'}, {'id': 'fm7-13', 'wait': [], 'tasks': [{'name': 'pick', 'label': 'pick(o5-7,shelf)', 'params': {'x': 4, 'y': 1, 'weight': 5}}, {'name': 'move_to', 'label': 'move_to(o5-7,scan_area)', 'params': {'x': 5, 'y': 5}}, {'name': 'place', 'label': 'place(o5-7,scan_area)', 'params': {'x': 5, 'y': 5, 'weight': 5}}], 'segment': 's5'}, {'id': 'fm7-14', 'wait': ['place(o5-7,scan_area)'], 'tasks': [{'name': 'scan', 'label': 'scan(o5-7)', 'params': {}}], 'segment': 's5'}, {'id': 'fm7-15', 'wait': ['scan(o5-7)'], 'tasks': [{'name': 'pick', 'label': 'pick(o5-7,scan_area)', 'params': {'x': 5, 'y': 5, 'weight': 5}}, {'name': 'move_to', 'label': 'move_to(o5-7,pack_area)', 'params': {'x': 8, 'y': 8}}, {'name': 'place', 'label': 'place(o5-7,pack_area)', 'params': {'x': 8, 'y': 8, 'weight': 5}}], 'segment': 's5'}, {'id': 'fm7-16', 'wait': ['place(o1-7,pack_area)', 'place(o2-7,pack_area)', 'place(o3-7,pack_area)', 'place(o4-7,pack_area)', 'place(o5-7,pack_area)'], 'tasks': [{'name': 'pack', 'label': 'pack(o1-7,o2-7,o3-7,o4-7,o5-7)', 'params': {'items': 5}}], 'segment': ''}, {'id': 'fm7-17', 'wait': ['pack(o1-7,o2-7,o3-7,o4-7,o5-7)'], 'tasks': [{'name': 'load_pack', 'label': 'load_pack(p7)', 'params': {'x': 8, 'y': 8, 'weight': 19}}, {'name': 'move_to', 'label': 'move_to(deliver_area)', 'params': {'x': 10, 'y': 10}}, {'name': 'unload_pack', 'label': 'unload_pack(p7)', 'params': {'x': 10, 'y': 10, 'weight': 19}}], 'segment': ''}]}
[INFO] [1787839165.168405335] [multi3_coordinator_node]: Fragment fm7-1 is now executable because all signal messages were received.
[INFO] [1787839165.170403992] [multi3_coordinator_node]: Fragment fm7-4 is now executable because all signal messages were received.
[INFO] [1787839165.172040102] [multi3_coordinator_node]: Fragment fm7-7 is now executable because all signal messages were received.
[INFO] [1787839165.173249970] [multi3_coordinator_node]: Fragment fm7-10 is now executable because all signal messages were received.
[INFO] [1787839165.174664960] [multi3_coordinator_node]: Fragment fm7-13 is now executable because all signal messages were received.
[INFO] [1787839165.482889351] [multi3_coordinator_node]: Execution start signal received. Starting fragment assignment.
[INFO] [1787839166.487025550] [multi3_coordinator_node]: Assigned fragment fm5-7 to robot robot1.
[INFO] [1787839166.489070648] [multi3_coordinator_node]: Assigned fragment fm5-1 to robot robot2.
[INFO] [1787839166.490541557] [multi3_coordinator_node]: Assigned fragment fm5-10 to robot robot3.
[INFO] [1787839166.492260875] [multi3_coordinator_node]: Assigned fragment fm1-4 to robot robot4.
[INFO] [1787839166.494353420] [multi3_coordinator_node]: Received robot state update from robot robot1: {'operational_state': 'working', 'current_assigned_fragment': 'fm5-7', 'state': {'position': {'x': 0.0, 'y': 0.0, 'z': 0.0}, 'docked': True}}
[INFO] [1787839166.498013107] [multi3_coordinator_node]: Received robot state update from robot robot3: {'operational_state': 'working', 'current_assigned_fragment': 'fm5-10', 'state': {'position': {'x': 0.0, 'y': 0.0, 'z': 0.0}, 'docked': True}}
[INFO] [1787839166.500013023] [multi3_coordinator_node]: Received robot state update from robot robot2: {'operational_state': 'working', 'current_assigned_fragment': 'fm5-1', 'state': {'position': {'x': 0.0, 'y': 0.0, 'z': 0.0}, 'docked': True}}
[INFO] [1787839166.501004895] [multi3_coordinator_node]: Received robot state update from robot robot4: {'operational_state': 'working', 'current_assigned_fragment': 'fm1-4', 'state': {'position': {'x': 0.0, 'y': 0.0, 'z': 0.0}, 'docked': True}}
[INFO] [1787839184.738968051] [multi3_coordinator_node]: Received coordination message: {'robot_name': 'robot4', 'completed_task': 'pick(o2-1,shelf)'}
[INFO] [1787839185.864330995] [multi3_coordinator_node]: Received coordination message: {'robot_name': 'robot3', 'completed_task': 'pick(o4-5,shelf)'}
[INFO] [1787839185.866930906] [multi3_coordinator_node]: Received coordination message: {'robot_name': 'robot2', 'completed_task': 'pick(o1-5,shelf)'}
[INFO] [1787839186.189218028] [multi3_coordinator_node]: Received coordination message: {'robot_name': 'robot1', 'completed_task': 'pick(o3-5,shelf)'}
[INFO] [1787839193.237136207] [multi3_coordinator_node]: Received coordination message: {'robot_name': 'robot4', 'completed_task': 'move_to(o2-1,scan_area)'}
[INFO] [1787839194.685157091] [multi3_coordinator_node]: Received coordination message: {'robot_name': 'robot1', 'completed_task': 'move_to(o3-5,scan_area)'}
[INFO] [1787839197.189926168] [multi3_coordinator_node]: Received coordination message: {'robot_name': 'robot2', 'completed_task': 'move_to(o1-5,scan_area)'}
[INFO] [1787839197.193526598] [multi3_coordinator_node]: Received coordination message: {'robot_name': 'robot3', 'completed_task': 'move_to(o4-5,scan_area)'}
[INFO] [1787839200.259696270] [multi3_coordinator_node]: Fragment fm1-5 is now executable because all signal messages were received.
[INFO] [1787839200.261783587] [multi3_coordinator_node]: Received coordination message: {'robot_name': 'robot4', 'completed_task': 'place(o2-1,scan_area)'}
[INFO] [1787839200.263869734] [multi3_coordinator_node]: Received robot state update from robot robot4: {'operational_state': 'idle', 'current_assigned_fragment': None, 'state': {'position': {'x': 5, 'y': 5, 'z': 0.0}, 'docked': False}}
[INFO] [1787839200.265519059] [multi3_coordinator_node]: Received coordination message: {'robot_name': 'robot4', 'completed_fragment': 'fm1-4', 'state': {'position': {'x': 5, 'y': 5, 'z': 0.0}, 'docked': False}}
[INFO] [1787839200.493713425] [multi3_coordinator_node]: Assigned fragment fm7-1 to robot robot4.
[INFO] [1787839200.496221932] [multi3_coordinator_node]: Assigned fragment fm1-5 to robot robot5.
[INFO] [1787839200.505666376] [multi3_coordinator_node]: Received robot state update from robot robot4: {'operational_state': 'working', 'current_assigned_fragment': 'fm7-1', 'state': {'position': {'x': 5, 'y': 5, 'z': 0.0}, 'docked': False}}
[INFO] [1787839200.514126414] [multi3_coordinator_node]: Received robot state update from robot robot5: {'operational_state': 'working', 'current_assigned_fragment': 'fm1-5', 'state': {'position': {'x': 0.0, 'y': 0.0, 'z': 0.0}, 'docked': True}}
[INFO] [1787839204.708636712] [multi3_coordinator_node]: Fragment fm5-8 is now executable because all signal messages were received.
[INFO] [1787839204.710581273] [multi3_coordinator_node]: Received coordination message: {'robot_name': 'robot1', 'completed_task': 'place(o3-5,scan_area)'}
[INFO] [1787839204.712856830] [multi3_coordinator_node]: Received robot state update from robot robot1: {'operational_state': 'idle', 'current_assigned_fragment': None, 'state': {'position': {'x': 5, 'y': 5, 'z': 0.0}, 'docked': False}}
[INFO] [1787839204.714283855] [multi3_coordinator_node]: Received coordination message: {'robot_name': 'robot1', 'completed_fragment': 'fm5-7', 'state': {'position': {'x': 5, 'y': 5, 'z': 0.0}, 'docked': False}}
[INFO] [1787839205.490117422] [multi3_coordinator_node]: Assigned fragment fm7-7 to robot robot1.
[INFO] [1787839205.497492463] [multi3_coordinator_node]: Received robot state update from robot robot1: {'operational_state': 'working', 'current_assigned_fragment': 'fm7-7', 'state': {'position': {'x': 5, 'y': 5, 'z': 0.0}, 'docked': False}}
[INFO] [1787839206.212865845] [multi3_coordinator_node]: Fragment fm5-11 is now executable because all signal messages were received.
[INFO] [1787839206.214469513] [multi3_coordinator_node]: Received coordination message: {'robot_name': 'robot3', 'completed_task': 'place(o4-5,scan_area)'}
[INFO] [1787839206.216700576] [multi3_coordinator_node]: Received robot state update from robot robot3: {'operational_state': 'idle', 'current_assigned_fragment': None, 'state': {'position': {'x': 5, 'y': 5, 'z': 0.0}, 'docked': False}}
[INFO] [1787839206.218197044] [multi3_coordinator_node]: Received coordination message: {'robot_name': 'robot3', 'completed_fragment': 'fm5-10', 'state': {'position': {'x': 5, 'y': 5, 'z': 0.0}, 'docked': False}}
[INFO] [1787839206.219878273] [multi3_coordinator_node]: Received robot state update from robot robot2: {'operational_state': 'idle', 'current_assigned_fragment': None, 'state': {'position': {'x': 5, 'y': 5, 'z': 0.0}, 'docked': False}}
[INFO] [1787839206.221063585] [multi3_coordinator_node]: Fragment fm5-2 is now executable because all signal messages were received.
[INFO] [1787839206.222073929] [multi3_coordinator_node]: Received coordination message: {'robot_name': 'robot2', 'completed_task': 'place(o1-5,scan_area)'}
[INFO] [1787839206.223689559] [multi3_coordinator_node]: Received coordination message: {'robot_name': 'robot2', 'completed_fragment': 'fm5-1', 'state': {'position': {'x': 5, 'y': 5, 'z': 0.0}, 'docked': False}}
[INFO] [1787839206.488950552] [multi3_coordinator_node]: Assigned fragment fm3-4 to robot robot2.
[INFO] [1787839206.494320561] [multi3_coordinator_node]: Assigned fragment fm7-10 to robot robot3.
[INFO] [1787839206.503666910] [multi3_coordinator_node]: Received robot state update from robot robot3: {'operational_state': 'working', 'current_assigned_fragment': 'fm7-10', 'state': {'position': {'x': 5, 'y': 5, 'z': 0.0}, 'docked': False}}
[INFO] [1787839206.505812042] [multi3_coordinator_node]: Received robot state update from robot robot2: {'operational_state': 'working', 'current_assigned_fragment': 'fm3-4', 'state': {'position': {'x': 5, 'y': 5, 'z': 0.0}, 'docked': False}}
[INFO] [1787839210.540865262] [multi3_coordinator_node]: Fragment fm1-6 is now executable because all signal messages were received.
[INFO] [1787839210.542525804] [multi3_coordinator_node]: Received coordination message: {'robot_name': 'robot5', 'completed_task': 'scan(o2-1)'}
[INFO] [1787839210.544217580] [multi3_coordinator_node]: Received robot state update from robot robot5: {'operational_state': 'idle', 'current_assigned_fragment': None, 'state': {'position': {'x': 0.0, 'y': 0.0, 'z': 0.0}, 'docked': True}}
[INFO] [1787839210.545804877] [multi3_coordinator_node]: Received coordination message: {'robot_name': 'robot5', 'completed_fragment': 'fm1-5', 'state': {'position': {'x': 0.0, 'y': 0.0, 'z': 0.0}, 'docked': True}}
[INFO] [1787839211.490030633] [multi3_coordinator_node]: Assigned fragment fm5-2 to robot robot5.
[INFO] [1787839211.499927549] [multi3_coordinator_node]: Received robot state update from robot robot5: {'operational_state': 'working', 'current_assigned_fragment': 'fm5-2', 'state': {'position': {'x': 0.0, 'y': 0.0, 'z': 0.0}, 'docked': True}}
[INFO] [1787839215.011445272] [multi3_coordinator_node]: Received coordination message: {'robot_name': 'robot4', 'completed_task': 'pick(o1-7,shelf)'}
[INFO] [1787839217.856240221] [multi3_coordinator_node]: Received coordination message: {'robot_name': 'robot4', 'completed_task': 'move_to(o1-7,scan_area)'}
[INFO] [1787839218.004315378] [multi3_coordinator_node]: Received coordination message: {'robot_name': 'robot1', 'completed_task': 'pick(o3-7,shelf)'}
[INFO] [1787839219.192688000] [multi3_coordinator_node]: Received coordination message: {'robot_name': 'robot3', 'completed_task': 'pick(o4-7,shelf)'}
[INFO] [1787839219.522991470] [multi3_coordinator_node]: Fragment fm5-3 is now executable because all signal messages were received.
[INFO] [1787839219.524417680] [multi3_coordinator_node]: Received coordination message: {'robot_name': 'robot5', 'completed_task': 'scan(o1-5)'}
[INFO] [1787839219.526542859] [multi3_coordinator_node]: Received robot state update from robot robot5: {'operational_state': 'idle', 'current_assigned_fragment': None, 'state': {'position': {'x': 0.0, 'y': 0.0, 'z': 0.0}, 'docked': True}}
[INFO] [1787839219.528151079] [multi3_coordinator_node]: Received coordination message: {'robot_name': 'robot5', 'completed_fragment': 'fm5-2', 'state': {'position': {'x': 0.0, 'y': 0.0, 'z': 0.0}, 'docked': True}}
[INFO] [1787839220.192481906] [multi3_coordinator_node]: Received coordination message: {'robot_name': 'robot2', 'completed_task': 'pick(o2-3,shelf)'}
[INFO] [1787839220.488983394] [multi3_coordinator_node]: Assigned fragment fm5-8 to robot robot5.
[INFO] [1787839220.499375295] [multi3_coordinator_node]: Received robot state update from robot robot5: {'operational_state': 'working', 'current_assigned_fragment': 'fm5-8', 'state': {'position': {'x': 0.0, 'y': 0.0, 'z': 0.0}, 'docked': True}}
[INFO] [1787839223.673546804] [multi3_coordinator_node]: Received coordination message: {'robot_name': 'robot1', 'completed_task': 'move_to(o3-7,scan_area)'}
[INFO] [1787839224.861821813] [multi3_coordinator_node]: Received coordination message: {'robot_name': 'robot3', 'completed_task': 'move_to(o4-7,scan_area)'}
[INFO] [1787839225.857093469] [multi3_coordinator_node]: Received coordination message: {'robot_name': 'robot2', 'completed_task': 'move_to(o2-3,scan_area)'}
[INFO] [1787839227.879717529] [multi3_coordinator_node]: Fragment fm7-2 is now executable because all signal messages were received.
[INFO] [1787839227.882906447] [multi3_coordinator_node]: Received coordination message: {'robot_name': 'robot4', 'completed_task': 'place(o1-7,scan_area)'}
[INFO] [1787839227.884981703] [multi3_coordinator_node]: Received robot state update from robot robot4: {'operational_state': 'idle', 'current_assigned_fragment': None, 'state': {'position': {'x': 5, 'y': 5, 'z': 0.0}, 'docked': False}}
[INFO] [1787839227.886451122] [multi3_coordinator_node]: Received coordination message: {'robot_name': 'robot4', 'completed_fragment': 'fm7-1', 'state': {'position': {'x': 5, 'y': 5, 'z': 0.0}, 'docked': False}}
[INFO] [1787839228.490107997] [multi3_coordinator_node]: Assigned fragment fm1-6 to robot robot4.
[INFO] [1787839228.500271684] [multi3_coordinator_node]: Received robot state update from robot robot4: {'operational_state': 'working', 'current_assigned_fragment': 'fm1-6', 'state': {'position': {'x': 5, 'y': 5, 'z': 0.0}, 'docked': False}}
[INFO] [1787839228.515502991] [multi3_coordinator_node]: Fragment fm5-9 is now executable because all signal messages were received.
[INFO] [1787839228.517141962] [multi3_coordinator_node]: Received coordination message: {'robot_name': 'robot5', 'completed_task': 'scan(o3-5)'}
[INFO] [1787839228.518716070] [multi3_coordinator_node]: Received robot state update from robot robot5: {'operational_state': 'idle', 'current_assigned_fragment': None, 'state': {'position': {'x': 0.0, 'y': 0.0, 'z': 0.0}, 'docked': True}}
[INFO] [1787839228.520058603] [multi3_coordinator_node]: Received coordination message: {'robot_name': 'robot5', 'completed_fragment': 'fm5-8', 'state': {'position': {'x': 0.0, 'y': 0.0, 'z': 0.0}, 'docked': True}}
[INFO] [1787839229.488695162] [multi3_coordinator_node]: Assigned fragment fm5-11 to robot robot5.
[INFO] [1787839229.498038099] [multi3_coordinator_node]: Received robot state update from robot robot5: {'operational_state': 'working', 'current_assigned_fragment': 'fm5-11', 'state': {'position': {'x': 0.0, 'y': 0.0, 'z': 0.0}, 'docked': True}}
[INFO] [1787839231.698452959] [multi3_coordinator_node]: Fragment fm7-8 is now executable because all signal messages were received.
[INFO] [1787839231.700182303] [multi3_coordinator_node]: Received coordination message: {'robot_name': 'robot1', 'completed_task': 'place(o3-7,scan_area)'}
[INFO] [1787839231.702472241] [multi3_coordinator_node]: Received robot state update from robot robot1: {'operational_state': 'idle', 'current_assigned_fragment': None, 'state': {'position': {'x': 5, 'y': 5, 'z': 0.0}, 'docked': False}}
[INFO] [1787839231.704025328] [multi3_coordinator_node]: Received coordination message: {'robot_name': 'robot1', 'completed_fragment': 'fm7-7', 'state': {'position': {'x': 5, 'y': 5, 'z': 0.0}, 'docked': False}}
[INFO] [1787839231.882437603] [multi3_coordinator_node]: Fragment fm7-11 is now executable because all signal messages were received.
[INFO] [1787839231.884090332] [multi3_coordinator_node]: Received coordination message: {'robot_name': 'robot3', 'completed_task': 'place(o4-7,scan_area)'}
[INFO] [1787839231.886369665] [multi3_coordinator_node]: Received robot state update from robot robot3: {'operational_state': 'idle', 'current_assigned_fragment': None, 'state': {'position': {'x': 5, 'y': 5, 'z': 0.0}, 'docked': False}}
[INFO] [1787839231.887900534] [multi3_coordinator_node]: Received coordination message: {'robot_name': 'robot3', 'completed_fragment': 'fm7-10', 'state': {'position': {'x': 5, 'y': 5, 'z': 0.0}, 'docked': False}}
[INFO] [1787839232.488217807] [multi3_coordinator_node]: Assigned fragment fm5-3 to robot robot1.
[INFO] [1787839232.494023956] [multi3_coordinator_node]: Assigned fragment fm5-9 to robot robot3.
[INFO] [1787839232.503663979] [multi3_coordinator_node]: Received robot state update from robot robot3: {'operational_state': 'working', 'current_assigned_fragment': 'fm5-9', 'state': {'position': {'x': 5, 'y': 5, 'z': 0.0}, 'docked': False}}
[INFO] [1787839232.506409808] [multi3_coordinator_node]: Received robot state update from robot robot1: {'operational_state': 'working', 'current_assigned_fragment': 'fm5-3', 'state': {'position': {'x': 5, 'y': 5, 'z': 0.0}, 'docked': False}}
[INFO] [1787839233.875920673] [multi3_coordinator_node]: Fragment fm3-5 is now executable because all signal messages were received.
[INFO] [1787839233.876980112] [multi3_coordinator_node]: Received coordination message: {'robot_name': 'robot2', 'completed_task': 'place(o2-3,scan_area)'}
[INFO] [1787839233.878186836] [multi3_coordinator_node]: Received robot state update from robot robot2: {'operational_state': 'idle', 'current_assigned_fragment': None, 'state': {'position': {'x': 5, 'y': 5, 'z': 0.0}, 'docked': False}}
[INFO] [1787839233.879068369] [multi3_coordinator_node]: Received coordination message: {'robot_name': 'robot2', 'completed_fragment': 'fm3-4', 'state': {'position': {'x': 5, 'y': 5, 'z': 0.0}, 'docked': False}}
[INFO] [1787839234.488781558] [multi3_coordinator_node]: Assigned fragment fm1-1 to robot robot2.
[INFO] [1787839234.505146372] [multi3_coordinator_node]: Received robot state update from robot robot2: {'operational_state': 'working', 'current_assigned_fragment': 'fm1-1', 'state': {'position': {'x': 5, 'y': 5, 'z': 0.0}, 'docked': False}}
[INFO] [1787839235.525350389] [multi3_coordinator_node]: Received coordination message: {'robot_name': 'robot4', 'completed_task': 'pick(o2-1,scan_area)'}
[INFO] [1787839237.515048991] [multi3_coordinator_node]: Fragment fm5-12 is now executable because all signal messages were received.
[INFO] [1787839237.516446412] [multi3_coordinator_node]: Received coordination message: {'robot_name': 'robot5', 'completed_task': 'scan(o4-5)'}
[INFO] [1787839237.518683044] [multi3_coordinator_node]: Received robot state update from robot robot5: {'operational_state': 'idle', 'current_assigned_fragment': None, 'state': {'position': {'x': 0.0, 'y': 0.0, 'z': 0.0}, 'docked': True}}
[INFO] [1787839237.520487512] [multi3_coordinator_node]: Received coordination message: {'robot_name': 'robot5', 'completed_fragment': 'fm5-11', 'state': {'position': {'x': 0.0, 'y': 0.0, 'z': 0.0}, 'docked': True}}
[INFO] [1787839238.487978443] [multi3_coordinator_node]: Assigned fragment fm3-5 to robot robot5.
[INFO] [1787839238.496418983] [multi3_coordinator_node]: Received robot state update from robot robot5: {'operational_state': 'working', 'current_assigned_fragment': 'fm3-5', 'state': {'position': {'x': 0.0, 'y': 0.0, 'z': 0.0}, 'docked': True}}
[INFO] [1787839241.528039417] [multi3_coordinator_node]: Received coordination message: {'robot_name': 'robot1', 'completed_task': 'pick(o1-5,scan_area)'}
[INFO] [1787839242.527673330] [multi3_coordinator_node]: Received coordination message: {'robot_name': 'robot3', 'completed_task': 'pick(o3-5,scan_area)'}
[INFO] [1787839244.022865037] [multi3_coordinator_node]: Received coordination message: {'robot_name': 'robot4', 'completed_task': 'move_to(o2-1,pack_area)'}
[INFO] [1787839246.517741404] [multi3_coordinator_node]: Fragment fm3-6 is now executable because all signal messages were received.
[INFO] [1787839246.519647891] [multi3_coordinator_node]: Received coordination message: {'robot_name': 'robot5', 'completed_task': 'scan(o2-3)'}
[INFO] [1787839246.523313376] [multi3_coordinator_node]: Received robot state update from robot robot5: {'operational_state': 'idle', 'current_assigned_fragment': None, 'state': {'position': {'x': 0.0, 'y': 0.0, 'z': 0.0}, 'docked': True}}
[INFO] [1787839246.525981449] [multi3_coordinator_node]: Received coordination message: {'robot_name': 'robot5', 'completed_fragment': 'fm3-5', 'state': {'position': {'x': 0.0, 'y': 0.0, 'z': 0.0}, 'docked': True}}
[INFO] [1787839247.485865317] [multi3_coordinator_node]: Assigned fragment fm7-2 to robot robot5.
[INFO] [1787839247.494591104] [multi3_coordinator_node]: Received robot state update from robot robot5: {'operational_state': 'working', 'current_assigned_fragment': 'fm7-2', 'state': {'position': {'x': 0.0, 'y': 0.0, 'z': 0.0}, 'docked': True}}
[INFO] [1787839250.025147848] [multi3_coordinator_node]: Received coordination message: {'robot_name': 'robot1', 'completed_task': 'move_to(o1-5,pack_area)'}
[INFO] [1787839251.023341265] [multi3_coordinator_node]: Received coordination message: {'robot_name': 'robot3', 'completed_task': 'move_to(o3-5,pack_area)'}
[INFO] [1787839251.089854905] [multi3_coordinator_node]: Received coordination message: {'robot_name': 'robot4', 'completed_task': 'place(o2-1,pack_area)'}
[INFO] [1787839251.091761072] [multi3_coordinator_node]: Received robot state update from robot robot4: {'operational_state': 'idle', 'current_assigned_fragment': None, 'state': {'position': {'x': 8, 'y': 8, 'z': 0.0}, 'docked': False}}
[INFO] [1787839251.092884752] [multi3_coordinator_node]: Received coordination message: {'robot_name': 'robot4', 'completed_fragment': 'fm1-6', 'state': {'position': {'x': 8, 'y': 8, 'z': 0.0}, 'docked': False}}
[INFO] [1787839251.488657731] [multi3_coordinator_node]: Assigned fragment fm3-6 to robot robot4.
[INFO] [1787839251.499901353] [multi3_coordinator_node]: Received robot state update from robot robot4: {'operational_state': 'working', 'current_assigned_fragment': 'fm3-6', 'state': {'position': {'x': 8, 'y': 8, 'z': 0.0}, 'docked': False}}
[INFO] [1787839253.529601322] [multi3_coordinator_node]: Received coordination message: {'robot_name': 'robot2', 'completed_task': 'pick(o1-1,shelf)'}
[INFO] [1787839253.536807572] [multi3_coordinator_node]: Received coordination message: {'robot_name': 'robot2', 'completed_task': 'move_to(o1-1,scan_area)'}
[INFO] [1787839255.513018191] [multi3_coordinator_node]: Fragment fm7-3 is now executable because all signal messages were received.
[INFO] [1787839255.513860242] [multi3_coordinator_node]: Received coordination message: {'robot_name': 'robot5', 'completed_task': 'scan(o1-7)'}
[INFO] [1787839255.514789503] [multi3_coordinator_node]: Received robot state update from robot robot5: {'operational_state': 'idle', 'current_assigned_fragment': None, 'state': {'position': {'x': 0.0, 'y': 0.0, 'z': 0.0}, 'docked': True}}
[INFO] [1787839255.515637759] [multi3_coordinator_node]: Received coordination message: {'robot_name': 'robot5', 'completed_fragment': 'fm7-2', 'state': {'position': {'x': 0.0, 'y': 0.0, 'z': 0.0}, 'docked': True}}
[INFO] [1787839255.997780095] [multi3_coordinator_node]: Received mission: {'mission': 'm2', 'priority': 1, 'fragments': [{'id': 'fm2-1', 'wait': [], 'tasks': [{'name': 'pick', 'label': 'pick(o1-2,shelf)', 'params': {'x': 1, 'y': 3, 'weight': 5}}, {'name': 'move_to', 'label': 'move_to(o1-2,scan_area)', 'params': {'x': 5, 'y': 5}}, {'name': 'place', 'label': 'place(o1-2,scan_area)', 'params': {'x': 5, 'y': 5, 'weight': 5}}], 'segment': 's1'}, {'id': 'fm2-2', 'wait': ['place(o1-2,scan_area)'], 'tasks': [{'name': 'scan', 'label': 'scan(o1-2)', 'params': {}}], 'segment': 's1'}, {'id': 'fm2-3', 'wait': ['scan(o1-2)'], 'tasks': [{'name': 'pick', 'label': 'pick(o1-2,scan_area)', 'params': {'x': 5, 'y': 5, 'weight': 5}}, {'name': 'move_to', 'label': 'move_to(o1-2,pack_area)', 'params': {'x': 8, 'y': 8}}, {'name': 'place', 'label': 'place(o1-2,pack_area)', 'params': {'x': 8, 'y': 8, 'weight': 5}}], 'segment': 's1'}, {'id': 'fm2-4', 'wait': [], 'tasks': [{'name': 'pick', 'label': 'pick(o2-2,shelf)', 'params': {'x': 2, 'y': 6, 'weight': 2}}, {'name': 'move_to', 'label': 'move_to(o2-2,scan_area)', 'params': {'x': 5, 'y': 5}}, {'name': 'place', 'label': 'place(o2-2,scan_area)', 'params': {'x': 5, 'y': 5, 'weight': 2}}], 'segment': 's2'}, {'id': 'fm2-5', 'wait': ['place(o2-2,scan_area)'], 'tasks': [{'name': 'scan', 'label': 'scan(o2-2)', 'params': {}}], 'segment': 's2'}, {'id': 'fm2-6', 'wait': ['scan(o2-2)'], 'tasks': [{'name': 'pick', 'label': 'pick(o2-2,scan_area)', 'params': {'x': 5, 'y': 5, 'weight': 2}}, {'name': 'move_to', 'label': 'move_to(o2-2,pack_area)', 'params': {'x': 8, 'y': 8}}, {'name': 'place', 'label': 'place(o2-2,pack_area)', 'params': {'x': 8, 'y': 8, 'weight': 2}}], 'segment': 's2'}, {'id': 'fm2-7', 'wait': ['place(o1-2,pack_area)', 'place(o2-2,pack_area)'], 'tasks': [{'name': 'pack', 'label': 'pack(o1-2,o2-2)', 'params': {'items': 2}}], 'segment': ''}, {'id': 'fm2-8', 'wait': ['pack(o1-2,o2-2)'], 'tasks': [{'name': 'load_pack', 'label': 'load_pack(p2)', 'params': {'x': 8, 'y': 8, 'weight': 7}}, {'name': 'move_to', 'label': 'move_to(deliver_area)', 'params': {'x': 10, 'y': 10}}, {'name': 'unload_pack', 'label': 'unload_pack(p2)', 'params': {'x': 10, 'y': 10, 'weight': 7}}], 'segment': ''}]}
[INFO] [1787839256.001980406] [multi3_coordinator_node]: Fragment fm2-1 is now executable because all signal messages were received.
[INFO] [1787839256.003967544] [multi3_coordinator_node]: Fragment fm2-4 is now executable because all signal messages were received.
[INFO] [1787839256.488359717] [multi3_coordinator_node]: Assigned fragment fm7-8 to robot robot5.
[INFO] [1787839256.497436889] [multi3_coordinator_node]: Received robot state update from robot robot5: {'operational_state': 'working', 'current_assigned_fragment': 'fm7-8', 'state': {'position': {'x': 0.0, 'y': 0.0, 'z': 0.0}, 'docked': True}}
[INFO] [1787839256.818759329] [multi3_coordinator_node]: Received mission: {'mission': 'm7', 'priority': 1, 'fragments': [{'id': 'fm7-1', 'wait': [], 'tasks': [{'name': 'pick', 'label': 'pick(o1-7,shelf)', 'params': {'x': 6, 'y': 3, 'weight': 5}}, {'name': 'move_to', 'label': 'move_to(o1-7,scan_area)', 'params': {'x': 5, 'y': 5}}, {'name': 'place', 'label': 'place(o1-7,scan_area)', 'params': {'x': 5, 'y': 5, 'weight': 5}}], 'segment': 's1'}, {'id': 'fm7-2', 'wait': ['place(o1-7,scan_area)'], 'tasks': [{'name': 'scan', 'label': 'scan(o1-7)', 'params': {}}], 'segment': 's1'}, {'id': 'fm7-3', 'wait': ['scan(o1-7)'], 'tasks': [{'name': 'pick', 'label': 'pick(o1-7,scan_area)', 'params': {'x': 5, 'y': 5, 'weight': 10}}, {'name': 'move_to', 'label': 'move_to(o1-7,pack_area)', 'params': {'x': 8, 'y': 8}}, {'name': 'place', 'label': 'place(o1-7,pack_area)', 'params': {'x': 8, 'y': 8, 'weight': 10}}], 'segment': 's1'}, {'id': 'fm7-4', 'wait': [], 'tasks': [{'name': 'pick', 'label': 'pick(o2-7,shelf)', 'params': {'x': 2, 'y': 4, 'weight': 3}}, {'name': 'move_to', 'label': 'move_to(o2-7,scan_area)', 'params': {'x': 5, 'y': 5}}, {'name': 'place', 'label': 'place(o2-7,scan_area)', 'params': {'x': 5, 'y': 5, 'weight': 3}}], 'segment': 's2'}, {'id': 'fm7-5', 'wait': ['place(o2-7,scan_area)'], 'tasks': [{'name': 'scan', 'label': 'scan(o2-7)', 'params': {}}], 'segment': 's2'}, {'id': 'fm7-6', 'wait': ['scan(o2-7)'], 'tasks': [{'name': 'pick', 'label': 'pick(o2-7,scan_area)', 'params': {'x': 5, 'y': 5, 'weight': 3}}, {'name': 'move_to', 'label': 'move_to(o2-7,pack_area)', 'params': {'x': 8, 'y': 8}}, {'name': 'place', 'label': 'place(o2-7,pack_area)', 'params': {'x': 8, 'y': 8, 'weight': 3}}], 'segment': 's2'}, {'id': 'fm7-7', 'wait': [], 'tasks': [{'name': 'pick', 'label': 'pick(o3-7,shelf)', 'params': {'x': 3, 'y': 6, 'weight': 3}}, {'name': 'move_to', 'label': 'move_to(o3-7,scan_area)', 'params': {'x': 5, 'y': 5}}, {'name': 'place', 'label': 'place(o3-7,scan_area)', 'params': {'x': 5, 'y': 5, 'weight': 3}}], 'segment': 's3'}, {'id': 'fm7-8', 'wait': ['place(o3-7,scan_area)'], 'tasks': [{'name': 'scan', 'label': 'scan(o3-7)', 'params': {}}], 'segment': 's3'}, {'id': 'fm7-9', 'wait': ['scan(o3-7)'], 'tasks': [{'name': 'pick', 'label': 'pick(o3-7,scan_area)', 'params': {'x': 5, 'y': 5, 'weight': 3}}, {'name': 'move_to', 'label': 'move_to(o3-7,pack_area)', 'params': {'x': 8, 'y': 8}}, {'name': 'place', 'label': 'place(o3-7,pack_area)', 'params': {'x': 8, 'y': 8, 'weight': 3}}], 'segment': 's3'}, {'id': 'fm7-10', 'wait': [], 'tasks': [{'name': 'pick', 'label': 'pick(o4-7,shelf)', 'params': {'x': 3, 'y': 7, 'weight': 2}}, {'name': 'move_to', 'label': 'move_to(o4-7,scan_area)', 'params': {'x': 5, 'y': 5}}, {'name': 'place', 'label': 'place(o4-7,scan_area)', 'params': {'x': 5, 'y': 5, 'weight': 2}}], 'segment': 's4'}, {'id': 'fm7-11', 'wait': ['place(o4-7,scan_area)'], 'tasks': [{'name': 'scan', 'label': 'scan(o4-7)', 'params': {}}], 'segment': 's4'}, {'id': 'fm7-12', 'wait': ['scan(o4-7)'], 'tasks': [{'name': 'pick', 'label': 'pick(o4-7,scan_area)', 'params': {'x': 5, 'y': 5, 'weight': 2}}, {'name': 'move_to', 'label': 'move_to(o4-7,pack_area)', 'params': {'x': 8, 'y': 8}}, {'name': 'place', 'label': 'place(o4-7,pack_area)', 'params': {'x': 8, 'y': 8, 'weight': 2}}], 'segment': 's4'}, {'id': 'fm7-13', 'wait': [], 'tasks': [{'name': 'pick', 'label': 'pick(o5-7,shelf)', 'params': {'x': 4, 'y': 1, 'weight': 5}}, {'name': 'move_to', 'label': 'move_to(o5-7,scan_area)', 'params': {'x': 5, 'y': 5}}, {'name': 'place', 'label': 'place(o5-7,scan_area)', 'params': {'x': 5, 'y': 5, 'weight': 5}}], 'segment': 's5'}, {'id': 'fm7-14', 'wait': ['place(o5-7,scan_area)'], 'tasks': [{'name': 'scan', 'label': 'scan(o5-7)', 'params': {}}], 'segment': 's5'}, {'id': 'fm7-15', 'wait': ['scan(o5-7)'], 'tasks': [{'name': 'pick', 'label': 'pick(o5-7,scan_area)', 'params': {'x': 5, 'y': 5, 'weight': 5}}, {'name': 'move_to', 'label': 'move_to(o5-7,pack_area)', 'params': {'x': 8, 'y': 8}}, {'name': 'place', 'label': 'place(o5-7,pack_area)', 'params': {'x': 8, 'y': 8, 'weight': 5}}], 'segment': 's5'}, {'id': 'fm7-16', 'wait': ['place(o1-7,pack_area)', 'place(o2-7,pack_area)', 'place(o3-7,pack_area)', 'place(o4-7,pack_area)', 'place(o5-7,pack_area)'], 'tasks': [{'name': 'pack', 'label': 'pack(o1-7,o2-7,o3-7,o4-7,o5-7)', 'params': {'items': 5}}], 'segment': ''}, {'id': 'fm7-17', 'wait': ['pack(o1-7,o2-7,o3-7,o4-7,o5-7)'], 'tasks': [{'name': 'load_pack', 'label': 'load_pack(p7)', 'params': {'x': 8, 'y': 8, 'weight': 19}}, {'name': 'move_to', 'label': 'move_to(deliver_area)', 'params': {'x': 10, 'y': 10}}, {'name': 'unload_pack', 'label': 'unload_pack(p7)', 'params': {'x': 10, 'y': 10, 'weight': 19}}], 'segment': ''}]}
[INFO] [1787839256.820015004] [multi3_coordinator_node]: Fragment fm7-1 is now executable because all signal messages were received.
[INFO] [1787839256.820596607] [multi3_coordinator_node]: Fragment fm7-2 is now executable because all signal messages were received.
[INFO] [1787839256.821384364] [multi3_coordinator_node]: Fragment fm7-3 is now executable because all signal messages were received.
[INFO] [1787839256.822255851] [multi3_coordinator_node]: Fragment fm7-4 is now executable because all signal messages were received.
[INFO] [1787839256.823024222] [multi3_coordinator_node]: Fragment fm7-7 is now executable because all signal messages were received.
[INFO] [1787839256.823790935] [multi3_coordinator_node]: Fragment fm7-8 is now executable because all signal messages were received.
[INFO] [1787839256.824582821] [multi3_coordinator_node]: Fragment fm7-10 is now executable because all signal messages were received.
[INFO] [1787839256.825475647] [multi3_coordinator_node]: Fragment fm7-11 is now executable because all signal messages were received.
[INFO] [1787839256.826692133] [multi3_coordinator_node]: Fragment fm7-13 is now executable because all signal messages were received.
[INFO] [1787839259.044451713] [multi3_coordinator_node]: Received coordination message: {'robot_name': 'robot1', 'completed_task': 'place(o1-5,pack_area)'}
[INFO] [1787839259.046460923] [multi3_coordinator_node]: Received robot state update from robot robot1: {'operational_state': 'idle', 'current_assigned_fragment': None, 'state': {'position': {'x': 8, 'y': 8, 'z': 0.0}, 'docked': False}}
[INFO] [1787839259.047864395] [multi3_coordinator_node]: Received coordination message: {'robot_name': 'robot1', 'completed_fragment': 'fm5-3', 'state': {'position': {'x': 8, 'y': 8, 'z': 0.0}, 'docked': False}}
[INFO] [1787839259.486804173] [multi3_coordinator_node]: Assigned fragment fm5-12 to robot robot1.
[INFO] [1787839259.504653669] [multi3_coordinator_node]: Received robot state update from robot robot1: {'operational_state': 'working', 'current_assigned_fragment': 'fm5-12', 'state': {'position': {'x': 8, 'y': 8, 'z': 0.0}, 'docked': False}}
[INFO] [1787839261.036413199] [multi3_coordinator_node]: Received coordination message: {'robot_name': 'robot3', 'completed_task': 'place(o3-5,pack_area)'}
[INFO] [1787839261.038677986] [multi3_coordinator_node]: Received robot state update from robot robot3: {'operational_state': 'idle', 'current_assigned_fragment': None, 'state': {'position': {'x': 8, 'y': 8, 'z': 0.0}, 'docked': False}}
[INFO] [1787839261.039885297] [multi3_coordinator_node]: Received coordination message: {'robot_name': 'robot3', 'completed_fragment': 'fm5-9', 'state': {'position': {'x': 8, 'y': 8, 'z': 0.0}, 'docked': False}}
[INFO] [1787839261.489819667] [multi3_coordinator_node]: Assigned fragment fm7-3 to robot robot3.
[INFO] [1787839261.502906082] [multi3_coordinator_node]: Received robot state update from robot robot3: {'operational_state': 'working', 'current_assigned_fragment': 'fm7-3', 'state': {'position': {'x': 8, 'y': 8, 'z': 0.0}, 'docked': False}}
[INFO] [1787839264.518078079] [multi3_coordinator_node]: Fragment fm7-9 is now executable because all signal messages were received.
[INFO] [1787839264.519637061] [multi3_coordinator_node]: Received coordination message: {'robot_name': 'robot5', 'completed_task': 'scan(o3-7)'}
[INFO] [1787839264.521617748] [multi3_coordinator_node]: Received robot state update from robot robot5: {'operational_state': 'idle', 'current_assigned_fragment': None, 'state': {'position': {'x': 0.0, 'y': 0.0, 'z': 0.0}, 'docked': True}}
[INFO] [1787839264.522991108] [multi3_coordinator_node]: Received coordination message: {'robot_name': 'robot5', 'completed_fragment': 'fm7-8', 'state': {'position': {'x': 0.0, 'y': 0.0, 'z': 0.0}, 'docked': True}}
[INFO] [1787839265.488656975] [multi3_coordinator_node]: Assigned fragment fm7-2 to robot robot5.
[INFO] [1787839265.496944299] [multi3_coordinator_node]: Received robot state update from robot robot5: {'operational_state': 'working', 'current_assigned_fragment': 'fm7-2', 'state': {'position': {'x': 0.0, 'y': 0.0, 'z': 0.0}, 'docked': True}}
[INFO] [1787839266.554296571] [multi3_coordinator_node]: Fragment fm1-2 is now executable because all signal messages were received.
[INFO] [1787839266.555434128] [multi3_coordinator_node]: Received coordination message: {'robot_name': 'robot2', 'completed_task': 'place(o1-1,scan_area)'}
[INFO] [1787839266.556655812] [multi3_coordinator_node]: Received robot state update from robot robot2: {'operational_state': 'idle', 'current_assigned_fragment': None, 'state': {'position': {'x': 5, 'y': 5, 'z': 0.0}, 'docked': False}}
[INFO] [1787839266.557486529] [multi3_coordinator_node]: Received coordination message: {'robot_name': 'robot2', 'completed_fragment': 'fm1-1', 'state': {'position': {'x': 5, 'y': 5, 'z': 0.0}, 'docked': False}}
[INFO] [1787839267.487144329] [multi3_coordinator_node]: Assigned fragment fm7-9 to robot robot2.
[INFO] [1787839267.505888227] [multi3_coordinator_node]: Received robot state update from robot robot2: {'operational_state': 'working', 'current_assigned_fragment': 'fm7-9', 'state': {'position': {'x': 5, 'y': 5, 'z': 0.0}, 'docked': False}}
[INFO] [1787839268.006995333] [multi3_coordinator_node]: Received coordination message: {'robot_name': 'robot4', 'completed_task': 'pick(o2-3,scan_area)'}
[INFO] [1787839273.513201565] [multi3_coordinator_node]: Received coordination message: {'robot_name': 'robot5', 'completed_task': 'scan(o1-7)'}
[INFO] [1787839273.515989344] [multi3_coordinator_node]: Received robot state update from robot robot5: {'operational_state': 'idle', 'current_assigned_fragment': None, 'state': {'position': {'x': 0.0, 'y': 0.0, 'z': 0.0}, 'docked': True}}
[INFO] [1787839273.518058390] [multi3_coordinator_node]: Received coordination message: {'robot_name': 'robot5', 'completed_fragment': 'fm7-2', 'state': {'position': {'x': 0.0, 'y': 0.0, 'z': 0.0}, 'docked': True}}
[INFO] [1787839274.490452433] [multi3_coordinator_node]: Assigned fragment fm1-2 to robot robot5.
[INFO] [1787839274.519733663] [multi3_coordinator_node]: Received robot state update from robot robot5: {'operational_state': 'working', 'current_assigned_fragment': 'fm1-2', 'state': {'position': {'x': 0.0, 'y': 0.0, 'z': 0.0}, 'docked': True}}
[INFO] [1787839275.518127269] [multi3_coordinator_node]: Received coordination message: {'robot_name': 'robot2', 'completed_task': 'pick(o3-7,scan_area)'}
[INFO] [1787839276.504413596] [multi3_coordinator_node]: Received coordination message: {'robot_name': 'robot4', 'completed_task': 'move_to(o2-3,pack_area)'}
[INFO] [1787839277.018092745] [multi3_coordinator_node]: Received coordination message: {'robot_name': 'robot1', 'completed_task': 'pick(o4-5,scan_area)'}
[INFO] [1787839282.538712979] [multi3_coordinator_node]: Fragment fm1-3 is now executable because all signal messages were received.
[INFO] [1787839282.541310098] [multi3_coordinator_node]: Received coordination message: {'robot_name': 'robot5', 'completed_task': 'scan(o1-1)'}
[INFO] [1787839282.545044125] [multi3_coordinator_node]: Received robot state update from robot robot5: {'operational_state': 'idle', 'current_assigned_fragment': None, 'state': {'position': {'x': 0.0, 'y': 0.0, 'z': 0.0}, 'docked': True}}
[INFO] [1787839282.548191035] [multi3_coordinator_node]: Received coordination message: {'robot_name': 'robot5', 'completed_fragment': 'fm1-2', 'state': {'position': {'x': 0.0, 'y': 0.0, 'z': 0.0}, 'docked': True}}
[INFO] [1787839283.489460534] [multi3_coordinator_node]: Assigned fragment fm7-11 to robot robot5.
[INFO] [1787839283.502753737] [multi3_coordinator_node]: Received robot state update from robot robot5: {'operational_state': 'working', 'current_assigned_fragment': 'fm7-11', 'state': {'position': {'x': 0.0, 'y': 0.0, 'z': 0.0}, 'docked': True}}
[INFO] [1787839284.011866494] [multi3_coordinator_node]: Received coordination message: {'robot_name': 'robot2', 'completed_task': 'move_to(o3-7,pack_area)'}
[INFO] [1787839284.523198751] [multi3_coordinator_node]: Received coordination message: {'robot_name': 'robot4', 'completed_task': 'place(o2-3,pack_area)'}
[INFO] [1787839284.524721015] [multi3_coordinator_node]: Received robot state update from robot robot4: {'operational_state': 'idle', 'current_assigned_fragment': None, 'state': {'position': {'x': 8, 'y': 8, 'z': 0.0}, 'docked': False}}
[INFO] [1787839284.525821885] [multi3_coordinator_node]: Received coordination message: {'robot_name': 'robot4', 'completed_fragment': 'fm3-6', 'state': {'position': {'x': 8, 'y': 8, 'z': 0.0}, 'docked': False}}
[INFO] [1787839285.016300115] [multi3_coordinator_node]: Received coordination message: {'robot_name': 'robot3', 'completed_task': 'pick(o1-7,scan_area)'}
[INFO] [1787839285.486192113] [multi3_coordinator_node]: Assigned fragment fm1-3 to robot robot4.
[INFO] [1787839285.494449356] [multi3_coordinator_node]: Received robot state update from robot robot4: {'operational_state': 'working', 'current_assigned_fragment': 'fm1-3', 'state': {'position': {'x': 8, 'y': 8, 'z': 0.0}, 'docked': False}}
[INFO] [1787839285.511437749] [multi3_coordinator_node]: Received coordination message: {'robot_name': 'robot1', 'completed_task': 'move_to(o4-5,pack_area)'}
[INFO] [1787839291.522827606] [multi3_coordinator_node]: Fragment fm7-12 is now executable because all signal messages were received.
[INFO] [1787839291.524003627] [multi3_coordinator_node]: Received coordination message: {'robot_name': 'robot5', 'completed_task': 'scan(o4-7)'}
[INFO] [1787839291.526178788] [multi3_coordinator_node]: Received robot state update from robot robot5: {'operational_state': 'idle', 'current_assigned_fragment': None, 'state': {'position': {'x': 0.0, 'y': 0.0, 'z': 0.0}, 'docked': True}}
[INFO] [1787839291.528307901] [multi3_coordinator_node]: Received coordination message: {'robot_name': 'robot5', 'completed_fragment': 'fm7-11', 'state': {'position': {'x': 0.0, 'y': 0.0, 'z': 0.0}, 'docked': True}}
[INFO] [1787839292.035374537] [multi3_coordinator_node]: Received coordination message: {'robot_name': 'robot2', 'completed_task': 'place(o3-7,pack_area)'}
[INFO] [1787839292.038043053] [multi3_coordinator_node]: Received robot state update from robot robot2: {'operational_state': 'idle', 'current_assigned_fragment': None, 'state': {'position': {'x': 8, 'y': 8, 'z': 0.0}, 'docked': False}}
[INFO] [1787839292.039505882] [multi3_coordinator_node]: Received coordination message: {'robot_name': 'robot2', 'completed_fragment': 'fm7-9', 'state': {'position': {'x': 8, 'y': 8, 'z': 0.0}, 'docked': False}}
[INFO] [1787839292.491109623] [multi3_coordinator_node]: Assigned fragment fm7-12 to robot robot2.
[INFO] [1787839292.508230132] [multi3_coordinator_node]: Received robot state update from robot robot2: {'operational_state': 'working', 'current_assigned_fragment': 'fm7-12', 'state': {'position': {'x': 8, 'y': 8, 'z': 0.0}, 'docked': False}}
[INFO] [1787839293.510454176] [multi3_coordinator_node]: Received coordination message: {'robot_name': 'robot3', 'completed_task': 'move_to(o1-7,pack_area)'}
[INFO] [1787839294.532041903] [multi3_coordinator_node]: Received coordination message: {'robot_name': 'robot1', 'completed_task': 'place(o4-5,pack_area)'}
[INFO] [1787839294.534199294] [multi3_coordinator_node]: Received robot state update from robot robot1: {'operational_state': 'idle', 'current_assigned_fragment': None, 'state': {'position': {'x': 8, 'y': 8, 'z': 0.0}, 'docked': False}}
[INFO] [1787839294.535628820] [multi3_coordinator_node]: Received coordination message: {'robot_name': 'robot1', 'completed_fragment': 'fm5-12', 'state': {'position': {'x': 8, 'y': 8, 'z': 0.0}, 'docked': False}}
[INFO] [1787839295.489895291] [multi3_coordinator_node]: Assigned fragment fm7-10 to robot robot1.
[INFO] [1787839295.497777455] [multi3_coordinator_node]: Received robot state update from robot robot1: {'operational_state': 'working', 'current_assigned_fragment': 'fm7-10', 'state': {'position': {'x': 8, 'y': 8, 'z': 0.0}, 'docked': False}}
[INFO] [1787839307.011292677] [multi3_coordinator_node]: Received coordination message: {'robot_name': 'robot4', 'completed_task': 'pick(o1-1,scan_area)'}
[INFO] [1787839308.023940205] [multi3_coordinator_node]: Received coordination message: {'robot_name': 'robot2', 'completed_task': 'pick(o4-7,scan_area)'}
[INFO] [1787839308.530413884] [multi3_coordinator_node]: Received coordination message: {'robot_name': 'robot3', 'completed_task': 'place(o1-7,pack_area)'}
[INFO] [1787839308.533614712] [multi3_coordinator_node]: Received robot state update from robot robot3: {'operational_state': 'idle', 'current_assigned_fragment': None, 'state': {'position': {'x': 8, 'y': 8, 'z': 0.0}, 'docked': False}}
[INFO] [1787839308.535374249] [multi3_coordinator_node]: Received coordination message: {'robot_name': 'robot3', 'completed_fragment': 'fm7-3', 'state': {'position': {'x': 8, 'y': 8, 'z': 0.0}, 'docked': False}}
[INFO] [1787839309.490296762] [multi3_coordinator_node]: Assigned fragment fm7-1 to robot robot3.
[INFO] [1787839309.501686656] [multi3_coordinator_node]: Received robot state update from robot robot3: {'operational_state': 'working', 'current_assigned_fragment': 'fm7-1', 'state': {'position': {'x': 8, 'y': 8, 'z': 0.0}, 'docked': False}}
[INFO] [1787839312.725721284] [multi3_coordinator_node]: Received coordination message: {'robot_name': 'robot1', 'completed_task': 'pick(o4-7,shelf)'}
[INFO] [1787839315.507250102] [multi3_coordinator_node]: Received coordination message: {'robot_name': 'robot4', 'completed_task': 'move_to(o1-1,pack_area)'}
[INFO] [1787839316.518328800] [multi3_coordinator_node]: Received coordination message: {'robot_name': 'robot2', 'completed_task': 'move_to(o4-7,pack_area)'}
[INFO] [1787839318.392891271] [multi3_coordinator_node]: Received coordination message: {'robot_name': 'robot1', 'completed_task': 'move_to(o4-7,scan_area)'}
[INFO] [1787839323.539369220] [multi3_coordinator_node]: Received coordination message: {'robot_name': 'robot2', 'completed_task': 'place(o4-7,pack_area)'}
[INFO] [1787839323.541947807] [multi3_coordinator_node]: Received robot state update from robot robot2: {'operational_state': 'idle', 'current_assigned_fragment': None, 'state': {'position': {'x': 8, 'y': 8, 'z': 0.0}, 'docked': False}}
[INFO] [1787839323.543500935] [multi3_coordinator_node]: Received coordination message: {'robot_name': 'robot2', 'completed_fragment': 'fm7-12', 'state': {'position': {'x': 8, 'y': 8, 'z': 0.0}, 'docked': False}}
[INFO] [1787839324.490014562] [multi3_coordinator_node]: Assigned fragment fm7-7 to robot robot2.
[INFO] [1787839324.524305984] [multi3_coordinator_node]: Received robot state update from robot robot2: {'operational_state': 'working', 'current_assigned_fragment': 'fm7-7', 'state': {'position': {'x': 8, 'y': 8, 'z': 0.0}, 'docked': False}}
[INFO] [1787839325.415258890] [multi3_coordinator_node]: Received coordination message: {'robot_name': 'robot1', 'completed_task': 'place(o4-7,scan_area)'}
[INFO] [1787839325.417891784] [multi3_coordinator_node]: Received robot state update from robot robot1: {'operational_state': 'idle', 'current_assigned_fragment': None, 'state': {'position': {'x': 5, 'y': 5, 'z': 0.0}, 'docked': False}}
[INFO] [1787839325.419412368] [multi3_coordinator_node]: Received coordination message: {'robot_name': 'robot1', 'completed_fragment': 'fm7-10', 'state': {'position': {'x': 5, 'y': 5, 'z': 0.0}, 'docked': False}}
[INFO] [1787839325.491420783] [multi3_coordinator_node]: Assigned fragment fm3-1 to robot robot1.
[INFO] [1787839325.502347237] [multi3_coordinator_node]: Received robot state update from robot robot1: {'operational_state': 'working', 'current_assigned_fragment': 'fm3-1', 'state': {'position': {'x': 5, 'y': 5, 'z': 0.0}, 'docked': False}}
[INFO] [1787839328.528202282] [multi3_coordinator_node]: Fragment fm1-7 is now executable because all signal messages were received.
[INFO] [1787839328.529803643] [multi3_coordinator_node]: Received coordination message: {'robot_name': 'robot4', 'completed_task': 'place(o1-1,pack_area)'}
[INFO] [1787839328.531797609] [multi3_coordinator_node]: Received robot state update from robot robot4: {'operational_state': 'idle', 'current_assigned_fragment': None, 'state': {'position': {'x': 8, 'y': 8, 'z': 0.0}, 'docked': False}}
[INFO] [1787839328.534147098] [multi3_coordinator_node]: Received coordination message: {'robot_name': 'robot4', 'completed_fragment': 'fm1-3', 'state': {'position': {'x': 8, 'y': 8, 'z': 0.0}, 'docked': False}}
[INFO] [1787839329.489626154] [multi3_coordinator_node]: Assigned fragment fm3-7 to robot robot4.
[INFO] [1787839329.493527892] [multi3_coordinator_node]: Assigned fragment fm1-7 to robot robot6.
[INFO] [1787839329.505660668] [multi3_coordinator_node]: Received robot state update from robot robot6: {'operational_state': 'working', 'current_assigned_fragment': 'fm1-7', 'state': {'position': {'x': 0.0, 'y': 0.0, 'z': 0.0}, 'docked': True}}
[INFO] [1787839329.533329213] [multi3_coordinator_node]: Received robot state update from robot robot4: {'operational_state': 'working', 'current_assigned_fragment': 'fm3-7', 'state': {'position': {'x': 8, 'y': 8, 'z': 0.0}, 'docked': False}}
[INFO] [1787839330.302524897] [multi3_coordinator_node]: Received coordination message: {'robot_name': 'robot3', 'completed_task': 'pick(o1-7,shelf)'}
[INFO] [1787839333.141221026] [multi3_coordinator_node]: Received coordination message: {'robot_name': 'robot3', 'completed_task': 'move_to(o1-7,scan_area)'}
[INFO] [1787839340.534880680] [multi3_coordinator_node]: Received coordination message: {'robot_name': 'robot1', 'completed_task': 'pick(o1-3,shelf)'}
[INFO] [1787839343.164962231] [multi3_coordinator_node]: Received coordination message: {'robot_name': 'robot3', 'completed_task': 'place(o1-7,scan_area)'}
[INFO] [1787839343.167742981] [multi3_coordinator_node]: Received robot state update from robot robot3: {'operational_state': 'idle', 'current_assigned_fragment': None, 'state': {'position': {'x': 5, 'y': 5, 'z': 0.0}, 'docked': False}}
[INFO] [1787839343.169446832] [multi3_coordinator_node]: Received coordination message: {'robot_name': 'robot3', 'completed_fragment': 'fm7-1', 'state': {'position': {'x': 5, 'y': 5, 'z': 0.0}, 'docked': False}}
[INFO] [1787839343.319880923] [multi3_coordinator_node]: Received coordination message: {'robot_name': 'robot2', 'completed_task': 'pick(o3-7,shelf)'}
[INFO] [1787839343.489448728] [multi3_coordinator_node]: Assigned fragment fm5-4 to robot robot3.
[INFO] [1787839343.503547295] [multi3_coordinator_node]: Received robot state update from robot robot3: {'operational_state': 'working', 'current_assigned_fragment': 'fm5-4', 'state': {'position': {'x': 5, 'y': 5, 'z': 0.0}, 'docked': False}}
[INFO] [1787839346.003337257] [multi3_coordinator_node]: Received mission: {'mission': 'm4', 'priority': 1, 'fragments': [{'id': 'fm4-1', 'wait': [], 'tasks': [{'name': 'pick', 'label': 'pick(o1-4,shelf)', 'params': {'x': 2, 'y': 5, 'weight': 4}}, {'name': 'move_to', 'label': 'move_to(o1-4,scan_area)', 'params': {'x': 5, 'y': 5}}, {'name': 'place', 'label': 'place(o1-4,scan_area)', 'params': {'x': 5, 'y': 5, 'weight': 4}}], 'segment': 's1'}, {'id': 'fm4-2', 'wait': ['place(o1-4,scan_area)'], 'tasks': [{'name': 'scan', 'label': 'scan(o1-4)', 'params': {}}], 'segment': 's1'}, {'id': 'fm4-3', 'wait': ['scan(o1-4)'], 'tasks': [{'name': 'pick', 'label': 'pick(o1-4,scan_area)', 'params': {'x': 5, 'y': 5, 'weight': 4}}, {'name': 'move_to', 'label': 'move_to(o1-4,pack_area)', 'params': {'x': 8, 'y': 8}}, {'name': 'place', 'label': 'place(o1-4,pack_area)', 'params': {'x': 8, 'y': 8, 'weight': 4}}], 'segment': 's1'}, {'id': 'fm4-4', 'wait': [], 'tasks': [{'name': 'pick', 'label': 'pick(o2-4,shelf)', 'params': {'x': 3, 'y': 3, 'weight': 3}}, {'name': 'move_to', 'label': 'move_to(o2-4,scan_area)', 'params': {'x': 5, 'y': 5}}, {'name': 'place', 'label': 'place(o2-4,scan_area)', 'params': {'x': 5, 'y': 5, 'weight': 3}}], 'segment': 's2'}, {'id': 'fm4-5', 'wait': ['place(o2-4,scan_area)'], 'tasks': [{'name': 'scan', 'label': 'scan(o2-4)', 'params': {}}], 'segment': 's2'}, {'id': 'fm4-6', 'wait': ['scan(o2-4)'], 'tasks': [{'name': 'pick', 'label': 'pick(o2-4,scan_area)', 'params': {'x': 5, 'y': 5, 'weight': 3}}, {'name': 'move_to', 'label': 'move_to(o2-4,pack_area)', 'params': {'x': 8, 'y': 8}}, {'name': 'place', 'label': 'place(o2-4,pack_area)', 'params': {'x': 8, 'y': 8, 'weight': 3}}], 'segment': 's2'}, {'id': 'fm4-7', 'wait': [], 'tasks': [{'name': 'pick', 'label': 'pick(o3-4,shelf)', 'params': {'x': 2, 'y': 8, 'weight': 5}}, {'name': 'move_to', 'label': 'move_to(o3-4,scan_area)', 'params': {'x': 5, 'y': 5}}, {'name': 'place', 'label': 'place(o3-4,scan_area)', 'params': {'x': 5, 'y': 5, 'weight': 5}}], 'segment': 's3'}, {'id': 'fm4-8', 'wait': ['place(o3-4,scan_area)'], 'tasks': [{'name': 'scan', 'label': 'scan(o3-4)', 'params': {}}], 'segment': 's3'}, {'id': 'fm4-9', 'wait': ['scan(o3-4)'], 'tasks': [{'name': 'pick', 'label': 'pick(o3-4,scan_area)', 'params': {'x': 5, 'y': 5, 'weight': 5}}, {'name': 'move_to', 'label': 'move_to(o3-4,pack_area)', 'params': {'x': 8, 'y': 8}}, {'name': 'place', 'label': 'place(o3-4,pack_area)', 'params': {'x': 8, 'y': 8, 'weight': 5}}], 'segment': 's3'}, {'id': 'fm4-10', 'wait': ['place(o1-4,pack_area)', 'place(o2-4,pack_area)', 'place(o3-4,pack_area)'], 'tasks': [{'name': 'pack', 'label': 'pack(o1-4,o2-4,o3-4)', 'params': {'items': 3}}], 'segment': ''}, {'id': 'fm4-11', 'wait': ['pack(o1-4,o2-4,o3-4)'], 'tasks': [{'name': 'load_pack', 'label': 'load_pack(p3)', 'params': {'x': 8, 'y': 8, 'weight': 10}}, {'name': 'move_to', 'label': 'move_to(deliver_area)', 'params': {'x': 10, 'y': 10}}, {'name': 'unload_pack', 'label': 'unload_pack(p3)', 'params': {'x': 10, 'y': 10, 'weight': 10}}], 'segment': ''}]}
[INFO] [1787839346.004994078] [multi3_coordinator_node]: Fragment fm4-1 is now executable because all signal messages were received.
[INFO] [1787839346.006832554] [multi3_coordinator_node]: Fragment fm4-4 is now executable because all signal messages were received.
[INFO] [1787839346.008597927] [multi3_coordinator_node]: Fragment fm4-7 is now executable because all signal messages were received.
[INFO] [1787839346.819735224] [multi3_coordinator_node]: Received mission: {'mission': 'm6', 'priority': 1, 'fragments': [{'id': 'fm6-1', 'wait': [], 'tasks': [{'name': 'pick', 'label': 'pick(o1-6,shelf)', 'params': {'x': 5, 'y': 1, 'weight': 10}}, {'name': 'move_to', 'label': 'move_to(o1-6,scan_area)', 'params': {'x': 5, 'y': 5}}, {'name': 'place', 'label': 'place(o1-6,scan_area)', 'params': {'x': 5, 'y': 5, 'weight': 10}}], 'segment': 's1'}, {'id': 'fm6-2', 'wait': ['place(o1-6,scan_area)'], 'tasks': [{'name': 'scan', 'label': 'scan(o1-6)', 'params': {}}], 'segment': 's1'}, {'id': 'fm6-3', 'wait': ['scan(o1-6)'], 'tasks': [{'name': 'pick', 'label': 'pick(o1-6,scan_area)', 'params': {'x': 5, 'y': 5, 'weight': 10}}, {'name': 'move_to', 'label': 'move_to(o1-6,pack_area)', 'params': {'x': 8, 'y': 8}}, {'name': 'place', 'label': 'place(o1-6,pack_area)', 'params': {'x': 8, 'y': 8, 'weight': 10}}], 'segment': 's1'}, {'id': 'fm6-4', 'wait': [], 'tasks': [{'name': 'pick', 'label': 'pick(o2-6,shelf)', 'params': {'x': 1, 'y': 3, 'weight': 3}}, {'name': 'move_to', 'label': 'move_to(o2-6,scan_area)', 'params': {'x': 5, 'y': 5}}, {'name': 'place', 'label': 'place(o2-6,scan_area)', 'params': {'x': 5, 'y': 5, 'weight': 3}}], 'segment': 's2'}, {'id': 'fm6-5', 'wait': ['place(o2-6,scan_area)'], 'tasks': [{'name': 'scan', 'label': 'scan(o2-6)', 'params': {}}], 'segment': 's2'}, {'id': 'fm6-6', 'wait': ['scan(o2-6)'], 'tasks': [{'name': 'pick', 'label': 'pick(o2-6,scan_area)', 'params': {'x': 5, 'y': 5, 'weight': 3}}, {'name': 'move_to', 'label': 'move_to(o2-6,pack_area)', 'params': {'x': 8, 'y': 8}}, {'name': 'place', 'label': 'place(o2-6,pack_area)', 'params': {'x': 8, 'y': 8, 'weight': 3}}], 'segment': 's2'}, {'id': 'fm6-7', 'wait': [], 'tasks': [{'name': 'pick', 'label': 'pick(o3-6,shelf)', 'params': {'x': 2, 'y': 4, 'weight': 5}}, {'name': 'move_to', 'label': 'move_to(o3-6,scan_area)', 'params': {'x': 5, 'y': 5}}, {'name': 'place', 'label': 'place(o3-6,scan_area)', 'params': {'x': 5, 'y': 5, 'weight': 5}}], 'segment': 's3'}, {'id': 'fm6-8', 'wait': ['place(o3-6,scan_area)'], 'tasks': [{'name': 'scan', 'label': 'scan(o3-6)', 'params': {}}], 'segment': 's3'}, {'id': 'fm6-9', 'wait': ['scan(o3-6)'], 'tasks': [{'name': 'pick', 'label': 'pick(o3-6,scan_area)', 'params': {'x': 5, 'y': 5, 'weight': 5}}, {'name': 'move_to', 'label': 'move_to(o3-6,pack_area)', 'params': {'x': 8, 'y': 8}}, {'name': 'place', 'label': 'place(o3-6,pack_area)', 'params': {'x': 8, 'y': 8, 'weight': 5}}], 'segment': 's3'}, {'id': 'fm6-10', 'wait': [], 'tasks': [{'name': 'pick', 'label': 'pick(o4-6,shelf)', 'params': {'x': 1, 'y': 1, 'weight': 4}}, {'name': 'move_to', 'label': 'move_to(o4-6,scan_area)', 'params': {'x': 5, 'y': 5}}, {'name': 'place', 'label': 'place(o4-6,scan_area)', 'params': {'x': 5, 'y': 5, 'weight': 4}}], 'segment': 's4'}, {'id': 'fm6-11', 'wait': ['place(o4-6,scan_area)'], 'tasks': [{'name': 'scan', 'label': 'scan(o4-6)', 'params': {}}], 'segment': 's4'}, {'id': 'fm6-12', 'wait': ['scan(o4-6)'], 'tasks': [{'name': 'pick', 'label': 'pick(o4-6,scan_area)', 'params': {'x': 5, 'y': 5, 'weight': 4}}, {'name': 'move_to', 'label': 'move_to(o4-6,pack_area)', 'params': {'x': 8, 'y': 8}}, {'name': 'place', 'label': 'place(o4-6,pack_area)', 'params': {'x': 8, 'y': 8, 'weight': 4}}], 'segment': 's4'}, {'id': 'fm6-13', 'wait': ['place(o1-6,pack_area)', 'place(o2-6,pack_area)', 'place(o3-6,pack_area)', 'place(o4-6,pack_area)'], 'tasks': [{'name': 'pack', 'label': 'pack(o1-6,o2-6,o3-6,o4-6)', 'params': {'items': 4}}], 'segment': ''}, {'id': 'fm6-14', 'wait': ['pack(o1-6,o2-6,o3-6,o4-6)'], 'tasks': [{'name': 'load_pack', 'label': 'load_pack(p6)', 'params': {'x': 8, 'y': 8, 'weight': 22}}, {'name': 'move_to', 'label': 'move_to(deliver_area)', 'params': {'x': 10, 'y': 10}}, {'name': 'unload_pack', 'label': 'unload_pack(p6)', 'params': {'x': 10, 'y': 10, 'weight': 22}}], 'segment': ''}]}
[INFO] [1787839346.822051874] [multi3_coordinator_node]: Fragment fm6-1 is now executable because all signal messages were received.
[INFO] [1787839346.824174835] [multi3_coordinator_node]: Fragment fm6-4 is now executable because all signal messages were received.
[INFO] [1787839346.826038863] [multi3_coordinator_node]: Fragment fm6-7 is now executable because all signal messages were received.
[INFO] [1787839346.827581952] [multi3_coordinator_node]: Fragment fm6-10 is now executable because all signal messages were received.
[INFO] [1787839348.529933527] [multi3_coordinator_node]: Fragment fm1-8 is now executable because all signal messages were received.
[INFO] [1787839348.531109340] [multi3_coordinator_node]: Received coordination message: {'robot_name': 'robot6', 'completed_task': 'pack(o1-1,o2-1)'}
[INFO] [1787839348.532725011] [multi3_coordinator_node]: Received robot state update from robot robot6: {'operational_state': 'idle', 'current_assigned_fragment': None, 'state': {'position': {'x': 0.0, 'y': 0.0, 'z': 0.0}, 'docked': True}}
[INFO] [1787839348.533430929] [multi3_coordinator_node]: Received coordination message: {'robot_name': 'robot6', 'completed_fragment': 'fm1-7', 'state': {'position': {'x': 0.0, 'y': 0.0, 'z': 0.0}, 'docked': True}}
[INFO] [1787839348.990694711] [multi3_coordinator_node]: Received coordination message: {'robot_name': 'robot2', 'completed_task': 'move_to(o3-7,scan_area)'}
[INFO] [1787839349.032698385] [multi3_coordinator_node]: Received coordination message: {'robot_name': 'robot1', 'completed_task': 'move_to(o1-3,scan_area)'}
[INFO] [1787839349.490257268] [multi3_coordinator_node]: Assigned fragment fm1-8 to robot robot7.
[INFO] [1787839349.510328448] [multi3_coordinator_node]: Received robot state update from robot robot7: {'operational_state': 'working', 'current_assigned_fragment': 'fm1-8', 'state': {'position': {'x': 0.0, 'y': 0.0, 'z': 0.0}, 'docked': True}}
[INFO] [1787839351.564696977] [multi3_coordinator_node]: Received coordination message: {'robot_name': 'robot4', 'completed_task': 'pick(o3-3,shelf)'}
[INFO] [1787839357.014593270] [multi3_coordinator_node]: Received coordination message: {'robot_name': 'robot2', 'completed_task': 'place(o3-7,scan_area)'}
[INFO] [1787839357.017329384] [multi3_coordinator_node]: Received robot state update from robot robot2: {'operational_state': 'idle', 'current_assigned_fragment': None, 'state': {'position': {'x': 5, 'y': 5, 'z': 0.0}, 'docked': False}}
[INFO] [1787839357.019504899] [multi3_coordinator_node]: Received coordination message: {'robot_name': 'robot2', 'completed_fragment': 'fm7-7', 'state': {'position': {'x': 5, 'y': 5, 'z': 0.0}, 'docked': False}}
[INFO] [1787839357.490086434] [multi3_coordinator_node]: Assigned fragment fm4-4 to robot robot2.
[INFO] [1787839357.501453548] [multi3_coordinator_node]: Received robot state update from robot robot2: {'operational_state': 'working', 'current_assigned_fragment': 'fm4-4', 'state': {'position': {'x': 5, 'y': 5, 'z': 0.0}, 'docked': False}}
[INFO] [1787839357.526997171] [multi3_coordinator_node]: Received coordination message: {'robot_name': 'robot3', 'completed_task': 'pick(o2-5,shelf)'}
[INFO] [1787839357.531977517] [multi3_coordinator_node]: Received coordination message: {'robot_name': 'robot3', 'completed_task': 'move_to(o2-5,scan_area)'}
[INFO] [1787839358.056600735] [multi3_coordinator_node]: Fragment fm3-2 is now executable because all signal messages were received.
[INFO] [1787839358.058072406] [multi3_coordinator_node]: Received coordination message: {'robot_name': 'robot1', 'completed_task': 'place(o1-3,scan_area)'}
[INFO] [1787839358.060707362] [multi3_coordinator_node]: Received robot state update from robot robot1: {'operational_state': 'idle', 'current_assigned_fragment': None, 'state': {'position': {'x': 5, 'y': 5, 'z': 0.0}, 'docked': False}}
[INFO] [1787839358.062198243] [multi3_coordinator_node]: Received coordination message: {'robot_name': 'robot1', 'completed_fragment': 'fm3-1', 'state': {'position': {'x': 5, 'y': 5, 'z': 0.0}, 'docked': False}}
[INFO] [1787839358.488718219] [multi3_coordinator_node]: Assigned fragment fm4-1 to robot robot1.
[INFO] [1787839358.491656320] [multi3_coordinator_node]: Assigned fragment fm3-2 to robot robot5.
[INFO] [1787839358.504963312] [multi3_coordinator_node]: Received robot state update from robot robot5: {'operational_state': 'working', 'current_assigned_fragment': 'fm3-2', 'state': {'position': {'x': 0.0, 'y': 0.0, 'z': 0.0}, 'docked': True}}
[INFO] [1787839358.519797379] [multi3_coordinator_node]: Received robot state update from robot robot1: {'operational_state': 'working', 'current_assigned_fragment': 'fm4-1', 'state': {'position': {'x': 5, 'y': 5, 'z': 0.0}, 'docked': False}}
[INFO] [1787839360.061753328] [multi3_coordinator_node]: Received coordination message: {'robot_name': 'robot4', 'completed_task': 'move_to(o3-3,scan_area)'}
[INFO] [1787839365.551773903] [multi3_coordinator_node]: Fragment fm5-5 is now executable because all signal messages were received.
[INFO] [1787839365.553011436] [multi3_coordinator_node]: Received coordination message: {'robot_name': 'robot3', 'completed_task': 'place(o2-5,scan_area)'}
[INFO] [1787839365.554986607] [multi3_coordinator_node]: Received robot state update from robot robot3: {'operational_state': 'idle', 'current_assigned_fragment': None, 'state': {'position': {'x': 5, 'y': 5, 'z': 0.0}, 'docked': False}}
[INFO] [1787839365.556534322] [multi3_coordinator_node]: Received coordination message: {'robot_name': 'robot3', 'completed_fragment': 'fm5-4', 'state': {'position': {'x': 5, 'y': 5, 'z': 0.0}, 'docked': False}}
[INFO] [1787839366.490021826] [multi3_coordinator_node]: Assigned fragment fm7-4 to robot robot3.
[INFO] [1787839366.502082500] [multi3_coordinator_node]: Received robot state update from robot robot3: {'operational_state': 'working', 'current_assigned_fragment': 'fm7-4', 'state': {'position': {'x': 5, 'y': 5, 'z': 0.0}, 'docked': False}}
[INFO] [1787839368.533465348] [multi3_coordinator_node]: Fragment fm3-3 is now executable because all signal messages were received.
[INFO] [1787839368.534897609] [multi3_coordinator_node]: Received coordination message: {'robot_name': 'robot5', 'completed_task': 'scan(o1-3)'}
[INFO] [1787839368.537485843] [multi3_coordinator_node]: Received robot state update from robot robot5: {'operational_state': 'idle', 'current_assigned_fragment': None, 'state': {'position': {'x': 0.0, 'y': 0.0, 'z': 0.0}, 'docked': True}}
[INFO] [1787839368.539650544] [multi3_coordinator_node]: Received coordination message: {'robot_name': 'robot5', 'completed_fragment': 'fm3-2', 'state': {'position': {'x': 0.0, 'y': 0.0, 'z': 0.0}, 'docked': True}}
[INFO] [1787839369.486692405] [multi3_coordinator_node]: Assigned fragment fm5-5 to robot robot5.
[INFO] [1787839369.493480768] [multi3_coordinator_node]: Received robot state update from robot robot5: {'operational_state': 'working', 'current_assigned_fragment': 'fm5-5', 'state': {'position': {'x': 0.0, 'y': 0.0, 'z': 0.0}, 'docked': True}}
[INFO] [1787839370.081315041] [multi3_coordinator_node]: Fragment fm3-8 is now executable because all signal messages were received.
[INFO] [1787839370.083128114] [multi3_coordinator_node]: Received coordination message: {'robot_name': 'robot4', 'completed_task': 'place(o3-3,scan_area)'}
[INFO] [1787839370.086403998] [multi3_coordinator_node]: Received robot state update from robot robot4: {'operational_state': 'idle', 'current_assigned_fragment': None, 'state': {'position': {'x': 5, 'y': 5, 'z': 0.0}, 'docked': False}}
[INFO] [1787839370.087781660] [multi3_coordinator_node]: Received coordination message: {'robot_name': 'robot4', 'completed_fragment': 'fm3-7', 'state': {'position': {'x': 5, 'y': 5, 'z': 0.0}, 'docked': False}}
[INFO] [1787839370.488679718] [multi3_coordinator_node]: Assigned fragment fm3-3 to robot robot4.
[INFO] [1787839370.497954904] [multi3_coordinator_node]: Received robot state update from robot robot4: {'operational_state': 'working', 'current_assigned_fragment': 'fm3-3', 'state': {'position': {'x': 5, 'y': 5, 'z': 0.0}, 'docked': False}}
[INFO] [1787839371.187873766] [multi3_coordinator_node]: Received coordination message: {'robot_name': 'robot2', 'completed_task': 'pick(o2-4,shelf)'}
[INFO] [1787839373.546318661] [multi3_coordinator_node]: Received coordination message: {'robot_name': 'robot1', 'completed_task': 'pick(o1-4,shelf)'}
[INFO] [1787839376.858841248] [multi3_coordinator_node]: Received coordination message: {'robot_name': 'robot2', 'completed_task': 'move_to(o2-4,scan_area)'}
[INFO] [1787839377.531425016] [multi3_coordinator_node]: Fragment fm5-6 is now executable because all signal messages were received.
[INFO] [1787839377.532782113] [multi3_coordinator_node]: Received coordination message: {'robot_name': 'robot5', 'completed_task': 'scan(o2-5)'}
[INFO] [1787839377.535088884] [multi3_coordinator_node]: Received robot state update from robot robot5: {'operational_state': 'idle', 'current_assigned_fragment': None, 'state': {'position': {'x': 0.0, 'y': 0.0, 'z': 0.0}, 'docked': True}}
[INFO] [1787839377.536214324] [multi3_coordinator_node]: Received coordination message: {'robot_name': 'robot5', 'completed_fragment': 'fm5-5', 'state': {'position': {'x': 0.0, 'y': 0.0, 'z': 0.0}, 'docked': True}}
[INFO] [1787839378.488996807] [multi3_coordinator_node]: Assigned fragment fm3-8 to robot robot5.
[INFO] [1787839378.499942477] [multi3_coordinator_node]: Received robot state update from robot robot5: {'operational_state': 'working', 'current_assigned_fragment': 'fm3-8', 'state': {'position': {'x': 0.0, 'y': 0.0, 'z': 0.0}, 'docked': True}}
[INFO] [1787839379.514611220] [multi3_coordinator_node]: Received coordination message: {'robot_name': 'robot4', 'completed_task': 'pick(o1-3,scan_area)'}
[INFO] [1787839380.856883676] [multi3_coordinator_node]: Received coordination message: {'robot_name': 'robot3', 'completed_task': 'pick(o2-7,shelf)'}
[INFO] [1787839382.044750823] [multi3_coordinator_node]: Received coordination message: {'robot_name': 'robot1', 'completed_task': 'move_to(o1-4,scan_area)'}
[INFO] [1787839384.881620797] [multi3_coordinator_node]: Fragment fm4-5 is now executable because all signal messages were received.
[INFO] [1787839384.883149684] [multi3_coordinator_node]: Received coordination message: {'robot_name': 'robot2', 'completed_task': 'place(o2-4,scan_area)'}
[INFO] [1787839384.885740207] [multi3_coordinator_node]: Received robot state update from robot robot2: {'operational_state': 'idle', 'current_assigned_fragment': None, 'state': {'position': {'x': 5, 'y': 5, 'z': 0.0}, 'docked': False}}
[INFO] [1787839384.887107699] [multi3_coordinator_node]: Received coordination message: {'robot_name': 'robot2', 'completed_fragment': 'fm4-4', 'state': {'position': {'x': 5, 'y': 5, 'z': 0.0}, 'docked': False}}
[INFO] [1787839385.489748922] [multi3_coordinator_node]: Assigned fragment fm5-6 to robot robot2.
[INFO] [1787839385.517683879] [multi3_coordinator_node]: Received robot state update from robot robot2: {'operational_state': 'working', 'current_assigned_fragment': 'fm5-6', 'state': {'position': {'x': 5, 'y': 5, 'z': 0.0}, 'docked': False}}
[INFO] [1787839386.522666945] [multi3_coordinator_node]: Fragment fm3-9 is now executable because all signal messages were received.
[INFO] [1787839386.523961910] [multi3_coordinator_node]: Received coordination message: {'robot_name': 'robot5', 'completed_task': 'scan(o3-3)'}
[INFO] [1787839386.526198946] [multi3_coordinator_node]: Received robot state update from robot robot5: {'operational_state': 'idle', 'current_assigned_fragment': None, 'state': {'position': {'x': 0.0, 'y': 0.0, 'z': 0.0}, 'docked': True}}
[INFO] [1787839386.530207981] [multi3_coordinator_node]: Received coordination message: {'robot_name': 'robot5', 'completed_fragment': 'fm3-8', 'state': {'position': {'x': 0.0, 'y': 0.0, 'z': 0.0}, 'docked': True}}
[INFO] [1787839387.490535488] [multi3_coordinator_node]: Assigned fragment fm4-5 to robot robot5.
[INFO] [1787839387.503564907] [multi3_coordinator_node]: Received robot state update from robot robot5: {'operational_state': 'working', 'current_assigned_fragment': 'fm4-5', 'state': {'position': {'x': 0.0, 'y': 0.0, 'z': 0.0}, 'docked': True}}
[INFO] [1787839388.013759802] [multi3_coordinator_node]: Received coordination message: {'robot_name': 'robot4', 'completed_task': 'move_to(o1-3,pack_area)'}
[INFO] [1787839389.352434992] [multi3_coordinator_node]: Received coordination message: {'robot_name': 'robot3', 'completed_task': 'move_to(o2-7,scan_area)'}
[INFO] [1787839391.063818831] [multi3_coordinator_node]: Fragment fm4-2 is now executable because all signal messages were received.
[INFO] [1787839391.065706298] [multi3_coordinator_node]: Received coordination message: {'robot_name': 'robot1', 'completed_task': 'place(o1-4,scan_area)'}
[INFO] [1787839391.068216233] [multi3_coordinator_node]: Received robot state update from robot robot1: {'operational_state': 'idle', 'current_assigned_fragment': None, 'state': {'position': {'x': 5, 'y': 5, 'z': 0.0}, 'docked': False}}
[INFO] [1787839391.069704087] [multi3_coordinator_node]: Received coordination message: {'robot_name': 'robot1', 'completed_fragment': 'fm4-1', 'state': {'position': {'x': 5, 'y': 5, 'z': 0.0}, 'docked': False}}
[INFO] [1787839391.489628250] [multi3_coordinator_node]: Assigned fragment fm3-9 to robot robot1.
[INFO] [1787839391.524762403] [multi3_coordinator_node]: Received robot state update from robot robot1: {'operational_state': 'working', 'current_assigned_fragment': 'fm3-9', 'state': {'position': {'x': 5, 'y': 5, 'z': 0.0}, 'docked': False}}
[INFO] [1787839393.184772773] [multi3_coordinator_node]: Received coordination message: {'robot_name': 'robot7', 'completed_task': 'load_pack(p1)'}
[INFO] [1787839393.537862719] [multi3_coordinator_node]: Received coordination message: {'robot_name': 'robot2', 'completed_task': 'pick(o2-5,scan_area)'}
[INFO] [1787839395.521361073] [multi3_coordinator_node]: Fragment fm4-6 is now executable because all signal messages were received.
[INFO] [1787839395.521933849] [multi3_coordinator_node]: Received coordination message: {'robot_name': 'robot5', 'completed_task': 'scan(o2-4)'}
[INFO] [1787839395.522748503] [multi3_coordinator_node]: Received robot state update from robot robot5: {'operational_state': 'idle', 'current_assigned_fragment': None, 'state': {'position': {'x': 0.0, 'y': 0.0, 'z': 0.0}, 'docked': True}}
[INFO] [1787839395.523263746] [multi3_coordinator_node]: Received coordination message: {'robot_name': 'robot5', 'completed_fragment': 'fm4-5', 'state': {'position': {'x': 0.0, 'y': 0.0, 'z': 0.0}, 'docked': True}}
[INFO] [1787839396.487840143] [multi3_coordinator_node]: Assigned fragment fm4-2 to robot robot5.
[INFO] [1787839396.500712901] [multi3_coordinator_node]: Received robot state update from robot robot5: {'operational_state': 'working', 'current_assigned_fragment': 'fm4-2', 'state': {'position': {'x': 0.0, 'y': 0.0, 'z': 0.0}, 'docked': True}}
[INFO] [1787839397.036411105] [multi3_coordinator_node]: Received coordination message: {'robot_name': 'robot4', 'completed_task': 'place(o1-3,pack_area)'}
[INFO] [1787839397.039183051] [multi3_coordinator_node]: Received robot state update from robot robot4: {'operational_state': 'idle', 'current_assigned_fragment': None, 'state': {'position': {'x': 8, 'y': 8, 'z': 0.0}, 'docked': False}}
[INFO] [1787839397.040762811] [multi3_coordinator_node]: Received coordination message: {'robot_name': 'robot4', 'completed_fragment': 'fm3-3', 'state': {'position': {'x': 8, 'y': 8, 'z': 0.0}, 'docked': False}}
[INFO] [1787839397.374704676] [multi3_coordinator_node]: Fragment fm7-5 is now executable because all signal messages were received.
[INFO] [1787839397.376407585] [multi3_coordinator_node]: Received coordination message: {'robot_name': 'robot3', 'completed_task': 'place(o2-7,scan_area)'}
[INFO] [1787839397.378851564] [multi3_coordinator_node]: Received robot state update from robot robot3: {'operational_state': 'idle', 'current_assigned_fragment': None, 'state': {'position': {'x': 5, 'y': 5, 'z': 0.0}, 'docked': False}}
[INFO] [1787839397.380802708] [multi3_coordinator_node]: Received coordination message: {'robot_name': 'robot3', 'completed_fragment': 'fm7-4', 'state': {'position': {'x': 5, 'y': 5, 'z': 0.0}, 'docked': False}}
[INFO] [1787839397.490121647] [multi3_coordinator_node]: Assigned fragment fm4-6 to robot robot3.
[INFO] [1787839397.495801268] [multi3_coordinator_node]: Assigned fragment fm4-7 to robot robot4.
[INFO] [1787839397.507190143] [multi3_coordinator_node]: Received robot state update from robot robot4: {'operational_state': 'working', 'current_assigned_fragment': 'fm4-7', 'state': {'position': {'x': 8, 'y': 8, 'z': 0.0}, 'docked': False}}
[INFO] [1787839397.509267245] [multi3_coordinator_node]: Received robot state update from robot robot3: {'operational_state': 'working', 'current_assigned_fragment': 'fm4-6', 'state': {'position': {'x': 5, 'y': 5, 'z': 0.0}, 'docked': False}}
[INFO] [1787839398.854228974] [multi3_coordinator_node]: Received coordination message: {'robot_name': 'robot7', 'completed_task': 'move_to(deliver_area)'}
[INFO] [1787839401.542625318] [multi3_coordinator_node]: Received coordination message: {'robot_name': 'robot1', 'completed_task': 'pick(o3-3,scan_area)'}
[INFO] [1787839402.033455690] [multi3_coordinator_node]: Received coordination message: {'robot_name': 'robot2', 'completed_task': 'move_to(o2-5,pack_area)'}
[INFO] [1787839404.523851564] [multi3_coordinator_node]: Fragment fm4-3 is now executable because all signal messages were received.
[INFO] [1787839404.525461543] [multi3_coordinator_node]: Received coordination message: {'robot_name': 'robot5', 'completed_task': 'scan(o1-4)'}
[INFO] [1787839404.527440317] [multi3_coordinator_node]: Received robot state update from robot robot5: {'operational_state': 'idle', 'current_assigned_fragment': None, 'state': {'position': {'x': 0.0, 'y': 0.0, 'z': 0.0}, 'docked': True}}
[INFO] [1787839404.529390517] [multi3_coordinator_node]: Received coordination message: {'robot_name': 'robot5', 'completed_fragment': 'fm4-2', 'state': {'position': {'x': 0.0, 'y': 0.0, 'z': 0.0}, 'docked': True}}
[INFO] [1787839405.490437996] [multi3_coordinator_node]: Assigned fragment fm7-5 to robot robot5.
[INFO] [1787839405.509762829] [multi3_coordinator_node]: Received robot state update from robot robot5: {'operational_state': 'working', 'current_assigned_fragment': 'fm7-5', 'state': {'position': {'x': 0.0, 'y': 0.0, 'z': 0.0}, 'docked': True}}
[INFO] [1787839405.528266941] [multi3_coordinator_node]: Received coordination message: {'robot_name': 'robot3', 'completed_task': 'pick(o2-4,scan_area)'}
[INFO] [1787839410.040833094] [multi3_coordinator_node]: Received coordination message: {'robot_name': 'robot1', 'completed_task': 'move_to(o3-3,pack_area)'}
[INFO] [1787839410.054209802] [multi3_coordinator_node]: Fragment fm5-13 is now executable because all signal messages were received.
[INFO] [1787839410.055738447] [multi3_coordinator_node]: Received coordination message: {'robot_name': 'robot2', 'completed_task': 'place(o2-5,pack_area)'}
[INFO] [1787839410.057744953] [multi3_coordinator_node]: Received robot state update from robot robot2: {'operational_state': 'idle', 'current_assigned_fragment': None, 'state': {'position': {'x': 8, 'y': 8, 'z': 0.0}, 'docked': False}}
[INFO] [1787839410.059280114] [multi3_coordinator_node]: Received coordination message: {'robot_name': 'robot2', 'completed_fragment': 'fm5-6', 'state': {'position': {'x': 8, 'y': 8, 'z': 0.0}, 'docked': False}}
[INFO] [1787839410.488348785] [multi3_coordinator_node]: Assigned fragment fm4-3 to robot robot2.
[INFO] [1787839410.493333936] [multi3_coordinator_node]: Assigned fragment fm5-13 to robot robot6.
[INFO] [1787839410.501116236] [multi3_coordinator_node]: Received robot state update from robot robot2: {'operational_state': 'working', 'current_assigned_fragment': 'fm4-3', 'state': {'position': {'x': 8, 'y': 8, 'z': 0.0}, 'docked': False}}
[INFO] [1787839410.505834324] [multi3_coordinator_node]: Received robot state update from robot robot6: {'operational_state': 'working', 'current_assigned_fragment': 'fm5-13', 'state': {'position': {'x': 0.0, 'y': 0.0, 'z': 0.0}, 'docked': True}}
[INFO] [1787839411.872724221] [multi3_coordinator_node]: Received coordination message: {'robot_name': 'robot7', 'completed_task': 'unload_pack(p1)'}
[INFO] [1787839411.873890880] [multi3_coordinator_node]: Received robot state update from robot robot7: {'operational_state': 'idle', 'current_assigned_fragment': None, 'state': {'position': {'x': 10, 'y': 10, 'z': 0.0}, 'docked': False}}
[INFO] [1787839411.874688482] [multi3_coordinator_node]: Received coordination message: {'robot_name': 'robot7', 'completed_fragment': 'fm1-8', 'state': {'position': {'x': 10, 'y': 10, 'z': 0.0}, 'docked': False}}
[INFO] [1787839413.543574165] [multi3_coordinator_node]: Fragment fm7-6 is now executable because all signal messages were received.
[INFO] [1787839413.545897199] [multi3_coordinator_node]: Received coordination message: {'robot_name': 'robot5', 'completed_task': 'scan(o2-7)'}
[INFO] [1787839413.547995827] [multi3_coordinator_node]: Received robot state update from robot robot5: {'operational_state': 'idle', 'current_assigned_fragment': None, 'state': {'position': {'x': 0.0, 'y': 0.0, 'z': 0.0}, 'docked': True}}
[INFO] [1787839413.549570123] [multi3_coordinator_node]: Received coordination message: {'robot_name': 'robot5', 'completed_fragment': 'fm7-5', 'state': {'position': {'x': 0.0, 'y': 0.0, 'z': 0.0}, 'docked': True}}
[INFO] [1787839414.024387251] [multi3_coordinator_node]: Received coordination message: {'robot_name': 'robot3', 'completed_task': 'move_to(o2-4,pack_area)'}
[INFO] [1787839419.536635028] [multi3_coordinator_node]: Received coordination message: {'robot_name': 'robot4', 'completed_task': 'pick(o3-4,shelf)'}
[INFO] [1787839420.062021783] [multi3_coordinator_node]: Fragment fm3-10 is now executable because all signal messages were received.
[INFO] [1787839420.063846062] [multi3_coordinator_node]: Received coordination message: {'robot_name': 'robot1', 'completed_task': 'place(o3-3,pack_area)'}
[INFO] [1787839420.065855407] [multi3_coordinator_node]: Received robot state update from robot robot1: {'operational_state': 'idle', 'current_assigned_fragment': None, 'state': {'position': {'x': 8, 'y': 8, 'z': 0.0}, 'docked': False}}
[INFO] [1787839420.067515886] [multi3_coordinator_node]: Received coordination message: {'robot_name': 'robot1', 'completed_fragment': 'fm3-9', 'state': {'position': {'x': 8, 'y': 8, 'z': 0.0}, 'docked': False}}
[INFO] [1787839420.487791028] [multi3_coordinator_node]: Assigned fragment fm7-6 to robot robot1.
[INFO] [1787839420.497221787] [multi3_coordinator_node]: Received robot state update from robot robot1: {'operational_state': 'working', 'current_assigned_fragment': 'fm7-6', 'state': {'position': {'x': 8, 'y': 8, 'z': 0.0}, 'docked': False}}
[INFO] [1787839422.044371914] [multi3_coordinator_node]: Received coordination message: {'robot_name': 'robot3', 'completed_task': 'place(o2-4,pack_area)'}
[INFO] [1787839422.046180658] [multi3_coordinator_node]: Received robot state update from robot robot3: {'operational_state': 'idle', 'current_assigned_fragment': None, 'state': {'position': {'x': 8, 'y': 8, 'z': 0.0}, 'docked': False}}
[INFO] [1787839422.047266082] [multi3_coordinator_node]: Received coordination message: {'robot_name': 'robot3', 'completed_fragment': 'fm4-6', 'state': {'position': {'x': 8, 'y': 8, 'z': 0.0}, 'docked': False}}
[INFO] [1787839422.489547858] [multi3_coordinator_node]: Assigned fragment fm2-4 to robot robot3.
[INFO] [1787839422.502557586] [multi3_coordinator_node]: Received robot state update from robot robot3: {'operational_state': 'working', 'current_assigned_fragment': 'fm2-4', 'state': {'position': {'x': 8, 'y': 8, 'z': 0.0}, 'docked': False}}
[INFO] [1787839428.015831915] [multi3_coordinator_node]: Received coordination message: {'robot_name': 'robot2', 'completed_task': 'pick(o1-4,scan_area)'}
[INFO] [1787839428.029747711] [multi3_coordinator_node]: Received coordination message: {'robot_name': 'robot4', 'completed_task': 'move_to(o3-4,scan_area)'}
[INFO] [1787839434.333157701] [multi3_coordinator_node]: Fragment fm5-14 is now executable because all signal messages were received.
[INFO] [1787839434.334589740] [multi3_coordinator_node]: Received coordination message: {'robot_name': 'robot6', 'completed_task': 'pack(o1-5,o2-5,o3-5,o4-5)'}
[INFO] [1787839434.336581834] [multi3_coordinator_node]: Received robot state update from robot robot6: {'operational_state': 'idle', 'current_assigned_fragment': None, 'state': {'position': {'x': 0.0, 'y': 0.0, 'z': 0.0}, 'docked': True}}
[INFO] [1787839434.337684923] [multi3_coordinator_node]: Received coordination message: {'robot_name': 'robot6', 'completed_fragment': 'fm5-13', 'state': {'position': {'x': 0.0, 'y': 0.0, 'z': 0.0}, 'docked': True}}
[INFO] [1787839434.489767431] [multi3_coordinator_node]: Assigned fragment fm3-10 to robot robot6.
[INFO] [1787839434.494391501] [multi3_coordinator_node]: Assigned fragment fm5-14 to robot robot7.
[INFO] [1787839434.502708013] [multi3_coordinator_node]: Received robot state update from robot robot7: {'operational_state': 'working', 'current_assigned_fragment': 'fm5-14', 'state': {'position': {'x': 10, 'y': 10, 'z': 0.0}, 'docked': False}}
[INFO] [1787839434.573644346] [multi3_coordinator_node]: Received robot state update from robot robot6: {'operational_state': 'working', 'current_assigned_fragment': 'fm3-10', 'state': {'position': {'x': 0.0, 'y': 0.0, 'z': 0.0}, 'docked': True}}
[INFO] [1787839436.511935696] [multi3_coordinator_node]: Received coordination message: {'robot_name': 'robot2', 'completed_task': 'move_to(o1-4,pack_area)'}
[INFO] [1787839437.015309090] [multi3_coordinator_node]: Received coordination message: {'robot_name': 'robot1', 'completed_task': 'pick(o2-7,scan_area)'}
[INFO] [1787839438.046688181] [multi3_coordinator_node]: Fragment fm4-8 is now executable because all signal messages were received.
[INFO] [1787839438.048898748] [multi3_coordinator_node]: Received coordination message: {'robot_name': 'robot4', 'completed_task': 'place(o3-4,scan_area)'}
[INFO] [1787839438.051314583] [multi3_coordinator_node]: Received robot state update from robot robot4: {'operational_state': 'idle', 'current_assigned_fragment': None, 'state': {'position': {'x': 5, 'y': 5, 'z': 0.0}, 'docked': False}}
[INFO] [1787839438.053192334] [multi3_coordinator_node]: Received coordination message: {'robot_name': 'robot4', 'completed_fragment': 'fm4-7', 'state': {'position': {'x': 5, 'y': 5, 'z': 0.0}, 'docked': False}}
[INFO] [1787839438.489724617] [multi3_coordinator_node]: Assigned fragment fm6-7 to robot robot4.
[INFO] [1787839438.496125157] [multi3_coordinator_node]: Assigned fragment fm4-8 to robot robot5.
[INFO] [1787839438.504692895] [multi3_coordinator_node]: Received robot state update from robot robot5: {'operational_state': 'working', 'current_assigned_fragment': 'fm4-8', 'state': {'position': {'x': 0.0, 'y': 0.0, 'z': 0.0}, 'docked': True}}
[INFO] [1787839438.506408500] [multi3_coordinator_node]: Received robot state update from robot robot4: {'operational_state': 'working', 'current_assigned_fragment': 'fm6-7', 'state': {'position': {'x': 5, 'y': 5, 'z': 0.0}, 'docked': False}}
[INFO] [1787839442.185832397] [multi3_coordinator_node]: Received coordination message: {'robot_name': 'robot3', 'completed_task': 'pick(o2-2,shelf)'}
[INFO] [1787839445.514788173] [multi3_coordinator_node]: Received coordination message: {'robot_name': 'robot1', 'completed_task': 'move_to(o2-7,pack_area)'}
[INFO] [1787839445.527168633] [multi3_coordinator_node]: Received coordination message: {'robot_name': 'robot2', 'completed_task': 'place(o1-4,pack_area)'}
[INFO] [1787839445.528834994] [multi3_coordinator_node]: Received robot state update from robot robot2: {'operational_state': 'idle', 'current_assigned_fragment': None, 'state': {'position': {'x': 8, 'y': 8, 'z': 0.0}, 'docked': False}}
[INFO] [1787839445.529816686] [multi3_coordinator_node]: Received coordination message: {'robot_name': 'robot2', 'completed_fragment': 'fm4-3', 'state': {'position': {'x': 8, 'y': 8, 'z': 0.0}, 'docked': False}}
[INFO] [1787839446.489486394] [multi3_coordinator_node]: Assigned fragment fm6-1 to robot robot2.
[INFO] [1787839446.510304522] [multi3_coordinator_node]: Received robot state update from robot robot2: {'operational_state': 'working', 'current_assigned_fragment': 'fm6-1', 'state': {'position': {'x': 8, 'y': 8, 'z': 0.0}, 'docked': False}}
[INFO] [1787839448.530849398] [multi3_coordinator_node]: Fragment fm4-9 is now executable because all signal messages were received.
[INFO] [1787839448.532687946] [multi3_coordinator_node]: Received coordination message: {'robot_name': 'robot5', 'completed_task': 'scan(o3-4)'}
[INFO] [1787839448.535017559] [multi3_coordinator_node]: Received robot state update from robot robot5: {'operational_state': 'idle', 'current_assigned_fragment': None, 'state': {'position': {'x': 0.0, 'y': 0.0, 'z': 0.0}, 'docked': True}}
[INFO] [1787839448.536930180] [multi3_coordinator_node]: Received coordination message: {'robot_name': 'robot5', 'completed_fragment': 'fm4-8', 'state': {'position': {'x': 0.0, 'y': 0.0, 'z': 0.0}, 'docked': True}}
[INFO] [1787839450.678277669] [multi3_coordinator_node]: Received coordination message: {'robot_name': 'robot3', 'completed_task': 'move_to(o2-2,scan_area)'}
[INFO] [1787839452.195468934] [multi3_coordinator_node]: Fragment fm3-11 is now executable because all signal messages were received.
[INFO] [1787839452.197110464] [multi3_coordinator_node]: Received coordination message: {'robot_name': 'robot6', 'completed_task': 'pack(o1-3,o2-3,o3-3)'}
[INFO] [1787839452.199251761] [multi3_coordinator_node]: Received robot state update from robot robot6: {'operational_state': 'idle', 'current_assigned_fragment': None, 'state': {'position': {'x': 0.0, 'y': 0.0, 'z': 0.0}, 'docked': True}}
[INFO] [1787839452.200637105] [multi3_coordinator_node]: Received coordination message: {'robot_name': 'robot6', 'completed_fragment': 'fm3-10', 'state': {'position': {'x': 0.0, 'y': 0.0, 'z': 0.0}, 'docked': True}}
[INFO] [1787839453.538979937] [multi3_coordinator_node]: Received coordination message: {'robot_name': 'robot1', 'completed_task': 'place(o2-7,pack_area)'}
[INFO] [1787839453.541261635] [multi3_coordinator_node]: Received robot state update from robot robot1: {'operational_state': 'idle', 'current_assigned_fragment': None, 'state': {'position': {'x': 8, 'y': 8, 'z': 0.0}, 'docked': False}}
[INFO] [1787839453.542895334] [multi3_coordinator_node]: Received coordination message: {'robot_name': 'robot1', 'completed_fragment': 'fm7-6', 'state': {'position': {'x': 8, 'y': 8, 'z': 0.0}, 'docked': False}}
[INFO] [1787839454.489517648] [multi3_coordinator_node]: Assigned fragment fm4-9 to robot robot1.
[INFO] [1787839454.501958480] [multi3_coordinator_node]: Received robot state update from robot robot1: {'operational_state': 'working', 'current_assigned_fragment': 'fm4-9', 'state': {'position': {'x': 8, 'y': 8, 'z': 0.0}, 'docked': False}}
[INFO] [1787839454.860157453] [multi3_coordinator_node]: Received coordination message: {'robot_name': 'robot4', 'completed_task': 'pick(o3-6,shelf)'}
[INFO] [1787839457.196729087] [multi3_coordinator_node]: Received coordination message: {'robot_name': 'robot7', 'completed_task': 'load_pack(p5)'}
[INFO] [1787839457.698102159] [multi3_coordinator_node]: Fragment fm2-5 is now executable because all signal messages were received.
[INFO] [1787839457.699980496] [multi3_coordinator_node]: Received coordination message: {'robot_name': 'robot3', 'completed_task': 'place(o2-2,scan_area)'}
[INFO] [1787839457.703040430] [multi3_coordinator_node]: Received robot state update from robot robot3: {'operational_state': 'idle', 'current_assigned_fragment': None, 'state': {'position': {'x': 5, 'y': 5, 'z': 0.0}, 'docked': False}}
[INFO] [1787839457.704775060] [multi3_coordinator_node]: Received coordination message: {'robot_name': 'robot3', 'completed_fragment': 'fm2-4', 'state': {'position': {'x': 5, 'y': 5, 'z': 0.0}, 'docked': False}}
[INFO] [1787839458.490998304] [multi3_coordinator_node]: Assigned fragment fm7-13 to robot robot3.
[INFO] [1787839458.494847379] [multi3_coordinator_node]: Assigned fragment fm2-5 to robot robot5.
[INFO] [1787839458.505167124] [multi3_coordinator_node]: Received robot state update from robot robot5: {'operational_state': 'working', 'current_assigned_fragment': 'fm2-5', 'state': {'position': {'x': 0.0, 'y': 0.0, 'z': 0.0}, 'docked': True}}
[INFO] [1787839458.551726319] [multi3_coordinator_node]: Received robot state update from robot robot3: {'operational_state': 'working', 'current_assigned_fragment': 'fm7-13', 'state': {'position': {'x': 5, 'y': 5, 'z': 0.0}, 'docked': False}}
[INFO] [1787839462.863580075] [multi3_coordinator_node]: Received coordination message: {'robot_name': 'robot7', 'completed_task': 'move_to(deliver_area)'}
[INFO] [1787839463.358354774] [multi3_coordinator_node]: Received coordination message: {'robot_name': 'robot4', 'completed_task': 'move_to(o3-6,scan_area)'}
[INFO] [1787839466.526014941] [multi3_coordinator_node]: Fragment fm2-6 is now executable because all signal messages were received.
[INFO] [1787839466.527802384] [multi3_coordinator_node]: Received coordination message: {'robot_name': 'robot5', 'completed_task': 'scan(o2-2)'}
[INFO] [1787839466.530179478] [multi3_coordinator_node]: Received robot state update from robot robot5: {'operational_state': 'idle', 'current_assigned_fragment': None, 'state': {'position': {'x': 0.0, 'y': 0.0, 'z': 0.0}, 'docked': True}}
[INFO] [1787839466.531699970] [multi3_coordinator_node]: Received coordination message: {'robot_name': 'robot5', 'completed_fragment': 'fm2-5', 'state': {'position': {'x': 0.0, 'y': 0.0, 'z': 0.0}, 'docked': True}}
[INFO] [1787839473.019062778] [multi3_coordinator_node]: Received coordination message: {'robot_name': 'robot1', 'completed_task': 'pick(o3-4,scan_area)'}
[INFO] [1787839473.381350540] [multi3_coordinator_node]: Fragment fm6-8 is now executable because all signal messages were received.
[INFO] [1787839473.382840475] [multi3_coordinator_node]: Received coordination message: {'robot_name': 'robot4', 'completed_task': 'place(o3-6,scan_area)'}
[INFO] [1787839473.386051240] [multi3_coordinator_node]: Received robot state update from robot robot4: {'operational_state': 'idle', 'current_assigned_fragment': None, 'state': {'position': {'x': 5, 'y': 5, 'z': 0.0}, 'docked': False}}
[INFO] [1787839473.387766408] [multi3_coordinator_node]: Received coordination message: {'robot_name': 'robot4', 'completed_fragment': 'fm6-7', 'state': {'position': {'x': 5, 'y': 5, 'z': 0.0}, 'docked': False}}
[INFO] [1787839473.486636764] [multi3_coordinator_node]: Assigned fragment fm2-6 to robot robot4.
[INFO] [1787839473.490649683] [multi3_coordinator_node]: Assigned fragment fm6-8 to robot robot5.
[INFO] [1787839473.493654210] [multi3_coordinator_node]: Received robot state update from robot robot4: {'operational_state': 'working', 'current_assigned_fragment': 'fm2-6', 'state': {'position': {'x': 5, 'y': 5, 'z': 0.0}, 'docked': False}}
[INFO] [1787839473.495369783] [multi3_coordinator_node]: Received robot state update from robot robot5: {'operational_state': 'working', 'current_assigned_fragment': 'fm6-8', 'state': {'position': {'x': 0.0, 'y': 0.0, 'z': 0.0}, 'docked': True}}
[INFO] [1787839475.885844114] [multi3_coordinator_node]: Received coordination message: {'robot_name': 'robot7', 'completed_task': 'unload_pack(p5)'}
[INFO] [1787839475.888805619] [multi3_coordinator_node]: Received robot state update from robot robot7: {'operational_state': 'idle', 'current_assigned_fragment': None, 'state': {'position': {'x': 10, 'y': 10, 'z': 0.0}, 'docked': False}}
[INFO] [1787839475.890428118] [multi3_coordinator_node]: Received coordination message: {'robot_name': 'robot7', 'completed_fragment': 'fm5-14', 'state': {'position': {'x': 10, 'y': 10, 'z': 0.0}, 'docked': False}}
[INFO] [1787839476.490206392] [multi3_coordinator_node]: Assigned fragment fm3-11 to robot robot7.
[INFO] [1787839476.526119236] [multi3_coordinator_node]: Received robot state update from robot robot7: {'operational_state': 'working', 'current_assigned_fragment': 'fm3-11', 'state': {'position': {'x': 10, 'y': 10, 'z': 0.0}, 'docked': False}}
[INFO] [1787839476.776718306] [multi3_coordinator_node]: Received coordination message: {'robot_name': 'robot2', 'completed_task': 'pick(o1-6,shelf)'}
[INFO] [1787839476.784404856] [multi3_coordinator_node]: Received coordination message: {'robot_name': 'robot2', 'completed_task': 'move_to(o1-6,scan_area)'}
[INFO] [1787839476.817150003] [multi3_coordinator_node]: Received coordination message: {'robot_name': 'robot3', 'completed_task': 'pick(o5-7,shelf)'}
[INFO] [1787839479.655757732] [multi3_coordinator_node]: Received coordination message: {'robot_name': 'robot3', 'completed_task': 'move_to(o5-7,scan_area)'}
[INFO] [1787839480.515061322] [multi3_coordinator_node]: Received coordination message: {'robot_name': 'robot4', 'completed_task': 'pick(o2-2,scan_area)'}
[INFO] [1787839481.517209033] [multi3_coordinator_node]: Received coordination message: {'robot_name': 'robot1', 'completed_task': 'move_to(o3-4,pack_area)'}
[INFO] [1787839483.522167455] [multi3_coordinator_node]: Fragment fm6-9 is now executable because all signal messages were received.
[INFO] [1787839483.523881406] [multi3_coordinator_node]: Received coordination message: {'robot_name': 'robot5', 'completed_task': 'scan(o3-6)'}
[INFO] [1787839483.526696432] [multi3_coordinator_node]: Received robot state update from robot robot5: {'operational_state': 'idle', 'current_assigned_fragment': None, 'state': {'position': {'x': 0.0, 'y': 0.0, 'z': 0.0}, 'docked': True}}
[INFO] [1787839483.529009575] [multi3_coordinator_node]: Received coordination message: {'robot_name': 'robot5', 'completed_fragment': 'fm6-8', 'state': {'position': {'x': 0.0, 'y': 0.0, 'z': 0.0}, 'docked': True}}
[INFO] [1787839489.012871451] [multi3_coordinator_node]: Received coordination message: {'robot_name': 'robot4', 'completed_task': 'move_to(o2-2,pack_area)'}
[INFO] [1787839489.679125666] [multi3_coordinator_node]: Fragment fm7-14 is now executable because all signal messages were received.
[INFO] [1787839489.680603223] [multi3_coordinator_node]: Received coordination message: {'robot_name': 'robot3', 'completed_task': 'place(o5-7,scan_area)'}
[INFO] [1787839489.682705271] [multi3_coordinator_node]: Received robot state update from robot robot3: {'operational_state': 'idle', 'current_assigned_fragment': None, 'state': {'position': {'x': 5, 'y': 5, 'z': 0.0}, 'docked': False}}
[INFO] [1787839489.684114456] [multi3_coordinator_node]: Received coordination message: {'robot_name': 'robot3', 'completed_fragment': 'fm7-13', 'state': {'position': {'x': 5, 'y': 5, 'z': 0.0}, 'docked': False}}
[INFO] [1787839490.489806247] [multi3_coordinator_node]: Assigned fragment fm6-9 to robot robot3.
[INFO] [1787839490.493026548] [multi3_coordinator_node]: Assigned fragment fm7-14 to robot robot5.
[INFO] [1787839490.504586037] [multi3_coordinator_node]: Received robot state update from robot robot5: {'operational_state': 'working', 'current_assigned_fragment': 'fm7-14', 'state': {'position': {'x': 0.0, 'y': 0.0, 'z': 0.0}, 'docked': True}}
[INFO] [1787839490.506658424] [multi3_coordinator_node]: Received robot state update from robot robot3: {'operational_state': 'working', 'current_assigned_fragment': 'fm6-9', 'state': {'position': {'x': 5, 'y': 5, 'z': 0.0}, 'docked': False}}
[INFO] [1787839491.533973217] [multi3_coordinator_node]: Fragment fm4-10 is now executable because all signal messages were received.
[INFO] [1787839491.535449250] [multi3_coordinator_node]: Received coordination message: {'robot_name': 'robot1', 'completed_task': 'place(o3-4,pack_area)'}
[INFO] [1787839491.536794883] [multi3_coordinator_node]: Received robot state update from robot robot1: {'operational_state': 'idle', 'current_assigned_fragment': None, 'state': {'position': {'x': 8, 'y': 8, 'z': 0.0}, 'docked': False}}
[INFO] [1787839491.537913538] [multi3_coordinator_node]: Received coordination message: {'robot_name': 'robot1', 'completed_fragment': 'fm4-9', 'state': {'position': {'x': 8, 'y': 8, 'z': 0.0}, 'docked': False}}
[INFO] [1787839491.805029817] [multi3_coordinator_node]: Fragment fm6-2 is now executable because all signal messages were received.
[INFO] [1787839491.806855717] [multi3_coordinator_node]: Received coordination message: {'robot_name': 'robot2', 'completed_task': 'place(o1-6,scan_area)'}
[INFO] [1787839491.809810390] [multi3_coordinator_node]: Received robot state update from robot robot2: {'operational_state': 'idle', 'current_assigned_fragment': None, 'state': {'position': {'x': 5, 'y': 5, 'z': 0.0}, 'docked': False}}
[INFO] [1787839491.811163344] [multi3_coordinator_node]: Received coordination message: {'robot_name': 'robot2', 'completed_fragment': 'fm6-1', 'state': {'position': {'x': 5, 'y': 5, 'z': 0.0}, 'docked': False}}
[INFO] [1787839492.490072358] [multi3_coordinator_node]: Assigned fragment fm2-1 to robot robot1.
[INFO] [1787839492.493528889] [multi3_coordinator_node]: Assigned fragment fm6-4 to robot robot2.
[INFO] [1787839492.501761840] [multi3_coordinator_node]: Assigned fragment fm4-10 to robot robot6.
[INFO] [1787839492.507782782] [multi3_coordinator_node]: Received robot state update from robot robot2: {'operational_state': 'working', 'current_assigned_fragment': 'fm6-4', 'state': {'position': {'x': 5, 'y': 5, 'z': 0.0}, 'docked': False}}
[INFO] [1787839492.509908346] [multi3_coordinator_node]: Received robot state update from robot robot6: {'operational_state': 'working', 'current_assigned_fragment': 'fm4-10', 'state': {'position': {'x': 0.0, 'y': 0.0, 'z': 0.0}, 'docked': True}}
[INFO] [1787839492.511338359] [multi3_coordinator_node]: Received robot state update from robot robot1: {'operational_state': 'working', 'current_assigned_fragment': 'fm2-1', 'state': {'position': {'x': 8, 'y': 8, 'z': 0.0}, 'docked': False}}
[INFO] [1787839496.032559599] [multi3_coordinator_node]: Received coordination message: {'robot_name': 'robot4', 'completed_task': 'place(o2-2,pack_area)'}
[INFO] [1787839496.035042280] [multi3_coordinator_node]: Received robot state update from robot robot4: {'operational_state': 'idle', 'current_assigned_fragment': None, 'state': {'position': {'x': 8, 'y': 8, 'z': 0.0}, 'docked': False}}
[INFO] [1787839496.036904634] [multi3_coordinator_node]: Received coordination message: {'robot_name': 'robot4', 'completed_fragment': 'fm2-6', 'state': {'position': {'x': 8, 'y': 8, 'z': 0.0}, 'docked': False}}
[INFO] [1787839496.490049544] [multi3_coordinator_node]: Assigned fragment fm6-10 to robot robot4.
[INFO] [1787839496.506696467] [multi3_coordinator_node]: Received robot state update from robot robot4: {'operational_state': 'working', 'current_assigned_fragment': 'fm6-10', 'state': {'position': {'x': 8, 'y': 8, 'z': 0.0}, 'docked': False}}
[INFO] [1787839497.213842078] [multi3_coordinator_node]: Received coordination message: {'robot_name': 'robot7', 'completed_task': 'load_pack(p3)'}
[INFO] [1787839498.525277429] [multi3_coordinator_node]: Fragment fm7-15 is now executable because all signal messages were received.
[INFO] [1787839498.527332061] [multi3_coordinator_node]: Received coordination message: {'robot_name': 'robot5', 'completed_task': 'scan(o5-7)'}
[INFO] [1787839498.529682012] [multi3_coordinator_node]: Received robot state update from robot robot5: {'operational_state': 'idle', 'current_assigned_fragment': None, 'state': {'position': {'x': 0.0, 'y': 0.0, 'z': 0.0}, 'docked': True}}
[INFO] [1787839498.531088960] [multi3_coordinator_node]: Received coordination message: {'robot_name': 'robot5', 'completed_fragment': 'fm7-14', 'state': {'position': {'x': 0.0, 'y': 0.0, 'z': 0.0}, 'docked': True}}
[INFO] [1787839499.489666232] [multi3_coordinator_node]: Assigned fragment fm6-2 to robot robot5.
[INFO] [1787839499.505482689] [multi3_coordinator_node]: Received robot state update from robot robot5: {'operational_state': 'working', 'current_assigned_fragment': 'fm6-2', 'state': {'position': {'x': 0.0, 'y': 0.0, 'z': 0.0}, 'docked': True}}
[INFO] [1787839500.526834342] [multi3_coordinator_node]: Received coordination message: {'robot_name': 'robot3', 'completed_task': 'pick(o3-6,scan_area)'}
[INFO] [1787839502.884424785] [multi3_coordinator_node]: Received coordination message: {'robot_name': 'robot7', 'completed_task': 'move_to(deliver_area)'}
[INFO] [1787839507.527883679] [multi3_coordinator_node]: Fragment fm6-3 is now executable because all signal messages were received.
[INFO] [1787839507.529727765] [multi3_coordinator_node]: Received coordination message: {'robot_name': 'robot5', 'completed_task': 'scan(o1-6)'}
[INFO] [1787839507.531793298] [multi3_coordinator_node]: Received robot state update from robot robot5: {'operational_state': 'idle', 'current_assigned_fragment': None, 'state': {'position': {'x': 0.0, 'y': 0.0, 'z': 0.0}, 'docked': True}}
[INFO] [1787839507.533174642] [multi3_coordinator_node]: Received coordination message: {'robot_name': 'robot5', 'completed_fragment': 'fm6-2', 'state': {'position': {'x': 0.0, 'y': 0.0, 'z': 0.0}, 'docked': True}}
[INFO] [1787839509.025788449] [multi3_coordinator_node]: Received coordination message: {'robot_name': 'robot3', 'completed_task': 'move_to(o3-6,pack_area)'}
[INFO] [1787839509.484795812] [multi3_coordinator_node]: Received coordination message: {'robot_name': 'robot2', 'completed_task': 'pick(o2-6,shelf)'}
[INFO] [1787839510.132905820] [multi3_coordinator_node]: Fragment fm4-11 is now executable because all signal messages were received.
[INFO] [1787839510.134408144] [multi3_coordinator_node]: Received coordination message: {'robot_name': 'robot6', 'completed_task': 'pack(o1-4,o2-4,o3-4)'}
[INFO] [1787839510.136426241] [multi3_coordinator_node]: Received robot state update from robot robot6: {'operational_state': 'idle', 'current_assigned_fragment': None, 'state': {'position': {'x': 0.0, 'y': 0.0, 'z': 0.0}, 'docked': True}}
[INFO] [1787839510.139031795] [multi3_coordinator_node]: Received coordination message: {'robot_name': 'robot6', 'completed_fragment': 'fm4-10', 'state': {'position': {'x': 0.0, 'y': 0.0, 'z': 0.0}, 'docked': True}}
[INFO] [1787839515.899850036] [multi3_coordinator_node]: Received coordination message: {'robot_name': 'robot7', 'completed_task': 'unload_pack(p3)'}
[INFO] [1787839515.902401723] [multi3_coordinator_node]: Received robot state update from robot robot7: {'operational_state': 'idle', 'current_assigned_fragment': None, 'state': {'position': {'x': 10, 'y': 10, 'z': 0.0}, 'docked': False}}
[INFO] [1787839515.904098721] [multi3_coordinator_node]: Received coordination message: {'robot_name': 'robot7', 'completed_fragment': 'fm3-11', 'state': {'position': {'x': 10, 'y': 10, 'z': 0.0}, 'docked': False}}
[INFO] [1787839516.489849659] [multi3_coordinator_node]: Assigned fragment fm4-11 to robot robot7.
[INFO] [1787839516.502530264] [multi3_coordinator_node]: Received robot state update from robot robot7: {'operational_state': 'working', 'current_assigned_fragment': 'fm4-11', 'state': {'position': {'x': 10, 'y': 10, 'z': 0.0}, 'docked': False}}
[INFO] [1787839519.039926745] [multi3_coordinator_node]: Received coordination message: {'robot_name': 'robot3', 'completed_task': 'place(o3-6,pack_area)'}
[INFO] [1787839519.042583746] [multi3_coordinator_node]: Received robot state update from robot robot3: {'operational_state': 'idle', 'current_assigned_fragment': None, 'state': {'position': {'x': 8, 'y': 8, 'z': 0.0}, 'docked': False}}
[INFO] [1787839519.044022860] [multi3_coordinator_node]: Received coordination message: {'robot_name': 'robot3', 'completed_fragment': 'fm6-9', 'state': {'position': {'x': 8, 'y': 8, 'z': 0.0}, 'docked': False}}
[INFO] [1787839519.489146447] [multi3_coordinator_node]: Assigned fragment fm7-15 to robot robot3.
[INFO] [1787839519.519728365] [multi3_coordinator_node]: Received robot state update from robot robot3: {'operational_state': 'working', 'current_assigned_fragment': 'fm7-15', 'state': {'position': {'x': 8, 'y': 8, 'z': 0.0}, 'docked': False}}
[INFO] [1787839519.761237702] [multi3_coordinator_node]: Received coordination message: {'robot_name': 'robot1', 'completed_task': 'pick(o1-2,shelf)'}
[INFO] [1787839520.810345443] [multi3_coordinator_node]: Received coordination message: {'robot_name': 'robot2', 'completed_task': 'move_to(o2-6,scan_area)'}
[INFO] [1787839525.329349193] [multi3_coordinator_node]: Received coordination message: {'robot_name': 'robot4', 'completed_task': 'pick(o4-6,shelf)'}
[INFO] [1787839528.825188604] [multi3_coordinator_node]: Fragment fm6-5 is now executable because all signal messages were received.
[INFO] [1787839528.827646064] [multi3_coordinator_node]: Received coordination message: {'robot_name': 'robot2', 'completed_task': 'place(o2-6,scan_area)'}
[INFO] [1787839528.829805034] [multi3_coordinator_node]: Received robot state update from robot robot2: {'operational_state': 'idle', 'current_assigned_fragment': None, 'state': {'position': {'x': 5, 'y': 5, 'z': 0.0}, 'docked': False}}
[INFO] [1787839528.831378131] [multi3_coordinator_node]: Received coordination message: {'robot_name': 'robot2', 'completed_fragment': 'fm6-4', 'state': {'position': {'x': 5, 'y': 5, 'z': 0.0}, 'docked': False}}
[INFO] [1787839529.488477790] [multi3_coordinator_node]: Assigned fragment fm6-3 to robot robot2.
[INFO] [1787839529.492849805] [multi3_coordinator_node]: Assigned fragment fm6-5 to robot robot5.
[INFO] [1787839529.500524133] [multi3_coordinator_node]: Received robot state update from robot robot5: {'operational_state': 'working', 'current_assigned_fragment': 'fm6-5', 'state': {'position': {'x': 0.0, 'y': 0.0, 'z': 0.0}, 'docked': True}}
[INFO] [1787839529.502482537] [multi3_coordinator_node]: Received robot state update from robot robot2: {'operational_state': 'working', 'current_assigned_fragment': 'fm6-3', 'state': {'position': {'x': 5, 'y': 5, 'z': 0.0}, 'docked': False}}
[INFO] [1787839531.085799933] [multi3_coordinator_node]: Received coordination message: {'robot_name': 'robot1', 'completed_task': 'move_to(o1-2,scan_area)'}
[INFO] [1787839536.652419335] [multi3_coordinator_node]: Received coordination message: {'robot_name': 'robot4', 'completed_task': 'move_to(o4-6,scan_area)'}
[INFO] [1787839537.186507756] [multi3_coordinator_node]: Received coordination message: {'robot_name': 'robot7', 'completed_task': 'load_pack(p3)'}
[INFO] [1787839538.032401417] [multi3_coordinator_node]: Received coordination message: {'robot_name': 'robot3', 'completed_task': 'pick(o5-7,scan_area)'}
[INFO] [1787839539.526388487] [multi3_coordinator_node]: Fragment fm6-6 is now executable because all signal messages were received.
[INFO] [1787839539.527716868] [multi3_coordinator_node]: Received coordination message: {'robot_name': 'robot5', 'completed_task': 'scan(o2-6)'}
[INFO] [1787839539.529651707] [multi3_coordinator_node]: Received robot state update from robot robot5: {'operational_state': 'idle', 'current_assigned_fragment': None, 'state': {'position': {'x': 0.0, 'y': 0.0, 'z': 0.0}, 'docked': True}}
[INFO] [1787839539.531194603] [multi3_coordinator_node]: Received coordination message: {'robot_name': 'robot5', 'completed_fragment': 'fm6-5', 'state': {'position': {'x': 0.0, 'y': 0.0, 'z': 0.0}, 'docked': True}}
[INFO] [1787839541.111483013] [multi3_coordinator_node]: Fragment fm2-2 is now executable because all signal messages were received.
[INFO] [1787839541.113312880] [multi3_coordinator_node]: Received coordination message: {'robot_name': 'robot1', 'completed_task': 'place(o1-2,scan_area)'}
[INFO] [1787839541.115417347] [multi3_coordinator_node]: Received robot state update from robot robot1: {'operational_state': 'idle', 'current_assigned_fragment': None, 'state': {'position': {'x': 5, 'y': 5, 'z': 0.0}, 'docked': False}}
[INFO] [1787839541.116808132] [multi3_coordinator_node]: Received coordination message: {'robot_name': 'robot1', 'completed_fragment': 'fm2-1', 'state': {'position': {'x': 5, 'y': 5, 'z': 0.0}, 'docked': False}}
[INFO] [1787839541.485941886] [multi3_coordinator_node]: Assigned fragment fm6-6 to robot robot1.
[INFO] [1787839541.489781254] [multi3_coordinator_node]: Assigned fragment fm2-2 to robot robot5.
[INFO] [1787839541.500255045] [multi3_coordinator_node]: Received robot state update from robot robot5: {'operational_state': 'working', 'current_assigned_fragment': 'fm2-2', 'state': {'position': {'x': 0.0, 'y': 0.0, 'z': 0.0}, 'docked': True}}
[INFO] [1787839541.502493785] [multi3_coordinator_node]: Received robot state update from robot robot1: {'operational_state': 'working', 'current_assigned_fragment': 'fm6-6', 'state': {'position': {'x': 5, 'y': 5, 'z': 0.0}, 'docked': False}}
[INFO] [1787839542.852719344] [multi3_coordinator_node]: Received coordination message: {'robot_name': 'robot7', 'completed_task': 'move_to(deliver_area)'}
[INFO] [1787839544.520998806] [multi3_coordinator_node]: Received coordination message: {'robot_name': 'robot2', 'completed_task': 'pick(o1-6,scan_area)'}
[INFO] [1787839545.674345069] [multi3_coordinator_node]: Fragment fm6-11 is now executable because all signal messages were received.
[INFO] [1787839545.675758335] [multi3_coordinator_node]: Received coordination message: {'robot_name': 'robot4', 'completed_task': 'place(o4-6,scan_area)'}
[INFO] [1787839545.678261717] [multi3_coordinator_node]: Received robot state update from robot robot4: {'operational_state': 'idle', 'current_assigned_fragment': None, 'state': {'position': {'x': 5, 'y': 5, 'z': 0.0}, 'docked': False}}
[INFO] [1787839545.680095513] [multi3_coordinator_node]: Received coordination message: {'robot_name': 'robot4', 'completed_fragment': 'fm6-10', 'state': {'position': {'x': 5, 'y': 5, 'z': 0.0}, 'docked': False}}
[INFO] [1787839546.525314283] [multi3_coordinator_node]: Received coordination message: {'robot_name': 'robot3', 'completed_task': 'move_to(o5-7,pack_area)'}
[INFO] [1787839549.522120798] [multi3_coordinator_node]: Received coordination message: {'robot_name': 'robot1', 'completed_task': 'pick(o2-6,scan_area)'}
[INFO] [1787839551.526773771] [multi3_coordinator_node]: Fragment fm2-3 is now executable because all signal messages were received.
[INFO] [1787839551.528497150] [multi3_coordinator_node]: Received coordination message: {'robot_name': 'robot5', 'completed_task': 'scan(o1-2)'}
[INFO] [1787839551.531538462] [multi3_coordinator_node]: Received robot state update from robot robot5: {'operational_state': 'idle', 'current_assigned_fragment': None, 'state': {'position': {'x': 0.0, 'y': 0.0, 'z': 0.0}, 'docked': True}}
[INFO] [1787839551.533468869] [multi3_coordinator_node]: Received coordination message: {'robot_name': 'robot5', 'completed_fragment': 'fm2-2', 'state': {'position': {'x': 0.0, 'y': 0.0, 'z': 0.0}, 'docked': True}}
[INFO] [1787839552.488497862] [multi3_coordinator_node]: Assigned fragment fm2-3 to robot robot4.
[INFO] [1787839552.498360011] [multi3_coordinator_node]: Assigned fragment fm6-11 to robot robot5.
[INFO] [1787839552.523582567] [multi3_coordinator_node]: Received robot state update from robot robot5: {'operational_state': 'working', 'current_assigned_fragment': 'fm6-11', 'state': {'position': {'x': 0.0, 'y': 0.0, 'z': 0.0}, 'docked': True}}
[INFO] [1787839552.524647953] [multi3_coordinator_node]: Received robot state update from robot robot4: {'operational_state': 'working', 'current_assigned_fragment': 'fm2-3', 'state': {'position': {'x': 5, 'y': 5, 'z': 0.0}, 'docked': False}}
[INFO] [1787839553.019335324] [multi3_coordinator_node]: Received coordination message: {'robot_name': 'robot2', 'completed_task': 'move_to(o1-6,pack_area)'}
[INFO] [1787839555.873442573] [multi3_coordinator_node]: Received coordination message: {'robot_name': 'robot7', 'completed_task': 'unload_pack(p3)'}
[INFO] [1787839555.876283872] [multi3_coordinator_node]: Received robot state update from robot robot7: {'operational_state': 'idle', 'current_assigned_fragment': None, 'state': {'position': {'x': 10, 'y': 10, 'z': 0.0}, 'docked': False}}
[INFO] [1787839555.877895465] [multi3_coordinator_node]: Received coordination message: {'robot_name': 'robot7', 'completed_fragment': 'fm4-11', 'state': {'position': {'x': 10, 'y': 10, 'z': 0.0}, 'docked': False}}
[INFO] [1787839556.543387922] [multi3_coordinator_node]: Fragment fm7-16 is now executable because all signal messages were received.
[INFO] [1787839556.545132279] [multi3_coordinator_node]: Received coordination message: {'robot_name': 'robot3', 'completed_task': 'place(o5-7,pack_area)'}
[INFO] [1787839556.547174640] [multi3_coordinator_node]: Received robot state update from robot robot3: {'operational_state': 'idle', 'current_assigned_fragment': None, 'state': {'position': {'x': 8, 'y': 8, 'z': 0.0}, 'docked': False}}
[INFO] [1787839556.549066237] [multi3_coordinator_node]: Received coordination message: {'robot_name': 'robot3', 'completed_fragment': 'fm7-15', 'state': {'position': {'x': 8, 'y': 8, 'z': 0.0}, 'docked': False}}
[INFO] [1787839557.489638061] [multi3_coordinator_node]: Assigned fragment fm7-16 to robot robot6.
[INFO] [1787839557.516447526] [multi3_coordinator_node]: Received robot state update from robot robot6: {'operational_state': 'working', 'current_assigned_fragment': 'fm7-16', 'state': {'position': {'x': 0.0, 'y': 0.0, 'z': 0.0}, 'docked': True}}
[INFO] [1787839558.014018664] [multi3_coordinator_node]: Received coordination message: {'robot_name': 'robot1', 'completed_task': 'move_to(o2-6,pack_area)'}
[INFO] [1787839560.539224003] [multi3_coordinator_node]: Fragment fm6-12 is now executable because all signal messages were received.
[INFO] [1787839560.540123419] [multi3_coordinator_node]: Received coordination message: {'robot_name': 'robot5', 'completed_task': 'scan(o4-6)'}
[INFO] [1787839560.541059037] [multi3_coordinator_node]: Received robot state update from robot robot5: {'operational_state': 'idle', 'current_assigned_fragment': None, 'state': {'position': {'x': 0.0, 'y': 0.0, 'z': 0.0}, 'docked': True}}
[INFO] [1787839560.541622202] [multi3_coordinator_node]: Received coordination message: {'robot_name': 'robot5', 'completed_fragment': 'fm6-11', 'state': {'position': {'x': 0.0, 'y': 0.0, 'z': 0.0}, 'docked': True}}
[INFO] [1787839561.489114154] [multi3_coordinator_node]: Assigned fragment fm6-12 to robot robot3.
[INFO] [1787839561.519467547] [multi3_coordinator_node]: Received robot state update from robot robot3: {'operational_state': 'working', 'current_assigned_fragment': 'fm6-12', 'state': {'position': {'x': 8, 'y': 8, 'z': 0.0}, 'docked': False}}
[INFO] [1787839562.542507872] [multi3_coordinator_node]: Received coordination message: {'robot_name': 'robot4', 'completed_task': 'pick(o1-2,scan_area)'}
[INFO] [1787839566.034490479] [multi3_coordinator_node]: Received coordination message: {'robot_name': 'robot1', 'completed_task': 'place(o2-6,pack_area)'}
[INFO] [1787839566.037231649] [multi3_coordinator_node]: Received robot state update from robot robot1: {'operational_state': 'idle', 'current_assigned_fragment': None, 'state': {'position': {'x': 8, 'y': 8, 'z': 0.0}, 'docked': False}}
[INFO] [1787839566.039191039] [multi3_coordinator_node]: Received coordination message: {'robot_name': 'robot1', 'completed_fragment': 'fm6-6', 'state': {'position': {'x': 8, 'y': 8, 'z': 0.0}, 'docked': False}}
[INFO] [1787839568.035968604] [multi3_coordinator_node]: Received coordination message: {'robot_name': 'robot2', 'completed_task': 'place(o1-6,pack_area)'}
[INFO] [1787839568.039483936] [multi3_coordinator_node]: Received robot state update from robot robot2: {'operational_state': 'idle', 'current_assigned_fragment': None, 'state': {'position': {'x': 8, 'y': 8, 'z': 0.0}, 'docked': False}}
[INFO] [1787839568.040859964] [multi3_coordinator_node]: Received coordination message: {'robot_name': 'robot2', 'completed_fragment': 'fm6-3', 'state': {'position': {'x': 8, 'y': 8, 'z': 0.0}, 'docked': False}}
[INFO] [1787839571.040630558] [multi3_coordinator_node]: Received coordination message: {'robot_name': 'robot4', 'completed_task': 'move_to(o1-2,pack_area)'}
[INFO] [1787839581.041449280] [multi3_coordinator_node]: Received coordination message: {'robot_name': 'robot3', 'completed_task': 'pick(o4-6,scan_area)'}
[INFO] [1787839581.059536418] [multi3_coordinator_node]: Fragment fm2-7 is now executable because all signal messages were received.
[INFO] [1787839581.060162548] [multi3_coordinator_node]: Received coordination message: {'robot_name': 'robot4', 'completed_task': 'place(o1-2,pack_area)'}
[INFO] [1787839581.061653822] [multi3_coordinator_node]: Received robot state update from robot robot4: {'operational_state': 'idle', 'current_assigned_fragment': None, 'state': {'position': {'x': 8, 'y': 8, 'z': 0.0}, 'docked': False}}
[INFO] [1787839581.062766778] [multi3_coordinator_node]: Received coordination message: {'robot_name': 'robot4', 'completed_fragment': 'fm2-3', 'state': {'position': {'x': 8, 'y': 8, 'z': 0.0}, 'docked': False}}
[INFO] [1787839585.544635930] [multi3_coordinator_node]: Fragment fm7-17 is now executable because all signal messages were received.
[INFO] [1787839585.546471807] [multi3_coordinator_node]: Received coordination message: {'robot_name': 'robot6', 'completed_task': 'pack(o1-7,o2-7,o3-7,o4-7,o5-7)'}
[INFO] [1787839585.549011638] [multi3_coordinator_node]: Received robot state update from robot robot6: {'operational_state': 'idle', 'current_assigned_fragment': None, 'state': {'position': {'x': 0.0, 'y': 0.0, 'z': 0.0}, 'docked': True}}
[INFO] [1787839585.551012653] [multi3_coordinator_node]: Received coordination message: {'robot_name': 'robot6', 'completed_fragment': 'fm7-16', 'state': {'position': {'x': 0.0, 'y': 0.0, 'z': 0.0}, 'docked': True}}
[INFO] [1787839586.490033047] [multi3_coordinator_node]: Assigned fragment fm2-7 to robot robot6.
[INFO] [1787839586.493873386] [multi3_coordinator_node]: Assigned fragment fm7-17 to robot robot7.
[INFO] [1787839586.503251094] [multi3_coordinator_node]: Received robot state update from robot robot7: {'operational_state': 'working', 'current_assigned_fragment': 'fm7-17', 'state': {'position': {'x': 10, 'y': 10, 'z': 0.0}, 'docked': False}}
[INFO] [1787839586.525977841] [multi3_coordinator_node]: Received robot state update from robot robot6: {'operational_state': 'working', 'current_assigned_fragment': 'fm2-7', 'state': {'position': {'x': 0.0, 'y': 0.0, 'z': 0.0}, 'docked': True}}
[INFO] [1787839589.537412000] [multi3_coordinator_node]: Received coordination message: {'robot_name': 'robot3', 'completed_task': 'move_to(o4-6,pack_area)'}
[INFO] [1787839598.561316674] [multi3_coordinator_node]: Fragment fm6-13 is now executable because all signal messages were received.
[INFO] [1787839598.563235499] [multi3_coordinator_node]: Received coordination message: {'robot_name': 'robot3', 'completed_task': 'place(o4-6,pack_area)'}
[INFO] [1787839598.565595537] [multi3_coordinator_node]: Received robot state update from robot robot3: {'operational_state': 'idle', 'current_assigned_fragment': None, 'state': {'position': {'x': 8, 'y': 8, 'z': 0.0}, 'docked': False}}
[INFO] [1787839598.567192681] [multi3_coordinator_node]: Received coordination message: {'robot_name': 'robot3', 'completed_fragment': 'fm6-12', 'state': {'position': {'x': 8, 'y': 8, 'z': 0.0}, 'docked': False}}
[INFO] [1787839603.549510120] [multi3_coordinator_node]: Fragment fm2-8 is now executable because all signal messages were received.
[INFO] [1787839603.551264767] [multi3_coordinator_node]: Received coordination message: {'robot_name': 'robot6', 'completed_task': 'pack(o1-2,o2-2)'}
[INFO] [1787839603.553497586] [multi3_coordinator_node]: Received robot state update from robot robot6: {'operational_state': 'idle', 'current_assigned_fragment': None, 'state': {'position': {'x': 0.0, 'y': 0.0, 'z': 0.0}, 'docked': True}}
[INFO] [1787839603.555063242] [multi3_coordinator_node]: Received coordination message: {'robot_name': 'robot6', 'completed_fragment': 'fm2-7', 'state': {'position': {'x': 0.0, 'y': 0.0, 'z': 0.0}, 'docked': True}}
[INFO] [1787839604.489967099] [multi3_coordinator_node]: Assigned fragment fm6-13 to robot robot6.
[INFO] [1787839604.501035977] [multi3_coordinator_node]: Received robot state update from robot robot6: {'operational_state': 'working', 'current_assigned_fragment': 'fm6-13', 'state': {'position': {'x': 0.0, 'y': 0.0, 'z': 0.0}, 'docked': True}}
[INFO] [1787839607.187245910] [multi3_coordinator_node]: Received coordination message: {'robot_name': 'robot7', 'completed_task': 'load_pack(p7)'}
[INFO] [1787839612.863518974] [multi3_coordinator_node]: Received coordination message: {'robot_name': 'robot7', 'completed_task': 'move_to(deliver_area)'}
[INFO] [1787839625.879256098] [multi3_coordinator_node]: Received coordination message: {'robot_name': 'robot7', 'completed_task': 'unload_pack(p7)'}
[INFO] [1787839625.881021016] [multi3_coordinator_node]: Received robot state update from robot robot7: {'operational_state': 'idle', 'current_assigned_fragment': None, 'state': {'position': {'x': 10, 'y': 10, 'z': 0.0}, 'docked': False}}
[INFO] [1787839625.882040568] [multi3_coordinator_node]: Received coordination message: {'robot_name': 'robot7', 'completed_fragment': 'fm7-17', 'state': {'position': {'x': 10, 'y': 10, 'z': 0.0}, 'docked': False}}
[INFO] [1787839626.322381403] [multi3_coordinator_node]: Fragment fm6-14 is now executable because all signal messages were received.
[INFO] [1787839626.323966042] [multi3_coordinator_node]: Received coordination message: {'robot_name': 'robot6', 'completed_task': 'pack(o1-6,o2-6,o3-6,o4-6)'}
[INFO] [1787839626.326594606] [multi3_coordinator_node]: Received robot state update from robot robot6: {'operational_state': 'idle', 'current_assigned_fragment': None, 'state': {'position': {'x': 0.0, 'y': 0.0, 'z': 0.0}, 'docked': True}}
[INFO] [1787839626.328144808] [multi3_coordinator_node]: Received coordination message: {'robot_name': 'robot6', 'completed_fragment': 'fm6-13', 'state': {'position': {'x': 0.0, 'y': 0.0, 'z': 0.0}, 'docked': True}}
[INFO] [1787839626.488826419] [multi3_coordinator_node]: Assigned fragment fm2-8 to robot robot7.
[INFO] [1787839626.521380452] [multi3_coordinator_node]: Received robot state update from robot robot7: {'operational_state': 'working', 'current_assigned_fragment': 'fm2-8', 'state': {'position': {'x': 10, 'y': 10, 'z': 0.0}, 'docked': False}}
[INFO] [1787839644.205930853] [multi3_coordinator_node]: Received coordination message: {'robot_name': 'robot7', 'completed_task': 'load_pack(p2)'}
[INFO] [1787839649.876658915] [multi3_coordinator_node]: Received coordination message: {'robot_name': 'robot7', 'completed_task': 'move_to(deliver_area)'}
[INFO] [1787839661.910266943] [multi3_coordinator_node]: Received coordination message: {'robot_name': 'robot7', 'completed_task': 'unload_pack(p2)'}
[INFO] [1787839661.912066520] [multi3_coordinator_node]: Received robot state update from robot robot7: {'operational_state': 'idle', 'current_assigned_fragment': None, 'state': {'position': {'x': 10, 'y': 10, 'z': 0.0}, 'docked': False}}
[INFO] [1787839661.915729012] [multi3_coordinator_node]: Received coordination message: {'robot_name': 'robot7', 'completed_fragment': 'fm2-8', 'state': {'position': {'x': 10, 'y': 10, 'z': 0.0}, 'docked': False}}
[INFO] [1787839662.486770870] [multi3_coordinator_node]: Assigned fragment fm6-14 to robot robot7.
[INFO] [1787839662.495112434] [multi3_coordinator_node]: Received robot state update from robot robot7: {'operational_state': 'working', 'current_assigned_fragment': 'fm6-14', 'state': {'position': {'x': 10, 'y': 10, 'z': 0.0}, 'docked': False}}
[INFO] [1787839683.167882310] [multi3_coordinator_node]: Received coordination message: {'robot_name': 'robot7', 'completed_task': 'load_pack(p6)'}
[INFO] [1787839688.815830336] [multi3_coordinator_node]: Received coordination message: {'robot_name': 'robot7', 'completed_task': 'move_to(deliver_area)'}
[INFO] [1787839701.828192932] [multi3_coordinator_node]: Received coordination message: {'robot_name': 'robot7', 'completed_task': 'unload_pack(p6)'}
[INFO] [1787839701.830340532] [multi3_coordinator_node]: Received robot state update from robot robot7: {'operational_state': 'idle', 'current_assigned_fragment': None, 'state': {'position': {'x': 10, 'y': 10, 'z': 0.0}, 'docked': False}}
[INFO] [1787839701.831389427] [multi3_coordinator_node]: Received coordination message: {'robot_name': 'robot7', 'completed_fragment': 'fm6-14', 'state': {'position': {'x': 10, 'y': 10, 'z': 0.0}, 'docked': False}}
Traceback (most recent call last):
  File "/root/ros2_ws/install/multi3_coordinator/lib/python3.10/site-packages/nodes/coordinator.py", line 355, in main
    rclpy.spin(node)
  File "/opt/ros/humble/local/lib/python3.10/dist-packages/rclpy/__init__.py", line 229, in spin
    executor.spin_once()
  File "/opt/ros/humble/local/lib/python3.10/dist-packages/rclpy/executors.py", line 808, in spin_once
    self._spin_once_impl(timeout_sec)
  File "/opt/ros/humble/local/lib/python3.10/dist-packages/rclpy/executors.py", line 797, in _spin_once_impl
    handler, entity, node = self.wait_for_ready_callbacks(timeout_sec=timeout_sec)
  File "/opt/ros/humble/local/lib/python3.10/dist-packages/rclpy/executors.py", line 780, in wait_for_ready_callbacks
    return next(self._cb_iter)
  File "/opt/ros/humble/local/lib/python3.10/dist-packages/rclpy/executors.py", line 681, in _wait_for_ready_callbacks
    raise ExternalShutdownException()
rclpy.executors.ExternalShutdownException

During handling of the above exception, another exception occurred:

Traceback (most recent call last):
  File "/root/ros2_ws/install/multi3_coordinator/lib/multi3_coordinator/coordinator", line 33, in <module>
    sys.exit(load_entry_point('multi3-coordinator==0.0.0', 'console_scripts', 'coordinator')())
  File "/root/ros2_ws/install/multi3_coordinator/lib/python3.10/site-packages/nodes/coordinator.py", line 360, in main
    rclpy.shutdown()
  File "/opt/ros/humble/local/lib/python3.10/dist-packages/rclpy/__init__.py", line 130, in shutdown
    _shutdown(context=context)
  File "/opt/ros/humble/local/lib/python3.10/dist-packages/rclpy/utilities.py", line 58, in shutdown
    return context.shutdown()
  File "/opt/ros/humble/local/lib/python3.10/dist-packages/rclpy/context.py", line 102, in shutdown
    self.__context.shutdown()
rclpy._rclpy_pybind11.RCLError: failed to shutdown: rcl_shutdown already called on the given context, at ./src/rcl/init.c:241

--- executor_robot1.log ---
[INFO] [1787839148.719271256] [robot1.fragment_exec_node]: Setting up skill: DockSkill
[INFO] [1787839148.720138699] [robot1.fragment_exec_node]: Setting up skill: UndockSkill
[INFO] [1787839148.720886118] [robot1.fragment_exec_node]: Setting up skill: PickSkill
[INFO] [1787839148.721775684] [robot1.fragment_exec_node]: Setting up skill: ScanSkill
[INFO] [1787839148.722849534] [robot1.fragment_exec_node]: Setting up skill: NavigateSkill
[INFO] [1787839148.723637860] [robot1.fragment_exec_node]: Setting up skill: PlaceSkill
[INFO] [1787839148.724692464] [robot1.fragment_exec_node]: Setting up skill: PackSkill
[INFO] [1787839148.725329547] [robot1.fragment_exec_node]: Setting up skill: LocalizeSkill
[INFO] [1787839148.725919672] [robot1.fragment_exec_node]: Setting up skill: LoadPackSkill
[INFO] [1787839148.726550052] [robot1.fragment_exec_node]: Setting up skill: UnloadPackSkill
[INFO] [1787839148.731818173] [robot1.fragment_exec_node]: Published robot registration: {'name': 'robot1', 'operational_state': 'idle', 'capabilities': ['pick', 'move_to', 'place'], 'state': {'position': {'x': 0.0, 'y': 0.0, 'z': 0.0}, 'docked': True}}
[INFO] [1787839166.490326362] [robot1.fragment_exec_node]: Received fragment assignment: {'robot': 'robot1', 'fragment': {'id': 'fm5-7', 'mission': 'm5', 'state': 'assigned', 'wait': [], 'tasks': [{'name': 'pick', 'label': 'pick(o3-5,shelf)', 'params': {'x': 2, 'y': 2, 'weight': 5}}, {'name': 'move_to', 'label': 'move_to(o3-5,scan_area)', 'params': {'x': 5, 'y': 5}}, {'name': 'place', 'label': 'place(o3-5,scan_area)', 'params': {'x': 5, 'y': 5, 'weight': 5}}], 'arrive_timestamp': 1787839164, 'priority': 1, 'segment': 's3'}}
[INFO] [1787839166.492199509] [robot1.fragment_exec_node]: Starting execution of fragment fm5-7...
[INFO] [1787839166.493942948] [robot1.fragment_exec_node]: Executing task pick(o3-5,shelf). Params: {'x': 2, 'y': 2, 'weight': 5}, Virtual state: {'position': {'x': 0.0, 'y': 0.0, 'z': 0.0}, 'docked': True}
[INFO] [1787839166.496187891] [robot1.fragment_exec_node]: EventType: Control (Task: pick), Activity: undock, Robot: robot1, Mission: m5, Segment: s3, Start: 1787839166.4947019
[INFO] [1787839166.498717475] [robot1.fragment_exec_node]: Simulating undock skill...
[INFO] [1787839170.501864704] [robot1.fragment_exec_node]: Undock completed!
[INFO] [1787839170.505063534] [robot1.fragment_exec_node]: EventType: Control (Task: pick), Activity: undock, Robot: robot1, Mission: m5, Segment: s3, End: 1787839170.5032127
[INFO] [1787839170.506931719] [robot1.fragment_exec_node]: EventType: Control (Task: pick), Activity: move_to, Robot: robot1, Mission: m5, Segment: s3, Start: 1787839170.5056756
[INFO] [1787839170.508583112] [robot1.fragment_exec_node]: Simulating navigate skill from position (0.0, 0.0) to (2, 2) (5.656854249492381 seconds)...
[INFO] [1787839176.169718896] [robot1.fragment_exec_node]: Navigation completed!
[INFO] [1787839176.171465227] [robot1.fragment_exec_node]: EventType: Control (Task: pick), Activity: move_to, Robot: robot1, Mission: m5, Segment: s3, End: 1787839176.1705031
[INFO] [1787839176.173122449] [robot1.fragment_exec_node]: EventType: Control (Task: pick), Activity: localize, Robot: robot1, Mission: m5, Segment: s3, Start: 1787839176.1720593
[INFO] [1787839176.174913863] [robot1.fragment_exec_node]: Simulating localize skill...
[INFO] [1787839181.179133927] [robot1.fragment_exec_node]: Localize completed!
[INFO] [1787839181.181040863] [robot1.fragment_exec_node]: EventType: Control (Task: pick), Activity: localize, Robot: robot1, Mission: m5, Segment: s3, End: 1787839181.1798718
[INFO] [1787839181.182815582] [robot1.fragment_exec_node]: EventType: Task, Activity: pick, Robot: robot1, Mission: m5, Segment: s3, Start: 1787839181.1816912
[INFO] [1787839181.184539906] [robot1.fragment_exec_node]: Simulating pick skill...
[INFO] [1787839186.186914738] [robot1.fragment_exec_node]: Pick completed!
[INFO] [1787839186.187681840] [robot1.fragment_exec_node]: EventType: Task, Activity: pick, Robot: robot1, Mission: m5, Segment: s3, End: 1787839186.1873748
[INFO] [1787839186.188860870] [robot1.fragment_exec_node]: Executing task move_to(o3-5,scan_area). Params: {'x': 5, 'y': 5}, Virtual state: {'position': {'x': 2, 'y': 2, 'z': 0.0}, 'docked': False}
[INFO] [1787839186.189716430] [robot1.fragment_exec_node]: EventType: Task, Activity: move_to, Robot: robot1, Mission: m5, Segment: s3, Start: 1787839186.1894014
[INFO] [1787839186.190543464] [robot1.fragment_exec_node]: Simulating navigate skill from position (2, 2) to (5, 5) (8.48528137423857 seconds)...
[INFO] [1787839194.680151552] [robot1.fragment_exec_node]: Navigation completed!
[INFO] [1787839194.682068519] [robot1.fragment_exec_node]: EventType: Task, Activity: move_to, Robot: robot1, Mission: m5, Segment: s3, End: 1787839194.6808944
[INFO] [1787839194.684183026] [robot1.fragment_exec_node]: Executing task place(o3-5,scan_area). Params: {'x': 5, 'y': 5, 'weight': 5}, Virtual state: {'position': {'x': 5, 'y': 5, 'z': 0.0}, 'docked': False}
[INFO] [1787839194.685941487] [robot1.fragment_exec_node]: EventType: Control (Task: place), Activity: localize, Robot: robot1, Mission: m5, Segment: s3, Start: 1787839194.6848328
[INFO] [1787839194.689070112] [robot1.fragment_exec_node]: Simulating localize skill...
[INFO] [1787839199.692750037] [robot1.fragment_exec_node]: Localize completed!
[INFO] [1787839199.695478058] [robot1.fragment_exec_node]: EventType: Control (Task: place), Activity: localize, Robot: robot1, Mission: m5, Segment: s3, End: 1787839199.6938338
[INFO] [1787839199.697150299] [robot1.fragment_exec_node]: EventType: Task, Activity: place, Robot: robot1, Mission: m5, Segment: s3, Start: 1787839199.6960385
[INFO] [1787839199.698871413] [robot1.fragment_exec_node]: Simulating place skill...
[INFO] [1787839204.703520065] [robot1.fragment_exec_node]: Place completed!
[INFO] [1787839204.705183627] [robot1.fragment_exec_node]: EventType: Task, Activity: place, Robot: robot1, Mission: m5, Segment: s3, End: 1787839204.7042532
[INFO] [1787839204.708115569] [robot1.fragment_exec_node]: Execution of fragment fm5-7 completed!
[INFO] [1787839205.492663391] [robot1.fragment_exec_node]: Received fragment assignment: {'robot': 'robot1', 'fragment': {'id': 'fm7-7', 'mission': 'm7', 'state': 'assigned', 'wait': [], 'tasks': [{'name': 'pick', 'label': 'pick(o3-7,shelf)', 'params': {'x': 3, 'y': 6, 'weight': 3}}, {'name': 'move_to', 'label': 'move_to(o3-7,scan_area)', 'params': {'x': 5, 'y': 5}}, {'name': 'place', 'label': 'place(o3-7,scan_area)', 'params': {'x': 5, 'y': 5, 'weight': 3}}], 'arrive_timestamp': 1787839165, 'priority': 1, 'segment': 's3'}}
[INFO] [1787839205.494568815] [robot1.fragment_exec_node]: Starting execution of fragment fm7-7...
[INFO] [1787839205.497145395] [robot1.fragment_exec_node]: Executing task pick(o3-7,shelf). Params: {'x': 3, 'y': 6, 'weight': 3}, Virtual state: {'position': {'x': 5, 'y': 5, 'z': 0.0}, 'docked': False}
[INFO] [1787839205.498931246] [robot1.fragment_exec_node]: EventType: Control (Task: pick), Activity: move_to, Robot: robot1, Mission: m7, Segment: s3, Start: 1787839205.497828
[INFO] [1787839205.500269878] [robot1.fragment_exec_node]: Simulating navigate skill from position (5, 5) to (3, 6) (4.47213595499958 seconds)...
[INFO] [1787839209.977211644] [robot1.fragment_exec_node]: Navigation completed!
[INFO] [1787839209.979549422] [robot1.fragment_exec_node]: EventType: Control (Task: pick), Activity: move_to, Robot: robot1, Mission: m7, Segment: s3, End: 1787839209.9784145
[INFO] [1787839209.981349361] [robot1.fragment_exec_node]: EventType: Control (Task: pick), Activity: localize, Robot: robot1, Mission: m7, Segment: s3, Start: 1787839209.9802074
[INFO] [1787839209.983074766] [robot1.fragment_exec_node]: Simulating localize skill...
[INFO] [1787839214.989589697] [robot1.fragment_exec_node]: Localize completed!
[INFO] [1787839214.991471200] [robot1.fragment_exec_node]: EventType: Control (Task: pick), Activity: localize, Robot: robot1, Mission: m7, Segment: s3, End: 1787839214.9902956
[INFO] [1787839214.993434591] [robot1.fragment_exec_node]: EventType: Task, Activity: pick, Robot: robot1, Mission: m7, Segment: s3, Start: 1787839214.9922683
[INFO] [1787839214.995589628] [robot1.fragment_exec_node]: Simulating pick skill...
[INFO] [1787839217.999135272] [robot1.fragment_exec_node]: Pick completed!
[INFO] [1787839218.001397852] [robot1.fragment_exec_node]: EventType: Task, Activity: pick, Robot: robot1, Mission: m7, Segment: s3, End: 1787839218.0003996
[INFO] [1787839218.003572450] [robot1.fragment_exec_node]: Executing task move_to(o3-7,scan_area). Params: {'x': 5, 'y': 5}, Virtual state: {'position': {'x': 3, 'y': 6, 'z': 0.0}, 'docked': False}
[INFO] [1787839218.004986830] [robot1.fragment_exec_node]: EventType: Task, Activity: move_to, Robot: robot1, Mission: m7, Segment: s3, Start: 1787839218.004096
[INFO] [1787839218.006396333] [robot1.fragment_exec_node]: Simulating navigate skill from position (3, 6) to (5, 5) (5.656854249492381 seconds)...
[INFO] [1787839223.667251448] [robot1.fragment_exec_node]: Navigation completed!
[INFO] [1787839223.670142756] [robot1.fragment_exec_node]: EventType: Task, Activity: move_to, Robot: robot1, Mission: m7, Segment: s3, End: 1787839223.6683216
[INFO] [1787839223.672456896] [robot1.fragment_exec_node]: Executing task place(o3-7,scan_area). Params: {'x': 5, 'y': 5, 'weight': 3}, Virtual state: {'position': {'x': 5, 'y': 5, 'z': 0.0}, 'docked': False}
[INFO] [1787839223.674299387] [robot1.fragment_exec_node]: EventType: Control (Task: place), Activity: localize, Robot: robot1, Mission: m7, Segment: s3, Start: 1787839223.6731446
[INFO] [1787839223.676067707] [robot1.fragment_exec_node]: Simulating localize skill...
[INFO] [1787839228.681119701] [robot1.fragment_exec_node]: Localize completed!
[INFO] [1787839228.684376903] [robot1.fragment_exec_node]: EventType: Control (Task: place), Activity: localize, Robot: robot1, Mission: m7, Segment: s3, End: 1787839228.6825614
[INFO] [1787839228.686314939] [robot1.fragment_exec_node]: EventType: Task, Activity: place, Robot: robot1, Mission: m7, Segment: s3, Start: 1787839228.6851592
[INFO] [1787839228.688045379] [robot1.fragment_exec_node]: Simulating place skill...
[INFO] [1787839231.692307210] [robot1.fragment_exec_node]: Place completed!
[INFO] [1787839231.695283562] [robot1.fragment_exec_node]: EventType: Task, Activity: place, Robot: robot1, Mission: m7, Segment: s3, End: 1787839231.6934128
[INFO] [1787839231.697598651] [robot1.fragment_exec_node]: Execution of fragment fm7-7 completed!
[INFO] [1787839232.503385313] [robot1.fragment_exec_node]: Received fragment assignment: {'robot': 'robot1', 'fragment': {'id': 'fm5-3', 'mission': 'm5', 'state': 'assigned', 'wait': ['scan(o1-5)'], 'tasks': [{'name': 'pick', 'label': 'pick(o1-5,scan_area)', 'params': {'x': 5, 'y': 5, 'weight': 4}}, {'name': 'move_to', 'label': 'move_to(o1-5,pack_area)', 'params': {'x': 8, 'y': 8}}, {'name': 'place', 'label': 'place(o1-5,pack_area)', 'params': {'x': 8, 'y': 8, 'weight': 4}}], 'arrive_timestamp': 1787839164, 'priority': 1, 'segment': 's1'}}
[INFO] [1787839232.504350167] [robot1.fragment_exec_node]: Starting execution of fragment fm5-3...
[INFO] [1787839232.505640676] [robot1.fragment_exec_node]: Executing task pick(o1-5,scan_area). Params: {'x': 5, 'y': 5, 'weight': 4}, Virtual state: {'position': {'x': 5, 'y': 5, 'z': 0.0}, 'docked': False}
[INFO] [1787839232.506496726] [robot1.fragment_exec_node]: EventType: Control (Task: pick), Activity: localize, Robot: robot1, Mission: m5, Segment: s1, Start: 1787839232.505971
[INFO] [1787839232.508049478] [robot1.fragment_exec_node]: Simulating localize skill...
[INFO] [1787839237.511497366] [robot1.fragment_exec_node]: Localize completed!
[INFO] [1787839237.513132609] [robot1.fragment_exec_node]: EventType: Control (Task: pick), Activity: localize, Robot: robot1, Mission: m5, Segment: s1, End: 1787839237.5122159
[INFO] [1787839237.515455249] [robot1.fragment_exec_node]: EventType: Task, Activity: pick, Robot: robot1, Mission: m5, Segment: s1, Start: 1787839237.5142255
[INFO] [1787839237.516747129] [robot1.fragment_exec_node]: Simulating pick skill...
[INFO] [1787839241.520461342] [robot1.fragment_exec_node]: Pick completed!
[INFO] [1787839241.523996372] [robot1.fragment_exec_node]: EventType: Task, Activity: pick, Robot: robot1, Mission: m5, Segment: s1, End: 1787839241.5222976
[INFO] [1787839241.527721670] [robot1.fragment_exec_node]: Executing task move_to(o1-5,pack_area). Params: {'x': 8, 'y': 8}, Virtual state: {'position': {'x': 5, 'y': 5, 'z': 0.0}, 'docked': False}
[INFO] [1787839241.529480117] [robot1.fragment_exec_node]: EventType: Task, Activity: move_to, Robot: robot1, Mission: m5, Segment: s1, Start: 1787839241.5284314
[INFO] [1787839241.530784656] [robot1.fragment_exec_node]: Simulating navigate skill from position (5, 5) to (8, 8) (8.48528137423857 seconds)...
[INFO] [1787839250.019198110] [robot1.fragment_exec_node]: Navigation completed!
[INFO] [1787839250.022019282] [robot1.fragment_exec_node]: EventType: Task, Activity: move_to, Robot: robot1, Mission: m5, Segment: s1, End: 1787839250.0202222
[INFO] [1787839250.024234912] [robot1.fragment_exec_node]: Executing task place(o1-5,pack_area). Params: {'x': 8, 'y': 8, 'weight': 4}, Virtual state: {'position': {'x': 8, 'y': 8, 'z': 0.0}, 'docked': False}
[INFO] [1787839250.026347547] [robot1.fragment_exec_node]: EventType: Control (Task: place), Activity: localize, Robot: robot1, Mission: m5, Segment: s1, Start: 1787839250.0251615
[INFO] [1787839250.027413962] [robot1.fragment_exec_node]: Simulating localize skill...
[INFO] [1787839255.032671206] [robot1.fragment_exec_node]: Localize completed!
[INFO] [1787839255.034999722] [robot1.fragment_exec_node]: EventType: Control (Task: place), Activity: localize, Robot: robot1, Mission: m5, Segment: s1, End: 1787839255.0335119
[INFO] [1787839255.036883736] [robot1.fragment_exec_node]: EventType: Task, Activity: place, Robot: robot1, Mission: m5, Segment: s1, Start: 1787839255.0357418
[INFO] [1787839255.038750359] [robot1.fragment_exec_node]: Simulating place skill...
[INFO] [1787839259.040827903] [robot1.fragment_exec_node]: Place completed!
[INFO] [1787839259.042493726] [robot1.fragment_exec_node]: EventType: Task, Activity: place, Robot: robot1, Mission: m5, Segment: s1, End: 1787839259.0418189
[INFO] [1787839259.043769333] [robot1.fragment_exec_node]: Execution of fragment fm5-3 completed!
[INFO] [1787839259.498235771] [robot1.fragment_exec_node]: Received fragment assignment: {'robot': 'robot1', 'fragment': {'id': 'fm5-12', 'mission': 'm5', 'state': 'assigned', 'wait': ['scan(o4-5)'], 'tasks': [{'name': 'pick', 'label': 'pick(o4-5,scan_area)', 'params': {'x': 5, 'y': 5, 'weight': 4}}, {'name': 'move_to', 'label': 'move_to(o4-5,pack_area)', 'params': {'x': 8, 'y': 8}}, {'name': 'place', 'label': 'place(o4-5,pack_area)', 'params': {'x': 8, 'y': 8, 'weight': 4}}], 'arrive_timestamp': 1787839164, 'priority': 1, 'segment': 's4'}}
[INFO] [1787839259.500703502] [robot1.fragment_exec_node]: Starting execution of fragment fm5-12...
[INFO] [1787839259.503755623] [robot1.fragment_exec_node]: Executing task pick(o4-5,scan_area). Params: {'x': 5, 'y': 5, 'weight': 4}, Virtual state: {'position': {'x': 8, 'y': 8, 'z': 0.0}, 'docked': False}
[INFO] [1787839259.504796318] [robot1.fragment_exec_node]: EventType: Control (Task: pick), Activity: move_to, Robot: robot1, Mission: m5, Segment: s4, Start: 1787839259.5041785
[INFO] [1787839259.505898830] [robot1.fragment_exec_node]: Simulating navigate skill from position (8, 8) to (5, 5) (8.48528137423857 seconds)...
[INFO] [1787839267.994145355] [robot1.fragment_exec_node]: Navigation completed!
[INFO] [1787839267.996040323] [robot1.fragment_exec_node]: EventType: Control (Task: pick), Activity: move_to, Robot: robot1, Mission: m5, Segment: s4, End: 1787839267.9947777
[INFO] [1787839267.997131595] [robot1.fragment_exec_node]: EventType: Control (Task: pick), Activity: localize, Robot: robot1, Mission: m5, Segment: s4, Start: 1787839267.99656
[INFO] [1787839267.998039445] [robot1.fragment_exec_node]: Simulating localize skill...
[INFO] [1787839273.001080184] [robot1.fragment_exec_node]: Localize completed!
[INFO] [1787839273.002984963] [robot1.fragment_exec_node]: EventType: Control (Task: pick), Activity: localize, Robot: robot1, Mission: m5, Segment: s4, End: 1787839273.0018387
[INFO] [1787839273.005552017] [robot1.fragment_exec_node]: EventType: Task, Activity: pick, Robot: robot1, Mission: m5, Segment: s4, Start: 1787839273.0041595
[INFO] [1787839273.007422001] [robot1.fragment_exec_node]: Simulating pick skill...
[INFO] [1787839277.011342593] [robot1.fragment_exec_node]: Pick completed!
[INFO] [1787839277.014335836] [robot1.fragment_exec_node]: EventType: Task, Activity: pick, Robot: robot1, Mission: m5, Segment: s4, End: 1787839277.01239
[INFO] [1787839277.017345519] [robot1.fragment_exec_node]: Executing task move_to(o4-5,pack_area). Params: {'x': 8, 'y': 8}, Virtual state: {'position': {'x': 5, 'y': 5, 'z': 0.0}, 'docked': False}
[INFO] [1787839277.019160465] [robot1.fragment_exec_node]: EventType: Task, Activity: move_to, Robot: robot1, Mission: m5, Segment: s4, Start: 1787839277.0179284
[INFO] [1787839277.020918376] [robot1.fragment_exec_node]: Simulating navigate skill from position (5, 5) to (8, 8) (8.48528137423857 seconds)...
[INFO] [1787839285.508813512] [robot1.fragment_exec_node]: Navigation completed!
[INFO] [1787839285.509954389] [robot1.fragment_exec_node]: EventType: Task, Activity: move_to, Robot: robot1, Mission: m5, Segment: s4, End: 1787839285.5093663
[INFO] [1787839285.510956926] [robot1.fragment_exec_node]: Executing task place(o4-5,pack_area). Params: {'x': 8, 'y': 8, 'weight': 4}, Virtual state: {'position': {'x': 8, 'y': 8, 'z': 0.0}, 'docked': False}
[INFO] [1787839285.511749633] [robot1.fragment_exec_node]: EventType: Control (Task: place), Activity: localize, Robot: robot1, Mission: m5, Segment: s4, Start: 1787839285.511233
[INFO] [1787839285.512456943] [robot1.fragment_exec_node]: Simulating localize skill...
[INFO] [1787839290.517076931] [robot1.fragment_exec_node]: Localize completed!
[INFO] [1787839290.519297311] [robot1.fragment_exec_node]: EventType: Control (Task: place), Activity: localize, Robot: robot1, Mission: m5, Segment: s4, End: 1787839290.5180633
[INFO] [1787839290.521132727] [robot1.fragment_exec_node]: EventType: Task, Activity: place, Robot: robot1, Mission: m5, Segment: s4, Start: 1787839290.5199854
[INFO] [1787839290.522892120] [robot1.fragment_exec_node]: Simulating place skill...
[INFO] [1787839294.526189487] [robot1.fragment_exec_node]: Place completed!
[INFO] [1787839294.528473317] [robot1.fragment_exec_node]: EventType: Task, Activity: place, Robot: robot1, Mission: m5, Segment: s4, End: 1787839294.5270333
[INFO] [1787839294.531773425] [robot1.fragment_exec_node]: Execution of fragment fm5-12 completed!
[INFO] [1787839295.494159962] [robot1.fragment_exec_node]: Received fragment assignment: {'robot': 'robot1', 'fragment': {'id': 'fm7-10', 'mission': 'm7', 'state': 'assigned', 'wait': [], 'tasks': [{'name': 'pick', 'label': 'pick(o4-7,shelf)', 'params': {'x': 3, 'y': 7, 'weight': 2}}, {'name': 'move_to', 'label': 'move_to(o4-7,scan_area)', 'params': {'x': 5, 'y': 5}}, {'name': 'place', 'label': 'place(o4-7,scan_area)', 'params': {'x': 5, 'y': 5, 'weight': 2}}], 'arrive_timestamp': 1787839256, 'priority': 1, 'segment': 's4'}}
[INFO] [1787839295.495216756] [robot1.fragment_exec_node]: Starting execution of fragment fm7-10...
[INFO] [1787839295.497293037] [robot1.fragment_exec_node]: Executing task pick(o4-7,shelf). Params: {'x': 3, 'y': 7, 'weight': 2}, Virtual state: {'position': {'x': 8, 'y': 8, 'z': 0.0}, 'docked': False}
[INFO] [1787839295.499141856] [robot1.fragment_exec_node]: EventType: Control (Task: pick), Activity: move_to, Robot: robot1, Mission: m7, Segment: s4, Start: 1787839295.4977713
[INFO] [1787839295.500953195] [robot1.fragment_exec_node]: Simulating navigate skill from position (8, 8) to (3, 7) (10.198039027185569 seconds)...
[INFO] [1787839305.703342728] [robot1.fragment_exec_node]: Navigation completed!
[INFO] [1787839305.707269384] [robot1.fragment_exec_node]: EventType: Control (Task: pick), Activity: move_to, Robot: robot1, Mission: m7, Segment: s4, End: 1787839305.7046106
[INFO] [1787839305.709150221] [robot1.fragment_exec_node]: EventType: Control (Task: pick), Activity: localize, Robot: robot1, Mission: m7, Segment: s4, Start: 1787839305.7080235
[INFO] [1787839305.711332226] [robot1.fragment_exec_node]: Simulating localize skill...
[INFO] [1787839310.714317826] [robot1.fragment_exec_node]: Localize completed!
[INFO] [1787839310.717343605] [robot1.fragment_exec_node]: EventType: Control (Task: pick), Activity: localize, Robot: robot1, Mission: m7, Segment: s4, End: 1787839310.7150524
[INFO] [1787839310.719919910] [robot1.fragment_exec_node]: EventType: Task, Activity: pick, Robot: robot1, Mission: m7, Segment: s4, Start: 1787839310.718161
[INFO] [1787839310.721527376] [robot1.fragment_exec_node]: Simulating pick skill...
[INFO] [1787839312.723300202] [robot1.fragment_exec_node]: Pick completed!
[INFO] [1787839312.724042594] [robot1.fragment_exec_node]: EventType: Task, Activity: pick, Robot: robot1, Mission: m7, Segment: s4, End: 1787839312.723636
[INFO] [1787839312.725192736] [robot1.fragment_exec_node]: Executing task move_to(o4-7,scan_area). Params: {'x': 5, 'y': 5}, Virtual state: {'position': {'x': 3, 'y': 7, 'z': 0.0}, 'docked': False}
[INFO] [1787839312.725951784] [robot1.fragment_exec_node]: EventType: Task, Activity: move_to, Robot: robot1, Mission: m7, Segment: s4, Start: 1787839312.7255952
[INFO] [1787839312.726593435] [robot1.fragment_exec_node]: Simulating navigate skill from position (3, 7) to (5, 5) (5.656854249492381 seconds)...
[INFO] [1787839318.387529219] [robot1.fragment_exec_node]: Navigation completed!
[INFO] [1787839318.389521622] [robot1.fragment_exec_node]: EventType: Task, Activity: move_to, Robot: robot1, Mission: m7, Segment: s4, End: 1787839318.3884022
[INFO] [1787839318.391549753] [robot1.fragment_exec_node]: Executing task place(o4-7,scan_area). Params: {'x': 5, 'y': 5, 'weight': 2}, Virtual state: {'position': {'x': 5, 'y': 5, 'z': 0.0}, 'docked': False}
[INFO] [1787839318.393818112] [robot1.fragment_exec_node]: EventType: Control (Task: place), Activity: localize, Robot: robot1, Mission: m7, Segment: s4, Start: 1787839318.3922698
[INFO] [1787839318.395329361] [robot1.fragment_exec_node]: Simulating localize skill...
[INFO] [1787839323.399209096] [robot1.fragment_exec_node]: Localize completed!
[INFO] [1787839323.402006794] [robot1.fragment_exec_node]: EventType: Control (Task: place), Activity: localize, Robot: robot1, Mission: m7, Segment: s4, End: 1787839323.400262
[INFO] [1787839323.403533187] [robot1.fragment_exec_node]: EventType: Task, Activity: place, Robot: robot1, Mission: m7, Segment: s4, Start: 1787839323.4026303
[INFO] [1787839323.405282393] [robot1.fragment_exec_node]: Simulating place skill...
[INFO] [1787839325.409195059] [robot1.fragment_exec_node]: Place completed!
[INFO] [1787839325.412128652] [robot1.fragment_exec_node]: EventType: Task, Activity: place, Robot: robot1, Mission: m7, Segment: s4, End: 1787839325.4103062
[INFO] [1787839325.414454746] [robot1.fragment_exec_node]: Execution of fragment fm7-10 completed!
[INFO] [1787839325.496810001] [robot1.fragment_exec_node]: Received fragment assignment: {'robot': 'robot1', 'fragment': {'id': 'fm3-1', 'mission': 'm3', 'state': 'assigned', 'wait': [], 'tasks': [{'name': 'pick', 'label': 'pick(o1-3,shelf)', 'params': {'x': 2, 'y': 5, 'weight': 4}}, {'name': 'move_to', 'label': 'move_to(o1-3,scan_area)', 'params': {'x': 5, 'y': 5}}, {'name': 'place', 'label': 'place(o1-3,scan_area)', 'params': {'x': 5, 'y': 5, 'weight': 4}}], 'arrive_timestamp': 1787839163, 'priority': 1, 'segment': 's1'}}
[INFO] [1787839325.499997174] [robot1.fragment_exec_node]: Starting execution of fragment fm3-1...
[INFO] [1787839325.501648641] [robot1.fragment_exec_node]: Executing task pick(o1-3,shelf). Params: {'x': 2, 'y': 5, 'weight': 4}, Virtual state: {'position': {'x': 5, 'y': 5, 'z': 0.0}, 'docked': False}
[INFO] [1787839325.502730639] [robot1.fragment_exec_node]: EventType: Control (Task: pick), Activity: move_to, Robot: robot1, Mission: m3, Segment: s1, Start: 1787839325.5021162
[INFO] [1787839325.504361466] [robot1.fragment_exec_node]: Simulating navigate skill from position (5, 5) to (2, 5) (6.0 seconds)...
[INFO] [1787839331.508526719] [robot1.fragment_exec_node]: Navigation completed!
[INFO] [1787839331.511508872] [robot1.fragment_exec_node]: EventType: Control (Task: pick), Activity: move_to, Robot: robot1, Mission: m3, Segment: s1, End: 1787839331.5096035
[INFO] [1787839331.512851721] [robot1.fragment_exec_node]: EventType: Control (Task: pick), Activity: localize, Robot: robot1, Mission: m3, Segment: s1, Start: 1787839331.512104
[INFO] [1787839331.514215356] [robot1.fragment_exec_node]: Simulating localize skill...
[INFO] [1787839336.519418015] [robot1.fragment_exec_node]: Localize completed!
[INFO] [1787839336.521365388] [robot1.fragment_exec_node]: EventType: Control (Task: pick), Activity: localize, Robot: robot1, Mission: m3, Segment: s1, End: 1787839336.5202227
[INFO] [1787839336.523661071] [robot1.fragment_exec_node]: EventType: Task, Activity: pick, Robot: robot1, Mission: m3, Segment: s1, Start: 1787839336.5220828
[INFO] [1787839336.525499544] [robot1.fragment_exec_node]: Simulating pick skill...
[INFO] [1787839340.529164175] [robot1.fragment_exec_node]: Pick completed!
[INFO] [1787839340.530918595] [robot1.fragment_exec_node]: EventType: Task, Activity: pick, Robot: robot1, Mission: m3, Segment: s1, End: 1787839340.530013
[INFO] [1787839340.533087675] [robot1.fragment_exec_node]: Executing task move_to(o1-3,scan_area). Params: {'x': 5, 'y': 5}, Virtual state: {'position': {'x': 2, 'y': 5, 'z': 0.0}, 'docked': False}
[INFO] [1787839340.535259345] [robot1.fragment_exec_node]: EventType: Task, Activity: move_to, Robot: robot1, Mission: m3, Segment: s1, Start: 1787839340.53376
[INFO] [1787839340.537895563] [robot1.fragment_exec_node]: Simulating navigate skill from position (2, 5) to (5, 5) (8.48528137423857 seconds)...
[INFO] [1787839349.026537602] [robot1.fragment_exec_node]: Navigation completed!
[INFO] [1787839349.028855887] [robot1.fragment_exec_node]: EventType: Task, Activity: move_to, Robot: robot1, Mission: m3, Segment: s1, End: 1787839349.0276387
[INFO] [1787839349.031809710] [robot1.fragment_exec_node]: Executing task place(o1-3,scan_area). Params: {'x': 5, 'y': 5, 'weight': 4}, Virtual state: {'position': {'x': 5, 'y': 5, 'z': 0.0}, 'docked': False}
[INFO] [1787839349.033573913] [robot1.fragment_exec_node]: EventType: Control (Task: place), Activity: localize, Robot: robot1, Mission: m3, Segment: s1, Start: 1787839349.03243
[INFO] [1787839349.035423937] [robot1.fragment_exec_node]: Simulating localize skill...
[INFO] [1787839354.039659287] [robot1.fragment_exec_node]: Localize completed!
[INFO] [1787839354.042494591] [robot1.fragment_exec_node]: EventType: Control (Task: place), Activity: localize, Robot: robot1, Mission: m3, Segment: s1, End: 1787839354.040818
[INFO] [1787839354.044894387] [robot1.fragment_exec_node]: EventType: Task, Activity: place, Robot: robot1, Mission: m3, Segment: s1, Start: 1787839354.043212
[INFO] [1787839354.046621810] [robot1.fragment_exec_node]: Simulating place skill...
[INFO] [1787839358.050821428] [robot1.fragment_exec_node]: Place completed!
[INFO] [1787839358.052668181] [robot1.fragment_exec_node]: EventType: Task, Activity: place, Robot: robot1, Mission: m3, Segment: s1, End: 1787839358.051525
[INFO] [1787839358.055190032] [robot1.fragment_exec_node]: Execution of fragment fm3-1 completed!
[INFO] [1787839358.490307502] [robot1.fragment_exec_node]: Received fragment assignment: {'robot': 'robot1', 'fragment': {'id': 'fm4-1', 'mission': 'm4', 'state': 'assigned', 'wait': [], 'tasks': [{'name': 'pick', 'label': 'pick(o1-4,shelf)', 'params': {'x': 2, 'y': 5, 'weight': 4}}, {'name': 'move_to', 'label': 'move_to(o1-4,scan_area)', 'params': {'x': 5, 'y': 5}}, {'name': 'place', 'label': 'place(o1-4,scan_area)', 'params': {'x': 5, 'y': 5, 'weight': 4}}], 'arrive_timestamp': 1787839346, 'priority': 1, 'segment': 's1'}}
[INFO] [1787839358.518465460] [robot1.fragment_exec_node]: Starting execution of fragment fm4-1...
[INFO] [1787839358.519416043] [robot1.fragment_exec_node]: Executing task pick(o1-4,shelf). Params: {'x': 2, 'y': 5, 'weight': 4}, Virtual state: {'position': {'x': 5, 'y': 5, 'z': 0.0}, 'docked': False}
[INFO] [1787839358.520371963] [robot1.fragment_exec_node]: EventType: Control (Task: pick), Activity: move_to, Robot: robot1, Mission: m4, Segment: s1, Start: 1787839358.519893
[INFO] [1787839358.520934250] [robot1.fragment_exec_node]: Simulating navigate skill from position (5, 5) to (2, 5) (6.0 seconds)...
[INFO] [1787839364.523370205] [robot1.fragment_exec_node]: Navigation completed!
[INFO] [1787839364.525115754] [robot1.fragment_exec_node]: EventType: Control (Task: pick), Activity: move_to, Robot: robot1, Mission: m4, Segment: s1, End: 1787839364.5240366
[INFO] [1787839364.527314153] [robot1.fragment_exec_node]: EventType: Control (Task: pick), Activity: localize, Robot: robot1, Mission: m4, Segment: s1, Start: 1787839364.5263147
[INFO] [1787839364.528777052] [robot1.fragment_exec_node]: Simulating localize skill...
[INFO] [1787839369.532165664] [robot1.fragment_exec_node]: Localize completed!
[INFO] [1787839369.534007023] [robot1.fragment_exec_node]: EventType: Control (Task: pick), Activity: localize, Robot: robot1, Mission: m4, Segment: s1, End: 1787839369.5328765
[INFO] [1787839369.536107235] [robot1.fragment_exec_node]: EventType: Task, Activity: pick, Robot: robot1, Mission: m4, Segment: s1, Start: 1787839369.5346162
[INFO] [1787839369.538175206] [robot1.fragment_exec_node]: Simulating pick skill...
[INFO] [1787839373.540652383] [robot1.fragment_exec_node]: Pick completed!
[INFO] [1787839373.543829701] [robot1.fragment_exec_node]: EventType: Task, Activity: pick, Robot: robot1, Mission: m4, Segment: s1, End: 1787839373.5418143
[INFO] [1787839373.545614389] [robot1.fragment_exec_node]: Executing task move_to(o1-4,scan_area). Params: {'x': 5, 'y': 5}, Virtual state: {'position': {'x': 2, 'y': 5, 'z': 0.0}, 'docked': False}
[INFO] [1787839373.547135662] [robot1.fragment_exec_node]: EventType: Task, Activity: move_to, Robot: robot1, Mission: m4, Segment: s1, Start: 1787839373.5461
[INFO] [1787839373.548509469] [robot1.fragment_exec_node]: Simulating navigate skill from position (2, 5) to (5, 5) (8.48528137423857 seconds)...
[INFO] [1787839382.039112146] [robot1.fragment_exec_node]: Navigation completed!
[INFO] [1787839382.041122846] [robot1.fragment_exec_node]: EventType: Task, Activity: move_to, Robot: robot1, Mission: m4, Segment: s1, End: 1787839382.0400321
[INFO] [1787839382.043329204] [robot1.fragment_exec_node]: Executing task place(o1-4,scan_area). Params: {'x': 5, 'y': 5, 'weight': 4}, Virtual state: {'position': {'x': 5, 'y': 5, 'z': 0.0}, 'docked': False}
[INFO] [1787839382.045274181] [robot1.fragment_exec_node]: EventType: Control (Task: place), Activity: localize, Robot: robot1, Mission: m4, Segment: s1, Start: 1787839382.0440037
[INFO] [1787839382.046881731] [robot1.fragment_exec_node]: Simulating localize skill...
[INFO] [1787839387.049614181] [robot1.fragment_exec_node]: Localize completed!
[INFO] [1787839387.050914315] [robot1.fragment_exec_node]: EventType: Control (Task: place), Activity: localize, Robot: robot1, Mission: m4, Segment: s1, End: 1787839387.0501947
[INFO] [1787839387.052068977] [robot1.fragment_exec_node]: EventType: Task, Activity: place, Robot: robot1, Mission: m4, Segment: s1, Start: 1787839387.0514023
[INFO] [1787839387.053402103] [robot1.fragment_exec_node]: Simulating place skill...
[INFO] [1787839391.058510588] [robot1.fragment_exec_node]: Place completed!
[INFO] [1787839391.060423071] [robot1.fragment_exec_node]: EventType: Task, Activity: place, Robot: robot1, Mission: m4, Segment: s1, End: 1787839391.0593019
[INFO] [1787839391.062774727] [robot1.fragment_exec_node]: Execution of fragment fm4-1 completed!
[INFO] [1787839391.522469584] [robot1.fragment_exec_node]: Received fragment assignment: {'robot': 'robot1', 'fragment': {'id': 'fm3-9', 'mission': 'm3', 'state': 'assigned', 'wait': ['scan(o3-3)'], 'tasks': [{'name': 'pick', 'label': 'pick(o3-3,scan_area)', 'params': {'x': 5, 'y': 5, 'weight': 5}}, {'name': 'move_to', 'label': 'move_to(o3-3,pack_area)', 'params': {'x': 8, 'y': 8}}, {'name': 'place', 'label': 'place(o3-3,pack_area)', 'params': {'x': 8, 'y': 8, 'weight': 5}}], 'arrive_timestamp': 1787839163, 'priority': 1, 'segment': 's3'}}
[INFO] [1787839391.523503431] [robot1.fragment_exec_node]: Starting execution of fragment fm3-9...
[INFO] [1787839391.524409370] [robot1.fragment_exec_node]: Executing task pick(o3-3,scan_area). Params: {'x': 5, 'y': 5, 'weight': 5}, Virtual state: {'position': {'x': 5, 'y': 5, 'z': 0.0}, 'docked': False}
[INFO] [1787839391.524979963] [robot1.fragment_exec_node]: EventType: Control (Task: pick), Activity: localize, Robot: robot1, Mission: m3, Segment: s3, Start: 1787839391.5246437
[INFO] [1787839391.525543377] [robot1.fragment_exec_node]: Simulating localize skill...
[INFO] [1787839396.527377203] [robot1.fragment_exec_node]: Localize completed!
[INFO] [1787839396.529194694] [robot1.fragment_exec_node]: EventType: Control (Task: pick), Activity: localize, Robot: robot1, Mission: m3, Segment: s3, End: 1787839396.5282688
[INFO] [1787839396.531017252] [robot1.fragment_exec_node]: EventType: Task, Activity: pick, Robot: robot1, Mission: m3, Segment: s3, Start: 1787839396.5297248
[INFO] [1787839396.532488771] [robot1.fragment_exec_node]: Simulating pick skill...
[INFO] [1787839401.536722210] [robot1.fragment_exec_node]: Pick completed!
[INFO] [1787839401.539270422] [robot1.fragment_exec_node]: EventType: Task, Activity: pick, Robot: robot1, Mission: m3, Segment: s3, End: 1787839401.5376992
[INFO] [1787839401.541410397] [robot1.fragment_exec_node]: Executing task move_to(o3-3,pack_area). Params: {'x': 8, 'y': 8}, Virtual state: {'position': {'x': 5, 'y': 5, 'z': 0.0}, 'docked': False}
[INFO] [1787839401.543260800] [robot1.fragment_exec_node]: EventType: Task, Activity: move_to, Robot: robot1, Mission: m3, Segment: s3, Start: 1787839401.5420997
[INFO] [1787839401.545039353] [robot1.fragment_exec_node]: Simulating navigate skill from position (5, 5) to (8, 8) (8.48528137423857 seconds)...
[INFO] [1787839410.035466991] [robot1.fragment_exec_node]: Navigation completed!
[INFO] [1787839410.037551020] [robot1.fragment_exec_node]: EventType: Task, Activity: move_to, Robot: robot1, Mission: m3, Segment: s3, End: 1787839410.03641
[INFO] [1787839410.039676834] [robot1.fragment_exec_node]: Executing task place(o3-3,pack_area). Params: {'x': 8, 'y': 8, 'weight': 5}, Virtual state: {'position': {'x': 8, 'y': 8, 'z': 0.0}, 'docked': False}
[INFO] [1787839410.041431405] [robot1.fragment_exec_node]: EventType: Control (Task: place), Activity: localize, Robot: robot1, Mission: m3, Segment: s3, Start: 1787839410.0403092
[INFO] [1787839410.042838283] [robot1.fragment_exec_node]: Simulating localize skill...
[INFO] [1787839415.046818866] [robot1.fragment_exec_node]: Localize completed!
[INFO] [1787839415.048820821] [robot1.fragment_exec_node]: EventType: Control (Task: place), Activity: localize, Robot: robot1, Mission: m3, Segment: s3, End: 1787839415.0476887
[INFO] [1787839415.050822563] [robot1.fragment_exec_node]: EventType: Task, Activity: place, Robot: robot1, Mission: m3, Segment: s3, Start: 1787839415.049625
[INFO] [1787839415.053391939] [robot1.fragment_exec_node]: Simulating place skill...
[INFO] [1787839420.057672587] [robot1.fragment_exec_node]: Place completed!
[INFO] [1787839420.059307154] [robot1.fragment_exec_node]: EventType: Task, Activity: place, Robot: robot1, Mission: m3, Segment: s3, End: 1787839420.0583074
[INFO] [1787839420.061610749] [robot1.fragment_exec_node]: Execution of fragment fm3-9 completed!
[INFO] [1787839420.491642627] [robot1.fragment_exec_node]: Received fragment assignment: {'robot': 'robot1', 'fragment': {'id': 'fm7-6', 'mission': 'm7', 'state': 'assigned', 'wait': ['scan(o2-7)'], 'tasks': [{'name': 'pick', 'label': 'pick(o2-7,scan_area)', 'params': {'x': 5, 'y': 5, 'weight': 3}}, {'name': 'move_to', 'label': 'move_to(o2-7,pack_area)', 'params': {'x': 8, 'y': 8}}, {'name': 'place', 'label': 'place(o2-7,pack_area)', 'params': {'x': 8, 'y': 8, 'weight': 3}}], 'arrive_timestamp': 1787839256, 'priority': 1, 'segment': 's2'}}
[INFO] [1787839420.493729719] [robot1.fragment_exec_node]: Starting execution of fragment fm7-6...
[INFO] [1787839420.496562103] [robot1.fragment_exec_node]: Executing task pick(o2-7,scan_area). Params: {'x': 5, 'y': 5, 'weight': 3}, Virtual state: {'position': {'x': 8, 'y': 8, 'z': 0.0}, 'docked': False}
[INFO] [1787839420.497595705] [robot1.fragment_exec_node]: EventType: Control (Task: pick), Activity: move_to, Robot: robot1, Mission: m7, Segment: s2, Start: 1787839420.4970055
[INFO] [1787839420.499410280] [robot1.fragment_exec_node]: Simulating navigate skill from position (8, 8) to (5, 5) (8.48528137423857 seconds)...
[INFO] [1787839428.988108300] [robot1.fragment_exec_node]: Navigation completed!
[INFO] [1787839428.990449154] [robot1.fragment_exec_node]: EventType: Control (Task: pick), Activity: move_to, Robot: robot1, Mission: m7, Segment: s2, End: 1787839428.9888608
[INFO] [1787839428.991973769] [robot1.fragment_exec_node]: EventType: Control (Task: pick), Activity: localize, Robot: robot1, Mission: m7, Segment: s2, Start: 1787839428.9910917
[INFO] [1787839428.993588464] [robot1.fragment_exec_node]: Simulating localize skill...
[INFO] [1787839433.997511504] [robot1.fragment_exec_node]: Localize completed!
[INFO] [1787839434.001462015] [robot1.fragment_exec_node]: EventType: Control (Task: pick), Activity: localize, Robot: robot1, Mission: m7, Segment: s2, End: 1787839433.9986668
[INFO] [1787839434.003572923] [robot1.fragment_exec_node]: EventType: Task, Activity: pick, Robot: robot1, Mission: m7, Segment: s2, Start: 1787839434.0021834
[INFO] [1787839434.005381629] [robot1.fragment_exec_node]: Simulating pick skill...
[INFO] [1787839437.009193286] [robot1.fragment_exec_node]: Pick completed!
[INFO] [1787839437.011108428] [robot1.fragment_exec_node]: EventType: Task, Activity: pick, Robot: robot1, Mission: m7, Segment: s2, End: 1787839437.0100856
[INFO] [1787839437.014141237] [robot1.fragment_exec_node]: Executing task move_to(o2-7,pack_area). Params: {'x': 8, 'y': 8}, Virtual state: {'position': {'x': 5, 'y': 5, 'z': 0.0}, 'docked': False}
[INFO] [1787839437.016426809] [robot1.fragment_exec_node]: EventType: Task, Activity: move_to, Robot: robot1, Mission: m7, Segment: s2, Start: 1787839437.0149841
[INFO] [1787839437.018353095] [robot1.fragment_exec_node]: Simulating navigate skill from position (5, 5) to (8, 8) (8.48528137423857 seconds)...
[INFO] [1787839445.508590410] [robot1.fragment_exec_node]: Navigation completed!
[INFO] [1787839445.511607029] [robot1.fragment_exec_node]: EventType: Task, Activity: move_to, Robot: robot1, Mission: m7, Segment: s2, End: 1787839445.5095148
[INFO] [1787839445.513743499] [robot1.fragment_exec_node]: Executing task place(o2-7,pack_area). Params: {'x': 8, 'y': 8, 'weight': 3}, Virtual state: {'position': {'x': 8, 'y': 8, 'z': 0.0}, 'docked': False}
[INFO] [1787839445.515428943] [robot1.fragment_exec_node]: EventType: Control (Task: place), Activity: localize, Robot: robot1, Mission: m7, Segment: s2, Start: 1787839445.5143487
[INFO] [1787839445.517325165] [robot1.fragment_exec_node]: Simulating localize skill...
[INFO] [1787839450.522119529] [robot1.fragment_exec_node]: Localize completed!
[INFO] [1787839450.525026921] [robot1.fragment_exec_node]: EventType: Control (Task: place), Activity: localize, Robot: robot1, Mission: m7, Segment: s2, End: 1787839450.52324
[INFO] [1787839450.526588328] [robot1.fragment_exec_node]: EventType: Task, Activity: place, Robot: robot1, Mission: m7, Segment: s2, Start: 1787839450.5257149
[INFO] [1787839450.528358718] [robot1.fragment_exec_node]: Simulating place skill...
[INFO] [1787839453.532401079] [robot1.fragment_exec_node]: Place completed!
[INFO] [1787839453.534882558] [robot1.fragment_exec_node]: EventType: Task, Activity: place, Robot: robot1, Mission: m7, Segment: s2, End: 1787839453.5333893
[INFO] [1787839453.537405595] [robot1.fragment_exec_node]: Execution of fragment fm7-6 completed!
[INFO] [1787839454.497398699] [robot1.fragment_exec_node]: Received fragment assignment: {'robot': 'robot1', 'fragment': {'id': 'fm4-9', 'mission': 'm4', 'state': 'assigned', 'wait': ['scan(o3-4)'], 'tasks': [{'name': 'pick', 'label': 'pick(o3-4,scan_area)', 'params': {'x': 5, 'y': 5, 'weight': 5}}, {'name': 'move_to', 'label': 'move_to(o3-4,pack_area)', 'params': {'x': 8, 'y': 8}}, {'name': 'place', 'label': 'place(o3-4,pack_area)', 'params': {'x': 8, 'y': 8, 'weight': 5}}], 'arrive_timestamp': 1787839346, 'priority': 1, 'segment': 's3'}}
[INFO] [1787839454.499584516] [robot1.fragment_exec_node]: Starting execution of fragment fm4-9...
[INFO] [1787839454.501070945] [robot1.fragment_exec_node]: Executing task pick(o3-4,scan_area). Params: {'x': 5, 'y': 5, 'weight': 5}, Virtual state: {'position': {'x': 8, 'y': 8, 'z': 0.0}, 'docked': False}
[INFO] [1787839454.502152110] [robot1.fragment_exec_node]: EventType: Control (Task: pick), Activity: move_to, Robot: robot1, Mission: m4, Segment: s3, Start: 1787839454.501381
[INFO] [1787839454.503904080] [robot1.fragment_exec_node]: Simulating navigate skill from position (8, 8) to (5, 5) (8.48528137423857 seconds)...
[INFO] [1787839462.993114144] [robot1.fragment_exec_node]: Navigation completed!
[INFO] [1787839462.995808745] [robot1.fragment_exec_node]: EventType: Control (Task: pick), Activity: move_to, Robot: robot1, Mission: m4, Segment: s3, End: 1787839462.993962
[INFO] [1787839462.998001102] [robot1.fragment_exec_node]: EventType: Control (Task: pick), Activity: localize, Robot: robot1, Mission: m4, Segment: s3, Start: 1787839462.9964206
[INFO] [1787839462.999632469] [robot1.fragment_exec_node]: Simulating localize skill...
[INFO] [1787839468.003087840] [robot1.fragment_exec_node]: Localize completed!
[INFO] [1787839468.005806184] [robot1.fragment_exec_node]: EventType: Control (Task: pick), Activity: localize, Robot: robot1, Mission: m4, Segment: s3, End: 1787839468.0039308
[INFO] [1787839468.008198232] [robot1.fragment_exec_node]: EventType: Task, Activity: pick, Robot: robot1, Mission: m4, Segment: s3, Start: 1787839468.0064042
[INFO] [1787839468.009744149] [robot1.fragment_exec_node]: Simulating pick skill...
[INFO] [1787839473.013060278] [robot1.fragment_exec_node]: Pick completed!
[INFO] [1787839473.015551279] [robot1.fragment_exec_node]: EventType: Task, Activity: pick, Robot: robot1, Mission: m4, Segment: s3, End: 1787839473.013821
[INFO] [1787839473.017989318] [robot1.fragment_exec_node]: Executing task move_to(o3-4,pack_area). Params: {'x': 8, 'y': 8}, Virtual state: {'position': {'x': 5, 'y': 5, 'z': 0.0}, 'docked': False}
[INFO] [1787839473.019831269] [robot1.fragment_exec_node]: EventType: Task, Activity: move_to, Robot: robot1, Mission: m4, Segment: s3, Start: 1787839473.0184174
[INFO] [1787839473.021298910] [robot1.fragment_exec_node]: Simulating navigate skill from position (5, 5) to (8, 8) (8.48528137423857 seconds)...
[INFO] [1787839481.510591278] [robot1.fragment_exec_node]: Navigation completed!
[INFO] [1787839481.513441325] [robot1.fragment_exec_node]: EventType: Task, Activity: move_to, Robot: robot1, Mission: m4, Segment: s3, End: 1787839481.5115507
[INFO] [1787839481.516671330] [robot1.fragment_exec_node]: Executing task place(o3-4,pack_area). Params: {'x': 8, 'y': 8, 'weight': 5}, Virtual state: {'position': {'x': 8, 'y': 8, 'z': 0.0}, 'docked': False}
[INFO] [1787839481.518404274] [robot1.fragment_exec_node]: EventType: Control (Task: place), Activity: localize, Robot: robot1, Mission: m4, Segment: s3, Start: 1787839481.5171986
[INFO] [1787839481.519712964] [robot1.fragment_exec_node]: Simulating localize skill...
[INFO] [1787839486.524423432] [robot1.fragment_exec_node]: Localize completed!
[INFO] [1787839486.527069636] [robot1.fragment_exec_node]: EventType: Control (Task: place), Activity: localize, Robot: robot1, Mission: m4, Segment: s3, End: 1787839486.5250974
[INFO] [1787839486.528651941] [robot1.fragment_exec_node]: EventType: Task, Activity: place, Robot: robot1, Mission: m4, Segment: s3, Start: 1787839486.5275493
[INFO] [1787839486.530108108] [robot1.fragment_exec_node]: Simulating place skill...
[INFO] [1787839491.531914836] [robot1.fragment_exec_node]: Place completed!
[INFO] [1787839491.532552746] [robot1.fragment_exec_node]: EventType: Task, Activity: place, Robot: robot1, Mission: m4, Segment: s3, End: 1787839491.532157
[INFO] [1787839491.533703445] [robot1.fragment_exec_node]: Execution of fragment fm4-9 completed!
[INFO] [1787839492.506511521] [robot1.fragment_exec_node]: Received fragment assignment: {'robot': 'robot1', 'fragment': {'id': 'fm2-1', 'mission': 'm2', 'state': 'assigned', 'wait': [], 'tasks': [{'name': 'pick', 'label': 'pick(o1-2,shelf)', 'params': {'x': 1, 'y': 3, 'weight': 5}}, {'name': 'move_to', 'label': 'move_to(o1-2,scan_area)', 'params': {'x': 5, 'y': 5}}, {'name': 'place', 'label': 'place(o1-2,scan_area)', 'params': {'x': 5, 'y': 5, 'weight': 5}}], 'arrive_timestamp': 1787839255, 'priority': 1, 'segment': 's1'}}
[INFO] [1787839492.508499389] [robot1.fragment_exec_node]: Starting execution of fragment fm2-1...
[INFO] [1787839492.510833804] [robot1.fragment_exec_node]: Executing task pick(o1-2,shelf). Params: {'x': 1, 'y': 3, 'weight': 5}, Virtual state: {'position': {'x': 8, 'y': 8, 'z': 0.0}, 'docked': False}
[INFO] [1787839492.511640899] [robot1.fragment_exec_node]: EventType: Control (Task: pick), Activity: move_to, Robot: robot1, Mission: m2, Segment: s1, Start: 1787839492.5111418
[INFO] [1787839492.512615289] [robot1.fragment_exec_node]: Simulating navigate skill from position (8, 8) to (1, 3) (17.204650534085253 seconds)...
[INFO] [1787839509.720019417] [robot1.fragment_exec_node]: Navigation completed!
[INFO] [1787839509.721652981] [robot1.fragment_exec_node]: EventType: Control (Task: pick), Activity: move_to, Robot: robot1, Mission: m2, Segment: s1, End: 1787839509.7207336
[INFO] [1787839509.722922905] [robot1.fragment_exec_node]: EventType: Control (Task: pick), Activity: localize, Robot: robot1, Mission: m2, Segment: s1, Start: 1787839509.7221556
[INFO] [1787839509.724234535] [robot1.fragment_exec_node]: Simulating localize skill...
[INFO] [1787839514.727666055] [robot1.fragment_exec_node]: Localize completed!
[INFO] [1787839514.730098529] [robot1.fragment_exec_node]: EventType: Control (Task: pick), Activity: localize, Robot: robot1, Mission: m2, Segment: s1, End: 1787839514.7289183
[INFO] [1787839514.731866666] [robot1.fragment_exec_node]: EventType: Task, Activity: pick, Robot: robot1, Mission: m2, Segment: s1, Start: 1787839514.7307615
[INFO] [1787839514.736703565] [robot1.fragment_exec_node]: Simulating pick skill...
[INFO] [1787839519.741003526] [robot1.fragment_exec_node]: Pick completed!
[INFO] [1787839519.748648079] [robot1.fragment_exec_node]: EventType: Task, Activity: pick, Robot: robot1, Mission: m2, Segment: s1, End: 1787839519.7420855
[INFO] [1787839519.760660440] [robot1.fragment_exec_node]: Executing task move_to(o1-2,scan_area). Params: {'x': 5, 'y': 5}, Virtual state: {'position': {'x': 1, 'y': 3, 'z': 0.0}, 'docked': False}
[INFO] [1787839519.761676218] [robot1.fragment_exec_node]: EventType: Task, Activity: move_to, Robot: robot1, Mission: m2, Segment: s1, Start: 1787839519.7611613
[INFO] [1787839519.762573928] [robot1.fragment_exec_node]: Simulating navigate skill from position (1, 3) to (5, 5) (11.313708498984761 seconds)...
[INFO] [1787839531.079569985] [robot1.fragment_exec_node]: Navigation completed!
[INFO] [1787839531.082575471] [robot1.fragment_exec_node]: EventType: Task, Activity: move_to, Robot: robot1, Mission: m2, Segment: s1, End: 1787839531.0808182
[INFO] [1787839531.084658093] [robot1.fragment_exec_node]: Executing task place(o1-2,scan_area). Params: {'x': 5, 'y': 5, 'weight': 5}, Virtual state: {'position': {'x': 5, 'y': 5, 'z': 0.0}, 'docked': False}
[INFO] [1787839531.086457082] [robot1.fragment_exec_node]: EventType: Control (Task: place), Activity: localize, Robot: robot1, Mission: m2, Segment: s1, Start: 1787839531.0852895
[INFO] [1787839531.088337319] [robot1.fragment_exec_node]: Simulating localize skill...
[INFO] [1787839536.092499666] [robot1.fragment_exec_node]: Localize completed!
[INFO] [1787839536.095093359] [robot1.fragment_exec_node]: EventType: Control (Task: place), Activity: localize, Robot: robot1, Mission: m2, Segment: s1, End: 1787839536.093298
[INFO] [1787839536.097626154] [robot1.fragment_exec_node]: EventType: Task, Activity: place, Robot: robot1, Mission: m2, Segment: s1, Start: 1787839536.096443
[INFO] [1787839536.099184656] [robot1.fragment_exec_node]: Simulating place skill...
[INFO] [1787839541.104292848] [robot1.fragment_exec_node]: Place completed!
[INFO] [1787839541.107123354] [robot1.fragment_exec_node]: EventType: Task, Activity: place, Robot: robot1, Mission: m2, Segment: s1, End: 1787839541.1053662
[INFO] [1787839541.110564238] [robot1.fragment_exec_node]: Execution of fragment fm2-1 completed!
[INFO] [1787839541.500708034] [robot1.fragment_exec_node]: Received fragment assignment: {'robot': 'robot1', 'fragment': {'id': 'fm6-6', 'mission': 'm6', 'state': 'assigned', 'wait': ['scan(o2-6)'], 'tasks': [{'name': 'pick', 'label': 'pick(o2-6,scan_area)', 'params': {'x': 5, 'y': 5, 'weight': 3}}, {'name': 'move_to', 'label': 'move_to(o2-6,pack_area)', 'params': {'x': 8, 'y': 8}}, {'name': 'place', 'label': 'place(o2-6,pack_area)', 'params': {'x': 8, 'y': 8, 'weight': 3}}], 'arrive_timestamp': 1787839346, 'priority': 1, 'segment': 's2'}}
[INFO] [1787839541.501401990] [robot1.fragment_exec_node]: Starting execution of fragment fm6-6...
[INFO] [1787839541.502138145] [robot1.fragment_exec_node]: Executing task pick(o2-6,scan_area). Params: {'x': 5, 'y': 5, 'weight': 3}, Virtual state: {'position': {'x': 5, 'y': 5, 'z': 0.0}, 'docked': False}
[INFO] [1787839541.502758957] [robot1.fragment_exec_node]: EventType: Control (Task: pick), Activity: localize, Robot: robot1, Mission: m6, Segment: s2, Start: 1787839541.5022829
[INFO] [1787839541.503161689] [robot1.fragment_exec_node]: Simulating localize skill...
[INFO] [1787839546.506466903] [robot1.fragment_exec_node]: Localize completed!
[INFO] [1787839546.508358966] [robot1.fragment_exec_node]: EventType: Control (Task: pick), Activity: localize, Robot: robot1, Mission: m6, Segment: s2, End: 1787839546.507215
[INFO] [1787839546.510524742] [robot1.fragment_exec_node]: EventType: Task, Activity: pick, Robot: robot1, Mission: m6, Segment: s2, Start: 1787839546.5088303
[INFO] [1787839546.511748473] [robot1.fragment_exec_node]: Simulating pick skill...
[INFO] [1787839549.515374084] [robot1.fragment_exec_node]: Pick completed!
[INFO] [1787839549.518075601] [robot1.fragment_exec_node]: EventType: Task, Activity: pick, Robot: robot1, Mission: m6, Segment: s2, End: 1787839549.5161903
[INFO] [1787839549.521133811] [robot1.fragment_exec_node]: Executing task move_to(o2-6,pack_area). Params: {'x': 8, 'y': 8}, Virtual state: {'position': {'x': 5, 'y': 5, 'z': 0.0}, 'docked': False}
[INFO] [1787839549.522713083] [robot1.fragment_exec_node]: EventType: Task, Activity: move_to, Robot: robot1, Mission: m6, Segment: s2, Start: 1787839549.5215561
[INFO] [1787839549.524007628] [robot1.fragment_exec_node]: Simulating navigate skill from position (5, 5) to (8, 8) (8.48528137423857 seconds)...
[INFO] [1787839558.011648234] [robot1.fragment_exec_node]: Navigation completed!
[INFO] [1787839558.012494504] [robot1.fragment_exec_node]: EventType: Task, Activity: move_to, Robot: robot1, Mission: m6, Segment: s2, End: 1787839558.011965
[INFO] [1787839558.013347385] [robot1.fragment_exec_node]: Executing task place(o2-6,pack_area). Params: {'x': 8, 'y': 8, 'weight': 3}, Virtual state: {'position': {'x': 8, 'y': 8, 'z': 0.0}, 'docked': False}
[INFO] [1787839558.014021912] [robot1.fragment_exec_node]: EventType: Control (Task: place), Activity: localize, Robot: robot1, Mission: m6, Segment: s2, Start: 1787839558.0135458
[INFO] [1787839558.014658046] [robot1.fragment_exec_node]: Simulating localize skill...
[INFO] [1787839563.018766762] [robot1.fragment_exec_node]: Localize completed!
[INFO] [1787839563.020490654] [robot1.fragment_exec_node]: EventType: Control (Task: place), Activity: localize, Robot: robot1, Mission: m6, Segment: s2, End: 1787839563.0193725
[INFO] [1787839563.022152994] [robot1.fragment_exec_node]: EventType: Task, Activity: place, Robot: robot1, Mission: m6, Segment: s2, Start: 1787839563.0209413
[INFO] [1787839563.023649529] [robot1.fragment_exec_node]: Simulating place skill...
[INFO] [1787839566.027065543] [robot1.fragment_exec_node]: Place completed!
[INFO] [1787839566.029660379] [robot1.fragment_exec_node]: EventType: Task, Activity: place, Robot: robot1, Mission: m6, Segment: s2, End: 1787839566.0280879
[INFO] [1787839566.033742082] [robot1.fragment_exec_node]: Execution of fragment fm6-6 completed!
Traceback (most recent call last):
  File "/root/ros2_ws/install/multi3_executor/lib/multi3_executor/executor", line 33, in <module>
    sys.exit(load_entry_point('multi3-executor==0.0.0', 'console_scripts', 'executor')())
  File "/root/ros2_ws/install/multi3_executor/lib/python3.10/site-packages/multi3_executor/nodes/executor.py", line 286, in main
    rclpy.shutdown()
  File "/opt/ros/humble/local/lib/python3.10/dist-packages/rclpy/__init__.py", line 130, in shutdown
    _shutdown(context=context)
  File "/opt/ros/humble/local/lib/python3.10/dist-packages/rclpy/utilities.py", line 58, in shutdown
    return context.shutdown()
  File "/opt/ros/humble/local/lib/python3.10/dist-packages/rclpy/context.py", line 102, in shutdown
    self.__context.shutdown()
rclpy._rclpy_pybind11.RCLError: failed to shutdown: rcl_shutdown already called on the given context, at ./src/rcl/init.c:241

--- executor_robot2.log ---
[INFO] [1787839151.093356324] [robot2.fragment_exec_node]: Setting up skill: DockSkill
[INFO] [1787839151.094305231] [robot2.fragment_exec_node]: Setting up skill: UndockSkill
[INFO] [1787839151.094956583] [robot2.fragment_exec_node]: Setting up skill: PickSkill
[INFO] [1787839151.095703992] [robot2.fragment_exec_node]: Setting up skill: ScanSkill
[INFO] [1787839151.096797039] [robot2.fragment_exec_node]: Setting up skill: NavigateSkill
[INFO] [1787839151.097752689] [robot2.fragment_exec_node]: Setting up skill: PlaceSkill
[INFO] [1787839151.098832870] [robot2.fragment_exec_node]: Setting up skill: PackSkill
[INFO] [1787839151.099663772] [robot2.fragment_exec_node]: Setting up skill: LocalizeSkill
[INFO] [1787839151.100306210] [robot2.fragment_exec_node]: Setting up skill: LoadPackSkill
[INFO] [1787839151.100959547] [robot2.fragment_exec_node]: Setting up skill: UnloadPackSkill
[INFO] [1787839151.107005895] [robot2.fragment_exec_node]: Published robot registration: {'name': 'robot2', 'operational_state': 'idle', 'capabilities': ['pick', 'move_to', 'place'], 'state': {'position': {'x': 0.0, 'y': 0.0, 'z': 0.0}, 'docked': True}}
[INFO] [1787839166.497706551] [robot2.fragment_exec_node]: Received fragment assignment: {'robot': 'robot2', 'fragment': {'id': 'fm5-1', 'mission': 'm5', 'state': 'assigned', 'wait': [], 'tasks': [{'name': 'pick', 'label': 'pick(o1-5,shelf)', 'params': {'x': 1, 'y': 3, 'weight': 4}}, {'name': 'move_to', 'label': 'move_to(o1-5,scan_area)', 'params': {'x': 5, 'y': 5}}, {'name': 'place', 'label': 'place(o1-5,scan_area)', 'params': {'x': 5, 'y': 5, 'weight': 4}}], 'arrive_timestamp': 1787839164, 'priority': 1, 'segment': 's1'}}
[INFO] [1787839166.498676809] [robot2.fragment_exec_node]: Starting execution of fragment fm5-1...
[INFO] [1787839166.499895967] [robot2.fragment_exec_node]: Executing task pick(o1-5,shelf). Params: {'x': 1, 'y': 3, 'weight': 4}, Virtual state: {'position': {'x': 0.0, 'y': 0.0, 'z': 0.0}, 'docked': True}
[INFO] [1787839166.500652811] [robot2.fragment_exec_node]: EventType: Control (Task: pick), Activity: undock, Robot: robot2, Mission: m5, Segment: s1, Start: 1787839166.5002832
[INFO] [1787839166.501161116] [robot2.fragment_exec_node]: Simulating undock skill...
[INFO] [1787839170.504727497] [robot2.fragment_exec_node]: Undock completed!
[INFO] [1787839170.506651972] [robot2.fragment_exec_node]: EventType: Control (Task: pick), Activity: undock, Robot: robot2, Mission: m5, Segment: s1, End: 1787839170.5055861
[INFO] [1787839170.508072132] [robot2.fragment_exec_node]: EventType: Control (Task: pick), Activity: move_to, Robot: robot2, Mission: m5, Segment: s1, Start: 1787839170.5072262
[INFO] [1787839170.509596643] [robot2.fragment_exec_node]: Simulating navigate skill from position (0.0, 0.0) to (1, 3) (6.324555320336759 seconds)...
[INFO] [1787839176.837840038] [robot2.fragment_exec_node]: Navigation completed!
[INFO] [1787839176.839924043] [robot2.fragment_exec_node]: EventType: Control (Task: pick), Activity: move_to, Robot: robot2, Mission: m5, Segment: s1, End: 1787839176.838446
[INFO] [1787839176.841677367] [robot2.fragment_exec_node]: EventType: Control (Task: pick), Activity: localize, Robot: robot2, Mission: m5, Segment: s1, Start: 1787839176.8405335
[INFO] [1787839176.843388451] [robot2.fragment_exec_node]: Simulating localize skill...
[INFO] [1787839181.847707522] [robot2.fragment_exec_node]: Localize completed!
[INFO] [1787839181.849892878] [robot2.fragment_exec_node]: EventType: Control (Task: pick), Activity: localize, Robot: robot2, Mission: m5, Segment: s1, End: 1787839181.8487146
[INFO] [1787839181.851740979] [robot2.fragment_exec_node]: EventType: Task, Activity: pick, Robot: robot2, Mission: m5, Segment: s1, Start: 1787839181.8505895
[INFO] [1787839181.853748186] [robot2.fragment_exec_node]: Simulating pick skill...
[INFO] [1787839185.857651307] [robot2.fragment_exec_node]: Pick completed!
[INFO] [1787839185.860021056] [robot2.fragment_exec_node]: EventType: Task, Activity: pick, Robot: robot2, Mission: m5, Segment: s1, End: 1787839185.8586648
[INFO] [1787839185.862029384] [robot2.fragment_exec_node]: Executing task move_to(o1-5,scan_area). Params: {'x': 5, 'y': 5}, Virtual state: {'position': {'x': 1, 'y': 3, 'z': 0.0}, 'docked': False}
[INFO] [1787839185.865333100] [robot2.fragment_exec_node]: EventType: Task, Activity: move_to, Robot: robot2, Mission: m5, Segment: s1, Start: 1787839185.8632822
[INFO] [1787839185.866797901] [robot2.fragment_exec_node]: Simulating navigate skill from position (1, 3) to (5, 5) (11.313708498984761 seconds)...
[INFO] [1787839197.184269231] [robot2.fragment_exec_node]: Navigation completed!
[INFO] [1787839197.186709612] [robot2.fragment_exec_node]: EventType: Task, Activity: move_to, Robot: robot2, Mission: m5, Segment: s1, End: 1787839197.185573
[INFO] [1787839197.188673571] [robot2.fragment_exec_node]: Executing task place(o1-5,scan_area). Params: {'x': 5, 'y': 5, 'weight': 4}, Virtual state: {'position': {'x': 5, 'y': 5, 'z': 0.0}, 'docked': False}
[INFO] [1787839197.190905296] [robot2.fragment_exec_node]: EventType: Control (Task: place), Activity: localize, Robot: robot2, Mission: m5, Segment: s1, Start: 1787839197.1895766
[INFO] [1787839197.192619318] [robot2.fragment_exec_node]: Simulating localize skill...
[INFO] [1787839202.196813888] [robot2.fragment_exec_node]: Localize completed!
[INFO] [1787839202.199716365] [robot2.fragment_exec_node]: EventType: Control (Task: place), Activity: localize, Robot: robot2, Mission: m5, Segment: s1, End: 1787839202.1979532
[INFO] [1787839202.201467351] [robot2.fragment_exec_node]: EventType: Task, Activity: place, Robot: robot2, Mission: m5, Segment: s1, Start: 1787839202.2003314
[INFO] [1787839202.203150986] [robot2.fragment_exec_node]: Simulating place skill...
[INFO] [1787839206.208109445] [robot2.fragment_exec_node]: Place completed!
[INFO] [1787839206.210568371] [robot2.fragment_exec_node]: EventType: Task, Activity: place, Robot: robot2, Mission: m5, Segment: s1, End: 1787839206.2090561
[INFO] [1787839206.213033046] [robot2.fragment_exec_node]: Execution of fragment fm5-1 completed!
[INFO] [1787839206.501030142] [robot2.fragment_exec_node]: Received fragment assignment: {'robot': 'robot2', 'fragment': {'id': 'fm3-4', 'mission': 'm3', 'state': 'assigned', 'wait': [], 'tasks': [{'name': 'pick', 'label': 'pick(o2-3,shelf)', 'params': {'x': 3, 'y': 3, 'weight': 3}}, {'name': 'move_to', 'label': 'move_to(o2-3,scan_area)', 'params': {'x': 5, 'y': 5}}, {'name': 'place', 'label': 'place(o2-3,scan_area)', 'params': {'x': 5, 'y': 5, 'weight': 3}}], 'arrive_timestamp': 1787839163, 'priority': 1, 'segment': 's2'}}
[INFO] [1787839206.502118833] [robot2.fragment_exec_node]: Starting execution of fragment fm3-4...
[INFO] [1787839206.503992771] [robot2.fragment_exec_node]: Executing task pick(o2-3,shelf). Params: {'x': 3, 'y': 3, 'weight': 3}, Virtual state: {'position': {'x': 5, 'y': 5, 'z': 0.0}, 'docked': False}
[INFO] [1787839206.505454979] [robot2.fragment_exec_node]: EventType: Control (Task: pick), Activity: move_to, Robot: robot2, Mission: m3, Segment: s2, Start: 1787839206.5044203
[INFO] [1787839206.506532004] [robot2.fragment_exec_node]: Simulating navigate skill from position (5, 5) to (3, 3) (5.656854249492381 seconds)...
[INFO] [1787839212.168299307] [robot2.fragment_exec_node]: Navigation completed!
[INFO] [1787839212.170679900] [robot2.fragment_exec_node]: EventType: Control (Task: pick), Activity: move_to, Robot: robot2, Mission: m3, Segment: s2, End: 1787839212.1697538
[INFO] [1787839212.172143364] [robot2.fragment_exec_node]: EventType: Control (Task: pick), Activity: localize, Robot: robot2, Mission: m3, Segment: s2, Start: 1787839212.1710591
[INFO] [1787839212.173914733] [robot2.fragment_exec_node]: Simulating localize skill...
[INFO] [1787839217.177257519] [robot2.fragment_exec_node]: Localize completed!
[INFO] [1787839217.179024016] [robot2.fragment_exec_node]: EventType: Control (Task: pick), Activity: localize, Robot: robot2, Mission: m3, Segment: s2, End: 1787839217.1778822
[INFO] [1787839217.180345001] [robot2.fragment_exec_node]: EventType: Task, Activity: pick, Robot: robot2, Mission: m3, Segment: s2, Start: 1787839217.1796298
[INFO] [1787839217.182133227] [robot2.fragment_exec_node]: Simulating pick skill...
[INFO] [1787839220.186359820] [robot2.fragment_exec_node]: Pick completed!
[INFO] [1787839220.188960987] [robot2.fragment_exec_node]: EventType: Task, Activity: pick, Robot: robot2, Mission: m3, Segment: s2, End: 1787839220.1874802
[INFO] [1787839220.191212822] [robot2.fragment_exec_node]: Executing task move_to(o2-3,scan_area). Params: {'x': 5, 'y': 5}, Virtual state: {'position': {'x': 3, 'y': 3, 'z': 0.0}, 'docked': False}
[INFO] [1787839220.192934613] [robot2.fragment_exec_node]: EventType: Task, Activity: move_to, Robot: robot2, Mission: m3, Segment: s2, Start: 1787839220.1918454
[INFO] [1787839220.194624725] [robot2.fragment_exec_node]: Simulating navigate skill from position (3, 3) to (5, 5) (5.656854249492381 seconds)...
[INFO] [1787839225.853526504] [robot2.fragment_exec_node]: Navigation completed!
[INFO] [1787839225.855089532] [robot2.fragment_exec_node]: EventType: Task, Activity: move_to, Robot: robot2, Mission: m3, Segment: s2, End: 1787839225.854417
[INFO] [1787839225.856345347] [robot2.fragment_exec_node]: Executing task place(o2-3,scan_area). Params: {'x': 5, 'y': 5, 'weight': 3}, Virtual state: {'position': {'x': 5, 'y': 5, 'z': 0.0}, 'docked': False}
[INFO] [1787839225.857317076] [robot2.fragment_exec_node]: EventType: Control (Task: place), Activity: localize, Robot: robot2, Mission: m3, Segment: s2, Start: 1787839225.8567586
[INFO] [1787839225.858147865] [robot2.fragment_exec_node]: Simulating localize skill...
[INFO] [1787839230.860192480] [robot2.fragment_exec_node]: Localize completed!
[INFO] [1787839230.862082697] [robot2.fragment_exec_node]: EventType: Control (Task: place), Activity: localize, Robot: robot2, Mission: m3, Segment: s2, End: 1787839230.8609412
[INFO] [1787839230.863519690] [robot2.fragment_exec_node]: EventType: Task, Activity: place, Robot: robot2, Mission: m3, Segment: s2, Start: 1787839230.8627374
[INFO] [1787839230.864895060] [robot2.fragment_exec_node]: Simulating place skill...
[INFO] [1787839233.869312354] [robot2.fragment_exec_node]: Place completed!
[INFO] [1787839233.872482353] [robot2.fragment_exec_node]: EventType: Task, Activity: place, Robot: robot2, Mission: m3, Segment: s2, End: 1787839233.8704884
[INFO] [1787839233.875217896] [robot2.fragment_exec_node]: Execution of fragment fm3-4 completed!
[INFO] [1787839234.501504374] [robot2.fragment_exec_node]: Received fragment assignment: {'robot': 'robot2', 'fragment': {'id': 'fm1-1', 'mission': 'm1', 'state': 'assigned', 'wait': [], 'tasks': [{'name': 'pick', 'label': 'pick(o1-1,shelf)', 'params': {'x': 5, 'y': 8, 'weight': 8}}, {'name': 'move_to', 'label': 'move_to(o1-1,scan_area)', 'params': {'x': 5, 'y': 5}}, {'name': 'place', 'label': 'place(o1-1,scan_area)', 'params': {'x': 5, 'y': 5, 'weight': 8}}], 'arrive_timestamp': 1787839162, 'priority': 1, 'segment': 's1'}}
[INFO] [1787839234.503007479] [robot2.fragment_exec_node]: Starting execution of fragment fm1-1...
[INFO] [1787839234.504444388] [robot2.fragment_exec_node]: Executing task pick(o1-1,shelf). Params: {'x': 5, 'y': 8, 'weight': 8}, Virtual state: {'position': {'x': 5, 'y': 5, 'z': 0.0}, 'docked': False}
[INFO] [1787839234.505551449] [robot2.fragment_exec_node]: EventType: Control (Task: pick), Activity: move_to, Robot: robot2, Mission: m1, Segment: s1, Start: 1787839234.5048223
[INFO] [1787839234.506558570] [robot2.fragment_exec_node]: Simulating navigate skill from position (5, 5) to (5, 8) (6.0 seconds)...
[INFO] [1787839240.509890912] [robot2.fragment_exec_node]: Navigation completed!
[INFO] [1787839240.511755208] [robot2.fragment_exec_node]: EventType: Control (Task: pick), Activity: move_to, Robot: robot2, Mission: m1, Segment: s1, End: 1787839240.5106041
[INFO] [1787839240.513477273] [robot2.fragment_exec_node]: EventType: Control (Task: pick), Activity: localize, Robot: robot2, Mission: m1, Segment: s1, Start: 1787839240.5123494
[INFO] [1787839240.515006643] [robot2.fragment_exec_node]: Simulating localize skill...
[INFO] [1787839245.516529919] [robot2.fragment_exec_node]: Localize completed!
[INFO] [1787839245.517379286] [robot2.fragment_exec_node]: EventType: Control (Task: pick), Activity: localize, Robot: robot2, Mission: m1, Segment: s1, End: 1787839245.5170445
[INFO] [1787839245.517848907] [robot2.fragment_exec_node]: EventType: Task, Activity: pick, Robot: robot2, Mission: m1, Segment: s1, Start: 1787839245.5175588
[INFO] [1787839245.518310142] [robot2.fragment_exec_node]: Simulating pick skill...
[INFO] [1787839253.521025903] [robot2.fragment_exec_node]: Pick completed!
[INFO] [1787839253.525423511] [robot2.fragment_exec_node]: EventType: Task, Activity: pick, Robot: robot2, Mission: m1, Segment: s1, End: 1787839253.5242598
[INFO] [1787839253.527626249] [robot2.fragment_exec_node]: Executing task move_to(o1-1,scan_area). Params: {'x': 5, 'y': 5}, Virtual state: {'position': {'x': 5, 'y': 8, 'z': 0.0}, 'docked': False}
[INFO] [1787839253.530613730] [robot2.fragment_exec_node]: EventType: Task, Activity: move_to, Robot: robot2, Mission: m1, Segment: s1, Start: 1787839253.5286455
[INFO] [1787839253.531806689] [robot2.fragment_exec_node]: Simulating navigate skill from position (5, 8) to (5, 5) (0.0 seconds)...
[INFO] [1787839253.533284223] [robot2.fragment_exec_node]: Navigation completed!
[INFO] [1787839253.534687234] [robot2.fragment_exec_node]: EventType: Task, Activity: move_to, Robot: robot2, Mission: m1, Segment: s1, End: 1787839253.5337756
[INFO] [1787839253.536166297] [robot2.fragment_exec_node]: Executing task place(o1-1,scan_area). Params: {'x': 5, 'y': 5, 'weight': 8}, Virtual state: {'position': {'x': 5, 'y': 5, 'z': 0.0}, 'docked': False}
[INFO] [1787839253.537409264] [robot2.fragment_exec_node]: EventType: Control (Task: place), Activity: localize, Robot: robot2, Mission: m1, Segment: s1, Start: 1787839253.5366366
[INFO] [1787839253.538805548] [robot2.fragment_exec_node]: Simulating localize skill...
[INFO] [1787839258.542674743] [robot2.fragment_exec_node]: Localize completed!
[INFO] [1787839258.544666015] [robot2.fragment_exec_node]: EventType: Control (Task: place), Activity: localize, Robot: robot2, Mission: m1, Segment: s1, End: 1787839258.5434875
[INFO] [1787839258.545868001] [robot2.fragment_exec_node]: EventType: Task, Activity: place, Robot: robot2, Mission: m1, Segment: s1, Start: 1787839258.5452707
[INFO] [1787839258.546934985] [robot2.fragment_exec_node]: Simulating place skill...
[INFO] [1787839266.549114025] [robot2.fragment_exec_node]: Place completed!
[INFO] [1787839266.551523742] [robot2.fragment_exec_node]: EventType: Task, Activity: place, Robot: robot2, Mission: m1, Segment: s1, End: 1787839266.550601
[INFO] [1787839266.553812371] [robot2.fragment_exec_node]: Execution of fragment fm1-1 completed!
[INFO] [1787839267.503682745] [robot2.fragment_exec_node]: Received fragment assignment: {'robot': 'robot2', 'fragment': {'id': 'fm7-9', 'mission': 'm7', 'state': 'assigned', 'wait': ['scan(o3-7)'], 'tasks': [{'name': 'pick', 'label': 'pick(o3-7,scan_area)', 'params': {'x': 5, 'y': 5, 'weight': 3}}, {'name': 'move_to', 'label': 'move_to(o3-7,pack_area)', 'params': {'x': 8, 'y': 8}}, {'name': 'place', 'label': 'place(o3-7,pack_area)', 'params': {'x': 8, 'y': 8, 'weight': 3}}], 'arrive_timestamp': 1787839256, 'priority': 1, 'segment': 's3'}}
[INFO] [1787839267.504440945] [robot2.fragment_exec_node]: Starting execution of fragment fm7-9...
[INFO] [1787839267.505275235] [robot2.fragment_exec_node]: Executing task pick(o3-7,scan_area). Params: {'x': 5, 'y': 5, 'weight': 3}, Virtual state: {'position': {'x': 5, 'y': 5, 'z': 0.0}, 'docked': False}
[INFO] [1787839267.505866258] [robot2.fragment_exec_node]: EventType: Control (Task: pick), Activity: localize, Robot: robot2, Mission: m7, Segment: s3, Start: 1787839267.5055254
[INFO] [1787839267.506483046] [robot2.fragment_exec_node]: Simulating localize skill...
[INFO] [1787839272.508306645] [robot2.fragment_exec_node]: Localize completed!
[INFO] [1787839272.509363705] [robot2.fragment_exec_node]: EventType: Control (Task: pick), Activity: localize, Robot: robot2, Mission: m7, Segment: s3, End: 1787839272.5088162
[INFO] [1787839272.510668012] [robot2.fragment_exec_node]: EventType: Task, Activity: pick, Robot: robot2, Mission: m7, Segment: s3, Start: 1787839272.5100946
[INFO] [1787839272.511592910] [robot2.fragment_exec_node]: Simulating pick skill...
[INFO] [1787839275.513855985] [robot2.fragment_exec_node]: Pick completed!
[INFO] [1787839275.515543399] [robot2.fragment_exec_node]: EventType: Task, Activity: pick, Robot: robot2, Mission: m7, Segment: s3, End: 1787839275.5144143
[INFO] [1787839275.517395486] [robot2.fragment_exec_node]: Executing task move_to(o3-7,pack_area). Params: {'x': 8, 'y': 8}, Virtual state: {'position': {'x': 5, 'y': 5, 'z': 0.0}, 'docked': False}
[INFO] [1787839275.518594809] [robot2.fragment_exec_node]: EventType: Task, Activity: move_to, Robot: robot2, Mission: m7, Segment: s3, Start: 1787839275.5178742
[INFO] [1787839275.519915807] [robot2.fragment_exec_node]: Simulating navigate skill from position (5, 5) to (8, 8) (8.48528137423857 seconds)...
[INFO] [1787839284.007982239] [robot2.fragment_exec_node]: Navigation completed!
[INFO] [1787839284.009227074] [robot2.fragment_exec_node]: EventType: Task, Activity: move_to, Robot: robot2, Mission: m7, Segment: s3, End: 1787839284.0086164
[INFO] [1787839284.010789496] [robot2.fragment_exec_node]: Executing task place(o3-7,pack_area). Params: {'x': 8, 'y': 8, 'weight': 3}, Virtual state: {'position': {'x': 8, 'y': 8, 'z': 0.0}, 'docked': False}
[INFO] [1787839284.014034833] [robot2.fragment_exec_node]: EventType: Control (Task: place), Activity: localize, Robot: robot2, Mission: m7, Segment: s3, Start: 1787839284.011348
[INFO] [1787839284.015118147] [robot2.fragment_exec_node]: Simulating localize skill...
[INFO] [1787839289.019117079] [robot2.fragment_exec_node]: Localize completed!
[INFO] [1787839289.021541261] [robot2.fragment_exec_node]: EventType: Control (Task: place), Activity: localize, Robot: robot2, Mission: m7, Segment: s3, End: 1787839289.0202134
[INFO] [1787839289.023813843] [robot2.fragment_exec_node]: EventType: Task, Activity: place, Robot: robot2, Mission: m7, Segment: s3, Start: 1787839289.02215
[INFO] [1787839289.025798149] [robot2.fragment_exec_node]: Simulating place skill...
[INFO] [1787839292.029493964] [robot2.fragment_exec_node]: Place completed!
[INFO] [1787839292.031443429] [robot2.fragment_exec_node]: EventType: Task, Activity: place, Robot: robot2, Mission: m7, Segment: s3, End: 1787839292.0303228
[INFO] [1787839292.034398511] [robot2.fragment_exec_node]: Execution of fragment fm7-9 completed!
[INFO] [1787839292.504909041] [robot2.fragment_exec_node]: Received fragment assignment: {'robot': 'robot2', 'fragment': {'id': 'fm7-12', 'mission': 'm7', 'state': 'assigned', 'wait': ['scan(o4-7)'], 'tasks': [{'name': 'pick', 'label': 'pick(o4-7,scan_area)', 'params': {'x': 5, 'y': 5, 'weight': 2}}, {'name': 'move_to', 'label': 'move_to(o4-7,pack_area)', 'params': {'x': 8, 'y': 8}}, {'name': 'place', 'label': 'place(o4-7,pack_area)', 'params': {'x': 8, 'y': 8, 'weight': 2}}], 'arrive_timestamp': 1787839256, 'priority': 1, 'segment': 's4'}}
[INFO] [1787839292.506104910] [robot2.fragment_exec_node]: Starting execution of fragment fm7-12...
[INFO] [1787839292.507345367] [robot2.fragment_exec_node]: Executing task pick(o4-7,scan_area). Params: {'x': 5, 'y': 5, 'weight': 2}, Virtual state: {'position': {'x': 8, 'y': 8, 'z': 0.0}, 'docked': False}
[INFO] [1787839292.508179852] [robot2.fragment_exec_node]: EventType: Control (Task: pick), Activity: move_to, Robot: robot2, Mission: m7, Segment: s4, Start: 1787839292.5076966
[INFO] [1787839292.509100575] [robot2.fragment_exec_node]: Simulating navigate skill from position (8, 8) to (5, 5) (8.48528137423857 seconds)...
[INFO] [1787839300.998160529] [robot2.fragment_exec_node]: Navigation completed!
[INFO] [1787839301.000837203] [robot2.fragment_exec_node]: EventType: Control (Task: pick), Activity: move_to, Robot: robot2, Mission: m7, Segment: s4, End: 1787839300.9993029
[INFO] [1787839301.002846680] [robot2.fragment_exec_node]: EventType: Control (Task: pick), Activity: localize, Robot: robot2, Mission: m7, Segment: s4, Start: 1787839301.0015862
[INFO] [1787839301.005158553] [robot2.fragment_exec_node]: Simulating localize skill...
[INFO] [1787839306.009178352] [robot2.fragment_exec_node]: Localize completed!
[INFO] [1787839306.011050487] [robot2.fragment_exec_node]: EventType: Control (Task: pick), Activity: localize, Robot: robot2, Mission: m7, Segment: s4, End: 1787839306.0099218
[INFO] [1787839306.012525779] [robot2.fragment_exec_node]: EventType: Task, Activity: pick, Robot: robot2, Mission: m7, Segment: s4, Start: 1787839306.011631
[INFO] [1787839306.014254337] [robot2.fragment_exec_node]: Simulating pick skill...
[INFO] [1787839308.018119644] [robot2.fragment_exec_node]: Pick completed!
[INFO] [1787839308.020138009] [robot2.fragment_exec_node]: EventType: Task, Activity: pick, Robot: robot2, Mission: m7, Segment: s4, End: 1787839308.0189643
[INFO] [1787839308.022292638] [robot2.fragment_exec_node]: Executing task move_to(o4-7,pack_area). Params: {'x': 8, 'y': 8}, Virtual state: {'position': {'x': 5, 'y': 5, 'z': 0.0}, 'docked': False}
[INFO] [1787839308.024412332] [robot2.fragment_exec_node]: EventType: Task, Activity: move_to, Robot: robot2, Mission: m7, Segment: s4, Start: 1787839308.0231729
[INFO] [1787839308.026386834] [robot2.fragment_exec_node]: Simulating navigate skill from position (5, 5) to (8, 8) (8.48528137423857 seconds)...
[INFO] [1787839316.514849391] [robot2.fragment_exec_node]: Navigation completed!
[INFO] [1787839316.515936396] [robot2.fragment_exec_node]: EventType: Task, Activity: move_to, Robot: robot2, Mission: m7, Segment: s4, End: 1787839316.5152843
[INFO] [1787839316.517272038] [robot2.fragment_exec_node]: Executing task place(o4-7,pack_area). Params: {'x': 8, 'y': 8, 'weight': 2}, Virtual state: {'position': {'x': 8, 'y': 8, 'z': 0.0}, 'docked': False}
[INFO] [1787839316.518701992] [robot2.fragment_exec_node]: EventType: Control (Task: place), Activity: localize, Robot: robot2, Mission: m7, Segment: s4, Start: 1787839316.517651
[INFO] [1787839316.519985313] [robot2.fragment_exec_node]: Simulating localize skill...
[INFO] [1787839321.523217027] [robot2.fragment_exec_node]: Localize completed!
[INFO] [1787839321.525629345] [robot2.fragment_exec_node]: EventType: Control (Task: place), Activity: localize, Robot: robot2, Mission: m7, Segment: s4, End: 1787839321.5243113
[INFO] [1787839321.527323386] [robot2.fragment_exec_node]: EventType: Task, Activity: place, Robot: robot2, Mission: m7, Segment: s4, Start: 1787839321.5262103
[INFO] [1787839321.529052987] [robot2.fragment_exec_node]: Simulating place skill...
[INFO] [1787839323.533159762] [robot2.fragment_exec_node]: Place completed!
[INFO] [1787839323.535820167] [robot2.fragment_exec_node]: EventType: Task, Activity: place, Robot: robot2, Mission: m7, Segment: s4, End: 1787839323.5343087
[INFO] [1787839323.538277799] [robot2.fragment_exec_node]: Execution of fragment fm7-12 completed!
[INFO] [1787839324.522174752] [robot2.fragment_exec_node]: Received fragment assignment: {'robot': 'robot2', 'fragment': {'id': 'fm7-7', 'mission': 'm7', 'state': 'assigned', 'wait': [], 'tasks': [{'name': 'pick', 'label': 'pick(o3-7,shelf)', 'params': {'x': 3, 'y': 6, 'weight': 3}}, {'name': 'move_to', 'label': 'move_to(o3-7,scan_area)', 'params': {'x': 5, 'y': 5}}, {'name': 'place', 'label': 'place(o3-7,scan_area)', 'params': {'x': 5, 'y': 5, 'weight': 3}}], 'arrive_timestamp': 1787839256, 'priority': 1, 'segment': 's3'}}
[INFO] [1787839324.522947619] [robot2.fragment_exec_node]: Starting execution of fragment fm7-7...
[INFO] [1787839324.523864547] [robot2.fragment_exec_node]: Executing task pick(o3-7,shelf). Params: {'x': 3, 'y': 6, 'weight': 3}, Virtual state: {'position': {'x': 8, 'y': 8, 'z': 0.0}, 'docked': False}
[INFO] [1787839324.524437196] [robot2.fragment_exec_node]: EventType: Control (Task: pick), Activity: move_to, Robot: robot2, Mission: m7, Segment: s3, Start: 1787839324.5240684
[INFO] [1787839324.525001140] [robot2.fragment_exec_node]: Simulating navigate skill from position (8, 8) to (3, 6) (10.770329614269007 seconds)...
[INFO] [1787839335.299492734] [robot2.fragment_exec_node]: Navigation completed!
[INFO] [1787839335.301426681] [robot2.fragment_exec_node]: EventType: Control (Task: pick), Activity: move_to, Robot: robot2, Mission: m7, Segment: s3, End: 1787839335.3003993
[INFO] [1787839335.302645036] [robot2.fragment_exec_node]: EventType: Control (Task: pick), Activity: localize, Robot: robot2, Mission: m7, Segment: s3, Start: 1787839335.3019385
[INFO] [1787839335.303897828] [robot2.fragment_exec_node]: Simulating localize skill...
[INFO] [1787839340.306058863] [robot2.fragment_exec_node]: Localize completed!
[INFO] [1787839340.307234966] [robot2.fragment_exec_node]: EventType: Control (Task: pick), Activity: localize, Robot: robot2, Mission: m7, Segment: s3, End: 1787839340.306515
[INFO] [1787839340.308395138] [robot2.fragment_exec_node]: EventType: Task, Activity: pick, Robot: robot2, Mission: m7, Segment: s3, Start: 1787839340.3076308
[INFO] [1787839340.309508511] [robot2.fragment_exec_node]: Simulating pick skill...
[INFO] [1787839343.313133879] [robot2.fragment_exec_node]: Pick completed!
[INFO] [1787839343.315843588] [robot2.fragment_exec_node]: EventType: Task, Activity: pick, Robot: robot2, Mission: m7, Segment: s3, End: 1787839343.314173
[INFO] [1787839343.318860461] [robot2.fragment_exec_node]: Executing task move_to(o3-7,scan_area). Params: {'x': 5, 'y': 5}, Virtual state: {'position': {'x': 3, 'y': 6, 'z': 0.0}, 'docked': False}
[INFO] [1787839343.320663034] [robot2.fragment_exec_node]: EventType: Task, Activity: move_to, Robot: robot2, Mission: m7, Segment: s3, Start: 1787839343.3194642
[INFO] [1787839343.322490057] [robot2.fragment_exec_node]: Simulating navigate skill from position (3, 6) to (5, 5) (5.656854249492381 seconds)...
[INFO] [1787839348.983588012] [robot2.fragment_exec_node]: Navigation completed!
[INFO] [1787839348.986683974] [robot2.fragment_exec_node]: EventType: Task, Activity: move_to, Robot: robot2, Mission: m7, Segment: s3, End: 1787839348.984812
[INFO] [1787839348.989702311] [robot2.fragment_exec_node]: Executing task place(o3-7,scan_area). Params: {'x': 5, 'y': 5, 'weight': 3}, Virtual state: {'position': {'x': 5, 'y': 5, 'z': 0.0}, 'docked': False}
[INFO] [1787839348.991410264] [robot2.fragment_exec_node]: EventType: Control (Task: place), Activity: localize, Robot: robot2, Mission: m7, Segment: s3, Start: 1787839348.9902756
[INFO] [1787839348.993112893] [robot2.fragment_exec_node]: Simulating localize skill...
[INFO] [1787839353.997303891] [robot2.fragment_exec_node]: Localize completed!
[INFO] [1787839353.999303679] [robot2.fragment_exec_node]: EventType: Control (Task: place), Activity: localize, Robot: robot2, Mission: m7, Segment: s3, End: 1787839353.998084
[INFO] [1787839354.001574112] [robot2.fragment_exec_node]: EventType: Task, Activity: place, Robot: robot2, Mission: m7, Segment: s3, Start: 1787839353.9999952
[INFO] [1787839354.003352620] [robot2.fragment_exec_node]: Simulating place skill...
[INFO] [1787839357.007442403] [robot2.fragment_exec_node]: Place completed!
[INFO] [1787839357.010645226] [robot2.fragment_exec_node]: EventType: Task, Activity: place, Robot: robot2, Mission: m7, Segment: s3, End: 1787839357.0087345
[INFO] [1787839357.013558278] [robot2.fragment_exec_node]: Execution of fragment fm7-7 completed!
[INFO] [1787839357.497045158] [robot2.fragment_exec_node]: Received fragment assignment: {'robot': 'robot2', 'fragment': {'id': 'fm4-4', 'mission': 'm4', 'state': 'assigned', 'wait': [], 'tasks': [{'name': 'pick', 'label': 'pick(o2-4,shelf)', 'params': {'x': 3, 'y': 3, 'weight': 3}}, {'name': 'move_to', 'label': 'move_to(o2-4,scan_area)', 'params': {'x': 5, 'y': 5}}, {'name': 'place', 'label': 'place(o2-4,scan_area)', 'params': {'x': 5, 'y': 5, 'weight': 3}}], 'arrive_timestamp': 1787839346, 'priority': 1, 'segment': 's2'}}
[INFO] [1787839357.498951286] [robot2.fragment_exec_node]: Starting execution of fragment fm4-4...
[INFO] [1787839357.500481014] [robot2.fragment_exec_node]: Executing task pick(o2-4,shelf). Params: {'x': 3, 'y': 3, 'weight': 3}, Virtual state: {'position': {'x': 5, 'y': 5, 'z': 0.0}, 'docked': False}
[INFO] [1787839357.502543072] [robot2.fragment_exec_node]: EventType: Control (Task: pick), Activity: move_to, Robot: robot2, Mission: m4, Segment: s2, Start: 1787839357.5014384
[INFO] [1787839357.503750312] [robot2.fragment_exec_node]: Simulating navigate skill from position (5, 5) to (3, 3) (5.656854249492381 seconds)...
[INFO] [1787839363.163643186] [robot2.fragment_exec_node]: Navigation completed!
[INFO] [1787839363.166215084] [robot2.fragment_exec_node]: EventType: Control (Task: pick), Activity: move_to, Robot: robot2, Mission: m4, Segment: s2, End: 1787839363.1647646
[INFO] [1787839363.167924088] [robot2.fragment_exec_node]: EventType: Control (Task: pick), Activity: localize, Robot: robot2, Mission: m4, Segment: s2, Start: 1787839363.1668785
[INFO] [1787839363.169677147] [robot2.fragment_exec_node]: Simulating localize skill...
[INFO] [1787839368.173187984] [robot2.fragment_exec_node]: Localize completed!
[INFO] [1787839368.175052586] [robot2.fragment_exec_node]: EventType: Control (Task: pick), Activity: localize, Robot: robot2, Mission: m4, Segment: s2, End: 1787839368.1738772
[INFO] [1787839368.177439623] [robot2.fragment_exec_node]: EventType: Task, Activity: pick, Robot: robot2, Mission: m4, Segment: s2, Start: 1787839368.1756856
[INFO] [1787839368.179848468] [robot2.fragment_exec_node]: Simulating pick skill...
[INFO] [1787839371.182886152] [robot2.fragment_exec_node]: Pick completed!
[INFO] [1787839371.184783980] [robot2.fragment_exec_node]: EventType: Task, Activity: pick, Robot: robot2, Mission: m4, Segment: s2, End: 1787839371.183622
[INFO] [1787839371.186916138] [robot2.fragment_exec_node]: Executing task move_to(o2-4,scan_area). Params: {'x': 5, 'y': 5}, Virtual state: {'position': {'x': 3, 'y': 3, 'z': 0.0}, 'docked': False}
[INFO] [1787839371.188734542] [robot2.fragment_exec_node]: EventType: Task, Activity: move_to, Robot: robot2, Mission: m4, Segment: s2, Start: 1787839371.1875634
[INFO] [1787839371.190656187] [robot2.fragment_exec_node]: Simulating navigate skill from position (3, 3) to (5, 5) (5.656854249492381 seconds)...
[INFO] [1787839376.851529222] [robot2.fragment_exec_node]: Navigation completed!
[INFO] [1787839376.854558872] [robot2.fragment_exec_node]: EventType: Task, Activity: move_to, Robot: robot2, Mission: m4, Segment: s2, End: 1787839376.852613
[INFO] [1787839376.857843910] [robot2.fragment_exec_node]: Executing task place(o2-4,scan_area). Params: {'x': 5, 'y': 5, 'weight': 3}, Virtual state: {'position': {'x': 5, 'y': 5, 'z': 0.0}, 'docked': False}
[INFO] [1787839376.859572688] [robot2.fragment_exec_node]: EventType: Control (Task: place), Activity: localize, Robot: robot2, Mission: m4, Segment: s2, Start: 1787839376.858476
[INFO] [1787839376.861104994] [robot2.fragment_exec_node]: Simulating localize skill...
[INFO] [1787839381.864852360] [robot2.fragment_exec_node]: Localize completed!
[INFO] [1787839381.867587466] [robot2.fragment_exec_node]: EventType: Control (Task: place), Activity: localize, Robot: robot2, Mission: m4, Segment: s2, End: 1787839381.865869
[INFO] [1787839381.869091189] [robot2.fragment_exec_node]: EventType: Task, Activity: place, Robot: robot2, Mission: m4, Segment: s2, Start: 1787839381.8682194
[INFO] [1787839381.870790841] [robot2.fragment_exec_node]: Simulating place skill...
[INFO] [1787839384.874722168] [robot2.fragment_exec_node]: Place completed!
[INFO] [1787839384.877724394] [robot2.fragment_exec_node]: EventType: Task, Activity: place, Robot: robot2, Mission: m4, Segment: s2, End: 1787839384.8758433
[INFO] [1787839384.880672170] [robot2.fragment_exec_node]: Execution of fragment fm4-4 completed!
[INFO] [1787839385.515026146] [robot2.fragment_exec_node]: Received fragment assignment: {'robot': 'robot2', 'fragment': {'id': 'fm5-6', 'mission': 'm5', 'state': 'assigned', 'wait': ['scan(o2-5)'], 'tasks': [{'name': 'pick', 'label': 'pick(o2-5,scan_area)', 'params': {'x': 5, 'y': 5, 'weight': 3}}, {'name': 'move_to', 'label': 'move_to(o2-5,pack_area)', 'params': {'x': 8, 'y': 8}}, {'name': 'place', 'label': 'place(o2-5,pack_area)', 'params': {'x': 8, 'y': 8, 'weight': 3}}], 'arrive_timestamp': 1787839164, 'priority': 1, 'segment': 's2'}}
[INFO] [1787839385.516168737] [robot2.fragment_exec_node]: Starting execution of fragment fm5-6...
[INFO] [1787839385.517050197] [robot2.fragment_exec_node]: Executing task pick(o2-5,scan_area). Params: {'x': 5, 'y': 5, 'weight': 3}, Virtual state: {'position': {'x': 5, 'y': 5, 'z': 0.0}, 'docked': False}
[INFO] [1787839385.517747205] [robot2.fragment_exec_node]: EventType: Control (Task: pick), Activity: localize, Robot: robot2, Mission: m5, Segment: s2, Start: 1787839385.5173366
[INFO] [1787839385.518533541] [robot2.fragment_exec_node]: Simulating localize skill...
[INFO] [1787839390.522695449] [robot2.fragment_exec_node]: Localize completed!
[INFO] [1787839390.524575179] [robot2.fragment_exec_node]: EventType: Control (Task: pick), Activity: localize, Robot: robot2, Mission: m5, Segment: s2, End: 1787839390.5234356
[INFO] [1787839390.526355724] [robot2.fragment_exec_node]: EventType: Task, Activity: pick, Robot: robot2, Mission: m5, Segment: s2, Start: 1787839390.5252154
[INFO] [1787839390.528473926] [robot2.fragment_exec_node]: Simulating pick skill...
[INFO] [1787839393.532525547] [robot2.fragment_exec_node]: Pick completed!
[INFO] [1787839393.535015351] [robot2.fragment_exec_node]: EventType: Task, Activity: pick, Robot: robot2, Mission: m5, Segment: s2, End: 1787839393.533679
[INFO] [1787839393.537253193] [robot2.fragment_exec_node]: Executing task move_to(o2-5,pack_area). Params: {'x': 8, 'y': 8}, Virtual state: {'position': {'x': 5, 'y': 5, 'z': 0.0}, 'docked': False}
[INFO] [1787839393.538975126] [robot2.fragment_exec_node]: EventType: Task, Activity: move_to, Robot: robot2, Mission: m5, Segment: s2, Start: 1787839393.5381026
[INFO] [1787839393.540689771] [robot2.fragment_exec_node]: Simulating navigate skill from position (5, 5) to (8, 8) (8.48528137423857 seconds)...
[INFO] [1787839402.028514118] [robot2.fragment_exec_node]: Navigation completed!
[INFO] [1787839402.030433176] [robot2.fragment_exec_node]: EventType: Task, Activity: move_to, Robot: robot2, Mission: m5, Segment: s2, End: 1787839402.0292604
[INFO] [1787839402.032513856] [robot2.fragment_exec_node]: Executing task place(o2-5,pack_area). Params: {'x': 8, 'y': 8, 'weight': 3}, Virtual state: {'position': {'x': 8, 'y': 8, 'z': 0.0}, 'docked': False}
[INFO] [1787839402.033691855] [robot2.fragment_exec_node]: EventType: Control (Task: place), Activity: localize, Robot: robot2, Mission: m5, Segment: s2, Start: 1787839402.032996
[INFO] [1787839402.035298021] [robot2.fragment_exec_node]: Simulating localize skill...
[INFO] [1787839407.040515552] [robot2.fragment_exec_node]: Localize completed!
[INFO] [1787839407.042384660] [robot2.fragment_exec_node]: EventType: Control (Task: place), Activity: localize, Robot: robot2, Mission: m5, Segment: s2, End: 1787839407.041196
[INFO] [1787839407.043946779] [robot2.fragment_exec_node]: EventType: Task, Activity: place, Robot: robot2, Mission: m5, Segment: s2, Start: 1787839407.042967
[INFO] [1787839407.045680935] [robot2.fragment_exec_node]: Simulating place skill...
[INFO] [1787839410.048920649] [robot2.fragment_exec_node]: Place completed!
[INFO] [1787839410.051015282] [robot2.fragment_exec_node]: EventType: Task, Activity: place, Robot: robot2, Mission: m5, Segment: s2, End: 1787839410.0497591
[INFO] [1787839410.053315727] [robot2.fragment_exec_node]: Execution of fragment fm5-6 completed!
[INFO] [1787839410.494913621] [robot2.fragment_exec_node]: Received fragment assignment: {'robot': 'robot2', 'fragment': {'id': 'fm4-3', 'mission': 'm4', 'state': 'assigned', 'wait': ['scan(o1-4)'], 'tasks': [{'name': 'pick', 'label': 'pick(o1-4,scan_area)', 'params': {'x': 5, 'y': 5, 'weight': 4}}, {'name': 'move_to', 'label': 'move_to(o1-4,pack_area)', 'params': {'x': 8, 'y': 8}}, {'name': 'place', 'label': 'place(o1-4,pack_area)', 'params': {'x': 8, 'y': 8, 'weight': 4}}], 'arrive_timestamp': 1787839346, 'priority': 1, 'segment': 's1'}}
[INFO] [1787839410.497213898] [robot2.fragment_exec_node]: Starting execution of fragment fm4-3...
[INFO] [1787839410.500203037] [robot2.fragment_exec_node]: Executing task pick(o1-4,scan_area). Params: {'x': 5, 'y': 5, 'weight': 4}, Virtual state: {'position': {'x': 8, 'y': 8, 'z': 0.0}, 'docked': False}
[INFO] [1787839410.503086202] [robot2.fragment_exec_node]: EventType: Control (Task: pick), Activity: move_to, Robot: robot2, Mission: m4, Segment: s1, Start: 1787839410.5014741
[INFO] [1787839410.505367271] [robot2.fragment_exec_node]: Simulating navigate skill from position (8, 8) to (5, 5) (8.48528137423857 seconds)...
[INFO] [1787839418.994610713] [robot2.fragment_exec_node]: Navigation completed!
[INFO] [1787839418.996508738] [robot2.fragment_exec_node]: EventType: Control (Task: pick), Activity: move_to, Robot: robot2, Mission: m4, Segment: s1, End: 1787839418.9952955
[INFO] [1787839418.998716314] [robot2.fragment_exec_node]: EventType: Control (Task: pick), Activity: localize, Robot: robot2, Mission: m4, Segment: s1, Start: 1787839418.9971507
[INFO] [1787839419.000931668] [robot2.fragment_exec_node]: Simulating localize skill...
[INFO] [1787839424.005566867] [robot2.fragment_exec_node]: Localize completed!
[INFO] [1787839424.007385663] [robot2.fragment_exec_node]: EventType: Control (Task: pick), Activity: localize, Robot: robot2, Mission: m4, Segment: s1, End: 1787839424.0062423
[INFO] [1787839424.008883181] [robot2.fragment_exec_node]: EventType: Task, Activity: pick, Robot: robot2, Mission: m4, Segment: s1, Start: 1787839424.007996
[INFO] [1787839424.010769214] [robot2.fragment_exec_node]: Simulating pick skill...
[INFO] [1787839428.013325963] [robot2.fragment_exec_node]: Pick completed!
[INFO] [1787839428.014562009] [robot2.fragment_exec_node]: EventType: Task, Activity: pick, Robot: robot2, Mission: m4, Segment: s1, End: 1787839428.01389
[INFO] [1787839428.015359285] [robot2.fragment_exec_node]: Executing task move_to(o1-4,pack_area). Params: {'x': 8, 'y': 8}, Virtual state: {'position': {'x': 5, 'y': 5, 'z': 0.0}, 'docked': False}
[INFO] [1787839428.015946545] [robot2.fragment_exec_node]: EventType: Task, Activity: move_to, Robot: robot2, Mission: m4, Segment: s1, Start: 1787839428.01557
[INFO] [1787839428.016549851] [robot2.fragment_exec_node]: Simulating navigate skill from position (5, 5) to (8, 8) (8.48528137423857 seconds)...
[INFO] [1787839436.505081268] [robot2.fragment_exec_node]: Navigation completed!
[INFO] [1787839436.507945513] [robot2.fragment_exec_node]: EventType: Task, Activity: move_to, Robot: robot2, Mission: m4, Segment: s1, End: 1787839436.5063527
[INFO] [1787839436.510881627] [robot2.fragment_exec_node]: Executing task place(o1-4,pack_area). Params: {'x': 8, 'y': 8, 'weight': 4}, Virtual state: {'position': {'x': 8, 'y': 8, 'z': 0.0}, 'docked': False}
[INFO] [1787839436.512754214] [robot2.fragment_exec_node]: EventType: Control (Task: place), Activity: localize, Robot: robot2, Mission: m4, Segment: s1, Start: 1787839436.5115457
[INFO] [1787839436.514483134] [robot2.fragment_exec_node]: Simulating localize skill...
[INFO] [1787839441.516599415] [robot2.fragment_exec_node]: Localize completed!
[INFO] [1787839441.518457072] [robot2.fragment_exec_node]: EventType: Control (Task: place), Activity: localize, Robot: robot2, Mission: m4, Segment: s1, End: 1787839441.5173254
[INFO] [1787839441.520555272] [robot2.fragment_exec_node]: EventType: Task, Activity: place, Robot: robot2, Mission: m4, Segment: s1, Start: 1787839441.519094
[INFO] [1787839441.521827068] [robot2.fragment_exec_node]: Simulating place skill...
[INFO] [1787839445.523782879] [robot2.fragment_exec_node]: Place completed!
[INFO] [1787839445.525066605] [robot2.fragment_exec_node]: EventType: Task, Activity: place, Robot: robot2, Mission: m4, Segment: s1, End: 1787839445.5242815
[INFO] [1787839445.526529910] [robot2.fragment_exec_node]: Execution of fragment fm4-3 completed!
[INFO] [1787839446.507329360] [robot2.fragment_exec_node]: Received fragment assignment: {'robot': 'robot2', 'fragment': {'id': 'fm6-1', 'mission': 'm6', 'state': 'assigned', 'wait': [], 'tasks': [{'name': 'pick', 'label': 'pick(o1-6,shelf)', 'params': {'x': 5, 'y': 1, 'weight': 10}}, {'name': 'move_to', 'label': 'move_to(o1-6,scan_area)', 'params': {'x': 5, 'y': 5}}, {'name': 'place', 'label': 'place(o1-6,scan_area)', 'params': {'x': 5, 'y': 5, 'weight': 10}}], 'arrive_timestamp': 1787839346, 'priority': 1, 'segment': 's1'}}
[INFO] [1787839446.508558960] [robot2.fragment_exec_node]: Starting execution of fragment fm6-1...
[INFO] [1787839446.509644982] [robot2.fragment_exec_node]: Executing task pick(o1-6,shelf). Params: {'x': 5, 'y': 1, 'weight': 10}, Virtual state: {'position': {'x': 8, 'y': 8, 'z': 0.0}, 'docked': False}
[INFO] [1787839446.510457904] [robot2.fragment_exec_node]: EventType: Control (Task: pick), Activity: move_to, Robot: robot2, Mission: m6, Segment: s1, Start: 1787839446.5099804
[INFO] [1787839446.511378858] [robot2.fragment_exec_node]: Simulating navigate skill from position (8, 8) to (5, 1) (15.231546211727817 seconds)...
[INFO] [1787839461.755934686] [robot2.fragment_exec_node]: Navigation completed!
[INFO] [1787839461.757165103] [robot2.fragment_exec_node]: EventType: Control (Task: pick), Activity: move_to, Robot: robot2, Mission: m6, Segment: s1, End: 1787839461.7564774
[INFO] [1787839461.758200679] [robot2.fragment_exec_node]: EventType: Control (Task: pick), Activity: localize, Robot: robot2, Mission: m6, Segment: s1, Start: 1787839461.7575765
[INFO] [1787839461.759093696] [robot2.fragment_exec_node]: Simulating localize skill...
[INFO] [1787839466.763881269] [robot2.fragment_exec_node]: Localize completed!
[INFO] [1787839466.765912910] [robot2.fragment_exec_node]: EventType: Control (Task: pick), Activity: localize, Robot: robot2, Mission: m6, Segment: s1, End: 1787839466.7648754
[INFO] [1787839466.767445132] [robot2.fragment_exec_node]: EventType: Task, Activity: pick, Robot: robot2, Mission: m6, Segment: s1, Start: 1787839466.7665553
[INFO] [1787839466.769170646] [robot2.fragment_exec_node]: Simulating pick skill...
[INFO] [1787839476.772044904] [robot2.fragment_exec_node]: Pick completed!
[INFO] [1787839476.774168583] [robot2.fragment_exec_node]: EventType: Task, Activity: pick, Robot: robot2, Mission: m6, Segment: s1, End: 1787839476.7729108
[INFO] [1787839476.775905594] [robot2.fragment_exec_node]: Executing task move_to(o1-6,scan_area). Params: {'x': 5, 'y': 5}, Virtual state: {'position': {'x': 5, 'y': 1, 'z': 0.0}, 'docked': False}
[INFO] [1787839476.777667926] [robot2.fragment_exec_node]: EventType: Task, Activity: move_to, Robot: robot2, Mission: m6, Segment: s1, Start: 1787839476.7763956
[INFO] [1787839476.779063801] [robot2.fragment_exec_node]: Simulating navigate skill from position (5, 1) to (5, 5) (0.0 seconds)...
[INFO] [1787839476.780790021] [robot2.fragment_exec_node]: Navigation completed!
[INFO] [1787839476.781939665] [robot2.fragment_exec_node]: EventType: Task, Activity: move_to, Robot: robot2, Mission: m6, Segment: s1, End: 1787839476.7811937
[INFO] [1787839476.783645733] [robot2.fragment_exec_node]: Executing task place(o1-6,scan_area). Params: {'x': 5, 'y': 5, 'weight': 10}, Virtual state: {'position': {'x': 5, 'y': 5, 'z': 0.0}, 'docked': False}
[INFO] [1787839476.784918124] [robot2.fragment_exec_node]: EventType: Control (Task: place), Activity: localize, Robot: robot2, Mission: m6, Segment: s1, Start: 1787839476.7841744
[INFO] [1787839476.786081493] [robot2.fragment_exec_node]: Simulating localize skill...
[INFO] [1787839481.790115845] [robot2.fragment_exec_node]: Localize completed!
[INFO] [1787839481.792509968] [robot2.fragment_exec_node]: EventType: Control (Task: place), Activity: localize, Robot: robot2, Mission: m6, Segment: s1, End: 1787839481.7908885
[INFO] [1787839481.795465442] [robot2.fragment_exec_node]: EventType: Task, Activity: place, Robot: robot2, Mission: m6, Segment: s1, Start: 1787839481.7934625
[INFO] [1787839481.797006110] [robot2.fragment_exec_node]: Simulating place skill...
[INFO] [1787839491.799776912] [robot2.fragment_exec_node]: Place completed!
[INFO] [1787839491.801834951] [robot2.fragment_exec_node]: EventType: Task, Activity: place, Robot: robot2, Mission: m6, Segment: s1, End: 1787839491.80057
[INFO] [1787839491.804740392] [robot2.fragment_exec_node]: Execution of fragment fm6-1 completed!
[INFO] [1787839492.497985466] [robot2.fragment_exec_node]: Received fragment assignment: {'robot': 'robot2', 'fragment': {'id': 'fm6-4', 'mission': 'm6', 'state': 'assigned', 'wait': [], 'tasks': [{'name': 'pick', 'label': 'pick(o2-6,shelf)', 'params': {'x': 1, 'y': 3, 'weight': 3}}, {'name': 'move_to', 'label': 'move_to(o2-6,scan_area)', 'params': {'x': 5, 'y': 5}}, {'name': 'place', 'label': 'place(o2-6,scan_area)', 'params': {'x': 5, 'y': 5, 'weight': 3}}], 'arrive_timestamp': 1787839346, 'priority': 1, 'segment': 's2'}}
[INFO] [1787839492.504673934] [robot2.fragment_exec_node]: Starting execution of fragment fm6-4...
[INFO] [1787839492.506663216] [robot2.fragment_exec_node]: Executing task pick(o2-6,shelf). Params: {'x': 1, 'y': 3, 'weight': 3}, Virtual state: {'position': {'x': 5, 'y': 5, 'z': 0.0}, 'docked': False}
[INFO] [1787839492.507877914] [robot2.fragment_exec_node]: EventType: Control (Task: pick), Activity: move_to, Robot: robot2, Mission: m6, Segment: s2, Start: 1787839492.507131
[INFO] [1787839492.509129570] [robot2.fragment_exec_node]: Simulating navigate skill from position (5, 5) to (1, 3) (8.94427190999916 seconds)...
[INFO] [1787839501.456495704] [robot2.fragment_exec_node]: Navigation completed!
[INFO] [1787839501.459174690] [robot2.fragment_exec_node]: EventType: Control (Task: pick), Activity: move_to, Robot: robot2, Mission: m6, Segment: s2, End: 1787839501.4575732
[INFO] [1787839501.462349668] [robot2.fragment_exec_node]: EventType: Control (Task: pick), Activity: localize, Robot: robot2, Mission: m6, Segment: s2, Start: 1787839501.4604034
[INFO] [1787839501.464181557] [robot2.fragment_exec_node]: Simulating localize skill...
[INFO] [1787839506.467733784] [robot2.fragment_exec_node]: Localize completed!
[INFO] [1787839506.470724666] [robot2.fragment_exec_node]: EventType: Control (Task: pick), Activity: localize, Robot: robot2, Mission: m6, Segment: s2, End: 1787839506.4688325
[INFO] [1787839506.473025293] [robot2.fragment_exec_node]: EventType: Task, Activity: pick, Robot: robot2, Mission: m6, Segment: s2, Start: 1787839506.4716444
[INFO] [1787839506.474758128] [robot2.fragment_exec_node]: Simulating pick skill...
[INFO] [1787839509.478869150] [robot2.fragment_exec_node]: Pick completed!
[INFO] [1787839509.481533121] [robot2.fragment_exec_node]: EventType: Task, Activity: pick, Robot: robot2, Mission: m6, Segment: s2, End: 1787839509.4800231
[INFO] [1787839509.483637941] [robot2.fragment_exec_node]: Executing task move_to(o2-6,scan_area). Params: {'x': 5, 'y': 5}, Virtual state: {'position': {'x': 1, 'y': 3, 'z': 0.0}, 'docked': False}
[INFO] [1787839509.485445670] [robot2.fragment_exec_node]: EventType: Task, Activity: move_to, Robot: robot2, Mission: m6, Segment: s2, Start: 1787839509.4842517
[INFO] [1787839509.487035872] [robot2.fragment_exec_node]: Simulating navigate skill from position (1, 3) to (5, 5) (11.313708498984761 seconds)...
[INFO] [1787839520.804645432] [robot2.fragment_exec_node]: Navigation completed!
[INFO] [1787839520.807002539] [robot2.fragment_exec_node]: EventType: Task, Activity: move_to, Robot: robot2, Mission: m6, Segment: s2, End: 1787839520.80582
[INFO] [1787839520.809090971] [robot2.fragment_exec_node]: Executing task place(o2-6,scan_area). Params: {'x': 5, 'y': 5, 'weight': 3}, Virtual state: {'position': {'x': 5, 'y': 5, 'z': 0.0}, 'docked': False}
[INFO] [1787839520.811404903] [robot2.fragment_exec_node]: EventType: Control (Task: place), Activity: localize, Robot: robot2, Mission: m6, Segment: s2, Start: 1787839520.8099883
[INFO] [1787839520.813212327] [robot2.fragment_exec_node]: Simulating localize skill...
[INFO] [1787839525.814979015] [robot2.fragment_exec_node]: Localize completed!
[INFO] [1787839525.815780185] [robot2.fragment_exec_node]: EventType: Control (Task: place), Activity: localize, Robot: robot2, Mission: m6, Segment: s2, End: 1787839525.8154233
[INFO] [1787839525.816316136] [robot2.fragment_exec_node]: EventType: Task, Activity: place, Robot: robot2, Mission: m6, Segment: s2, Start: 1787839525.8160324
[INFO] [1787839525.817421528] [robot2.fragment_exec_node]: Simulating place skill...
[INFO] [1787839528.820235602] [robot2.fragment_exec_node]: Place completed!
[INFO] [1787839528.822036289] [robot2.fragment_exec_node]: EventType: Task, Activity: place, Robot: robot2, Mission: m6, Segment: s2, End: 1787839528.820987
[INFO] [1787839528.824875281] [robot2.fragment_exec_node]: Execution of fragment fm6-4 completed!
[INFO] [1787839529.497709532] [robot2.fragment_exec_node]: Received fragment assignment: {'robot': 'robot2', 'fragment': {'id': 'fm6-3', 'mission': 'm6', 'state': 'assigned', 'wait': ['scan(o1-6)'], 'tasks': [{'name': 'pick', 'label': 'pick(o1-6,scan_area)', 'params': {'x': 5, 'y': 5, 'weight': 10}}, {'name': 'move_to', 'label': 'move_to(o1-6,pack_area)', 'params': {'x': 8, 'y': 8}}, {'name': 'place', 'label': 'place(o1-6,pack_area)', 'params': {'x': 8, 'y': 8, 'weight': 10}}], 'arrive_timestamp': 1787839346, 'priority': 1, 'segment': 's1'}}
[INFO] [1787839529.499856826] [robot2.fragment_exec_node]: Starting execution of fragment fm6-3...
[INFO] [1787839529.501504921] [robot2.fragment_exec_node]: Executing task pick(o1-6,scan_area). Params: {'x': 5, 'y': 5, 'weight': 10}, Virtual state: {'position': {'x': 5, 'y': 5, 'z': 0.0}, 'docked': False}
[INFO] [1787839529.502635006] [robot2.fragment_exec_node]: EventType: Control (Task: pick), Activity: localize, Robot: robot2, Mission: m6, Segment: s1, Start: 1787839529.5019433
[INFO] [1787839529.503648761] [robot2.fragment_exec_node]: Simulating localize skill...
[INFO] [1787839534.506395366] [robot2.fragment_exec_node]: Localize completed!
[INFO] [1787839534.507673088] [robot2.fragment_exec_node]: EventType: Control (Task: pick), Activity: localize, Robot: robot2, Mission: m6, Segment: s1, End: 1787839534.5069375
[INFO] [1787839534.508696741] [robot2.fragment_exec_node]: EventType: Task, Activity: pick, Robot: robot2, Mission: m6, Segment: s1, Start: 1787839534.5080879
[INFO] [1787839534.509714527] [robot2.fragment_exec_node]: Simulating pick skill...
[INFO] [1787839544.515226483] [robot2.fragment_exec_node]: Pick completed!
[INFO] [1787839544.517107977] [robot2.fragment_exec_node]: EventType: Task, Activity: pick, Robot: robot2, Mission: m6, Segment: s1, End: 1787839544.5159996
[INFO] [1787839544.519778838] [robot2.fragment_exec_node]: Executing task move_to(o1-6,pack_area). Params: {'x': 8, 'y': 8}, Virtual state: {'position': {'x': 5, 'y': 5, 'z': 0.0}, 'docked': False}
[INFO] [1787839544.522104590] [robot2.fragment_exec_node]: EventType: Task, Activity: move_to, Robot: robot2, Mission: m6, Segment: s1, Start: 1787839544.520959
[INFO] [1787839544.523748437] [robot2.fragment_exec_node]: Simulating navigate skill from position (5, 5) to (8, 8) (8.48528137423857 seconds)...
[INFO] [1787839553.013294828] [robot2.fragment_exec_node]: Navigation completed!
[INFO] [1787839553.016259955] [robot2.fragment_exec_node]: EventType: Task, Activity: move_to, Robot: robot2, Mission: m6, Segment: s1, End: 1787839553.0144627
[INFO] [1787839553.018314979] [robot2.fragment_exec_node]: Executing task place(o1-6,pack_area). Params: {'x': 8, 'y': 8, 'weight': 10}, Virtual state: {'position': {'x': 8, 'y': 8, 'z': 0.0}, 'docked': False}
[INFO] [1787839553.020106743] [robot2.fragment_exec_node]: EventType: Control (Task: place), Activity: localize, Robot: robot2, Mission: m6, Segment: s1, Start: 1787839553.0189524
[INFO] [1787839553.021622931] [robot2.fragment_exec_node]: Simulating localize skill...
[INFO] [1787839558.023774600] [robot2.fragment_exec_node]: Localize completed!
[INFO] [1787839558.025058034] [robot2.fragment_exec_node]: EventType: Control (Task: place), Activity: localize, Robot: robot2, Mission: m6, Segment: s1, End: 1787839558.024411
[INFO] [1787839558.026053616] [robot2.fragment_exec_node]: EventType: Task, Activity: place, Robot: robot2, Mission: m6, Segment: s1, Start: 1787839558.025409
[INFO] [1787839558.027026765] [robot2.fragment_exec_node]: Simulating place skill...
[INFO] [1787839568.031626807] [robot2.fragment_exec_node]: Place completed!
[INFO] [1787839568.033859284] [robot2.fragment_exec_node]: EventType: Task, Activity: place, Robot: robot2, Mission: m6, Segment: s1, End: 1787839568.032274
[INFO] [1787839568.035426776] [robot2.fragment_exec_node]: Execution of fragment fm6-3 completed!
Traceback (most recent call last):
  File "/root/ros2_ws/install/multi3_executor/lib/multi3_executor/executor", line 33, in <module>
    sys.exit(load_entry_point('multi3-executor==0.0.0', 'console_scripts', 'executor')())
  File "/root/ros2_ws/install/multi3_executor/lib/python3.10/site-packages/multi3_executor/nodes/executor.py", line 286, in main
    rclpy.shutdown()
  File "/opt/ros/humble/local/lib/python3.10/dist-packages/rclpy/__init__.py", line 130, in shutdown
    _shutdown(context=context)
  File "/opt/ros/humble/local/lib/python3.10/dist-packages/rclpy/utilities.py", line 58, in shutdown
    return context.shutdown()
  File "/opt/ros/humble/local/lib/python3.10/dist-packages/rclpy/context.py", line 102, in shutdown
    self.__context.shutdown()
rclpy._rclpy_pybind11.RCLError: failed to shutdown: rcl_shutdown already called on the given context, at ./src/rcl/init.c:241

--- executor_robot3.log ---
[INFO] [1787839153.145042097] [robot3.fragment_exec_node]: Setting up skill: DockSkill
[INFO] [1787839153.145946990] [robot3.fragment_exec_node]: Setting up skill: UndockSkill
[INFO] [1787839153.146703001] [robot3.fragment_exec_node]: Setting up skill: PickSkill
[INFO] [1787839153.147283502] [robot3.fragment_exec_node]: Setting up skill: ScanSkill
[INFO] [1787839153.147993643] [robot3.fragment_exec_node]: Setting up skill: NavigateSkill
[INFO] [1787839153.148756402] [robot3.fragment_exec_node]: Setting up skill: PlaceSkill
[INFO] [1787839153.149336188] [robot3.fragment_exec_node]: Setting up skill: PackSkill
[INFO] [1787839153.150197570] [robot3.fragment_exec_node]: Setting up skill: LocalizeSkill
[INFO] [1787839153.150903203] [robot3.fragment_exec_node]: Setting up skill: LoadPackSkill
[INFO] [1787839153.151800263] [robot3.fragment_exec_node]: Setting up skill: UnloadPackSkill
[INFO] [1787839153.158730413] [robot3.fragment_exec_node]: Published robot registration: {'name': 'robot3', 'operational_state': 'idle', 'capabilities': ['pick', 'move_to', 'place'], 'state': {'position': {'x': 0.0, 'y': 0.0, 'z': 0.0}, 'docked': True}}
[INFO] [1787839166.493320520] [robot3.fragment_exec_node]: Received fragment assignment: {'robot': 'robot3', 'fragment': {'id': 'fm5-10', 'mission': 'm5', 'state': 'assigned', 'wait': [], 'tasks': [{'name': 'pick', 'label': 'pick(o4-5,shelf)', 'params': {'x': 1, 'y': 3, 'weight': 4}}, {'name': 'move_to', 'label': 'move_to(o4-5,scan_area)', 'params': {'x': 5, 'y': 5}}, {'name': 'place', 'label': 'place(o4-5,scan_area)', 'params': {'x': 5, 'y': 5, 'weight': 4}}], 'arrive_timestamp': 1787839164, 'priority': 1, 'segment': 's4'}}
[INFO] [1787839166.496169624] [robot3.fragment_exec_node]: Starting execution of fragment fm5-10...
[INFO] [1787839166.497257998] [robot3.fragment_exec_node]: Executing task pick(o4-5,shelf). Params: {'x': 1, 'y': 3, 'weight': 4}, Virtual state: {'position': {'x': 0.0, 'y': 0.0, 'z': 0.0}, 'docked': True}
[INFO] [1787839166.498322881] [robot3.fragment_exec_node]: EventType: Control (Task: pick), Activity: undock, Robot: robot3, Mission: m5, Segment: s4, Start: 1787839166.49777
[INFO] [1787839166.499144465] [robot3.fragment_exec_node]: Simulating undock skill...
[INFO] [1787839170.502218361] [robot3.fragment_exec_node]: Undock completed!
[INFO] [1787839170.504390551] [robot3.fragment_exec_node]: EventType: Control (Task: pick), Activity: undock, Robot: robot3, Mission: m5, Segment: s4, End: 1787839170.503368
[INFO] [1787839170.505944721] [robot3.fragment_exec_node]: EventType: Control (Task: pick), Activity: move_to, Robot: robot3, Mission: m5, Segment: s4, Start: 1787839170.5049748
[INFO] [1787839170.507211270] [robot3.fragment_exec_node]: Simulating navigate skill from position (0.0, 0.0) to (1, 3) (6.324555320336759 seconds)...
[INFO] [1787839176.837096595] [robot3.fragment_exec_node]: Navigation completed!
[INFO] [1787839176.839047881] [robot3.fragment_exec_node]: EventType: Control (Task: pick), Activity: move_to, Robot: robot3, Mission: m5, Segment: s4, End: 1787839176.837792
[INFO] [1787839176.840842779] [robot3.fragment_exec_node]: EventType: Control (Task: pick), Activity: localize, Robot: robot3, Mission: m5, Segment: s4, Start: 1787839176.8397155
[INFO] [1787839176.842359748] [robot3.fragment_exec_node]: Simulating localize skill...
[INFO] [1787839181.847025555] [robot3.fragment_exec_node]: Localize completed!
[INFO] [1787839181.849674419] [robot3.fragment_exec_node]: EventType: Control (Task: pick), Activity: localize, Robot: robot3, Mission: m5, Segment: s4, End: 1787839181.848048
[INFO] [1787839181.851190860] [robot3.fragment_exec_node]: EventType: Task, Activity: pick, Robot: robot3, Mission: m5, Segment: s4, Start: 1787839181.8502977
[INFO] [1787839181.852959475] [robot3.fragment_exec_node]: Simulating pick skill...
[INFO] [1787839185.856531167] [robot3.fragment_exec_node]: Pick completed!
[INFO] [1787839185.859482775] [robot3.fragment_exec_node]: EventType: Task, Activity: pick, Robot: robot3, Mission: m5, Segment: s4, End: 1787839185.8576388
[INFO] [1787839185.861745338] [robot3.fragment_exec_node]: Executing task move_to(o4-5,scan_area). Params: {'x': 5, 'y': 5}, Virtual state: {'position': {'x': 1, 'y': 3, 'z': 0.0}, 'docked': False}
[INFO] [1787839185.865034209] [robot3.fragment_exec_node]: EventType: Task, Activity: move_to, Robot: robot3, Mission: m5, Segment: s4, Start: 1787839185.8631842
[INFO] [1787839185.866578159] [robot3.fragment_exec_node]: Simulating navigate skill from position (1, 3) to (5, 5) (11.313708498984761 seconds)...
[INFO] [1787839197.183884080] [robot3.fragment_exec_node]: Navigation completed!
[INFO] [1787839197.186840796] [robot3.fragment_exec_node]: EventType: Task, Activity: move_to, Robot: robot3, Mission: m5, Segment: s4, End: 1787839197.1852372
[INFO] [1787839197.189002492] [robot3.fragment_exec_node]: Executing task place(o4-5,scan_area). Params: {'x': 5, 'y': 5, 'weight': 4}, Virtual state: {'position': {'x': 5, 'y': 5, 'z': 0.0}, 'docked': False}
[INFO] [1787839197.190791502] [robot3.fragment_exec_node]: EventType: Control (Task: place), Activity: localize, Robot: robot3, Mission: m5, Segment: s4, Start: 1787839197.1896367
[INFO] [1787839197.192523514] [robot3.fragment_exec_node]: Simulating localize skill...
[INFO] [1787839202.196734195] [robot3.fragment_exec_node]: Localize completed!
[INFO] [1787839202.199551240] [robot3.fragment_exec_node]: EventType: Control (Task: place), Activity: localize, Robot: robot3, Mission: m5, Segment: s4, End: 1787839202.197883
[INFO] [1787839202.201270872] [robot3.fragment_exec_node]: EventType: Task, Activity: place, Robot: robot3, Mission: m5, Segment: s4, Start: 1787839202.200265
[INFO] [1787839202.202994183] [robot3.fragment_exec_node]: Simulating place skill...
[INFO] [1787839206.206840652] [robot3.fragment_exec_node]: Place completed!
[INFO] [1787839206.209176376] [robot3.fragment_exec_node]: EventType: Task, Activity: place, Robot: robot3, Mission: m5, Segment: s4, End: 1787839206.2078729
[INFO] [1787839206.212723065] [robot3.fragment_exec_node]: Execution of fragment fm5-10 completed!
[INFO] [1787839206.499983217] [robot3.fragment_exec_node]: Received fragment assignment: {'robot': 'robot3', 'fragment': {'id': 'fm7-10', 'mission': 'm7', 'state': 'assigned', 'wait': [], 'tasks': [{'name': 'pick', 'label': 'pick(o4-7,shelf)', 'params': {'x': 3, 'y': 7, 'weight': 2}}, {'name': 'move_to', 'label': 'move_to(o4-7,scan_area)', 'params': {'x': 5, 'y': 5}}, {'name': 'place', 'label': 'place(o4-7,scan_area)', 'params': {'x': 5, 'y': 5, 'weight': 2}}], 'arrive_timestamp': 1787839165, 'priority': 1, 'segment': 's4'}}
[INFO] [1787839206.501068779] [robot3.fragment_exec_node]: Starting execution of fragment fm7-10...
[INFO] [1787839206.502568427] [robot3.fragment_exec_node]: Executing task pick(o4-7,shelf). Params: {'x': 3, 'y': 7, 'weight': 2}, Virtual state: {'position': {'x': 5, 'y': 5, 'z': 0.0}, 'docked': False}
[INFO] [1787839206.504062632] [robot3.fragment_exec_node]: EventType: Control (Task: pick), Activity: move_to, Robot: robot3, Mission: m7, Segment: s4, Start: 1787839206.5032728
[INFO] [1787839206.505397205] [robot3.fragment_exec_node]: Simulating navigate skill from position (5, 5) to (3, 7) (5.656854249492381 seconds)...
[INFO] [1787839212.167130951] [robot3.fragment_exec_node]: Navigation completed!
[INFO] [1787839212.170355286] [robot3.fragment_exec_node]: EventType: Control (Task: pick), Activity: move_to, Robot: robot3, Mission: m7, Segment: s4, End: 1787839212.1693044
[INFO] [1787839212.172092431] [robot3.fragment_exec_node]: EventType: Control (Task: pick), Activity: localize, Robot: robot3, Mission: m7, Segment: s4, Start: 1787839212.1710167
[INFO] [1787839212.173624156] [robot3.fragment_exec_node]: Simulating localize skill...
[INFO] [1787839217.176633599] [robot3.fragment_exec_node]: Localize completed!
[INFO] [1787839217.178481822] [robot3.fragment_exec_node]: EventType: Control (Task: pick), Activity: localize, Robot: robot3, Mission: m7, Segment: s4, End: 1787839217.1773553
[INFO] [1787839217.180144411] [robot3.fragment_exec_node]: EventType: Task, Activity: pick, Robot: robot3, Mission: m7, Segment: s4, Start: 1787839217.1791184
[INFO] [1787839217.182165016] [robot3.fragment_exec_node]: Simulating pick skill...
[INFO] [1787839219.187264568] [robot3.fragment_exec_node]: Pick completed!
[INFO] [1787839219.189688502] [robot3.fragment_exec_node]: EventType: Task, Activity: pick, Robot: robot3, Mission: m7, Segment: s4, End: 1787839219.1880999
[INFO] [1787839219.192044366] [robot3.fragment_exec_node]: Executing task move_to(o4-7,scan_area). Params: {'x': 5, 'y': 5}, Virtual state: {'position': {'x': 3, 'y': 7, 'z': 0.0}, 'docked': False}
[INFO] [1787839219.193919584] [robot3.fragment_exec_node]: EventType: Task, Activity: move_to, Robot: robot3, Mission: m7, Segment: s4, Start: 1787839219.1926885
[INFO] [1787839219.195343073] [robot3.fragment_exec_node]: Simulating navigate skill from position (3, 7) to (5, 5) (5.656854249492381 seconds)...
[INFO] [1787839224.855373992] [robot3.fragment_exec_node]: Navigation completed!
[INFO] [1787839224.858457283] [robot3.fragment_exec_node]: EventType: Task, Activity: move_to, Robot: robot3, Mission: m7, Segment: s4, End: 1787839224.8572526
[INFO] [1787839224.861209215] [robot3.fragment_exec_node]: Executing task place(o4-7,scan_area). Params: {'x': 5, 'y': 5, 'weight': 2}, Virtual state: {'position': {'x': 5, 'y': 5, 'z': 0.0}, 'docked': False}
[INFO] [1787839224.862558703] [robot3.fragment_exec_node]: EventType: Control (Task: place), Activity: localize, Robot: robot3, Mission: m7, Segment: s4, Start: 1787839224.8617797
[INFO] [1787839224.863948585] [robot3.fragment_exec_node]: Simulating localize skill...
[INFO] [1787839229.867246138] [robot3.fragment_exec_node]: Localize completed!
[INFO] [1787839229.869784133] [robot3.fragment_exec_node]: EventType: Control (Task: place), Activity: localize, Robot: robot3, Mission: m7, Segment: s4, End: 1787839229.8683808
[INFO] [1787839229.872047504] [robot3.fragment_exec_node]: EventType: Task, Activity: place, Robot: robot3, Mission: m7, Segment: s4, Start: 1787839229.8709688
[INFO] [1787839229.873625454] [robot3.fragment_exec_node]: Simulating place skill...
[INFO] [1787839231.877249130] [robot3.fragment_exec_node]: Place completed!
[INFO] [1787839231.879173844] [robot3.fragment_exec_node]: EventType: Task, Activity: place, Robot: robot3, Mission: m7, Segment: s4, End: 1787839231.8780043
[INFO] [1787839231.881758427] [robot3.fragment_exec_node]: Execution of fragment fm7-10 completed!
[INFO] [1787839232.499134117] [robot3.fragment_exec_node]: Received fragment assignment: {'robot': 'robot3', 'fragment': {'id': 'fm5-9', 'mission': 'm5', 'state': 'assigned', 'wait': ['scan(o3-5)'], 'tasks': [{'name': 'pick', 'label': 'pick(o3-5,scan_area)', 'params': {'x': 5, 'y': 5, 'weight': 5}}, {'name': 'move_to', 'label': 'move_to(o3-5,pack_area)', 'params': {'x': 8, 'y': 8}}, {'name': 'place', 'label': 'place(o3-5,pack_area)', 'params': {'x': 8, 'y': 8, 'weight': 5}}], 'arrive_timestamp': 1787839164, 'priority': 1, 'segment': 's3'}}
[INFO] [1787839232.501204406] [robot3.fragment_exec_node]: Starting execution of fragment fm5-9...
[INFO] [1787839232.502831757] [robot3.fragment_exec_node]: Executing task pick(o3-5,scan_area). Params: {'x': 5, 'y': 5, 'weight': 5}, Virtual state: {'position': {'x': 5, 'y': 5, 'z': 0.0}, 'docked': False}
[INFO] [1787839232.504476671] [robot3.fragment_exec_node]: EventType: Control (Task: pick), Activity: localize, Robot: robot3, Mission: m5, Segment: s3, Start: 1787839232.503383
[INFO] [1787839232.505530363] [robot3.fragment_exec_node]: Simulating localize skill...
[INFO] [1787839237.509663457] [robot3.fragment_exec_node]: Localize completed!
[INFO] [1787839237.511919190] [robot3.fragment_exec_node]: EventType: Control (Task: pick), Activity: localize, Robot: robot3, Mission: m5, Segment: s3, End: 1787839237.5107155
[INFO] [1787839237.513752096] [robot3.fragment_exec_node]: EventType: Task, Activity: pick, Robot: robot3, Mission: m5, Segment: s3, Start: 1787839237.5126665
[INFO] [1787839237.516209615] [robot3.fragment_exec_node]: Simulating pick skill...
[INFO] [1787839242.519746578] [robot3.fragment_exec_node]: Pick completed!
[INFO] [1787839242.523945192] [robot3.fragment_exec_node]: EventType: Task, Activity: pick, Robot: robot3, Mission: m5, Segment: s3, End: 1787839242.521716
[INFO] [1787839242.526855455] [robot3.fragment_exec_node]: Executing task move_to(o3-5,pack_area). Params: {'x': 8, 'y': 8}, Virtual state: {'position': {'x': 5, 'y': 5, 'z': 0.0}, 'docked': False}
[INFO] [1787839242.528900813] [robot3.fragment_exec_node]: EventType: Task, Activity: move_to, Robot: robot3, Mission: m5, Segment: s3, Start: 1787839242.5275638
[INFO] [1787839242.530468380] [robot3.fragment_exec_node]: Simulating navigate skill from position (5, 5) to (8, 8) (8.48528137423857 seconds)...
[INFO] [1787839251.019111183] [robot3.fragment_exec_node]: Navigation completed!
[INFO] [1787839251.021225372] [robot3.fragment_exec_node]: EventType: Task, Activity: move_to, Robot: robot3, Mission: m5, Segment: s3, End: 1787839251.0204885
[INFO] [1787839251.022698840] [robot3.fragment_exec_node]: Executing task place(o3-5,pack_area). Params: {'x': 8, 'y': 8, 'weight': 5}, Virtual state: {'position': {'x': 8, 'y': 8, 'z': 0.0}, 'docked': False}
[INFO] [1787839251.023591479] [robot3.fragment_exec_node]: EventType: Control (Task: place), Activity: localize, Robot: robot3, Mission: m5, Segment: s3, Start: 1787839251.0230672
[INFO] [1787839251.024724335] [robot3.fragment_exec_node]: Simulating localize skill...
[INFO] [1787839256.026688891] [robot3.fragment_exec_node]: Localize completed!
[INFO] [1787839256.027680538] [robot3.fragment_exec_node]: EventType: Control (Task: place), Activity: localize, Robot: robot3, Mission: m5, Segment: s3, End: 1787839256.0272079
[INFO] [1787839256.028524710] [robot3.fragment_exec_node]: EventType: Task, Activity: place, Robot: robot3, Mission: m5, Segment: s3, Start: 1787839256.0279672
[INFO] [1787839256.029583395] [robot3.fragment_exec_node]: Simulating place skill...
[INFO] [1787839261.032297603] [robot3.fragment_exec_node]: Place completed!
[INFO] [1787839261.033821109] [robot3.fragment_exec_node]: EventType: Task, Activity: place, Robot: robot3, Mission: m5, Segment: s3, End: 1787839261.0328848
[INFO] [1787839261.035709071] [robot3.fragment_exec_node]: Execution of fragment fm5-9 completed!
[INFO] [1787839261.498702523] [robot3.fragment_exec_node]: Received fragment assignment: {'robot': 'robot3', 'fragment': {'id': 'fm7-3', 'mission': 'm7', 'state': 'assigned', 'wait': ['scan(o1-7)'], 'tasks': [{'name': 'pick', 'label': 'pick(o1-7,scan_area)', 'params': {'x': 5, 'y': 5, 'weight': 10}}, {'name': 'move_to', 'label': 'move_to(o1-7,pack_area)', 'params': {'x': 8, 'y': 8}}, {'name': 'place', 'label': 'place(o1-7,pack_area)', 'params': {'x': 8, 'y': 8, 'weight': 10}}], 'arrive_timestamp': 1787839256, 'priority': 1, 'segment': 's1'}}
[INFO] [1787839261.500693939] [robot3.fragment_exec_node]: Starting execution of fragment fm7-3...
[INFO] [1787839261.502343389] [robot3.fragment_exec_node]: Executing task pick(o1-7,scan_area). Params: {'x': 5, 'y': 5, 'weight': 10}, Virtual state: {'position': {'x': 8, 'y': 8, 'z': 0.0}, 'docked': False}
[INFO] [1787839261.504391772] [robot3.fragment_exec_node]: EventType: Control (Task: pick), Activity: move_to, Robot: robot3, Mission: m7, Segment: s1, Start: 1787839261.5036347
[INFO] [1787839261.505692515] [robot3.fragment_exec_node]: Simulating navigate skill from position (8, 8) to (5, 5) (8.48528137423857 seconds)...
[INFO] [1787839269.993522173] [robot3.fragment_exec_node]: Navigation completed!
[INFO] [1787839269.995320586] [robot3.fragment_exec_node]: EventType: Control (Task: pick), Activity: move_to, Robot: robot3, Mission: m7, Segment: s1, End: 1787839269.9944408
[INFO] [1787839269.996281703] [robot3.fragment_exec_node]: EventType: Control (Task: pick), Activity: localize, Robot: robot3, Mission: m7, Segment: s1, Start: 1787839269.99571
[INFO] [1787839269.997103231] [robot3.fragment_exec_node]: Simulating localize skill...
[INFO] [1787839275.000956698] [robot3.fragment_exec_node]: Localize completed!
[INFO] [1787839275.003913339] [robot3.fragment_exec_node]: EventType: Control (Task: pick), Activity: localize, Robot: robot3, Mission: m7, Segment: s1, End: 1787839275.002054
[INFO] [1787839275.007444318] [robot3.fragment_exec_node]: EventType: Task, Activity: pick, Robot: robot3, Mission: m7, Segment: s1, Start: 1787839275.0056355
[INFO] [1787839275.009821030] [robot3.fragment_exec_node]: Simulating pick skill...
[INFO] [1787839285.012659107] [robot3.fragment_exec_node]: Pick completed!
[INFO] [1787839285.013920782] [robot3.fragment_exec_node]: EventType: Task, Activity: pick, Robot: robot3, Mission: m7, Segment: s1, End: 1787839285.013178
[INFO] [1787839285.015783532] [robot3.fragment_exec_node]: Executing task move_to(o1-7,pack_area). Params: {'x': 8, 'y': 8}, Virtual state: {'position': {'x': 5, 'y': 5, 'z': 0.0}, 'docked': False}
[INFO] [1787839285.016997603] [robot3.fragment_exec_node]: EventType: Task, Activity: move_to, Robot: robot3, Mission: m7, Segment: s1, Start: 1787839285.0161996
[INFO] [1787839285.018076908] [robot3.fragment_exec_node]: Simulating navigate skill from position (5, 5) to (8, 8) (8.48528137423857 seconds)...
[INFO] [1787839293.505933695] [robot3.fragment_exec_node]: Navigation completed!
[INFO] [1787839293.508089961] [robot3.fragment_exec_node]: EventType: Task, Activity: move_to, Robot: robot3, Mission: m7, Segment: s1, End: 1787839293.5065815
[INFO] [1787839293.509842317] [robot3.fragment_exec_node]: Executing task place(o1-7,pack_area). Params: {'x': 8, 'y': 8, 'weight': 10}, Virtual state: {'position': {'x': 8, 'y': 8, 'z': 0.0}, 'docked': False}
[INFO] [1787839293.511235847] [robot3.fragment_exec_node]: EventType: Control (Task: place), Activity: localize, Robot: robot3, Mission: m7, Segment: s1, Start: 1787839293.510373
[INFO] [1787839293.513025117] [robot3.fragment_exec_node]: Simulating localize skill...
[INFO] [1787839298.516122001] [robot3.fragment_exec_node]: Localize completed!
[INFO] [1787839298.518363046] [robot3.fragment_exec_node]: EventType: Control (Task: place), Activity: localize, Robot: robot3, Mission: m7, Segment: s1, End: 1787839298.5168693
[INFO] [1787839298.519619058] [robot3.fragment_exec_node]: EventType: Task, Activity: place, Robot: robot3, Mission: m7, Segment: s1, Start: 1787839298.518893
[INFO] [1787839298.521002590] [robot3.fragment_exec_node]: Simulating place skill...
[INFO] [1787839308.524086041] [robot3.fragment_exec_node]: Place completed!
[INFO] [1787839308.525919967] [robot3.fragment_exec_node]: EventType: Task, Activity: place, Robot: robot3, Mission: m7, Segment: s1, End: 1787839308.5248199
[INFO] [1787839308.528432535] [robot3.fragment_exec_node]: Execution of fragment fm7-3 completed!
[INFO] [1787839309.498045272] [robot3.fragment_exec_node]: Received fragment assignment: {'robot': 'robot3', 'fragment': {'id': 'fm7-1', 'mission': 'm7', 'state': 'assigned', 'wait': [], 'tasks': [{'name': 'pick', 'label': 'pick(o1-7,shelf)', 'params': {'x': 6, 'y': 3, 'weight': 5}}, {'name': 'move_to', 'label': 'move_to(o1-7,scan_area)', 'params': {'x': 5, 'y': 5}}, {'name': 'place', 'label': 'place(o1-7,scan_area)', 'params': {'x': 5, 'y': 5, 'weight': 5}}], 'arrive_timestamp': 1787839256, 'priority': 1, 'segment': 's1'}}
[INFO] [1787839309.499267247] [robot3.fragment_exec_node]: Starting execution of fragment fm7-1...
[INFO] [1787839309.500672275] [robot3.fragment_exec_node]: Executing task pick(o1-7,shelf). Params: {'x': 6, 'y': 3, 'weight': 5}, Virtual state: {'position': {'x': 8, 'y': 8, 'z': 0.0}, 'docked': False}
[INFO] [1787839309.501761603] [robot3.fragment_exec_node]: EventType: Control (Task: pick), Activity: move_to, Robot: robot3, Mission: m7, Segment: s1, Start: 1787839309.5009696
[INFO] [1787839309.502787157] [robot3.fragment_exec_node]: Simulating navigate skill from position (8, 8) to (6, 3) (10.770329614269007 seconds)...
[INFO] [1787839320.276120087] [robot3.fragment_exec_node]: Navigation completed!
[INFO] [1787839320.278343558] [robot3.fragment_exec_node]: EventType: Control (Task: pick), Activity: move_to, Robot: robot3, Mission: m7, Segment: s1, End: 1787839320.2770681
[INFO] [1787839320.280420853] [robot3.fragment_exec_node]: EventType: Control (Task: pick), Activity: localize, Robot: robot3, Mission: m7, Segment: s1, Start: 1787839320.2787762
[INFO] [1787839320.282410665] [robot3.fragment_exec_node]: Simulating localize skill...
[INFO] [1787839325.286084135] [robot3.fragment_exec_node]: Localize completed!
[INFO] [1787839325.288619565] [robot3.fragment_exec_node]: EventType: Control (Task: pick), Activity: localize, Robot: robot3, Mission: m7, Segment: s1, End: 1787839325.2868555
[INFO] [1787839325.291310430] [robot3.fragment_exec_node]: EventType: Task, Activity: pick, Robot: robot3, Mission: m7, Segment: s1, Start: 1787839325.2893565
[INFO] [1787839325.292988432] [robot3.fragment_exec_node]: Simulating pick skill...
[INFO] [1787839330.297421551] [robot3.fragment_exec_node]: Pick completed!
[INFO] [1787839330.299016935] [robot3.fragment_exec_node]: EventType: Task, Activity: pick, Robot: robot3, Mission: m7, Segment: s1, End: 1787839330.2980998
[INFO] [1787839330.301528366] [robot3.fragment_exec_node]: Executing task move_to(o1-7,scan_area). Params: {'x': 5, 'y': 5}, Virtual state: {'position': {'x': 6, 'y': 3, 'z': 0.0}, 'docked': False}
[INFO] [1787839330.302860337] [robot3.fragment_exec_node]: EventType: Task, Activity: move_to, Robot: robot3, Mission: m7, Segment: s1, Start: 1787839330.301951
[INFO] [1787839330.304146290] [robot3.fragment_exec_node]: Simulating navigate skill from position (6, 3) to (5, 5) (2.8284271247461903 seconds)...
[INFO] [1787839333.136350732] [robot3.fragment_exec_node]: Navigation completed!
[INFO] [1787839333.137916767] [robot3.fragment_exec_node]: EventType: Task, Activity: move_to, Robot: robot3, Mission: m7, Segment: s1, End: 1787839333.1367896
[INFO] [1787839333.141096664] [robot3.fragment_exec_node]: Executing task place(o1-7,scan_area). Params: {'x': 5, 'y': 5, 'weight': 5}, Virtual state: {'position': {'x': 5, 'y': 5, 'z': 0.0}, 'docked': False}
[INFO] [1787839333.142686567] [robot3.fragment_exec_node]: EventType: Control (Task: place), Activity: localize, Robot: robot3, Mission: m7, Segment: s1, Start: 1787839333.1416066
[INFO] [1787839333.143548836] [robot3.fragment_exec_node]: Simulating localize skill...
[INFO] [1787839338.147916333] [robot3.fragment_exec_node]: Localize completed!
[INFO] [1787839338.150580083] [robot3.fragment_exec_node]: EventType: Control (Task: place), Activity: localize, Robot: robot3, Mission: m7, Segment: s1, End: 1787839338.1486576
[INFO] [1787839338.153364395] [robot3.fragment_exec_node]: EventType: Task, Activity: place, Robot: robot3, Mission: m7, Segment: s1, Start: 1787839338.1511953
[INFO] [1787839338.155580427] [robot3.fragment_exec_node]: Simulating place skill...
[INFO] [1787839343.158967420] [robot3.fragment_exec_node]: Place completed!
[INFO] [1787839343.161522718] [robot3.fragment_exec_node]: EventType: Task, Activity: place, Robot: robot3, Mission: m7, Segment: s1, End: 1787839343.15971
[INFO] [1787839343.164393910] [robot3.fragment_exec_node]: Execution of fragment fm7-1 completed!
[INFO] [1787839343.500168520] [robot3.fragment_exec_node]: Received fragment assignment: {'robot': 'robot3', 'fragment': {'id': 'fm5-4', 'mission': 'm5', 'state': 'assigned', 'wait': [], 'tasks': [{'name': 'pick', 'label': 'pick(o2-5,shelf)', 'params': {'x': 5, 'y': 2, 'weight': 3}}, {'name': 'move_to', 'label': 'move_to(o2-5,scan_area)', 'params': {'x': 5, 'y': 5}}, {'name': 'place', 'label': 'place(o2-5,scan_area)', 'params': {'x': 5, 'y': 5, 'weight': 3}}], 'arrive_timestamp': 1787839164, 'priority': 1, 'segment': 's2'}}
[INFO] [1787839343.501392118] [robot3.fragment_exec_node]: Starting execution of fragment fm5-4...
[INFO] [1787839343.502888414] [robot3.fragment_exec_node]: Executing task pick(o2-5,shelf). Params: {'x': 5, 'y': 2, 'weight': 3}, Virtual state: {'position': {'x': 5, 'y': 5, 'z': 0.0}, 'docked': False}
[INFO] [1787839343.504224814] [robot3.fragment_exec_node]: EventType: Control (Task: pick), Activity: move_to, Robot: robot3, Mission: m5, Segment: s2, Start: 1787839343.5033977
[INFO] [1787839343.505483337] [robot3.fragment_exec_node]: Simulating navigate skill from position (5, 5) to (5, 2) (6.0 seconds)...
[INFO] [1787839349.507653809] [robot3.fragment_exec_node]: Navigation completed!
[INFO] [1787839349.508627275] [robot3.fragment_exec_node]: EventType: Control (Task: pick), Activity: move_to, Robot: robot3, Mission: m5, Segment: s2, End: 1787839349.5080884
[INFO] [1787839349.509810535] [robot3.fragment_exec_node]: EventType: Control (Task: pick), Activity: localize, Robot: robot3, Mission: m5, Segment: s2, Start: 1787839349.509063
[INFO] [1787839349.510777762] [robot3.fragment_exec_node]: Simulating localize skill...
[INFO] [1787839354.514587209] [robot3.fragment_exec_node]: Localize completed!
[INFO] [1787839354.517430364] [robot3.fragment_exec_node]: EventType: Control (Task: pick), Activity: localize, Robot: robot3, Mission: m5, Segment: s2, End: 1787839354.515734
[INFO] [1787839354.519123812] [robot3.fragment_exec_node]: EventType: Task, Activity: pick, Robot: robot3, Mission: m5, Segment: s2, Start: 1787839354.5180273
[INFO] [1787839354.520838095] [robot3.fragment_exec_node]: Simulating pick skill...
[INFO] [1787839357.523623362] [robot3.fragment_exec_node]: Pick completed!
[INFO] [1787839357.524923907] [robot3.fragment_exec_node]: EventType: Task, Activity: pick, Robot: robot3, Mission: m5, Segment: s2, End: 1787839357.5243106
[INFO] [1787839357.526131549] [robot3.fragment_exec_node]: Executing task move_to(o2-5,scan_area). Params: {'x': 5, 'y': 5}, Virtual state: {'position': {'x': 5, 'y': 2, 'z': 0.0}, 'docked': False}
[INFO] [1787839357.527185335] [robot3.fragment_exec_node]: EventType: Task, Activity: move_to, Robot: robot3, Mission: m5, Segment: s2, Start: 1787839357.5265682
[INFO] [1787839357.528193268] [robot3.fragment_exec_node]: Simulating navigate skill from position (5, 2) to (5, 5) (0.0 seconds)...
[INFO] [1787839357.529167032] [robot3.fragment_exec_node]: Navigation completed!
[INFO] [1787839357.530168208] [robot3.fragment_exec_node]: EventType: Task, Activity: move_to, Robot: robot3, Mission: m5, Segment: s2, End: 1787839357.5295749
[INFO] [1787839357.531522700] [robot3.fragment_exec_node]: Executing task place(o2-5,scan_area). Params: {'x': 5, 'y': 5, 'weight': 3}, Virtual state: {'position': {'x': 5, 'y': 5, 'z': 0.0}, 'docked': False}
[INFO] [1787839357.532665250] [robot3.fragment_exec_node]: EventType: Control (Task: place), Activity: localize, Robot: robot3, Mission: m5, Segment: s2, Start: 1787839357.5319285
[INFO] [1787839357.533785812] [robot3.fragment_exec_node]: Simulating localize skill...
[INFO] [1787839362.537914719] [robot3.fragment_exec_node]: Localize completed!
[INFO] [1787839362.540224433] [robot3.fragment_exec_node]: EventType: Control (Task: place), Activity: localize, Robot: robot3, Mission: m5, Segment: s2, End: 1787839362.5385878
[INFO] [1787839362.542486473] [robot3.fragment_exec_node]: EventType: Task, Activity: place, Robot: robot3, Mission: m5, Segment: s2, Start: 1787839362.541197
[INFO] [1787839362.544228006] [robot3.fragment_exec_node]: Simulating place skill...
[INFO] [1787839365.547065598] [robot3.fragment_exec_node]: Place completed!
[INFO] [1787839365.549056731] [robot3.fragment_exec_node]: EventType: Task, Activity: place, Robot: robot3, Mission: m5, Segment: s2, End: 1787839365.5478592
[INFO] [1787839365.551604358] [robot3.fragment_exec_node]: Execution of fragment fm5-4 completed!
[INFO] [1787839366.495706656] [robot3.fragment_exec_node]: Received fragment assignment: {'robot': 'robot3', 'fragment': {'id': 'fm7-4', 'mission': 'm7', 'state': 'assigned', 'wait': [], 'tasks': [{'name': 'pick', 'label': 'pick(o2-7,shelf)', 'params': {'x': 2, 'y': 4, 'weight': 3}}, {'name': 'move_to', 'label': 'move_to(o2-7,scan_area)', 'params': {'x': 5, 'y': 5}}, {'name': 'place', 'label': 'place(o2-7,scan_area)', 'params': {'x': 5, 'y': 5, 'weight': 3}}], 'arrive_timestamp': 1787839256, 'priority': 1, 'segment': 's2'}}
[INFO] [1787839366.498116841] [robot3.fragment_exec_node]: Starting execution of fragment fm7-4...
[INFO] [1787839366.501187750] [robot3.fragment_exec_node]: Executing task pick(o2-7,shelf). Params: {'x': 2, 'y': 4, 'weight': 3}, Virtual state: {'position': {'x': 5, 'y': 5, 'z': 0.0}, 'docked': False}
[INFO] [1787839366.503699272] [robot3.fragment_exec_node]: EventType: Control (Task: pick), Activity: move_to, Robot: robot3, Mission: m7, Segment: s2, Start: 1787839366.5024326
[INFO] [1787839366.505024186] [robot3.fragment_exec_node]: Simulating navigate skill from position (5, 5) to (2, 4) (6.324555320336759 seconds)...
[INFO] [1787839372.831432846] [robot3.fragment_exec_node]: Navigation completed!
[INFO] [1787839372.832790187] [robot3.fragment_exec_node]: EventType: Control (Task: pick), Activity: move_to, Robot: robot3, Mission: m7, Segment: s2, End: 1787839372.8319705
[INFO] [1787839372.833912258] [robot3.fragment_exec_node]: EventType: Control (Task: pick), Activity: localize, Robot: robot3, Mission: m7, Segment: s2, Start: 1787839372.8332143
[INFO] [1787839372.836720471] [robot3.fragment_exec_node]: Simulating localize skill...
[INFO] [1787839377.840847308] [robot3.fragment_exec_node]: Localize completed!
[INFO] [1787839377.843467331] [robot3.fragment_exec_node]: EventType: Control (Task: pick), Activity: localize, Robot: robot3, Mission: m7, Segment: s2, End: 1787839377.8419075
[INFO] [1787839377.845159121] [robot3.fragment_exec_node]: EventType: Task, Activity: pick, Robot: robot3, Mission: m7, Segment: s2, Start: 1787839377.8440945
[INFO] [1787839377.846862182] [robot3.fragment_exec_node]: Simulating pick skill...
[INFO] [1787839380.851160455] [robot3.fragment_exec_node]: Pick completed!
[INFO] [1787839380.853396136] [robot3.fragment_exec_node]: EventType: Task, Activity: pick, Robot: robot3, Mission: m7, Segment: s2, End: 1787839380.8521235
[INFO] [1787839380.855630471] [robot3.fragment_exec_node]: Executing task move_to(o2-7,scan_area). Params: {'x': 5, 'y': 5}, Virtual state: {'position': {'x': 2, 'y': 4, 'z': 0.0}, 'docked': False}
[INFO] [1787839380.857170216] [robot3.fragment_exec_node]: EventType: Task, Activity: move_to, Robot: robot3, Mission: m7, Segment: s2, Start: 1787839380.8562949
[INFO] [1787839380.859000185] [robot3.fragment_exec_node]: Simulating navigate skill from position (2, 4) to (5, 5) (8.48528137423857 seconds)...
[INFO] [1787839389.348596657] [robot3.fragment_exec_node]: Navigation completed!
[INFO] [1787839389.349951440] [robot3.fragment_exec_node]: EventType: Task, Activity: move_to, Robot: robot3, Mission: m7, Segment: s2, End: 1787839389.3492079
[INFO] [1787839389.351641258] [robot3.fragment_exec_node]: Executing task place(o2-7,scan_area). Params: {'x': 5, 'y': 5, 'weight': 3}, Virtual state: {'position': {'x': 5, 'y': 5, 'z': 0.0}, 'docked': False}
[INFO] [1787839389.352888353] [robot3.fragment_exec_node]: EventType: Control (Task: place), Activity: localize, Robot: robot3, Mission: m7, Segment: s2, Start: 1787839389.3521852
[INFO] [1787839389.353989406] [robot3.fragment_exec_node]: Simulating localize skill...
[INFO] [1787839394.358920878] [robot3.fragment_exec_node]: Localize completed!
[INFO] [1787839394.360873576] [robot3.fragment_exec_node]: EventType: Control (Task: place), Activity: localize, Robot: robot3, Mission: m7, Segment: s2, End: 1787839394.3596518
[INFO] [1787839394.362641600] [robot3.fragment_exec_node]: EventType: Task, Activity: place, Robot: robot3, Mission: m7, Segment: s2, Start: 1787839394.3615332
[INFO] [1787839394.365027223] [robot3.fragment_exec_node]: Simulating place skill...
[INFO] [1787839397.369330654] [robot3.fragment_exec_node]: Place completed!
[INFO] [1787839397.371471605] [robot3.fragment_exec_node]: EventType: Task, Activity: place, Robot: robot3, Mission: m7, Segment: s2, End: 1787839397.3703191
[INFO] [1787839397.373726807] [robot3.fragment_exec_node]: Execution of fragment fm7-4 completed!
[INFO] [1787839397.503332663] [robot3.fragment_exec_node]: Received fragment assignment: {'robot': 'robot3', 'fragment': {'id': 'fm4-6', 'mission': 'm4', 'state': 'assigned', 'wait': ['scan(o2-4)'], 'tasks': [{'name': 'pick', 'label': 'pick(o2-4,scan_area)', 'params': {'x': 5, 'y': 5, 'weight': 3}}, {'name': 'move_to', 'label': 'move_to(o2-4,pack_area)', 'params': {'x': 8, 'y': 8}}, {'name': 'place', 'label': 'place(o2-4,pack_area)', 'params': {'x': 8, 'y': 8, 'weight': 3}}], 'arrive_timestamp': 1787839346, 'priority': 1, 'segment': 's2'}}
[INFO] [1787839397.505489490] [robot3.fragment_exec_node]: Starting execution of fragment fm4-6...
[INFO] [1787839397.507548240] [robot3.fragment_exec_node]: Executing task pick(o2-4,scan_area). Params: {'x': 5, 'y': 5, 'weight': 3}, Virtual state: {'position': {'x': 5, 'y': 5, 'z': 0.0}, 'docked': False}
[INFO] [1787839397.509745851] [robot3.fragment_exec_node]: EventType: Control (Task: pick), Activity: localize, Robot: robot3, Mission: m4, Segment: s2, Start: 1787839397.5085907
[INFO] [1787839397.510671848] [robot3.fragment_exec_node]: Simulating localize skill...
[INFO] [1787839402.514551261] [robot3.fragment_exec_node]: Localize completed!
[INFO] [1787839402.517380396] [robot3.fragment_exec_node]: EventType: Control (Task: pick), Activity: localize, Robot: robot3, Mission: m4, Segment: s2, End: 1787839402.515774
[INFO] [1787839402.519659693] [robot3.fragment_exec_node]: EventType: Task, Activity: pick, Robot: robot3, Mission: m4, Segment: s2, Start: 1787839402.51827
[INFO] [1787839402.521551292] [robot3.fragment_exec_node]: Simulating pick skill...
[INFO] [1787839405.524467506] [robot3.fragment_exec_node]: Pick completed!
[INFO] [1787839405.525842734] [robot3.fragment_exec_node]: EventType: Task, Activity: pick, Robot: robot3, Mission: m4, Segment: s2, End: 1787839405.5250683
[INFO] [1787839405.527537482] [robot3.fragment_exec_node]: Executing task move_to(o2-4,pack_area). Params: {'x': 8, 'y': 8}, Virtual state: {'position': {'x': 5, 'y': 5, 'z': 0.0}, 'docked': False}
[INFO] [1787839405.528797641] [robot3.fragment_exec_node]: EventType: Task, Activity: move_to, Robot: robot3, Mission: m4, Segment: s2, Start: 1787839405.5280366
[INFO] [1787839405.529916211] [robot3.fragment_exec_node]: Simulating navigate skill from position (5, 5) to (8, 8) (8.48528137423857 seconds)...
[INFO] [1787839414.018491086] [robot3.fragment_exec_node]: Navigation completed!
[INFO] [1787839414.020943883] [robot3.fragment_exec_node]: EventType: Task, Activity: move_to, Robot: robot3, Mission: m4, Segment: s2, End: 1787839414.0195365
[INFO] [1787839414.023037134] [robot3.fragment_exec_node]: Executing task place(o2-4,pack_area). Params: {'x': 8, 'y': 8, 'weight': 3}, Virtual state: {'position': {'x': 8, 'y': 8, 'z': 0.0}, 'docked': False}
[INFO] [1787839414.025211903] [robot3.fragment_exec_node]: EventType: Control (Task: place), Activity: localize, Robot: robot3, Mission: m4, Segment: s2, Start: 1787839414.023873
[INFO] [1787839414.027646975] [robot3.fragment_exec_node]: Simulating localize skill...
[INFO] [1787839419.031622336] [robot3.fragment_exec_node]: Localize completed!
[INFO] [1787839419.033474260] [robot3.fragment_exec_node]: EventType: Control (Task: place), Activity: localize, Robot: robot3, Mission: m4, Segment: s2, End: 1787839419.032364
[INFO] [1787839419.035118192] [robot3.fragment_exec_node]: EventType: Task, Activity: place, Robot: robot3, Mission: m4, Segment: s2, Start: 1787839419.0341237
[INFO] [1787839419.036497882] [robot3.fragment_exec_node]: Simulating place skill...
[INFO] [1787839422.039297274] [robot3.fragment_exec_node]: Place completed!
[INFO] [1787839422.041327232] [robot3.fragment_exec_node]: EventType: Task, Activity: place, Robot: robot3, Mission: m4, Segment: s2, End: 1787839422.0400288
[INFO] [1787839422.043453951] [robot3.fragment_exec_node]: Execution of fragment fm4-6 completed!
[INFO] [1787839422.492032348] [robot3.fragment_exec_node]: Received fragment assignment: {'robot': 'robot3', 'fragment': {'id': 'fm2-4', 'mission': 'm2', 'state': 'assigned', 'wait': [], 'tasks': [{'name': 'pick', 'label': 'pick(o2-2,shelf)', 'params': {'x': 2, 'y': 6, 'weight': 2}}, {'name': 'move_to', 'label': 'move_to(o2-2,scan_area)', 'params': {'x': 5, 'y': 5}}, {'name': 'place', 'label': 'place(o2-2,scan_area)', 'params': {'x': 5, 'y': 5, 'weight': 2}}], 'arrive_timestamp': 1787839255, 'priority': 1, 'segment': 's2'}}
[INFO] [1787839422.499528802] [robot3.fragment_exec_node]: Starting execution of fragment fm2-4...
[INFO] [1787839422.501814698] [robot3.fragment_exec_node]: Executing task pick(o2-2,shelf). Params: {'x': 2, 'y': 6, 'weight': 2}, Virtual state: {'position': {'x': 8, 'y': 8, 'z': 0.0}, 'docked': False}
[INFO] [1787839422.503473616] [robot3.fragment_exec_node]: EventType: Control (Task: pick), Activity: move_to, Robot: robot3, Mission: m2, Segment: s2, Start: 1787839422.5023353
[INFO] [1787839422.504757333] [robot3.fragment_exec_node]: Simulating navigate skill from position (8, 8) to (2, 6) (12.649110640673518 seconds)...
[INFO] [1787839435.157330352] [robot3.fragment_exec_node]: Navigation completed!
[INFO] [1787839435.165471044] [robot3.fragment_exec_node]: EventType: Control (Task: pick), Activity: move_to, Robot: robot3, Mission: m2, Segment: s2, End: 1787839435.1585486
[INFO] [1787839435.167347889] [robot3.fragment_exec_node]: EventType: Control (Task: pick), Activity: localize, Robot: robot3, Mission: m2, Segment: s2, Start: 1787839435.1661534
[INFO] [1787839435.168687042] [robot3.fragment_exec_node]: Simulating localize skill...
[INFO] [1787839440.172380242] [robot3.fragment_exec_node]: Localize completed!
[INFO] [1787839440.175317565] [robot3.fragment_exec_node]: EventType: Control (Task: pick), Activity: localize, Robot: robot3, Mission: m2, Segment: s2, End: 1787839440.1734514
[INFO] [1787839440.177702994] [robot3.fragment_exec_node]: EventType: Task, Activity: pick, Robot: robot3, Mission: m2, Segment: s2, Start: 1787839440.176126
[INFO] [1787839440.179549170] [robot3.fragment_exec_node]: Simulating pick skill...
[INFO] [1787839442.181825649] [robot3.fragment_exec_node]: Pick completed!
[INFO] [1787839442.183283350] [robot3.fragment_exec_node]: EventType: Task, Activity: pick, Robot: robot3, Mission: m2, Segment: s2, End: 1787839442.1823997
[INFO] [1787839442.184824941] [robot3.fragment_exec_node]: Executing task move_to(o2-2,scan_area). Params: {'x': 5, 'y': 5}, Virtual state: {'position': {'x': 2, 'y': 6, 'z': 0.0}, 'docked': False}
[INFO] [1787839442.186302680] [robot3.fragment_exec_node]: EventType: Task, Activity: move_to, Robot: robot3, Mission: m2, Segment: s2, Start: 1787839442.1853633
[INFO] [1787839442.187590251] [robot3.fragment_exec_node]: Simulating navigate skill from position (2, 6) to (5, 5) (8.48528137423857 seconds)...
[INFO] [1787839450.675412291] [robot3.fragment_exec_node]: Navigation completed!
[INFO] [1787839450.676480790] [robot3.fragment_exec_node]: EventType: Task, Activity: move_to, Robot: robot3, Mission: m2, Segment: s2, End: 1787839450.6759145
[INFO] [1787839450.677673632] [robot3.fragment_exec_node]: Executing task place(o2-2,scan_area). Params: {'x': 5, 'y': 5, 'weight': 2}, Virtual state: {'position': {'x': 5, 'y': 5, 'z': 0.0}, 'docked': False}
[INFO] [1787839450.678630046] [robot3.fragment_exec_node]: EventType: Control (Task: place), Activity: localize, Robot: robot3, Mission: m2, Segment: s2, Start: 1787839450.6780062
[INFO] [1787839450.679447534] [robot3.fragment_exec_node]: Simulating localize skill...
[INFO] [1787839455.683269501] [robot3.fragment_exec_node]: Localize completed!
[INFO] [1787839455.685756747] [robot3.fragment_exec_node]: EventType: Control (Task: place), Activity: localize, Robot: robot3, Mission: m2, Segment: s2, End: 1787839455.6839767
[INFO] [1787839455.687484958] [robot3.fragment_exec_node]: EventType: Task, Activity: place, Robot: robot3, Mission: m2, Segment: s2, Start: 1787839455.6865873
[INFO] [1787839455.689307732] [robot3.fragment_exec_node]: Simulating place skill...
[INFO] [1787839457.692503852] [robot3.fragment_exec_node]: Place completed!
[INFO] [1787839457.694239657] [robot3.fragment_exec_node]: EventType: Task, Activity: place, Robot: robot3, Mission: m2, Segment: s2, End: 1787839457.693177
[INFO] [1787839457.698316239] [robot3.fragment_exec_node]: Execution of fragment fm2-4 completed!
[INFO] [1787839458.549693556] [robot3.fragment_exec_node]: Received fragment assignment: {'robot': 'robot3', 'fragment': {'id': 'fm7-13', 'mission': 'm7', 'state': 'assigned', 'wait': [], 'tasks': [{'name': 'pick', 'label': 'pick(o5-7,shelf)', 'params': {'x': 4, 'y': 1, 'weight': 5}}, {'name': 'move_to', 'label': 'move_to(o5-7,scan_area)', 'params': {'x': 5, 'y': 5}}, {'name': 'place', 'label': 'place(o5-7,scan_area)', 'params': {'x': 5, 'y': 5, 'weight': 5}}], 'arrive_timestamp': 1787839256, 'priority': 1, 'segment': 's5'}}
[INFO] [1787839458.550574893] [robot3.fragment_exec_node]: Starting execution of fragment fm7-13...
[INFO] [1787839458.551285243] [robot3.fragment_exec_node]: Executing task pick(o5-7,shelf). Params: {'x': 4, 'y': 1, 'weight': 5}, Virtual state: {'position': {'x': 5, 'y': 5, 'z': 0.0}, 'docked': False}
[INFO] [1787839458.551805781] [robot3.fragment_exec_node]: EventType: Control (Task: pick), Activity: move_to, Robot: robot3, Mission: m7, Segment: s5, Start: 1787839458.5514927
[INFO] [1787839458.552245083] [robot3.fragment_exec_node]: Simulating navigate skill from position (5, 5) to (4, 1) (8.246211251235321 seconds)...
[INFO] [1787839466.802316067] [robot3.fragment_exec_node]: Navigation completed!
[INFO] [1787839466.804504866] [robot3.fragment_exec_node]: EventType: Control (Task: pick), Activity: move_to, Robot: robot3, Mission: m7, Segment: s5, End: 1787839466.8036187
[INFO] [1787839466.806302679] [robot3.fragment_exec_node]: EventType: Control (Task: pick), Activity: localize, Robot: robot3, Mission: m7, Segment: s5, Start: 1787839466.8051956
[INFO] [1787839466.808044780] [robot3.fragment_exec_node]: Simulating localize skill...
[INFO] [1787839471.810035005] [robot3.fragment_exec_node]: Localize completed!
[INFO] [1787839471.810742744] [robot3.fragment_exec_node]: EventType: Control (Task: pick), Activity: localize, Robot: robot3, Mission: m7, Segment: s5, End: 1787839471.8103242
[INFO] [1787839471.811237887] [robot3.fragment_exec_node]: EventType: Task, Activity: pick, Robot: robot3, Mission: m7, Segment: s5, Start: 1787839471.8109474
[INFO] [1787839471.811686736] [robot3.fragment_exec_node]: Simulating pick skill...
[INFO] [1787839476.813653651] [robot3.fragment_exec_node]: Pick completed!
[INFO] [1787839476.814984605] [robot3.fragment_exec_node]: EventType: Task, Activity: pick, Robot: robot3, Mission: m7, Segment: s5, End: 1787839476.8141918
[INFO] [1787839476.816418744] [robot3.fragment_exec_node]: Executing task move_to(o5-7,scan_area). Params: {'x': 5, 'y': 5}, Virtual state: {'position': {'x': 4, 'y': 1, 'z': 0.0}, 'docked': False}
[INFO] [1787839476.817849928] [robot3.fragment_exec_node]: EventType: Task, Activity: move_to, Robot: robot3, Mission: m7, Segment: s5, Start: 1787839476.81678
[INFO] [1787839476.818815281] [robot3.fragment_exec_node]: Simulating navigate skill from position (4, 1) to (5, 5) (2.8284271247461903 seconds)...
[INFO] [1787839479.650997835] [robot3.fragment_exec_node]: Navigation completed!
[INFO] [1787839479.652878135] [robot3.fragment_exec_node]: EventType: Task, Activity: move_to, Robot: robot3, Mission: m7, Segment: s5, End: 1787839479.6517596
[INFO] [1787839479.654966572] [robot3.fragment_exec_node]: Executing task place(o5-7,scan_area). Params: {'x': 5, 'y': 5, 'weight': 5}, Virtual state: {'position': {'x': 5, 'y': 5, 'z': 0.0}, 'docked': False}
[INFO] [1787839479.656259698] [robot3.fragment_exec_node]: EventType: Control (Task: place), Activity: localize, Robot: robot3, Mission: m7, Segment: s5, Start: 1787839479.6554646
[INFO] [1787839479.657607684] [robot3.fragment_exec_node]: Simulating localize skill...
[INFO] [1787839484.661605209] [robot3.fragment_exec_node]: Localize completed!
[INFO] [1787839484.664490973] [robot3.fragment_exec_node]: EventType: Control (Task: place), Activity: localize, Robot: robot3, Mission: m7, Segment: s5, End: 1787839484.6626992
[INFO] [1787839484.666261409] [robot3.fragment_exec_node]: EventType: Task, Activity: place, Robot: robot3, Mission: m7, Segment: s5, Start: 1787839484.6652627
[INFO] [1787839484.667962291] [robot3.fragment_exec_node]: Simulating place skill...
[INFO] [1787839489.673027832] [robot3.fragment_exec_node]: Place completed!
[INFO] [1787839489.674990518] [robot3.fragment_exec_node]: EventType: Task, Activity: place, Robot: robot3, Mission: m7, Segment: s5, End: 1787839489.6738539
[INFO] [1787839489.679020645] [robot3.fragment_exec_node]: Execution of fragment fm7-13 completed!
[INFO] [1787839490.503275534] [robot3.fragment_exec_node]: Received fragment assignment: {'robot': 'robot3', 'fragment': {'id': 'fm6-9', 'mission': 'm6', 'state': 'assigned', 'wait': ['scan(o3-6)'], 'tasks': [{'name': 'pick', 'label': 'pick(o3-6,scan_area)', 'params': {'x': 5, 'y': 5, 'weight': 5}}, {'name': 'move_to', 'label': 'move_to(o3-6,pack_area)', 'params': {'x': 8, 'y': 8}}, {'name': 'place', 'label': 'place(o3-6,pack_area)', 'params': {'x': 8, 'y': 8, 'weight': 5}}], 'arrive_timestamp': 1787839346, 'priority': 1, 'segment': 's3'}}
[INFO] [1787839490.504593557] [robot3.fragment_exec_node]: Starting execution of fragment fm6-9...
[INFO] [1787839490.506106605] [robot3.fragment_exec_node]: Executing task pick(o3-6,scan_area). Params: {'x': 5, 'y': 5, 'weight': 5}, Virtual state: {'position': {'x': 5, 'y': 5, 'z': 0.0}, 'docked': False}
[INFO] [1787839490.507242608] [robot3.fragment_exec_node]: EventType: Control (Task: pick), Activity: localize, Robot: robot3, Mission: m6, Segment: s3, Start: 1787839490.5064826
[INFO] [1787839490.508081238] [robot3.fragment_exec_node]: Simulating localize skill...
[INFO] [1787839495.510632658] [robot3.fragment_exec_node]: Localize completed!
[INFO] [1787839495.512546171] [robot3.fragment_exec_node]: EventType: Control (Task: pick), Activity: localize, Robot: robot3, Mission: m6, Segment: s3, End: 1787839495.5112813
[INFO] [1787839495.514721406] [robot3.fragment_exec_node]: EventType: Task, Activity: pick, Robot: robot3, Mission: m6, Segment: s3, Start: 1787839495.5132844
[INFO] [1787839495.516501507] [robot3.fragment_exec_node]: Simulating pick skill...
[INFO] [1787839500.520867653] [robot3.fragment_exec_node]: Pick completed!
[INFO] [1787839500.523814812] [robot3.fragment_exec_node]: EventType: Task, Activity: pick, Robot: robot3, Mission: m6, Segment: s3, End: 1787839500.5220263
[INFO] [1787839500.525909397] [robot3.fragment_exec_node]: Executing task move_to(o3-6,pack_area). Params: {'x': 8, 'y': 8}, Virtual state: {'position': {'x': 5, 'y': 5, 'z': 0.0}, 'docked': False}
[INFO] [1787839500.527730867] [robot3.fragment_exec_node]: EventType: Task, Activity: move_to, Robot: robot3, Mission: m6, Segment: s3, Start: 1787839500.5265634
[INFO] [1787839500.529500750] [robot3.fragment_exec_node]: Simulating navigate skill from position (5, 5) to (8, 8) (8.48528137423857 seconds)...
[INFO] [1787839509.018582365] [robot3.fragment_exec_node]: Navigation completed!
[INFO] [1787839509.021352772] [robot3.fragment_exec_node]: EventType: Task, Activity: move_to, Robot: robot3, Mission: m6, Segment: s3, End: 1787839509.0196886
[INFO] [1787839509.023583583] [robot3.fragment_exec_node]: Executing task place(o3-6,pack_area). Params: {'x': 8, 'y': 8, 'weight': 5}, Virtual state: {'position': {'x': 8, 'y': 8, 'z': 0.0}, 'docked': False}
[INFO] [1787839509.025732892] [robot3.fragment_exec_node]: EventType: Control (Task: place), Activity: localize, Robot: robot3, Mission: m6, Segment: s3, Start: 1787839509.024585
[INFO] [1787839509.027636923] [robot3.fragment_exec_node]: Simulating localize skill...
[INFO] [1787839514.029680277] [robot3.fragment_exec_node]: Localize completed!
[INFO] [1787839514.030400459] [robot3.fragment_exec_node]: EventType: Control (Task: place), Activity: localize, Robot: robot3, Mission: m6, Segment: s3, End: 1787839514.0299833
[INFO] [1787839514.030983341] [robot3.fragment_exec_node]: EventType: Task, Activity: place, Robot: robot3, Mission: m6, Segment: s3, Start: 1787839514.0306344
[INFO] [1787839514.031454038] [robot3.fragment_exec_node]: Simulating place skill...
[INFO] [1787839519.034694253] [robot3.fragment_exec_node]: Place completed!
[INFO] [1787839519.037077727] [robot3.fragment_exec_node]: EventType: Task, Activity: place, Robot: robot3, Mission: m6, Segment: s3, End: 1787839519.0359435
[INFO] [1787839519.039609149] [robot3.fragment_exec_node]: Execution of fragment fm6-9 completed!
[INFO] [1787839519.517516922] [robot3.fragment_exec_node]: Received fragment assignment: {'robot': 'robot3', 'fragment': {'id': 'fm7-15', 'mission': 'm7', 'state': 'assigned', 'wait': ['scan(o5-7)'], 'tasks': [{'name': 'pick', 'label': 'pick(o5-7,scan_area)', 'params': {'x': 5, 'y': 5, 'weight': 5}}, {'name': 'move_to', 'label': 'move_to(o5-7,pack_area)', 'params': {'x': 8, 'y': 8}}, {'name': 'place', 'label': 'place(o5-7,pack_area)', 'params': {'x': 8, 'y': 8, 'weight': 5}}], 'arrive_timestamp': 1787839256, 'priority': 1, 'segment': 's5'}}
[INFO] [1787839519.518477113] [robot3.fragment_exec_node]: Starting execution of fragment fm7-15...
[INFO] [1787839519.519284256] [robot3.fragment_exec_node]: Executing task pick(o5-7,scan_area). Params: {'x': 5, 'y': 5, 'weight': 5}, Virtual state: {'position': {'x': 8, 'y': 8, 'z': 0.0}, 'docked': False}
[INFO] [1787839519.519874561] [robot3.fragment_exec_node]: EventType: Control (Task: pick), Activity: move_to, Robot: robot3, Mission: m7, Segment: s5, Start: 1787839519.5194297
[INFO] [1787839519.520361244] [robot3.fragment_exec_node]: Simulating navigate skill from position (8, 8) to (5, 5) (8.48528137423857 seconds)...
[INFO] [1787839528.007566264] [robot3.fragment_exec_node]: Navigation completed!
[INFO] [1787839528.008636391] [robot3.fragment_exec_node]: EventType: Control (Task: pick), Activity: move_to, Robot: robot3, Mission: m7, Segment: s5, End: 1787839528.0079045
[INFO] [1787839528.009637715] [robot3.fragment_exec_node]: EventType: Control (Task: pick), Activity: localize, Robot: robot3, Mission: m7, Segment: s5, Start: 1787839528.009003
[INFO] [1787839528.010356418] [robot3.fragment_exec_node]: Simulating localize skill...
[INFO] [1787839533.013598728] [robot3.fragment_exec_node]: Localize completed!
[INFO] [1787839533.016148561] [robot3.fragment_exec_node]: EventType: Control (Task: pick), Activity: localize, Robot: robot3, Mission: m7, Segment: s5, End: 1787839533.0144022
[INFO] [1787839533.018796280] [robot3.fragment_exec_node]: EventType: Task, Activity: pick, Robot: robot3, Mission: m7, Segment: s5, Start: 1787839533.0170245
[INFO] [1787839533.021086742] [robot3.fragment_exec_node]: Simulating pick skill...
[INFO] [1787839538.026638978] [robot3.fragment_exec_node]: Pick completed!
[INFO] [1787839538.028285060] [robot3.fragment_exec_node]: EventType: Task, Activity: pick, Robot: robot3, Mission: m7, Segment: s5, End: 1787839538.027186
[INFO] [1787839538.031480641] [robot3.fragment_exec_node]: Executing task move_to(o5-7,pack_area). Params: {'x': 8, 'y': 8}, Virtual state: {'position': {'x': 5, 'y': 5, 'z': 0.0}, 'docked': False}
[INFO] [1787839538.033328981] [robot3.fragment_exec_node]: EventType: Task, Activity: move_to, Robot: robot3, Mission: m7, Segment: s5, Start: 1787839538.032085
[INFO] [1787839538.034477327] [robot3.fragment_exec_node]: Simulating navigate skill from position (5, 5) to (8, 8) (8.48528137423857 seconds)...
[INFO] [1787839546.521710332] [robot3.fragment_exec_node]: Navigation completed!
[INFO] [1787839546.523221147] [robot3.fragment_exec_node]: EventType: Task, Activity: move_to, Robot: robot3, Mission: m7, Segment: s5, End: 1787839546.522155
[INFO] [1787839546.524515446] [robot3.fragment_exec_node]: Executing task place(o5-7,pack_area). Params: {'x': 8, 'y': 8, 'weight': 5}, Virtual state: {'position': {'x': 8, 'y': 8, 'z': 0.0}, 'docked': False}
[INFO] [1787839546.525422968] [robot3.fragment_exec_node]: EventType: Control (Task: place), Activity: localize, Robot: robot3, Mission: m7, Segment: s5, Start: 1787839546.5248265
[INFO] [1787839546.526299071] [robot3.fragment_exec_node]: Simulating localize skill...
[INFO] [1787839551.529275112] [robot3.fragment_exec_node]: Localize completed!
[INFO] [1787839551.530628524] [robot3.fragment_exec_node]: EventType: Control (Task: place), Activity: localize, Robot: robot3, Mission: m7, Segment: s5, End: 1787839551.5298073
[INFO] [1787839551.532138733] [robot3.fragment_exec_node]: EventType: Task, Activity: place, Robot: robot3, Mission: m7, Segment: s5, Start: 1787839551.5310092
[INFO] [1787839551.533300255] [robot3.fragment_exec_node]: Simulating place skill...
[INFO] [1787839556.537097559] [robot3.fragment_exec_node]: Place completed!
[INFO] [1787839556.540084007] [robot3.fragment_exec_node]: EventType: Task, Activity: place, Robot: robot3, Mission: m7, Segment: s5, End: 1787839556.537923
[INFO] [1787839556.542432187] [robot3.fragment_exec_node]: Execution of fragment fm7-15 completed!
[INFO] [1787839561.517497580] [robot3.fragment_exec_node]: Received fragment assignment: {'robot': 'robot3', 'fragment': {'id': 'fm6-12', 'mission': 'm6', 'state': 'assigned', 'wait': ['scan(o4-6)'], 'tasks': [{'name': 'pick', 'label': 'pick(o4-6,scan_area)', 'params': {'x': 5, 'y': 5, 'weight': 4}}, {'name': 'move_to', 'label': 'move_to(o4-6,pack_area)', 'params': {'x': 8, 'y': 8}}, {'name': 'place', 'label': 'place(o4-6,pack_area)', 'params': {'x': 8, 'y': 8, 'weight': 4}}], 'arrive_timestamp': 1787839346, 'priority': 1, 'segment': 's4'}}
[INFO] [1787839561.518248712] [robot3.fragment_exec_node]: Starting execution of fragment fm6-12...
[INFO] [1787839561.519080316] [robot3.fragment_exec_node]: Waiting for coordination messages before executing fragment fm6-12: ['scan(o4-6)']
[INFO] [1787839563.524153918] [robot3.fragment_exec_node]: Executing task pick(o4-6,scan_area). Params: {'x': 5, 'y': 5, 'weight': 4}, Virtual state: {'position': {'x': 8, 'y': 8, 'z': 0.0}, 'docked': False}
[INFO] [1787839563.527075365] [robot3.fragment_exec_node]: EventType: Control (Task: pick), Activity: move_to, Robot: robot3, Mission: m6, Segment: s4, Start: 1787839563.525275
[INFO] [1787839563.528803068] [robot3.fragment_exec_node]: Simulating navigate skill from position (8, 8) to (5, 5) (8.48528137423857 seconds)...
[INFO] [1787839572.019691578] [robot3.fragment_exec_node]: Navigation completed!
[INFO] [1787839572.022593747] [robot3.fragment_exec_node]: EventType: Control (Task: pick), Activity: move_to, Robot: robot3, Mission: m6, Segment: s4, End: 1787839572.0207224
[INFO] [1787839572.024921561] [robot3.fragment_exec_node]: EventType: Control (Task: pick), Activity: localize, Robot: robot3, Mission: m6, Segment: s4, Start: 1787839572.0235045
[INFO] [1787839572.026639980] [robot3.fragment_exec_node]: Simulating localize skill...
[INFO] [1787839577.030608004] [robot3.fragment_exec_node]: Localize completed!
[INFO] [1787839577.033423068] [robot3.fragment_exec_node]: EventType: Control (Task: pick), Activity: localize, Robot: robot3, Mission: m6, Segment: s4, End: 1787839577.0316367
[INFO] [1787839577.035462646] [robot3.fragment_exec_node]: EventType: Task, Activity: pick, Robot: robot3, Mission: m6, Segment: s4, Start: 1787839577.0342085
[INFO] [1787839577.037362737] [robot3.fragment_exec_node]: Simulating pick skill...
[INFO] [1787839581.039622478] [robot3.fragment_exec_node]: Pick completed!
[INFO] [1787839581.040321684] [robot3.fragment_exec_node]: EventType: Task, Activity: pick, Robot: robot3, Mission: m6, Segment: s4, End: 1787839581.039888
[INFO] [1787839581.040991154] [robot3.fragment_exec_node]: Executing task move_to(o4-6,pack_area). Params: {'x': 8, 'y': 8}, Virtual state: {'position': {'x': 5, 'y': 5, 'z': 0.0}, 'docked': False}
[INFO] [1787839581.041538162] [robot3.fragment_exec_node]: EventType: Task, Activity: move_to, Robot: robot3, Mission: m6, Segment: s4, Start: 1787839581.0412283
[INFO] [1787839581.042024409] [robot3.fragment_exec_node]: Simulating navigate skill from position (5, 5) to (8, 8) (8.48528137423857 seconds)...
[INFO] [1787839589.531097027] [robot3.fragment_exec_node]: Navigation completed!
[INFO] [1787839589.533550665] [robot3.fragment_exec_node]: EventType: Task, Activity: move_to, Robot: robot3, Mission: m6, Segment: s4, End: 1787839589.5318744
[INFO] [1787839589.536471830] [robot3.fragment_exec_node]: Executing task place(o4-6,pack_area). Params: {'x': 8, 'y': 8, 'weight': 4}, Virtual state: {'position': {'x': 8, 'y': 8, 'z': 0.0}, 'docked': False}
[INFO] [1787839589.538564525] [robot3.fragment_exec_node]: EventType: Control (Task: place), Activity: localize, Robot: robot3, Mission: m6, Segment: s4, Start: 1787839589.537261
[INFO] [1787839589.540440024] [robot3.fragment_exec_node]: Simulating localize skill...
[INFO] [1787839594.545268210] [robot3.fragment_exec_node]: Localize completed!
[INFO] [1787839594.547532568] [robot3.fragment_exec_node]: EventType: Control (Task: place), Activity: localize, Robot: robot3, Mission: m6, Segment: s4, End: 1787839594.5462801
[INFO] [1787839594.549024332] [robot3.fragment_exec_node]: EventType: Task, Activity: place, Robot: robot3, Mission: m6, Segment: s4, Start: 1787839594.5481446
[INFO] [1787839594.550712319] [robot3.fragment_exec_node]: Simulating place skill...
[INFO] [1787839598.555261246] [robot3.fragment_exec_node]: Place completed!
[INFO] [1787839598.558224579] [robot3.fragment_exec_node]: EventType: Task, Activity: place, Robot: robot3, Mission: m6, Segment: s4, End: 1787839598.5563881
[INFO] [1787839598.560496402] [robot3.fragment_exec_node]: Execution of fragment fm6-12 completed!
Traceback (most recent call last):
  File "/root/ros2_ws/install/multi3_executor/lib/multi3_executor/executor", line 33, in <module>
    sys.exit(load_entry_point('multi3-executor==0.0.0', 'console_scripts', 'executor')())
  File "/root/ros2_ws/install/multi3_executor/lib/python3.10/site-packages/multi3_executor/nodes/executor.py", line 286, in main
    rclpy.shutdown()
  File "/opt/ros/humble/local/lib/python3.10/dist-packages/rclpy/__init__.py", line 130, in shutdown
    _shutdown(context=context)
  File "/opt/ros/humble/local/lib/python3.10/dist-packages/rclpy/utilities.py", line 58, in shutdown
    return context.shutdown()
  File "/opt/ros/humble/local/lib/python3.10/dist-packages/rclpy/context.py", line 102, in shutdown
    self.__context.shutdown()
rclpy._rclpy_pybind11.RCLError: failed to shutdown: rcl_shutdown already called on the given context, at ./src/rcl/init.c:241

--- executor_robot4.log ---
[INFO] [1787839155.100222923] [robot4.fragment_exec_node]: Setting up skill: DockSkill
[INFO] [1787839155.100965969] [robot4.fragment_exec_node]: Setting up skill: UndockSkill
[INFO] [1787839155.101837721] [robot4.fragment_exec_node]: Setting up skill: PickSkill
[INFO] [1787839155.102437858] [robot4.fragment_exec_node]: Setting up skill: ScanSkill
[INFO] [1787839155.103047193] [robot4.fragment_exec_node]: Setting up skill: NavigateSkill
[INFO] [1787839155.103598061] [robot4.fragment_exec_node]: Setting up skill: PlaceSkill
[INFO] [1787839155.104300765] [robot4.fragment_exec_node]: Setting up skill: PackSkill
[INFO] [1787839155.104889325] [robot4.fragment_exec_node]: Setting up skill: LocalizeSkill
[INFO] [1787839155.105425330] [robot4.fragment_exec_node]: Setting up skill: LoadPackSkill
[INFO] [1787839155.106208623] [robot4.fragment_exec_node]: Setting up skill: UnloadPackSkill
[INFO] [1787839155.114705458] [robot4.fragment_exec_node]: Published robot registration: {'name': 'robot4', 'operational_state': 'idle', 'capabilities': ['pick', 'move_to', 'place'], 'state': {'position': {'x': 0.0, 'y': 0.0, 'z': 0.0}, 'docked': True}}
[INFO] [1787839166.498368821] [robot4.fragment_exec_node]: Received fragment assignment: {'robot': 'robot4', 'fragment': {'id': 'fm1-4', 'mission': 'm1', 'state': 'assigned', 'wait': [], 'tasks': [{'name': 'pick', 'label': 'pick(o2-1,shelf)', 'params': {'x': 2, 'y': 3, 'weight': 2}}, {'name': 'move_to', 'label': 'move_to(o2-1,scan_area)', 'params': {'x': 5, 'y': 5}}, {'name': 'place', 'label': 'place(o2-1,scan_area)', 'params': {'x': 5, 'y': 5, 'weight': 2}}], 'arrive_timestamp': 1787839162, 'priority': 1, 'segment': 's2'}}
[INFO] [1787839166.499088124] [robot4.fragment_exec_node]: Starting execution of fragment fm1-4...
[INFO] [1787839166.500161221] [robot4.fragment_exec_node]: Executing task pick(o2-1,shelf). Params: {'x': 2, 'y': 3, 'weight': 2}, Virtual state: {'position': {'x': 0.0, 'y': 0.0, 'z': 0.0}, 'docked': True}
[INFO] [1787839166.500753029] [robot4.fragment_exec_node]: EventType: Control (Task: pick), Activity: undock, Robot: robot4, Mission: m1, Segment: s2, Start: 1787839166.5003724
[INFO] [1787839166.501259941] [robot4.fragment_exec_node]: Simulating undock skill...
[INFO] [1787839170.503193493] [robot4.fragment_exec_node]: Undock completed!
[INFO] [1787839170.505063363] [robot4.fragment_exec_node]: EventType: Control (Task: pick), Activity: undock, Robot: robot4, Mission: m1, Segment: s2, End: 1787839170.5040221
[INFO] [1787839170.506335260] [robot4.fragment_exec_node]: EventType: Control (Task: pick), Activity: move_to, Robot: robot4, Mission: m1, Segment: s2, Start: 1787839170.5056186
[INFO] [1787839170.507798728] [robot4.fragment_exec_node]: Simulating navigate skill from position (0.0, 0.0) to (2, 3) (7.211102550927978 seconds)...
[INFO] [1787839177.722048043] [robot4.fragment_exec_node]: Navigation completed!
[INFO] [1787839177.722966471] [robot4.fragment_exec_node]: EventType: Control (Task: pick), Activity: move_to, Robot: robot4, Mission: m1, Segment: s2, End: 1787839177.72248
[INFO] [1787839177.723714479] [robot4.fragment_exec_node]: EventType: Control (Task: pick), Activity: localize, Robot: robot4, Mission: m1, Segment: s2, Start: 1787839177.7232785
[INFO] [1787839177.724572797] [robot4.fragment_exec_node]: Simulating localize skill...
[INFO] [1787839182.726527144] [robot4.fragment_exec_node]: Localize completed!
[INFO] [1787839182.727913337] [robot4.fragment_exec_node]: EventType: Control (Task: pick), Activity: localize, Robot: robot4, Mission: m1, Segment: s2, End: 1787839182.7270555
[INFO] [1787839182.729120534] [robot4.fragment_exec_node]: EventType: Task, Activity: pick, Robot: robot4, Mission: m1, Segment: s2, Start: 1787839182.7283113
[INFO] [1787839182.730077537] [robot4.fragment_exec_node]: Simulating pick skill...
[INFO] [1787839184.733396593] [robot4.fragment_exec_node]: Pick completed!
[INFO] [1787839184.735119954] [robot4.fragment_exec_node]: EventType: Task, Activity: pick, Robot: robot4, Mission: m1, Segment: s2, End: 1787839184.7340624
[INFO] [1787839184.738049190] [robot4.fragment_exec_node]: Executing task move_to(o2-1,scan_area). Params: {'x': 5, 'y': 5}, Virtual state: {'position': {'x': 2, 'y': 3, 'z': 0.0}, 'docked': False}
[INFO] [1787839184.739998233] [robot4.fragment_exec_node]: EventType: Task, Activity: move_to, Robot: robot4, Mission: m1, Segment: s2, Start: 1787839184.7392387
[INFO] [1787839184.742062621] [robot4.fragment_exec_node]: Simulating navigate skill from position (2, 3) to (5, 5) (8.48528137423857 seconds)...
[INFO] [1787839193.230950189] [robot4.fragment_exec_node]: Navigation completed!
[INFO] [1787839193.233993935] [robot4.fragment_exec_node]: EventType: Task, Activity: move_to, Robot: robot4, Mission: m1, Segment: s2, End: 1787839193.2321098
[INFO] [1787839193.236122607] [robot4.fragment_exec_node]: Executing task place(o2-1,scan_area). Params: {'x': 5, 'y': 5, 'weight': 2}, Virtual state: {'position': {'x': 5, 'y': 5, 'z': 0.0}, 'docked': False}
[INFO] [1787839193.237928547] [robot4.fragment_exec_node]: EventType: Control (Task: place), Activity: localize, Robot: robot4, Mission: m1, Segment: s2, Start: 1787839193.2367928
[INFO] [1787839193.239668750] [robot4.fragment_exec_node]: Simulating localize skill...
[INFO] [1787839198.244101663] [robot4.fragment_exec_node]: Localize completed!
[INFO] [1787839198.246453066] [robot4.fragment_exec_node]: EventType: Control (Task: place), Activity: localize, Robot: robot4, Mission: m1, Segment: s2, End: 1787839198.2454112
[INFO] [1787839198.248169208] [robot4.fragment_exec_node]: EventType: Task, Activity: place, Robot: robot4, Mission: m1, Segment: s2, Start: 1787839198.247086
[INFO] [1787839198.251095677] [robot4.fragment_exec_node]: Simulating place skill...
[INFO] [1787839200.253881768] [robot4.fragment_exec_node]: Place completed!
[INFO] [1787839200.255735977] [robot4.fragment_exec_node]: EventType: Task, Activity: place, Robot: robot4, Mission: m1, Segment: s2, End: 1787839200.2546213
[INFO] [1787839200.258068077] [robot4.fragment_exec_node]: Execution of fragment fm1-4 completed!
[INFO] [1787839200.501026675] [robot4.fragment_exec_node]: Received fragment assignment: {'robot': 'robot4', 'fragment': {'id': 'fm7-1', 'mission': 'm7', 'state': 'assigned', 'wait': [], 'tasks': [{'name': 'pick', 'label': 'pick(o1-7,shelf)', 'params': {'x': 6, 'y': 3, 'weight': 5}}, {'name': 'move_to', 'label': 'move_to(o1-7,scan_area)', 'params': {'x': 5, 'y': 5}}, {'name': 'place', 'label': 'place(o1-7,scan_area)', 'params': {'x': 5, 'y': 5, 'weight': 5}}], 'arrive_timestamp': 1787839165, 'priority': 1, 'segment': 's1'}}
[INFO] [1787839200.502914263] [robot4.fragment_exec_node]: Starting execution of fragment fm7-1...
[INFO] [1787839200.505011676] [robot4.fragment_exec_node]: Executing task pick(o1-7,shelf). Params: {'x': 6, 'y': 3, 'weight': 5}, Virtual state: {'position': {'x': 5, 'y': 5, 'z': 0.0}, 'docked': False}
[INFO] [1787839200.506764833] [robot4.fragment_exec_node]: EventType: Control (Task: pick), Activity: move_to, Robot: robot4, Mission: m7, Segment: s1, Start: 1787839200.5055265
[INFO] [1787839200.507881824] [robot4.fragment_exec_node]: Simulating navigate skill from position (5, 5) to (6, 3) (4.47213595499958 seconds)...
[INFO] [1787839204.984658727] [robot4.fragment_exec_node]: Navigation completed!
[INFO] [1787839204.987070124] [robot4.fragment_exec_node]: EventType: Control (Task: pick), Activity: move_to, Robot: robot4, Mission: m7, Segment: s1, End: 1787839204.985332
[INFO] [1787839204.988843495] [robot4.fragment_exec_node]: EventType: Control (Task: pick), Activity: localize, Robot: robot4, Mission: m7, Segment: s1, Start: 1787839204.9877236
[INFO] [1787839204.990782544] [robot4.fragment_exec_node]: Simulating localize skill...
[INFO] [1787839209.996036101] [robot4.fragment_exec_node]: Localize completed!
[INFO] [1787839209.999320063] [robot4.fragment_exec_node]: EventType: Control (Task: pick), Activity: localize, Robot: robot4, Mission: m7, Segment: s1, End: 1787839209.9973822
[INFO] [1787839210.001022348] [robot4.fragment_exec_node]: EventType: Task, Activity: pick, Robot: robot4, Mission: m7, Segment: s1, Start: 1787839209.9999285
[INFO] [1787839210.003494468] [robot4.fragment_exec_node]: Simulating pick skill...
[INFO] [1787839215.006154286] [robot4.fragment_exec_node]: Pick completed!
[INFO] [1787839215.007954847] [robot4.fragment_exec_node]: EventType: Task, Activity: pick, Robot: robot4, Mission: m7, Segment: s1, End: 1787839215.006925
[INFO] [1787839215.010129761] [robot4.fragment_exec_node]: Executing task move_to(o1-7,scan_area). Params: {'x': 5, 'y': 5}, Virtual state: {'position': {'x': 6, 'y': 3, 'z': 0.0}, 'docked': False}
[INFO] [1787839215.012295798] [robot4.fragment_exec_node]: EventType: Task, Activity: move_to, Robot: robot4, Mission: m7, Segment: s1, Start: 1787839215.0107443
[INFO] [1787839215.015001585] [robot4.fragment_exec_node]: Simulating navigate skill from position (6, 3) to (5, 5) (2.8284271247461903 seconds)...
[INFO] [1787839217.847719581] [robot4.fragment_exec_node]: Navigation completed!
[INFO] [1787839217.852292317] [robot4.fragment_exec_node]: EventType: Task, Activity: move_to, Robot: robot4, Mission: m7, Segment: s1, End: 1787839217.85004
[INFO] [1787839217.855157921] [robot4.fragment_exec_node]: Executing task place(o1-7,scan_area). Params: {'x': 5, 'y': 5, 'weight': 5}, Virtual state: {'position': {'x': 5, 'y': 5, 'z': 0.0}, 'docked': False}
[INFO] [1787839217.856689875] [robot4.fragment_exec_node]: EventType: Control (Task: place), Activity: localize, Robot: robot4, Mission: m7, Segment: s1, Start: 1787839217.855795
[INFO] [1787839217.858291176] [robot4.fragment_exec_node]: Simulating localize skill...
[INFO] [1787839222.864142079] [robot4.fragment_exec_node]: Localize completed!
[INFO] [1787839222.865625146] [robot4.fragment_exec_node]: EventType: Control (Task: place), Activity: localize, Robot: robot4, Mission: m7, Segment: s1, End: 1787839222.8648107
[INFO] [1787839222.867270055] [robot4.fragment_exec_node]: EventType: Task, Activity: place, Robot: robot4, Mission: m7, Segment: s1, Start: 1787839222.8663316
[INFO] [1787839222.868471432] [robot4.fragment_exec_node]: Simulating place skill...
[INFO] [1787839227.872031418] [robot4.fragment_exec_node]: Place completed!
[INFO] [1787839227.874608739] [robot4.fragment_exec_node]: EventType: Task, Activity: place, Robot: robot4, Mission: m7, Segment: s1, End: 1787839227.873374
[INFO] [1787839227.879914170] [robot4.fragment_exec_node]: Execution of fragment fm7-1 completed!
[INFO] [1787839228.494546806] [robot4.fragment_exec_node]: Received fragment assignment: {'robot': 'robot4', 'fragment': {'id': 'fm1-6', 'mission': 'm1', 'state': 'assigned', 'wait': ['scan(o2-1)'], 'tasks': [{'name': 'pick', 'label': 'pick(o2-1,scan_area)', 'params': {'x': 5, 'y': 5, 'weight': 2}}, {'name': 'move_to', 'label': 'move_to(o2-1,pack_area)', 'params': {'x': 8, 'y': 8}}, {'name': 'place', 'label': 'place(o2-1,pack_area)', 'params': {'x': 8, 'y': 8, 'weight': 2}}], 'arrive_timestamp': 1787839162, 'priority': 1, 'segment': 's2'}}
[INFO] [1787839228.497732237] [robot4.fragment_exec_node]: Starting execution of fragment fm1-6...
[INFO] [1787839228.499688705] [robot4.fragment_exec_node]: Executing task pick(o2-1,scan_area). Params: {'x': 5, 'y': 5, 'weight': 2}, Virtual state: {'position': {'x': 5, 'y': 5, 'z': 0.0}, 'docked': False}
[INFO] [1787839228.501346219] [robot4.fragment_exec_node]: EventType: Control (Task: pick), Activity: localize, Robot: robot4, Mission: m1, Segment: s2, Start: 1787839228.5002718
[INFO] [1787839228.502311045] [robot4.fragment_exec_node]: Simulating localize skill...
[INFO] [1787839233.506188399] [robot4.fragment_exec_node]: Localize completed!
[INFO] [1787839233.509101953] [robot4.fragment_exec_node]: EventType: Control (Task: pick), Activity: localize, Robot: robot4, Mission: m1, Segment: s2, End: 1787839233.507302
[INFO] [1787839233.510549849] [robot4.fragment_exec_node]: EventType: Task, Activity: pick, Robot: robot4, Mission: m1, Segment: s2, Start: 1787839233.5096211
[INFO] [1787839233.512254062] [robot4.fragment_exec_node]: Simulating pick skill...
[INFO] [1787839235.516024983] [robot4.fragment_exec_node]: Pick completed!
[INFO] [1787839235.520110090] [robot4.fragment_exec_node]: EventType: Task, Activity: pick, Robot: robot4, Mission: m1, Segment: s2, End: 1787839235.5189548
[INFO] [1787839235.522558186] [robot4.fragment_exec_node]: Executing task move_to(o2-1,pack_area). Params: {'x': 8, 'y': 8}, Virtual state: {'position': {'x': 5, 'y': 5, 'z': 0.0}, 'docked': False}
[INFO] [1787839235.525483004] [robot4.fragment_exec_node]: EventType: Task, Activity: move_to, Robot: robot4, Mission: m1, Segment: s2, Start: 1787839235.5232656
[INFO] [1787839235.526959701] [robot4.fragment_exec_node]: Simulating navigate skill from position (5, 5) to (8, 8) (8.48528137423857 seconds)...
[INFO] [1787839244.016421311] [robot4.fragment_exec_node]: Navigation completed!
[INFO] [1787839244.019172625] [robot4.fragment_exec_node]: EventType: Task, Activity: move_to, Robot: robot4, Mission: m1, Segment: s2, End: 1787839244.01746
[INFO] [1787839244.021593883] [robot4.fragment_exec_node]: Executing task place(o2-1,pack_area). Params: {'x': 8, 'y': 8, 'weight': 2}, Virtual state: {'position': {'x': 8, 'y': 8, 'z': 0.0}, 'docked': False}
[INFO] [1787839244.041913768] [robot4.fragment_exec_node]: EventType: Control (Task: place), Activity: localize, Robot: robot4, Mission: m1, Segment: s2, Start: 1787839244.0394025
[INFO] [1787839244.044772187] [robot4.fragment_exec_node]: Simulating localize skill...
[INFO] [1787839249.064671685] [robot4.fragment_exec_node]: Localize completed!
[INFO] [1787839249.066715290] [robot4.fragment_exec_node]: EventType: Control (Task: place), Activity: localize, Robot: robot4, Mission: m1, Segment: s2, End: 1787839249.0658233
[INFO] [1787839249.067922021] [robot4.fragment_exec_node]: EventType: Task, Activity: place, Robot: robot4, Mission: m1, Segment: s2, Start: 1787839249.0672145
[INFO] [1787839249.069699211] [robot4.fragment_exec_node]: Simulating place skill...
[INFO] [1787839251.086344827] [robot4.fragment_exec_node]: Place completed!
[INFO] [1787839251.087795300] [robot4.fragment_exec_node]: EventType: Task, Activity: place, Robot: robot4, Mission: m1, Segment: s2, End: 1787839251.0869162
[INFO] [1787839251.089441211] [robot4.fragment_exec_node]: Execution of fragment fm1-6 completed!
[INFO] [1787839251.496775338] [robot4.fragment_exec_node]: Received fragment assignment: {'robot': 'robot4', 'fragment': {'id': 'fm3-6', 'mission': 'm3', 'state': 'assigned', 'wait': ['scan(o2-3)'], 'tasks': [{'name': 'pick', 'label': 'pick(o2-3,scan_area)', 'params': {'x': 5, 'y': 5, 'weight': 3}}, {'name': 'move_to', 'label': 'move_to(o2-3,pack_area)', 'params': {'x': 8, 'y': 8}}, {'name': 'place', 'label': 'place(o2-3,pack_area)', 'params': {'x': 8, 'y': 8, 'weight': 3}}], 'arrive_timestamp': 1787839163, 'priority': 1, 'segment': 's2'}}
[INFO] [1787839251.497909503] [robot4.fragment_exec_node]: Starting execution of fragment fm3-6...
[INFO] [1787839251.499335265] [robot4.fragment_exec_node]: Executing task pick(o2-3,scan_area). Params: {'x': 5, 'y': 5, 'weight': 3}, Virtual state: {'position': {'x': 8, 'y': 8, 'z': 0.0}, 'docked': False}
[INFO] [1787839251.500568572] [robot4.fragment_exec_node]: EventType: Control (Task: pick), Activity: move_to, Robot: robot4, Mission: m3, Segment: s2, Start: 1787839251.4998605
[INFO] [1787839251.501576793] [robot4.fragment_exec_node]: Simulating navigate skill from position (8, 8) to (5, 5) (8.48528137423857 seconds)...
[INFO] [1787839259.988526068] [robot4.fragment_exec_node]: Navigation completed!
[INFO] [1787839259.989412197] [robot4.fragment_exec_node]: EventType: Control (Task: pick), Activity: move_to, Robot: robot4, Mission: m3, Segment: s2, End: 1787839259.9890764
[INFO] [1787839259.990157437] [robot4.fragment_exec_node]: EventType: Control (Task: pick), Activity: localize, Robot: robot4, Mission: m3, Segment: s2, Start: 1787839259.9896908
[INFO] [1787839259.990631659] [robot4.fragment_exec_node]: Simulating localize skill...
[INFO] [1787839264.993626241] [robot4.fragment_exec_node]: Localize completed!
[INFO] [1787839264.996585243] [robot4.fragment_exec_node]: EventType: Control (Task: pick), Activity: localize, Robot: robot4, Mission: m3, Segment: s2, End: 1787839264.994738
[INFO] [1787839264.999414527] [robot4.fragment_exec_node]: EventType: Task, Activity: pick, Robot: robot4, Mission: m3, Segment: s2, Start: 1787839264.9978497
[INFO] [1787839265.000928695] [robot4.fragment_exec_node]: Simulating pick skill...
[INFO] [1787839268.003196961] [robot4.fragment_exec_node]: Pick completed!
[INFO] [1787839268.004134642] [robot4.fragment_exec_node]: EventType: Task, Activity: pick, Robot: robot4, Mission: m3, Segment: s2, End: 1787839268.0036108
[INFO] [1787839268.005936302] [robot4.fragment_exec_node]: Executing task move_to(o2-3,pack_area). Params: {'x': 8, 'y': 8}, Virtual state: {'position': {'x': 5, 'y': 5, 'z': 0.0}, 'docked': False}
[INFO] [1787839268.007899640] [robot4.fragment_exec_node]: EventType: Task, Activity: move_to, Robot: robot4, Mission: m3, Segment: s2, Start: 1787839268.0064316
[INFO] [1787839268.009210462] [robot4.fragment_exec_node]: Simulating navigate skill from position (5, 5) to (8, 8) (8.48528137423857 seconds)...
[INFO] [1787839276.498275992] [robot4.fragment_exec_node]: Navigation completed!
[INFO] [1787839276.500721799] [robot4.fragment_exec_node]: EventType: Task, Activity: move_to, Robot: robot4, Mission: m3, Segment: s2, End: 1787839276.499488
[INFO] [1787839276.503298206] [robot4.fragment_exec_node]: Executing task place(o2-3,pack_area). Params: {'x': 8, 'y': 8, 'weight': 3}, Virtual state: {'position': {'x': 8, 'y': 8, 'z': 0.0}, 'docked': False}
[INFO] [1787839276.505158732] [robot4.fragment_exec_node]: EventType: Control (Task: place), Activity: localize, Robot: robot4, Mission: m3, Segment: s2, Start: 1787839276.504
[INFO] [1787839276.506886110] [robot4.fragment_exec_node]: Simulating localize skill...
[INFO] [1787839281.511054723] [robot4.fragment_exec_node]: Localize completed!
[INFO] [1787839281.513891262] [robot4.fragment_exec_node]: EventType: Control (Task: place), Activity: localize, Robot: robot4, Mission: m3, Segment: s2, End: 1787839281.5121264
[INFO] [1787839281.515519387] [robot4.fragment_exec_node]: EventType: Task, Activity: place, Robot: robot4, Mission: m3, Segment: s2, Start: 1787839281.514637
[INFO] [1787839281.517289743] [robot4.fragment_exec_node]: Simulating place skill...
[INFO] [1787839284.519699181] [robot4.fragment_exec_node]: Place completed!
[INFO] [1787839284.521101365] [robot4.fragment_exec_node]: EventType: Task, Activity: place, Robot: robot4, Mission: m3, Segment: s2, End: 1787839284.5202737
[INFO] [1787839284.522687685] [robot4.fragment_exec_node]: Execution of fragment fm3-6 completed!
[INFO] [1787839285.492315872] [robot4.fragment_exec_node]: Received fragment assignment: {'robot': 'robot4', 'fragment': {'id': 'fm1-3', 'mission': 'm1', 'state': 'assigned', 'wait': ['scan(o1-1)'], 'tasks': [{'name': 'pick', 'label': 'pick(o1-1,scan_area)', 'params': {'x': 5, 'y': 5, 'weight': 8}}, {'name': 'move_to', 'label': 'move_to(o1-1,pack_area)', 'params': {'x': 8, 'y': 8}}, {'name': 'place', 'label': 'place(o1-1,pack_area)', 'params': {'x': 8, 'y': 8, 'weight': 8}}], 'arrive_timestamp': 1787839162, 'priority': 1, 'segment': 's1'}}
[INFO] [1787839285.492997836] [robot4.fragment_exec_node]: Starting execution of fragment fm1-3...
[INFO] [1787839285.493933954] [robot4.fragment_exec_node]: Executing task pick(o1-1,scan_area). Params: {'x': 5, 'y': 5, 'weight': 8}, Virtual state: {'position': {'x': 8, 'y': 8, 'z': 0.0}, 'docked': False}
[INFO] [1787839285.494561042] [robot4.fragment_exec_node]: EventType: Control (Task: pick), Activity: move_to, Robot: robot4, Mission: m1, Segment: s1, Start: 1787839285.4942625
[INFO] [1787839285.495053421] [robot4.fragment_exec_node]: Simulating navigate skill from position (8, 8) to (5, 5) (8.48528137423857 seconds)...
[INFO] [1787839293.984318548] [robot4.fragment_exec_node]: Navigation completed!
[INFO] [1787839293.986320597] [robot4.fragment_exec_node]: EventType: Control (Task: pick), Activity: move_to, Robot: robot4, Mission: m1, Segment: s1, End: 1787839293.985211
[INFO] [1787839293.988099435] [robot4.fragment_exec_node]: EventType: Control (Task: pick), Activity: localize, Robot: robot4, Mission: m1, Segment: s1, Start: 1787839293.986992
[INFO] [1787839293.990334972] [robot4.fragment_exec_node]: Simulating localize skill...
[INFO] [1787839298.994375345] [robot4.fragment_exec_node]: Localize completed!
[INFO] [1787839298.997095411] [robot4.fragment_exec_node]: EventType: Control (Task: pick), Activity: localize, Robot: robot4, Mission: m1, Segment: s1, End: 1787839298.9954326
[INFO] [1787839298.998602253] [robot4.fragment_exec_node]: EventType: Task, Activity: pick, Robot: robot4, Mission: m1, Segment: s1, Start: 1787839298.9976919
[INFO] [1787839299.000314310] [robot4.fragment_exec_node]: Simulating pick skill...
[INFO] [1787839307.004281174] [robot4.fragment_exec_node]: Pick completed!
[INFO] [1787839307.007759381] [robot4.fragment_exec_node]: EventType: Task, Activity: pick, Robot: robot4, Mission: m1, Segment: s1, End: 1787839307.005333
[INFO] [1787839307.010028698] [robot4.fragment_exec_node]: Executing task move_to(o1-1,pack_area). Params: {'x': 8, 'y': 8}, Virtual state: {'position': {'x': 5, 'y': 5, 'z': 0.0}, 'docked': False}
[INFO] [1787839307.011616079] [robot4.fragment_exec_node]: EventType: Task, Activity: move_to, Robot: robot4, Mission: m1, Segment: s1, Start: 1787839307.0106359
[INFO] [1787839307.013233167] [robot4.fragment_exec_node]: Simulating navigate skill from position (5, 5) to (8, 8) (8.48528137423857 seconds)...
[INFO] [1787839315.501488715] [robot4.fragment_exec_node]: Navigation completed!
[INFO] [1787839315.503895399] [robot4.fragment_exec_node]: EventType: Task, Activity: move_to, Robot: robot4, Mission: m1, Segment: s1, End: 1787839315.5024157
[INFO] [1787839315.506116159] [robot4.fragment_exec_node]: Executing task place(o1-1,pack_area). Params: {'x': 8, 'y': 8, 'weight': 8}, Virtual state: {'position': {'x': 8, 'y': 8, 'z': 0.0}, 'docked': False}
[INFO] [1787839315.507449044] [robot4.fragment_exec_node]: EventType: Control (Task: place), Activity: localize, Robot: robot4, Mission: m1, Segment: s1, Start: 1787839315.5067363
[INFO] [1787839315.508606802] [robot4.fragment_exec_node]: Simulating localize skill...
[INFO] [1787839320.511678712] [robot4.fragment_exec_node]: Localize completed!
[INFO] [1787839320.513589645] [robot4.fragment_exec_node]: EventType: Control (Task: place), Activity: localize, Robot: robot4, Mission: m1, Segment: s1, End: 1787839320.5124364
[INFO] [1787839320.515225977] [robot4.fragment_exec_node]: EventType: Task, Activity: place, Robot: robot4, Mission: m1, Segment: s1, Start: 1787839320.5141177
[INFO] [1787839320.517351450] [robot4.fragment_exec_node]: Simulating place skill...
[INFO] [1787839328.523224093] [robot4.fragment_exec_node]: Place completed!
[INFO] [1787839328.524929127] [robot4.fragment_exec_node]: EventType: Task, Activity: place, Robot: robot4, Mission: m1, Segment: s1, End: 1787839328.5240548
[INFO] [1787839328.527495669] [robot4.fragment_exec_node]: Execution of fragment fm1-3 completed!
[INFO] [1787839329.531605659] [robot4.fragment_exec_node]: Received fragment assignment: {'robot': 'robot4', 'fragment': {'id': 'fm3-7', 'mission': 'm3', 'state': 'assigned', 'wait': [], 'tasks': [{'name': 'pick', 'label': 'pick(o3-3,shelf)', 'params': {'x': 2, 'y': 8, 'weight': 5}}, {'name': 'move_to', 'label': 'move_to(o3-3,scan_area)', 'params': {'x': 5, 'y': 5}}, {'name': 'place', 'label': 'place(o3-3,scan_area)', 'params': {'x': 5, 'y': 5, 'weight': 5}}], 'arrive_timestamp': 1787839163, 'priority': 1, 'segment': 's3'}}
[INFO] [1787839329.532244614] [robot4.fragment_exec_node]: Starting execution of fragment fm3-7...
[INFO] [1787839329.532892599] [robot4.fragment_exec_node]: Executing task pick(o3-3,shelf). Params: {'x': 2, 'y': 8, 'weight': 5}, Virtual state: {'position': {'x': 8, 'y': 8, 'z': 0.0}, 'docked': False}
[INFO] [1787839329.533463205] [robot4.fragment_exec_node]: EventType: Control (Task: pick), Activity: move_to, Robot: robot4, Mission: m3, Segment: s3, Start: 1787839329.533172
[INFO] [1787839329.534126303] [robot4.fragment_exec_node]: Simulating navigate skill from position (8, 8) to (2, 8) (12.0 seconds)...
[INFO] [1787839341.538351013] [robot4.fragment_exec_node]: Navigation completed!
[INFO] [1787839341.541505752] [robot4.fragment_exec_node]: EventType: Control (Task: pick), Activity: move_to, Robot: robot4, Mission: m3, Segment: s3, End: 1787839341.5395458
[INFO] [1787839341.543771397] [robot4.fragment_exec_node]: EventType: Control (Task: pick), Activity: localize, Robot: robot4, Mission: m3, Segment: s3, Start: 1787839341.5423708
[INFO] [1787839341.545422068] [robot4.fragment_exec_node]: Simulating localize skill...
[INFO] [1787839346.549931876] [robot4.fragment_exec_node]: Localize completed!
[INFO] [1787839346.552444792] [robot4.fragment_exec_node]: EventType: Control (Task: pick), Activity: localize, Robot: robot4, Mission: m3, Segment: s3, End: 1787839346.5512826
[INFO] [1787839346.553961885] [robot4.fragment_exec_node]: EventType: Task, Activity: pick, Robot: robot4, Mission: m3, Segment: s3, Start: 1787839346.5530875
[INFO] [1787839346.555663438] [robot4.fragment_exec_node]: Simulating pick skill...
[INFO] [1787839351.558890188] [robot4.fragment_exec_node]: Pick completed!
[INFO] [1787839351.561234608] [robot4.fragment_exec_node]: EventType: Task, Activity: pick, Robot: robot4, Mission: m3, Segment: s3, End: 1787839351.5597153
[INFO] [1787839351.563517898] [robot4.fragment_exec_node]: Executing task move_to(o3-3,scan_area). Params: {'x': 5, 'y': 5}, Virtual state: {'position': {'x': 2, 'y': 8, 'z': 0.0}, 'docked': False}
[INFO] [1787839351.564910688] [robot4.fragment_exec_node]: EventType: Task, Activity: move_to, Robot: robot4, Mission: m3, Segment: s3, Start: 1787839351.564203
[INFO] [1787839351.566448812] [robot4.fragment_exec_node]: Simulating navigate skill from position (2, 8) to (5, 5) (8.48528137423857 seconds)...
[INFO] [1787839360.055903925] [robot4.fragment_exec_node]: Navigation completed!
[INFO] [1787839360.057910168] [robot4.fragment_exec_node]: EventType: Task, Activity: move_to, Robot: robot4, Mission: m3, Segment: s3, End: 1787839360.0567644
[INFO] [1787839360.060535455] [robot4.fragment_exec_node]: Executing task place(o3-3,scan_area). Params: {'x': 5, 'y': 5, 'weight': 5}, Virtual state: {'position': {'x': 5, 'y': 5, 'z': 0.0}, 'docked': False}
[INFO] [1787839360.062826366] [robot4.fragment_exec_node]: EventType: Control (Task: place), Activity: localize, Robot: robot4, Mission: m3, Segment: s3, Start: 1787839360.0612702
[INFO] [1787839360.063989843] [robot4.fragment_exec_node]: Simulating localize skill...
[INFO] [1787839365.067908222] [robot4.fragment_exec_node]: Localize completed!
[INFO] [1787839365.070240535] [robot4.fragment_exec_node]: EventType: Control (Task: place), Activity: localize, Robot: robot4, Mission: m3, Segment: s3, End: 1787839365.06879
[INFO] [1787839365.071939312] [robot4.fragment_exec_node]: EventType: Task, Activity: place, Robot: robot4, Mission: m3, Segment: s3, Start: 1787839365.0708327
[INFO] [1787839365.073644084] [robot4.fragment_exec_node]: Simulating place skill...
[INFO] [1787839370.076753949] [robot4.fragment_exec_node]: Place completed!
[INFO] [1787839370.078609682] [robot4.fragment_exec_node]: EventType: Task, Activity: place, Robot: robot4, Mission: m3, Segment: s3, End: 1787839370.0774887
[INFO] [1787839370.080691258] [robot4.fragment_exec_node]: Execution of fragment fm3-7 completed!
[INFO] [1787839370.490721716] [robot4.fragment_exec_node]: Received fragment assignment: {'robot': 'robot4', 'fragment': {'id': 'fm3-3', 'mission': 'm3', 'state': 'assigned', 'wait': ['scan(o1-3)'], 'tasks': [{'name': 'pick', 'label': 'pick(o1-3,scan_area)', 'params': {'x': 5, 'y': 5, 'weight': 4}}, {'name': 'move_to', 'label': 'move_to(o1-3,pack_area)', 'params': {'x': 8, 'y': 8}}, {'name': 'place', 'label': 'place(o1-3,pack_area)', 'params': {'x': 8, 'y': 8, 'weight': 4}}], 'arrive_timestamp': 1787839163, 'priority': 1, 'segment': 's1'}}
[INFO] [1787839370.494748208] [robot4.fragment_exec_node]: Starting execution of fragment fm3-3...
[INFO] [1787839370.496903521] [robot4.fragment_exec_node]: Executing task pick(o1-3,scan_area). Params: {'x': 5, 'y': 5, 'weight': 4}, Virtual state: {'position': {'x': 5, 'y': 5, 'z': 0.0}, 'docked': False}
[INFO] [1787839370.499160694] [robot4.fragment_exec_node]: EventType: Control (Task: pick), Activity: localize, Robot: robot4, Mission: m3, Segment: s1, Start: 1787839370.498292
[INFO] [1787839370.500396356] [robot4.fragment_exec_node]: Simulating localize skill...
[INFO] [1787839375.502762334] [robot4.fragment_exec_node]: Localize completed!
[INFO] [1787839375.504570034] [robot4.fragment_exec_node]: EventType: Control (Task: pick), Activity: localize, Robot: robot4, Mission: m3, Segment: s1, End: 1787839375.5035424
[INFO] [1787839375.506021106] [robot4.fragment_exec_node]: EventType: Task, Activity: pick, Robot: robot4, Mission: m3, Segment: s1, Start: 1787839375.5050757
[INFO] [1787839375.507553497] [robot4.fragment_exec_node]: Simulating pick skill...
[INFO] [1787839379.510692184] [robot4.fragment_exec_node]: Pick completed!
[INFO] [1787839379.512005113] [robot4.fragment_exec_node]: EventType: Task, Activity: pick, Robot: robot4, Mission: m3, Segment: s1, End: 1787839379.5112863
[INFO] [1787839379.513866277] [robot4.fragment_exec_node]: Executing task move_to(o1-3,pack_area). Params: {'x': 8, 'y': 8}, Virtual state: {'position': {'x': 5, 'y': 5, 'z': 0.0}, 'docked': False}
[INFO] [1787839379.515469643] [robot4.fragment_exec_node]: EventType: Task, Activity: move_to, Robot: robot4, Mission: m3, Segment: s1, Start: 1787839379.5143757
[INFO] [1787839379.517056824] [robot4.fragment_exec_node]: Simulating navigate skill from position (5, 5) to (8, 8) (8.48528137423857 seconds)...
[INFO] [1787839388.007842073] [robot4.fragment_exec_node]: Navigation completed!
[INFO] [1787839388.010638672] [robot4.fragment_exec_node]: EventType: Task, Activity: move_to, Robot: robot4, Mission: m3, Segment: s1, End: 1787839388.008898
[INFO] [1787839388.013400735] [robot4.fragment_exec_node]: Executing task place(o1-3,pack_area). Params: {'x': 8, 'y': 8, 'weight': 4}, Virtual state: {'position': {'x': 8, 'y': 8, 'z': 0.0}, 'docked': False}
[INFO] [1787839388.014977464] [robot4.fragment_exec_node]: EventType: Control (Task: place), Activity: localize, Robot: robot4, Mission: m3, Segment: s1, Start: 1787839388.0140831
[INFO] [1787839388.016929846] [robot4.fragment_exec_node]: Simulating localize skill...
[INFO] [1787839393.020511950] [robot4.fragment_exec_node]: Localize completed!
[INFO] [1787839393.023103773] [robot4.fragment_exec_node]: EventType: Control (Task: place), Activity: localize, Robot: robot4, Mission: m3, Segment: s1, End: 1787839393.0216982
[INFO] [1787839393.025619870] [robot4.fragment_exec_node]: EventType: Task, Activity: place, Robot: robot4, Mission: m3, Segment: s1, Start: 1787839393.0237775
[INFO] [1787839393.027403443] [robot4.fragment_exec_node]: Simulating place skill...
[INFO] [1787839397.030742636] [robot4.fragment_exec_node]: Place completed!
[INFO] [1787839397.032598204] [robot4.fragment_exec_node]: EventType: Task, Activity: place, Robot: robot4, Mission: m3, Segment: s1, End: 1787839397.0314884
[INFO] [1787839397.035310439] [robot4.fragment_exec_node]: Execution of fragment fm3-3 completed!
[INFO] [1787839397.502726089] [robot4.fragment_exec_node]: Received fragment assignment: {'robot': 'robot4', 'fragment': {'id': 'fm4-7', 'mission': 'm4', 'state': 'assigned', 'wait': [], 'tasks': [{'name': 'pick', 'label': 'pick(o3-4,shelf)', 'params': {'x': 2, 'y': 8, 'weight': 5}}, {'name': 'move_to', 'label': 'move_to(o3-4,scan_area)', 'params': {'x': 5, 'y': 5}}, {'name': 'place', 'label': 'place(o3-4,scan_area)', 'params': {'x': 5, 'y': 5, 'weight': 5}}], 'arrive_timestamp': 1787839346, 'priority': 1, 'segment': 's3'}}
[INFO] [1787839397.503785043] [robot4.fragment_exec_node]: Starting execution of fragment fm4-7...
[INFO] [1787839397.505421085] [robot4.fragment_exec_node]: Executing task pick(o3-4,shelf). Params: {'x': 2, 'y': 8, 'weight': 5}, Virtual state: {'position': {'x': 8, 'y': 8, 'z': 0.0}, 'docked': False}
[INFO] [1787839397.506790728] [robot4.fragment_exec_node]: EventType: Control (Task: pick), Activity: move_to, Robot: robot4, Mission: m4, Segment: s3, Start: 1787839397.5060198
[INFO] [1787839397.508342625] [robot4.fragment_exec_node]: Simulating navigate skill from position (8, 8) to (2, 8) (12.0 seconds)...
[INFO] [1787839409.511400629] [robot4.fragment_exec_node]: Navigation completed!
[INFO] [1787839409.514746254] [robot4.fragment_exec_node]: EventType: Control (Task: pick), Activity: move_to, Robot: robot4, Mission: m4, Segment: s3, End: 1787839409.512379
[INFO] [1787839409.517270641] [robot4.fragment_exec_node]: EventType: Control (Task: pick), Activity: localize, Robot: robot4, Mission: m4, Segment: s3, Start: 1787839409.5153966
[INFO] [1787839409.518858242] [robot4.fragment_exec_node]: Simulating localize skill...
[INFO] [1787839414.521477310] [robot4.fragment_exec_node]: Localize completed!
[INFO] [1787839414.523009497] [robot4.fragment_exec_node]: EventType: Control (Task: pick), Activity: localize, Robot: robot4, Mission: m4, Segment: s3, End: 1787839414.5219274
[INFO] [1787839414.524728546] [robot4.fragment_exec_node]: EventType: Task, Activity: pick, Robot: robot4, Mission: m4, Segment: s3, Start: 1787839414.523544
[INFO] [1787839414.525926434] [robot4.fragment_exec_node]: Simulating pick skill...
[INFO] [1787839419.530445096] [robot4.fragment_exec_node]: Pick completed!
[INFO] [1787839419.532955976] [robot4.fragment_exec_node]: EventType: Task, Activity: pick, Robot: robot4, Mission: m4, Segment: s3, End: 1787839419.5312436
[INFO] [1787839419.535646837] [robot4.fragment_exec_node]: Executing task move_to(o3-4,scan_area). Params: {'x': 5, 'y': 5}, Virtual state: {'position': {'x': 2, 'y': 8, 'z': 0.0}, 'docked': False}
[INFO] [1787839419.537349033] [robot4.fragment_exec_node]: EventType: Task, Activity: move_to, Robot: robot4, Mission: m4, Segment: s3, Start: 1787839419.5361307
[INFO] [1787839419.538828468] [robot4.fragment_exec_node]: Simulating navigate skill from position (2, 8) to (5, 5) (8.48528137423857 seconds)...
[INFO] [1787839428.026838163] [robot4.fragment_exec_node]: Navigation completed!
[INFO] [1787839428.028201928] [robot4.fragment_exec_node]: EventType: Task, Activity: move_to, Robot: robot4, Mission: m4, Segment: s3, End: 1787839428.0271611
[INFO] [1787839428.029128641] [robot4.fragment_exec_node]: Executing task place(o3-4,scan_area). Params: {'x': 5, 'y': 5, 'weight': 5}, Virtual state: {'position': {'x': 5, 'y': 5, 'z': 0.0}, 'docked': False}
[INFO] [1787839428.029749646] [robot4.fragment_exec_node]: EventType: Control (Task: place), Activity: localize, Robot: robot4, Mission: m4, Segment: s3, Start: 1787839428.0293605
[INFO] [1787839428.030352147] [robot4.fragment_exec_node]: Simulating localize skill...
[INFO] [1787839433.032109822] [robot4.fragment_exec_node]: Localize completed!
[INFO] [1787839433.033938549] [robot4.fragment_exec_node]: EventType: Control (Task: place), Activity: localize, Robot: robot4, Mission: m4, Segment: s3, End: 1787839433.0327182
[INFO] [1787839433.035225798] [robot4.fragment_exec_node]: EventType: Task, Activity: place, Robot: robot4, Mission: m4, Segment: s3, Start: 1787839433.034359
[INFO] [1787839433.036526877] [robot4.fragment_exec_node]: Simulating place skill...
[INFO] [1787839438.041251102] [robot4.fragment_exec_node]: Place completed!
[INFO] [1787839438.043882677] [robot4.fragment_exec_node]: EventType: Task, Activity: place, Robot: robot4, Mission: m4, Segment: s3, End: 1787839438.04226
[INFO] [1787839438.046194384] [robot4.fragment_exec_node]: Execution of fragment fm4-7 completed!
[INFO] [1787839438.495742385] [robot4.fragment_exec_node]: Received fragment assignment: {'robot': 'robot4', 'fragment': {'id': 'fm6-7', 'mission': 'm6', 'state': 'assigned', 'wait': [], 'tasks': [{'name': 'pick', 'label': 'pick(o3-6,shelf)', 'params': {'x': 2, 'y': 4, 'weight': 5}}, {'name': 'move_to', 'label': 'move_to(o3-6,scan_area)', 'params': {'x': 5, 'y': 5}}, {'name': 'place', 'label': 'place(o3-6,scan_area)', 'params': {'x': 5, 'y': 5, 'weight': 5}}], 'arrive_timestamp': 1787839346, 'priority': 1, 'segment': 's3'}}
[INFO] [1787839438.502390232] [robot4.fragment_exec_node]: Starting execution of fragment fm6-7...
[INFO] [1787839438.504343052] [robot4.fragment_exec_node]: Executing task pick(o3-6,shelf). Params: {'x': 2, 'y': 4, 'weight': 5}, Virtual state: {'position': {'x': 5, 'y': 5, 'z': 0.0}, 'docked': False}
[INFO] [1787839438.505467861] [robot4.fragment_exec_node]: EventType: Control (Task: pick), Activity: move_to, Robot: robot4, Mission: m6, Segment: s3, Start: 1787839438.5048077
[INFO] [1787839438.506761675] [robot4.fragment_exec_node]: Simulating navigate skill from position (5, 5) to (2, 4) (6.324555320336759 seconds)...
[INFO] [1787839444.834339956] [robot4.fragment_exec_node]: Navigation completed!
[INFO] [1787839444.835914024] [robot4.fragment_exec_node]: EventType: Control (Task: pick), Activity: move_to, Robot: robot4, Mission: m6, Segment: s3, End: 1787839444.8350496
[INFO] [1787839444.837532902] [robot4.fragment_exec_node]: EventType: Control (Task: pick), Activity: localize, Robot: robot4, Mission: m6, Segment: s3, Start: 1787839444.8364575
[INFO] [1787839444.839226256] [robot4.fragment_exec_node]: Simulating localize skill...
[INFO] [1787839449.844774999] [robot4.fragment_exec_node]: Localize completed!
[INFO] [1787839449.846962619] [robot4.fragment_exec_node]: EventType: Control (Task: pick), Activity: localize, Robot: robot4, Mission: m6, Segment: s3, End: 1787839449.8457677
[INFO] [1787839449.848420239] [robot4.fragment_exec_node]: EventType: Task, Activity: pick, Robot: robot4, Mission: m6, Segment: s3, Start: 1787839449.8475392
[INFO] [1787839449.850424862] [robot4.fragment_exec_node]: Simulating pick skill...
[INFO] [1787839454.854303314] [robot4.fragment_exec_node]: Pick completed!
[INFO] [1787839454.856922656] [robot4.fragment_exec_node]: EventType: Task, Activity: pick, Robot: robot4, Mission: m6, Segment: s3, End: 1787839454.8553452
[INFO] [1787839454.859012297] [robot4.fragment_exec_node]: Executing task move_to(o3-6,scan_area). Params: {'x': 5, 'y': 5}, Virtual state: {'position': {'x': 2, 'y': 4, 'z': 0.0}, 'docked': False}
[INFO] [1787839454.860503839] [robot4.fragment_exec_node]: EventType: Task, Activity: move_to, Robot: robot4, Mission: m6, Segment: s3, Start: 1787839454.8596315
[INFO] [1787839454.862271424] [robot4.fragment_exec_node]: Simulating navigate skill from position (2, 4) to (5, 5) (8.48528137423857 seconds)...
[INFO] [1787839463.351554448] [robot4.fragment_exec_node]: Navigation completed!
[INFO] [1787839463.354824657] [robot4.fragment_exec_node]: EventType: Task, Activity: move_to, Robot: robot4, Mission: m6, Segment: s3, End: 1787839463.3528748
[INFO] [1787839463.357036994] [robot4.fragment_exec_node]: Executing task place(o3-6,scan_area). Params: {'x': 5, 'y': 5, 'weight': 5}, Virtual state: {'position': {'x': 5, 'y': 5, 'z': 0.0}, 'docked': False}
[INFO] [1787839463.358908513] [robot4.fragment_exec_node]: EventType: Control (Task: place), Activity: localize, Robot: robot4, Mission: m6, Segment: s3, Start: 1787839463.3577075
[INFO] [1787839463.360240959] [robot4.fragment_exec_node]: Simulating localize skill...
[INFO] [1787839468.363926554] [robot4.fragment_exec_node]: Localize completed!
[INFO] [1787839468.366818929] [robot4.fragment_exec_node]: EventType: Control (Task: place), Activity: localize, Robot: robot4, Mission: m6, Segment: s3, End: 1787839468.364961
[INFO] [1787839468.369291514] [robot4.fragment_exec_node]: EventType: Task, Activity: place, Robot: robot4, Mission: m6, Segment: s3, Start: 1787839468.3676877
[INFO] [1787839468.371001171] [robot4.fragment_exec_node]: Simulating place skill...
[INFO] [1787839473.374456310] [robot4.fragment_exec_node]: Place completed!
[INFO] [1787839473.377276733] [robot4.fragment_exec_node]: EventType: Task, Activity: place, Robot: robot4, Mission: m6, Segment: s3, End: 1787839473.3752148
[INFO] [1787839473.381280122] [robot4.fragment_exec_node]: Execution of fragment fm6-7 completed!
[INFO] [1787839473.489332702] [robot4.fragment_exec_node]: Received fragment assignment: {'robot': 'robot4', 'fragment': {'id': 'fm2-6', 'mission': 'm2', 'state': 'assigned', 'wait': ['scan(o2-2)'], 'tasks': [{'name': 'pick', 'label': 'pick(o2-2,scan_area)', 'params': {'x': 5, 'y': 5, 'weight': 2}}, {'name': 'move_to', 'label': 'move_to(o2-2,pack_area)', 'params': {'x': 8, 'y': 8}}, {'name': 'place', 'label': 'place(o2-2,pack_area)', 'params': {'x': 8, 'y': 8, 'weight': 2}}], 'arrive_timestamp': 1787839255, 'priority': 1, 'segment': 's2'}}
[INFO] [1787839473.491959521] [robot4.fragment_exec_node]: Starting execution of fragment fm2-6...
[INFO] [1787839473.493642812] [robot4.fragment_exec_node]: Executing task pick(o2-2,scan_area). Params: {'x': 5, 'y': 5, 'weight': 2}, Virtual state: {'position': {'x': 5, 'y': 5, 'z': 0.0}, 'docked': False}
[INFO] [1787839473.494321235] [robot4.fragment_exec_node]: EventType: Control (Task: pick), Activity: localize, Robot: robot4, Mission: m2, Segment: s2, Start: 1787839473.493906
[INFO] [1787839473.495042256] [robot4.fragment_exec_node]: Simulating localize skill...
[INFO] [1787839478.498784597] [robot4.fragment_exec_node]: Localize completed!
[INFO] [1787839478.501852740] [robot4.fragment_exec_node]: EventType: Control (Task: pick), Activity: localize, Robot: robot4, Mission: m2, Segment: s2, End: 1787839478.4999921
[INFO] [1787839478.504206885] [robot4.fragment_exec_node]: EventType: Task, Activity: pick, Robot: robot4, Mission: m2, Segment: s2, Start: 1787839478.5027604
[INFO] [1787839478.505919791] [robot4.fragment_exec_node]: Simulating pick skill...
[INFO] [1787839480.509592092] [robot4.fragment_exec_node]: Pick completed!
[INFO] [1787839480.511992193] [robot4.fragment_exec_node]: EventType: Task, Activity: pick, Robot: robot4, Mission: m2, Segment: s2, End: 1787839480.5105002
[INFO] [1787839480.513966905] [robot4.fragment_exec_node]: Executing task move_to(o2-2,pack_area). Params: {'x': 8, 'y': 8}, Virtual state: {'position': {'x': 5, 'y': 5, 'z': 0.0}, 'docked': False}
[INFO] [1787839480.515666377] [robot4.fragment_exec_node]: EventType: Task, Activity: move_to, Robot: robot4, Mission: m2, Segment: s2, Start: 1787839480.514568
[INFO] [1787839480.517115449] [robot4.fragment_exec_node]: Simulating navigate skill from position (5, 5) to (8, 8) (8.48528137423857 seconds)...
[INFO] [1787839489.006930748] [robot4.fragment_exec_node]: Navigation completed!
[INFO] [1787839489.009628703] [robot4.fragment_exec_node]: EventType: Task, Activity: move_to, Robot: robot4, Mission: m2, Segment: s2, End: 1787839489.008011
[INFO] [1787839489.011709862] [robot4.fragment_exec_node]: Executing task place(o2-2,pack_area). Params: {'x': 8, 'y': 8, 'weight': 2}, Virtual state: {'position': {'x': 8, 'y': 8, 'z': 0.0}, 'docked': False}
[INFO] [1787839489.013551741] [robot4.fragment_exec_node]: EventType: Control (Task: place), Activity: localize, Robot: robot4, Mission: m2, Segment: s2, Start: 1787839489.0124714
[INFO] [1787839489.015087704] [robot4.fragment_exec_node]: Simulating localize skill...
[INFO] [1787839494.018537598] [robot4.fragment_exec_node]: Localize completed!
[INFO] [1787839494.022394029] [robot4.fragment_exec_node]: EventType: Control (Task: place), Activity: localize, Robot: robot4, Mission: m2, Segment: s2, End: 1787839494.0197017
[INFO] [1787839494.024475475] [robot4.fragment_exec_node]: EventType: Task, Activity: place, Robot: robot4, Mission: m2, Segment: s2, Start: 1787839494.0232592
[INFO] [1787839494.026161064] [robot4.fragment_exec_node]: Simulating place skill...
[INFO] [1787839496.028705099] [robot4.fragment_exec_node]: Place completed!
[INFO] [1787839496.030079764] [robot4.fragment_exec_node]: EventType: Task, Activity: place, Robot: robot4, Mission: m2, Segment: s2, End: 1787839496.029368
[INFO] [1787839496.031917092] [robot4.fragment_exec_node]: Execution of fragment fm2-6 completed!
[INFO] [1787839496.503382417] [robot4.fragment_exec_node]: Received fragment assignment: {'robot': 'robot4', 'fragment': {'id': 'fm6-10', 'mission': 'm6', 'state': 'assigned', 'wait': [], 'tasks': [{'name': 'pick', 'label': 'pick(o4-6,shelf)', 'params': {'x': 1, 'y': 1, 'weight': 4}}, {'name': 'move_to', 'label': 'move_to(o4-6,scan_area)', 'params': {'x': 5, 'y': 5}}, {'name': 'place', 'label': 'place(o4-6,scan_area)', 'params': {'x': 5, 'y': 5, 'weight': 4}}], 'arrive_timestamp': 1787839346, 'priority': 1, 'segment': 's4'}}
[INFO] [1787839496.504683942] [robot4.fragment_exec_node]: Starting execution of fragment fm6-10...
[INFO] [1787839496.506029402] [robot4.fragment_exec_node]: Executing task pick(o4-6,shelf). Params: {'x': 1, 'y': 1, 'weight': 4}, Virtual state: {'position': {'x': 8, 'y': 8, 'z': 0.0}, 'docked': False}
[INFO] [1787839496.506945605] [robot4.fragment_exec_node]: EventType: Control (Task: pick), Activity: move_to, Robot: robot4, Mission: m6, Segment: s4, Start: 1787839496.5063195
[INFO] [1787839496.507784931] [robot4.fragment_exec_node]: Simulating navigate skill from position (8, 8) to (1, 1) (19.79898987322333 seconds)...
[INFO] [1787839516.309848579] [robot4.fragment_exec_node]: Navigation completed!
[INFO] [1787839516.311662912] [robot4.fragment_exec_node]: EventType: Control (Task: pick), Activity: move_to, Robot: robot4, Mission: m6, Segment: s4, End: 1787839516.3105392
[INFO] [1787839516.313111244] [robot4.fragment_exec_node]: EventType: Control (Task: pick), Activity: localize, Robot: robot4, Mission: m6, Segment: s4, Start: 1787839516.312239
[INFO] [1787839516.314305364] [robot4.fragment_exec_node]: Simulating localize skill...
[INFO] [1787839521.317834338] [robot4.fragment_exec_node]: Localize completed!
[INFO] [1787839521.320541440] [robot4.fragment_exec_node]: EventType: Control (Task: pick), Activity: localize, Robot: robot4, Mission: m6, Segment: s4, End: 1787839521.3188837
[INFO] [1787839521.321819251] [robot4.fragment_exec_node]: EventType: Task, Activity: pick, Robot: robot4, Mission: m6, Segment: s4, Start: 1787839521.3209553
[INFO] [1787839521.322864513] [robot4.fragment_exec_node]: Simulating pick skill...
[INFO] [1787839525.325305646] [robot4.fragment_exec_node]: Pick completed!
[INFO] [1787839525.326940626] [robot4.fragment_exec_node]: EventType: Task, Activity: pick, Robot: robot4, Mission: m6, Segment: s4, End: 1787839525.3256345
[INFO] [1787839525.328546099] [robot4.fragment_exec_node]: Executing task move_to(o4-6,scan_area). Params: {'x': 5, 'y': 5}, Virtual state: {'position': {'x': 1, 'y': 1, 'z': 0.0}, 'docked': False}
[INFO] [1787839525.329749182] [robot4.fragment_exec_node]: EventType: Task, Activity: move_to, Robot: robot4, Mission: m6, Segment: s4, Start: 1787839525.3289223
[INFO] [1787839525.330627154] [robot4.fragment_exec_node]: Simulating navigate skill from position (1, 1) to (5, 5) (11.313708498984761 seconds)...
[INFO] [1787839536.647086968] [robot4.fragment_exec_node]: Navigation completed!
[INFO] [1787839536.648919308] [robot4.fragment_exec_node]: EventType: Task, Activity: move_to, Robot: robot4, Mission: m6, Segment: s4, End: 1787839536.6477945
[INFO] [1787839536.650991325] [robot4.fragment_exec_node]: Executing task place(o4-6,scan_area). Params: {'x': 5, 'y': 5, 'weight': 4}, Virtual state: {'position': {'x': 5, 'y': 5, 'z': 0.0}, 'docked': False}
[INFO] [1787839536.652550552] [robot4.fragment_exec_node]: EventType: Control (Task: place), Activity: localize, Robot: robot4, Mission: m6, Segment: s4, Start: 1787839536.651364
[INFO] [1787839536.654135665] [robot4.fragment_exec_node]: Simulating localize skill...
[INFO] [1787839541.659211709] [robot4.fragment_exec_node]: Localize completed!
[INFO] [1787839541.661704559] [robot4.fragment_exec_node]: EventType: Control (Task: place), Activity: localize, Robot: robot4, Mission: m6, Segment: s4, End: 1787839541.6600015
[INFO] [1787839541.663773684] [robot4.fragment_exec_node]: EventType: Task, Activity: place, Robot: robot4, Mission: m6, Segment: s4, Start: 1787839541.662265
[INFO] [1787839541.665311177] [robot4.fragment_exec_node]: Simulating place skill...
[INFO] [1787839545.669308857] [robot4.fragment_exec_node]: Place completed!
[INFO] [1787839545.671439659] [robot4.fragment_exec_node]: EventType: Task, Activity: place, Robot: robot4, Mission: m6, Segment: s4, End: 1787839545.6699147
[INFO] [1787839545.673693107] [robot4.fragment_exec_node]: Execution of fragment fm6-10 completed!
[INFO] [1787839552.503826854] [robot4.fragment_exec_node]: Received fragment assignment: {'robot': 'robot4', 'fragment': {'id': 'fm2-3', 'mission': 'm2', 'state': 'assigned', 'wait': ['scan(o1-2)'], 'tasks': [{'name': 'pick', 'label': 'pick(o1-2,scan_area)', 'params': {'x': 5, 'y': 5, 'weight': 5}}, {'name': 'move_to', 'label': 'move_to(o1-2,pack_area)', 'params': {'x': 8, 'y': 8}}, {'name': 'place', 'label': 'place(o1-2,pack_area)', 'params': {'x': 8, 'y': 8, 'weight': 5}}], 'arrive_timestamp': 1787839255, 'priority': 1, 'segment': 's1'}}
[INFO] [1787839552.523152067] [robot4.fragment_exec_node]: Starting execution of fragment fm2-3...
[INFO] [1787839552.523997457] [robot4.fragment_exec_node]: Executing task pick(o1-2,scan_area). Params: {'x': 5, 'y': 5, 'weight': 5}, Virtual state: {'position': {'x': 5, 'y': 5, 'z': 0.0}, 'docked': False}
[INFO] [1787839552.524480046] [robot4.fragment_exec_node]: EventType: Control (Task: pick), Activity: localize, Robot: robot4, Mission: m2, Segment: s1, Start: 1787839552.524183
[INFO] [1787839552.524967076] [robot4.fragment_exec_node]: Simulating localize skill...
[INFO] [1787839557.527357873] [robot4.fragment_exec_node]: Localize completed!
[INFO] [1787839557.529091459] [robot4.fragment_exec_node]: EventType: Control (Task: pick), Activity: localize, Robot: robot4, Mission: m2, Segment: s1, End: 1787839557.5281696
[INFO] [1787839557.530332620] [robot4.fragment_exec_node]: EventType: Task, Activity: pick, Robot: robot4, Mission: m2, Segment: s1, Start: 1787839557.5297444
[INFO] [1787839557.531279020] [robot4.fragment_exec_node]: Simulating pick skill...
[INFO] [1787839562.536409872] [robot4.fragment_exec_node]: Pick completed!
[INFO] [1787839562.539117535] [robot4.fragment_exec_node]: EventType: Task, Activity: pick, Robot: robot4, Mission: m2, Segment: s1, End: 1787839562.5372715
[INFO] [1787839562.541243313] [robot4.fragment_exec_node]: Executing task move_to(o1-2,pack_area). Params: {'x': 8, 'y': 8}, Virtual state: {'position': {'x': 5, 'y': 5, 'z': 0.0}, 'docked': False}
[INFO] [1787839562.543014702] [robot4.fragment_exec_node]: EventType: Task, Activity: move_to, Robot: robot4, Mission: m2, Segment: s1, Start: 1787839562.541887
[INFO] [1787839562.544318306] [robot4.fragment_exec_node]: Simulating navigate skill from position (5, 5) to (8, 8) (8.48528137423857 seconds)...
[INFO] [1787839571.034939420] [robot4.fragment_exec_node]: Navigation completed!
[INFO] [1787839571.037052701] [robot4.fragment_exec_node]: EventType: Task, Activity: move_to, Robot: robot4, Mission: m2, Segment: s1, End: 1787839571.0357594
[INFO] [1787839571.039624275] [robot4.fragment_exec_node]: Executing task place(o1-2,pack_area). Params: {'x': 8, 'y': 8, 'weight': 5}, Virtual state: {'position': {'x': 8, 'y': 8, 'z': 0.0}, 'docked': False}
[INFO] [1787839571.041334458] [robot4.fragment_exec_node]: EventType: Control (Task: place), Activity: localize, Robot: robot4, Mission: m2, Segment: s1, Start: 1787839571.0402727
[INFO] [1787839571.042950910] [robot4.fragment_exec_node]: Simulating localize skill...
[INFO] [1787839576.046621151] [robot4.fragment_exec_node]: Localize completed!
[INFO] [1787839576.049491231] [robot4.fragment_exec_node]: EventType: Control (Task: place), Activity: localize, Robot: robot4, Mission: m2, Segment: s1, End: 1787839576.0477726
[INFO] [1787839576.051840660] [robot4.fragment_exec_node]: EventType: Task, Activity: place, Robot: robot4, Mission: m2, Segment: s1, Start: 1787839576.050452
[INFO] [1787839576.053572067] [robot4.fragment_exec_node]: Simulating place skill...
[INFO] [1787839581.056005456] [robot4.fragment_exec_node]: Place completed!
[INFO] [1787839581.058053485] [robot4.fragment_exec_node]: EventType: Task, Activity: place, Robot: robot4, Mission: m2, Segment: s1, End: 1787839581.0566108
[INFO] [1787839581.059266519] [robot4.fragment_exec_node]: Execution of fragment fm2-3 completed!
Traceback (most recent call last):
  File "/root/ros2_ws/install/multi3_executor/lib/multi3_executor/executor", line 33, in <module>
    sys.exit(load_entry_point('multi3-executor==0.0.0', 'console_scripts', 'executor')())
  File "/root/ros2_ws/install/multi3_executor/lib/python3.10/site-packages/multi3_executor/nodes/executor.py", line 286, in main
    rclpy.shutdown()
  File "/opt/ros/humble/local/lib/python3.10/dist-packages/rclpy/__init__.py", line 130, in shutdown
    _shutdown(context=context)
  File "/opt/ros/humble/local/lib/python3.10/dist-packages/rclpy/utilities.py", line 58, in shutdown
    return context.shutdown()
  File "/opt/ros/humble/local/lib/python3.10/dist-packages/rclpy/context.py", line 102, in shutdown
    self.__context.shutdown()
rclpy._rclpy_pybind11.RCLError: failed to shutdown: rcl_shutdown already called on the given context, at ./src/rcl/init.c:241

--- executor_robot5.log ---
[INFO] [1787839157.154084279] [robot5.fragment_exec_node]: Setting up skill: DockSkill
[INFO] [1787839157.154959235] [robot5.fragment_exec_node]: Setting up skill: UndockSkill
[INFO] [1787839157.155654527] [robot5.fragment_exec_node]: Setting up skill: PickSkill
[INFO] [1787839157.156334223] [robot5.fragment_exec_node]: Setting up skill: ScanSkill
[INFO] [1787839157.156914763] [robot5.fragment_exec_node]: Setting up skill: NavigateSkill
[INFO] [1787839157.157648721] [robot5.fragment_exec_node]: Setting up skill: PlaceSkill
[INFO] [1787839157.158185391] [robot5.fragment_exec_node]: Setting up skill: PackSkill
[INFO] [1787839157.158756122] [robot5.fragment_exec_node]: Setting up skill: LocalizeSkill
[INFO] [1787839157.159338149] [robot5.fragment_exec_node]: Setting up skill: LoadPackSkill
[INFO] [1787839157.159901248] [robot5.fragment_exec_node]: Setting up skill: UnloadPackSkill
[INFO] [1787839157.169283632] [robot5.fragment_exec_node]: Published robot registration: {'name': 'robot5', 'operational_state': 'idle', 'capabilities': ['scan'], 'state': {'position': {'x': 0.0, 'y': 0.0, 'z': 0.0}, 'docked': True}}
[INFO] [1787839200.509502831] [robot5.fragment_exec_node]: Received fragment assignment: {'robot': 'robot5', 'fragment': {'id': 'fm1-5', 'mission': 'm1', 'state': 'assigned', 'wait': ['place(o2-1,scan_area)'], 'tasks': [{'name': 'scan', 'label': 'scan(o2-1)', 'params': {}}], 'arrive_timestamp': 1787839162, 'priority': 1, 'segment': 's2'}}
[INFO] [1787839200.511866976] [robot5.fragment_exec_node]: Starting execution of fragment fm1-5...
[INFO] [1787839200.513530130] [robot5.fragment_exec_node]: Waiting for coordination messages before executing fragment fm1-5: ['place(o2-1,scan_area)']
[INFO] [1787839202.517879003] [robot5.fragment_exec_node]: Executing task scan(o2-1). Params: {}, Virtual state: {'position': {'x': 0.0, 'y': 0.0, 'z': 0.0}, 'docked': True}
[INFO] [1787839202.520138792] [robot5.fragment_exec_node]: EventType: Control (Task: scan), Activity: localize, Robot: robot5, Mission: m1, Segment: s2, Start: 1787839202.5186205
[INFO] [1787839202.521541716] [robot5.fragment_exec_node]: Simulating localize skill...
[INFO] [1787839207.527512832] [robot5.fragment_exec_node]: Localize completed!
[INFO] [1787839207.529411101] [robot5.fragment_exec_node]: EventType: Control (Task: scan), Activity: localize, Robot: robot5, Mission: m1, Segment: s2, End: 1787839207.5282834
[INFO] [1787839207.531217926] [robot5.fragment_exec_node]: EventType: Task, Activity: scan, Robot: robot5, Mission: m1, Segment: s2, Start: 1787839207.5300353
[INFO] [1787839207.532802092] [robot5.fragment_exec_node]: Simulating scan skill...
[INFO] [1787839210.535887477] [robot5.fragment_exec_node]: Scan completed!
[INFO] [1787839210.538028003] [robot5.fragment_exec_node]: EventType: Task, Activity: scan, Robot: robot5, Mission: m1, Segment: s2, End: 1787839210.537064
[INFO] [1787839210.539981368] [robot5.fragment_exec_node]: Execution of fragment fm1-5 completed!
[INFO] [1787839211.494405622] [robot5.fragment_exec_node]: Received fragment assignment: {'robot': 'robot5', 'fragment': {'id': 'fm5-2', 'mission': 'm5', 'state': 'assigned', 'wait': ['place(o1-5,scan_area)'], 'tasks': [{'name': 'scan', 'label': 'scan(o1-5)', 'params': {}}], 'arrive_timestamp': 1787839164, 'priority': 1, 'segment': 's1'}}
[INFO] [1787839211.496485221] [robot5.fragment_exec_node]: Starting execution of fragment fm5-2...
[INFO] [1787839211.498782848] [robot5.fragment_exec_node]: Executing task scan(o1-5). Params: {}, Virtual state: {'position': {'x': 0.0, 'y': 0.0, 'z': 0.0}, 'docked': True}
[INFO] [1787839211.500449676] [robot5.fragment_exec_node]: EventType: Control (Task: scan), Activity: localize, Robot: robot5, Mission: m5, Segment: s1, Start: 1787839211.4993007
[INFO] [1787839211.501908078] [robot5.fragment_exec_node]: Simulating localize skill...
[INFO] [1787839216.506280939] [robot5.fragment_exec_node]: Localize completed!
[INFO] [1787839216.509171177] [robot5.fragment_exec_node]: EventType: Control (Task: scan), Activity: localize, Robot: robot5, Mission: m5, Segment: s1, End: 1787839216.5070865
[INFO] [1787839216.511208103] [robot5.fragment_exec_node]: EventType: Task, Activity: scan, Robot: robot5, Mission: m5, Segment: s1, Start: 1787839216.5103881
[INFO] [1787839216.513120003] [robot5.fragment_exec_node]: Simulating scan skill...
[INFO] [1787839219.516216456] [robot5.fragment_exec_node]: Scan completed!
[INFO] [1787839219.518302333] [robot5.fragment_exec_node]: EventType: Task, Activity: scan, Robot: robot5, Mission: m5, Segment: s1, End: 1787839219.5171125
[INFO] [1787839219.520797133] [robot5.fragment_exec_node]: Execution of fragment fm5-2 completed!
[INFO] [1787839220.494726335] [robot5.fragment_exec_node]: Received fragment assignment: {'robot': 'robot5', 'fragment': {'id': 'fm5-8', 'mission': 'm5', 'state': 'assigned', 'wait': ['place(o3-5,scan_area)'], 'tasks': [{'name': 'scan', 'label': 'scan(o3-5)', 'params': {}}], 'arrive_timestamp': 1787839164, 'priority': 1, 'segment': 's3'}}
[INFO] [1787839220.497050556] [robot5.fragment_exec_node]: Starting execution of fragment fm5-8...
[INFO] [1787839220.498604048] [robot5.fragment_exec_node]: Executing task scan(o3-5). Params: {}, Virtual state: {'position': {'x': 0.0, 'y': 0.0, 'z': 0.0}, 'docked': True}
[INFO] [1787839220.499836774] [robot5.fragment_exec_node]: EventType: Control (Task: scan), Activity: localize, Robot: robot5, Mission: m5, Segment: s3, Start: 1787839220.4990413
[INFO] [1787839220.500983156] [robot5.fragment_exec_node]: Simulating localize skill...
[INFO] [1787839225.503239504] [robot5.fragment_exec_node]: Localize completed!
[INFO] [1787839225.506145957] [robot5.fragment_exec_node]: EventType: Control (Task: scan), Activity: localize, Robot: robot5, Mission: m5, Segment: s3, End: 1787839225.504974
[INFO] [1787839225.507579722] [robot5.fragment_exec_node]: EventType: Task, Activity: scan, Robot: robot5, Mission: m5, Segment: s3, Start: 1787839225.5067039
[INFO] [1787839225.509256334] [robot5.fragment_exec_node]: Simulating scan skill...
[INFO] [1787839228.512213346] [robot5.fragment_exec_node]: Scan completed!
[INFO] [1787839228.513348000] [robot5.fragment_exec_node]: EventType: Task, Activity: scan, Robot: robot5, Mission: m5, Segment: s3, End: 1787839228.512727
[INFO] [1787839228.514936580] [robot5.fragment_exec_node]: Execution of fragment fm5-8 completed!
[INFO] [1787839229.491672822] [robot5.fragment_exec_node]: Received fragment assignment: {'robot': 'robot5', 'fragment': {'id': 'fm5-11', 'mission': 'm5', 'state': 'assigned', 'wait': ['place(o4-5,scan_area)'], 'tasks': [{'name': 'scan', 'label': 'scan(o4-5)', 'params': {}}], 'arrive_timestamp': 1787839164, 'priority': 1, 'segment': 's4'}}
[INFO] [1787839229.495470841] [robot5.fragment_exec_node]: Starting execution of fragment fm5-11...
[INFO] [1787839229.497626337] [robot5.fragment_exec_node]: Executing task scan(o4-5). Params: {}, Virtual state: {'position': {'x': 0.0, 'y': 0.0, 'z': 0.0}, 'docked': True}
[INFO] [1787839229.498822607] [robot5.fragment_exec_node]: EventType: Control (Task: scan), Activity: localize, Robot: robot5, Mission: m5, Segment: s4, Start: 1787839229.4981112
[INFO] [1787839229.500069014] [robot5.fragment_exec_node]: Simulating localize skill...
[INFO] [1787839234.502270543] [robot5.fragment_exec_node]: Localize completed!
[INFO] [1787839234.503544700] [robot5.fragment_exec_node]: EventType: Control (Task: scan), Activity: localize, Robot: robot5, Mission: m5, Segment: s4, End: 1787839234.502999
[INFO] [1787839234.504484357] [robot5.fragment_exec_node]: EventType: Task, Activity: scan, Robot: robot5, Mission: m5, Segment: s4, Start: 1787839234.5039983
[INFO] [1787839234.505461138] [robot5.fragment_exec_node]: Simulating scan skill...
[INFO] [1787839237.509504360] [robot5.fragment_exec_node]: Scan completed!
[INFO] [1787839237.511462984] [robot5.fragment_exec_node]: EventType: Task, Activity: scan, Robot: robot5, Mission: m5, Segment: s4, End: 1787839237.5103412
[INFO] [1787839237.513963428] [robot5.fragment_exec_node]: Execution of fragment fm5-11 completed!
[INFO] [1787839238.491621234] [robot5.fragment_exec_node]: Received fragment assignment: {'robot': 'robot5', 'fragment': {'id': 'fm3-5', 'mission': 'm3', 'state': 'assigned', 'wait': ['place(o2-3,scan_area)'], 'tasks': [{'name': 'scan', 'label': 'scan(o2-3)', 'params': {}}], 'arrive_timestamp': 1787839163, 'priority': 1, 'segment': 's2'}}
[INFO] [1787839238.493871535] [robot5.fragment_exec_node]: Starting execution of fragment fm3-5...
[INFO] [1787839238.495794669] [robot5.fragment_exec_node]: Executing task scan(o2-3). Params: {}, Virtual state: {'position': {'x': 0.0, 'y': 0.0, 'z': 0.0}, 'docked': True}
[INFO] [1787839238.496828449] [robot5.fragment_exec_node]: EventType: Control (Task: scan), Activity: localize, Robot: robot5, Mission: m3, Segment: s2, Start: 1787839238.496184
[INFO] [1787839238.498482233] [robot5.fragment_exec_node]: Simulating localize skill...
[INFO] [1787839243.502751757] [robot5.fragment_exec_node]: Localize completed!
[INFO] [1787839243.505723327] [robot5.fragment_exec_node]: EventType: Control (Task: scan), Activity: localize, Robot: robot5, Mission: m3, Segment: s2, End: 1787839243.504287
[INFO] [1787839243.507530140] [robot5.fragment_exec_node]: EventType: Task, Activity: scan, Robot: robot5, Mission: m3, Segment: s2, Start: 1787839243.5064147
[INFO] [1787839243.509019136] [robot5.fragment_exec_node]: Simulating scan skill...
[INFO] [1787839246.513147979] [robot5.fragment_exec_node]: Scan completed!
[INFO] [1787839246.515242454] [robot5.fragment_exec_node]: EventType: Task, Activity: scan, Robot: robot5, Mission: m3, Segment: s2, End: 1787839246.5138206
[INFO] [1787839246.518874493] [robot5.fragment_exec_node]: Execution of fragment fm3-5 completed!
[INFO] [1787839247.492566088] [robot5.fragment_exec_node]: Received fragment assignment: {'robot': 'robot5', 'fragment': {'id': 'fm7-2', 'mission': 'm7', 'state': 'assigned', 'wait': ['place(o1-7,scan_area)'], 'tasks': [{'name': 'scan', 'label': 'scan(o1-7)', 'params': {}}], 'arrive_timestamp': 1787839165, 'priority': 1, 'segment': 's1'}}
[INFO] [1787839247.493288320] [robot5.fragment_exec_node]: Starting execution of fragment fm7-2...
[INFO] [1787839247.494155330] [robot5.fragment_exec_node]: Executing task scan(o1-7). Params: {}, Virtual state: {'position': {'x': 0.0, 'y': 0.0, 'z': 0.0}, 'docked': True}
[INFO] [1787839247.494863706] [robot5.fragment_exec_node]: EventType: Control (Task: scan), Activity: localize, Robot: robot5, Mission: m7, Segment: s1, Start: 1787839247.4945252
[INFO] [1787839247.495574768] [robot5.fragment_exec_node]: Simulating localize skill...
[INFO] [1787839252.498793939] [robot5.fragment_exec_node]: Localize completed!
[INFO] [1787839252.503177818] [robot5.fragment_exec_node]: EventType: Control (Task: scan), Activity: localize, Robot: robot5, Mission: m7, Segment: s1, End: 1787839252.5013602
[INFO] [1787839252.505587631] [robot5.fragment_exec_node]: EventType: Task, Activity: scan, Robot: robot5, Mission: m7, Segment: s1, Start: 1787839252.5041459
[INFO] [1787839252.507259785] [robot5.fragment_exec_node]: Simulating scan skill...
[INFO] [1787839255.510245153] [robot5.fragment_exec_node]: Scan completed!
[INFO] [1787839255.511354573] [robot5.fragment_exec_node]: EventType: Task, Activity: scan, Robot: robot5, Mission: m7, Segment: s1, End: 1787839255.5107331
[INFO] [1787839255.512721574] [robot5.fragment_exec_node]: Execution of fragment fm7-2 completed!
[INFO] [1787839256.491911682] [robot5.fragment_exec_node]: Received fragment assignment: {'robot': 'robot5', 'fragment': {'id': 'fm7-8', 'mission': 'm7', 'state': 'assigned', 'wait': ['place(o3-7,scan_area)'], 'tasks': [{'name': 'scan', 'label': 'scan(o3-7)', 'params': {}}], 'arrive_timestamp': 1787839165, 'priority': 1, 'segment': 's3'}}
[INFO] [1787839256.494888067] [robot5.fragment_exec_node]: Starting execution of fragment fm7-8...
[INFO] [1787839256.496843442] [robot5.fragment_exec_node]: Executing task scan(o3-7). Params: {}, Virtual state: {'position': {'x': 0.0, 'y': 0.0, 'z': 0.0}, 'docked': True}
[INFO] [1787839256.498559509] [robot5.fragment_exec_node]: EventType: Control (Task: scan), Activity: localize, Robot: robot5, Mission: m7, Segment: s3, Start: 1787839256.4975739
[INFO] [1787839256.500220140] [robot5.fragment_exec_node]: Simulating localize skill...
[INFO] [1787839261.502190739] [robot5.fragment_exec_node]: Localize completed!
[INFO] [1787839261.504334222] [robot5.fragment_exec_node]: EventType: Control (Task: scan), Activity: localize, Robot: robot5, Mission: m7, Segment: s3, End: 1787839261.5036056
[INFO] [1787839261.505565836] [robot5.fragment_exec_node]: EventType: Task, Activity: scan, Robot: robot5, Mission: m7, Segment: s3, Start: 1787839261.5047796
[INFO] [1787839261.506636807] [robot5.fragment_exec_node]: Simulating scan skill...
[INFO] [1787839264.511227829] [robot5.fragment_exec_node]: Scan completed!
[INFO] [1787839264.513935336] [robot5.fragment_exec_node]: EventType: Task, Activity: scan, Robot: robot5, Mission: m7, Segment: s3, End: 1787839264.512354
[INFO] [1787839264.517070021] [robot5.fragment_exec_node]: Execution of fragment fm7-8 completed!
[INFO] [1787839265.492785404] [robot5.fragment_exec_node]: Received fragment assignment: {'robot': 'robot5', 'fragment': {'id': 'fm7-2', 'mission': 'm7', 'state': 'assigned', 'wait': ['place(o1-7,scan_area)'], 'tasks': [{'name': 'scan', 'label': 'scan(o1-7)', 'params': {}}], 'arrive_timestamp': 1787839256, 'priority': 1, 'segment': 's1'}}
[INFO] [1787839265.494372887] [robot5.fragment_exec_node]: Starting execution of fragment fm7-2...
[INFO] [1787839265.496356524] [robot5.fragment_exec_node]: Executing task scan(o1-7). Params: {}, Virtual state: {'position': {'x': 0.0, 'y': 0.0, 'z': 0.0}, 'docked': True}
[INFO] [1787839265.497804658] [robot5.fragment_exec_node]: EventType: Control (Task: scan), Activity: localize, Robot: robot5, Mission: m7, Segment: s1, Start: 1787839265.4967563
[INFO] [1787839265.499385484] [robot5.fragment_exec_node]: Simulating localize skill...
[INFO] [1787839270.502197075] [robot5.fragment_exec_node]: Localize completed!
[INFO] [1787839270.503183799] [robot5.fragment_exec_node]: EventType: Control (Task: scan), Activity: localize, Robot: robot5, Mission: m7, Segment: s1, End: 1787839270.502672
[INFO] [1787839270.503948166] [robot5.fragment_exec_node]: EventType: Task, Activity: scan, Robot: robot5, Mission: m7, Segment: s1, Start: 1787839270.5034857
[INFO] [1787839270.504722763] [robot5.fragment_exec_node]: Simulating scan skill...
[INFO] [1787839273.507435495] [robot5.fragment_exec_node]: Scan completed!
[INFO] [1787839273.509352248] [robot5.fragment_exec_node]: EventType: Task, Activity: scan, Robot: robot5, Mission: m7, Segment: s1, End: 1787839273.5082188
[INFO] [1787839273.511987549] [robot5.fragment_exec_node]: Execution of fragment fm7-2 completed!
[INFO] [1787839274.517422096] [robot5.fragment_exec_node]: Received fragment assignment: {'robot': 'robot5', 'fragment': {'id': 'fm1-2', 'mission': 'm1', 'state': 'assigned', 'wait': ['place(o1-1,scan_area)'], 'tasks': [{'name': 'scan', 'label': 'scan(o1-1)', 'params': {}}], 'arrive_timestamp': 1787839162, 'priority': 1, 'segment': 's1'}}
[INFO] [1787839274.518149128] [robot5.fragment_exec_node]: Starting execution of fragment fm1-2...
[INFO] [1787839274.519204970] [robot5.fragment_exec_node]: Executing task scan(o1-1). Params: {}, Virtual state: {'position': {'x': 0.0, 'y': 0.0, 'z': 0.0}, 'docked': True}
[INFO] [1787839274.519849740] [robot5.fragment_exec_node]: EventType: Control (Task: scan), Activity: localize, Robot: robot5, Mission: m1, Segment: s1, Start: 1787839274.5194778
[INFO] [1787839274.520871133] [robot5.fragment_exec_node]: Simulating localize skill...
[INFO] [1787839279.524264014] [robot5.fragment_exec_node]: Localize completed!
[INFO] [1787839279.526135091] [robot5.fragment_exec_node]: EventType: Control (Task: scan), Activity: localize, Robot: robot5, Mission: m1, Segment: s1, End: 1787839279.5250092
[INFO] [1787839279.527959743] [robot5.fragment_exec_node]: EventType: Task, Activity: scan, Robot: robot5, Mission: m1, Segment: s1, Start: 1787839279.5268447
[INFO] [1787839279.529467460] [robot5.fragment_exec_node]: Simulating scan skill...
[INFO] [1787839282.532120990] [robot5.fragment_exec_node]: Scan completed!
[INFO] [1787839282.535709461] [robot5.fragment_exec_node]: EventType: Task, Activity: scan, Robot: robot5, Mission: m1, Segment: s1, End: 1787839282.5335693
[INFO] [1787839282.538167565] [robot5.fragment_exec_node]: Execution of fragment fm1-2 completed!
[INFO] [1787839283.499787467] [robot5.fragment_exec_node]: Received fragment assignment: {'robot': 'robot5', 'fragment': {'id': 'fm7-11', 'mission': 'm7', 'state': 'assigned', 'wait': ['place(o4-7,scan_area)'], 'tasks': [{'name': 'scan', 'label': 'scan(o4-7)', 'params': {}}], 'arrive_timestamp': 1787839256, 'priority': 1, 'segment': 's4'}}
[INFO] [1787839283.500921187] [robot5.fragment_exec_node]: Starting execution of fragment fm7-11...
[INFO] [1787839283.502209609] [robot5.fragment_exec_node]: Executing task scan(o4-7). Params: {}, Virtual state: {'position': {'x': 0.0, 'y': 0.0, 'z': 0.0}, 'docked': True}
[INFO] [1787839283.503106827] [robot5.fragment_exec_node]: EventType: Control (Task: scan), Activity: localize, Robot: robot5, Mission: m7, Segment: s4, Start: 1787839283.5025804
[INFO] [1787839283.503954190] [robot5.fragment_exec_node]: Simulating localize skill...
[INFO] [1787839288.506113546] [robot5.fragment_exec_node]: Localize completed!
[INFO] [1787839288.508039603] [robot5.fragment_exec_node]: EventType: Control (Task: scan), Activity: localize, Robot: robot5, Mission: m7, Segment: s4, End: 1787839288.5068333
[INFO] [1787839288.509729916] [robot5.fragment_exec_node]: EventType: Task, Activity: scan, Robot: robot5, Mission: m7, Segment: s4, Start: 1787839288.5086603
[INFO] [1787839288.511369253] [robot5.fragment_exec_node]: Simulating scan skill...
[INFO] [1787839291.515521442] [robot5.fragment_exec_node]: Scan completed!
[INFO] [1787839291.519259248] [robot5.fragment_exec_node]: EventType: Task, Activity: scan, Robot: robot5, Mission: m7, Segment: s4, End: 1787839291.516705
[INFO] [1787839291.521559544] [robot5.fragment_exec_node]: Execution of fragment fm7-11 completed!
[INFO] [1787839358.501056561] [robot5.fragment_exec_node]: Received fragment assignment: {'robot': 'robot5', 'fragment': {'id': 'fm3-2', 'mission': 'm3', 'state': 'assigned', 'wait': ['place(o1-3,scan_area)'], 'tasks': [{'name': 'scan', 'label': 'scan(o1-3)', 'params': {}}], 'arrive_timestamp': 1787839163, 'priority': 1, 'segment': 's1'}}
[INFO] [1787839358.503090398] [robot5.fragment_exec_node]: Starting execution of fragment fm3-2...
[INFO] [1787839358.504636844] [robot5.fragment_exec_node]: Waiting for coordination messages before executing fragment fm3-2: ['place(o1-3,scan_area)']
[INFO] [1787839360.511321149] [robot5.fragment_exec_node]: Executing task scan(o1-3). Params: {}, Virtual state: {'position': {'x': 0.0, 'y': 0.0, 'z': 0.0}, 'docked': True}
[INFO] [1787839360.513964101] [robot5.fragment_exec_node]: EventType: Control (Task: scan), Activity: localize, Robot: robot5, Mission: m3, Segment: s1, Start: 1787839360.512086
[INFO] [1787839360.515810220] [robot5.fragment_exec_node]: Simulating localize skill...
[INFO] [1787839365.520082244] [robot5.fragment_exec_node]: Localize completed!
[INFO] [1787839365.522138571] [robot5.fragment_exec_node]: EventType: Control (Task: scan), Activity: localize, Robot: robot5, Mission: m3, Segment: s1, End: 1787839365.5209987
[INFO] [1787839365.523960165] [robot5.fragment_exec_node]: EventType: Task, Activity: scan, Robot: robot5, Mission: m3, Segment: s1, Start: 1787839365.5229475
[INFO] [1787839365.525851540] [robot5.fragment_exec_node]: Simulating scan skill...
[INFO] [1787839368.528907067] [robot5.fragment_exec_node]: Scan completed!
[INFO] [1787839368.530722257] [robot5.fragment_exec_node]: EventType: Task, Activity: scan, Robot: robot5, Mission: m3, Segment: s1, End: 1787839368.5297096
[INFO] [1787839368.532720827] [robot5.fragment_exec_node]: Execution of fragment fm3-2 completed!
[INFO] [1787839369.490154880] [robot5.fragment_exec_node]: Received fragment assignment: {'robot': 'robot5', 'fragment': {'id': 'fm5-5', 'mission': 'm5', 'state': 'assigned', 'wait': ['place(o2-5,scan_area)'], 'tasks': [{'name': 'scan', 'label': 'scan(o2-5)', 'params': {}}], 'arrive_timestamp': 1787839164, 'priority': 1, 'segment': 's2'}}
[INFO] [1787839369.491626361] [robot5.fragment_exec_node]: Starting execution of fragment fm5-5...
[INFO] [1787839369.492784232] [robot5.fragment_exec_node]: Executing task scan(o2-5). Params: {}, Virtual state: {'position': {'x': 0.0, 'y': 0.0, 'z': 0.0}, 'docked': True}
[INFO] [1787839369.493706793] [robot5.fragment_exec_node]: EventType: Control (Task: scan), Activity: localize, Robot: robot5, Mission: m5, Segment: s2, Start: 1787839369.4931612
[INFO] [1787839369.494616891] [robot5.fragment_exec_node]: Simulating localize skill...
[INFO] [1787839374.497800175] [robot5.fragment_exec_node]: Localize completed!
[INFO] [1787839374.518965382] [robot5.fragment_exec_node]: EventType: Control (Task: scan), Activity: localize, Robot: robot5, Mission: m5, Segment: s2, End: 1787839374.5176463
[INFO] [1787839374.522137484] [robot5.fragment_exec_node]: EventType: Task, Activity: scan, Robot: robot5, Mission: m5, Segment: s2, Start: 1787839374.5198648
[INFO] [1787839374.525211107] [robot5.fragment_exec_node]: Simulating scan skill...
[INFO] [1787839377.527686120] [robot5.fragment_exec_node]: Scan completed!
[INFO] [1787839377.529012474] [robot5.fragment_exec_node]: EventType: Task, Activity: scan, Robot: robot5, Mission: m5, Segment: s2, End: 1787839377.528296
[INFO] [1787839377.530883816] [robot5.fragment_exec_node]: Execution of fragment fm5-5 completed!
[INFO] [1787839378.494648715] [robot5.fragment_exec_node]: Received fragment assignment: {'robot': 'robot5', 'fragment': {'id': 'fm3-8', 'mission': 'm3', 'state': 'assigned', 'wait': ['place(o3-3,scan_area)'], 'tasks': [{'name': 'scan', 'label': 'scan(o3-3)', 'params': {}}], 'arrive_timestamp': 1787839163, 'priority': 1, 'segment': 's3'}}
[INFO] [1787839378.496710934] [robot5.fragment_exec_node]: Starting execution of fragment fm3-8...
[INFO] [1787839378.499455774] [robot5.fragment_exec_node]: Executing task scan(o3-3). Params: {}, Virtual state: {'position': {'x': 0.0, 'y': 0.0, 'z': 0.0}, 'docked': True}
[INFO] [1787839378.501791079] [robot5.fragment_exec_node]: EventType: Control (Task: scan), Activity: localize, Robot: robot5, Mission: m3, Segment: s3, Start: 1787839378.5001192
[INFO] [1787839378.502739721] [robot5.fragment_exec_node]: Simulating localize skill...
[INFO] [1787839383.506851306] [robot5.fragment_exec_node]: Localize completed!
[INFO] [1787839383.509556460] [robot5.fragment_exec_node]: EventType: Control (Task: scan), Activity: localize, Robot: robot5, Mission: m3, Segment: s3, End: 1787839383.5078511
[INFO] [1787839383.511518498] [robot5.fragment_exec_node]: EventType: Task, Activity: scan, Robot: robot5, Mission: m3, Segment: s3, Start: 1787839383.5103424
[INFO] [1787839383.514518726] [robot5.fragment_exec_node]: Simulating scan skill...
[INFO] [1787839386.517568627] [robot5.fragment_exec_node]: Scan completed!
[INFO] [1787839386.519184856] [robot5.fragment_exec_node]: EventType: Task, Activity: scan, Robot: robot5, Mission: m3, Segment: s3, End: 1787839386.5182917
[INFO] [1787839386.521863694] [robot5.fragment_exec_node]: Execution of fragment fm3-8 completed!
[INFO] [1787839387.494974021] [robot5.fragment_exec_node]: Received fragment assignment: {'robot': 'robot5', 'fragment': {'id': 'fm4-5', 'mission': 'm4', 'state': 'assigned', 'wait': ['place(o2-4,scan_area)'], 'tasks': [{'name': 'scan', 'label': 'scan(o2-4)', 'params': {}}], 'arrive_timestamp': 1787839346, 'priority': 1, 'segment': 's2'}}
[INFO] [1787839387.498414834] [robot5.fragment_exec_node]: Starting execution of fragment fm4-5...
[INFO] [1787839387.502729208] [robot5.fragment_exec_node]: Executing task scan(o2-4). Params: {}, Virtual state: {'position': {'x': 0.0, 'y': 0.0, 'z': 0.0}, 'docked': True}
[INFO] [1787839387.504563250] [robot5.fragment_exec_node]: EventType: Control (Task: scan), Activity: localize, Robot: robot5, Mission: m4, Segment: s2, Start: 1787839387.503341
[INFO] [1787839387.505678767] [robot5.fragment_exec_node]: Simulating localize skill...
[INFO] [1787839392.509735346] [robot5.fragment_exec_node]: Localize completed!
[INFO] [1787839392.513645540] [robot5.fragment_exec_node]: EventType: Control (Task: scan), Activity: localize, Robot: robot5, Mission: m4, Segment: s2, End: 1787839392.51172
[INFO] [1787839392.515486458] [robot5.fragment_exec_node]: EventType: Task, Activity: scan, Robot: robot5, Mission: m4, Segment: s2, Start: 1787839392.5143397
[INFO] [1787839392.517757898] [robot5.fragment_exec_node]: Simulating scan skill...
[INFO] [1787839395.519395811] [robot5.fragment_exec_node]: Scan completed!
[INFO] [1787839395.520163854] [robot5.fragment_exec_node]: EventType: Task, Activity: scan, Robot: robot5, Mission: m4, Segment: s2, End: 1787839395.5197
[INFO] [1787839395.520924057] [robot5.fragment_exec_node]: Execution of fragment fm4-5 completed!
[INFO] [1787839396.497189980] [robot5.fragment_exec_node]: Received fragment assignment: {'robot': 'robot5', 'fragment': {'id': 'fm4-2', 'mission': 'm4', 'state': 'assigned', 'wait': ['place(o1-4,scan_area)'], 'tasks': [{'name': 'scan', 'label': 'scan(o1-4)', 'params': {}}], 'arrive_timestamp': 1787839346, 'priority': 1, 'segment': 's1'}}
[INFO] [1787839396.498578226] [robot5.fragment_exec_node]: Starting execution of fragment fm4-2...
[INFO] [1787839396.499880733] [robot5.fragment_exec_node]: Executing task scan(o1-4). Params: {}, Virtual state: {'position': {'x': 0.0, 'y': 0.0, 'z': 0.0}, 'docked': True}
[INFO] [1787839396.501415565] [robot5.fragment_exec_node]: EventType: Control (Task: scan), Activity: localize, Robot: robot5, Mission: m4, Segment: s1, Start: 1787839396.500324
[INFO] [1787839396.502494674] [robot5.fragment_exec_node]: Simulating localize skill...
[INFO] [1787839401.506578730] [robot5.fragment_exec_node]: Localize completed!
[INFO] [1787839401.509452742] [robot5.fragment_exec_node]: EventType: Control (Task: scan), Activity: localize, Robot: robot5, Mission: m4, Segment: s1, End: 1787839401.5076847
[INFO] [1787839401.510978796] [robot5.fragment_exec_node]: EventType: Task, Activity: scan, Robot: robot5, Mission: m4, Segment: s1, Start: 1787839401.5100818
[INFO] [1787839401.512657451] [robot5.fragment_exec_node]: Simulating scan skill...
[INFO] [1787839404.517094891] [robot5.fragment_exec_node]: Scan completed!
[INFO] [1787839404.520668188] [robot5.fragment_exec_node]: EventType: Task, Activity: scan, Robot: robot5, Mission: m4, Segment: s1, End: 1787839404.5185905
[INFO] [1787839404.523309478] [robot5.fragment_exec_node]: Execution of fragment fm4-2 completed!
[INFO] [1787839405.507053509] [robot5.fragment_exec_node]: Received fragment assignment: {'robot': 'robot5', 'fragment': {'id': 'fm7-5', 'mission': 'm7', 'state': 'assigned', 'wait': ['place(o2-7,scan_area)'], 'tasks': [{'name': 'scan', 'label': 'scan(o2-7)', 'params': {}}], 'arrive_timestamp': 1787839256, 'priority': 1, 'segment': 's2'}}
[INFO] [1787839405.508085573] [robot5.fragment_exec_node]: Starting execution of fragment fm7-5...
[INFO] [1787839405.509313788] [robot5.fragment_exec_node]: Executing task scan(o2-7). Params: {}, Virtual state: {'position': {'x': 0.0, 'y': 0.0, 'z': 0.0}, 'docked': True}
[INFO] [1787839405.510290907] [robot5.fragment_exec_node]: EventType: Control (Task: scan), Activity: localize, Robot: robot5, Mission: m7, Segment: s2, Start: 1787839405.509649
[INFO] [1787839405.511396187] [robot5.fragment_exec_node]: Simulating localize skill...
[INFO] [1787839410.530174561] [robot5.fragment_exec_node]: Localize completed!
[INFO] [1787839410.531140267] [robot5.fragment_exec_node]: EventType: Control (Task: scan), Activity: localize, Robot: robot5, Mission: m7, Segment: s2, End: 1787839410.5305665
[INFO] [1787839410.531733318] [robot5.fragment_exec_node]: EventType: Task, Activity: scan, Robot: robot5, Mission: m7, Segment: s2, Start: 1787839410.5313556
[INFO] [1787839410.532261853] [robot5.fragment_exec_node]: Simulating scan skill...
[INFO] [1787839413.535541014] [robot5.fragment_exec_node]: Scan completed!
[INFO] [1787839413.538994946] [robot5.fragment_exec_node]: EventType: Task, Activity: scan, Robot: robot5, Mission: m7, Segment: s2, End: 1787839413.5366044
[INFO] [1787839413.543351905] [robot5.fragment_exec_node]: Execution of fragment fm7-5 completed!
[INFO] [1787839438.501128776] [robot5.fragment_exec_node]: Received fragment assignment: {'robot': 'robot5', 'fragment': {'id': 'fm4-8', 'mission': 'm4', 'state': 'assigned', 'wait': ['place(o3-4,scan_area)'], 'tasks': [{'name': 'scan', 'label': 'scan(o3-4)', 'params': {}}], 'arrive_timestamp': 1787839346, 'priority': 1, 'segment': 's3'}}
[INFO] [1787839438.502607576] [robot5.fragment_exec_node]: Starting execution of fragment fm4-8...
[INFO] [1787839438.504238800] [robot5.fragment_exec_node]: Waiting for coordination messages before executing fragment fm4-8: ['place(o3-4,scan_area)']
[INFO] [1787839440.509527023] [robot5.fragment_exec_node]: Executing task scan(o3-4). Params: {}, Virtual state: {'position': {'x': 0.0, 'y': 0.0, 'z': 0.0}, 'docked': True}
[INFO] [1787839440.512225212] [robot5.fragment_exec_node]: EventType: Control (Task: scan), Activity: localize, Robot: robot5, Mission: m4, Segment: s3, Start: 1787839440.510716
[INFO] [1787839440.513923556] [robot5.fragment_exec_node]: Simulating localize skill...
[INFO] [1787839445.516241089] [robot5.fragment_exec_node]: Localize completed!
[INFO] [1787839445.517701931] [robot5.fragment_exec_node]: EventType: Control (Task: scan), Activity: localize, Robot: robot5, Mission: m4, Segment: s3, End: 1787839445.5168176
[INFO] [1787839445.518934917] [robot5.fragment_exec_node]: EventType: Task, Activity: scan, Robot: robot5, Mission: m4, Segment: s3, Start: 1787839445.5182376
[INFO] [1787839445.520396630] [robot5.fragment_exec_node]: Simulating scan skill...
[INFO] [1787839448.525040688] [robot5.fragment_exec_node]: Scan completed!
[INFO] [1787839448.527949487] [robot5.fragment_exec_node]: EventType: Task, Activity: scan, Robot: robot5, Mission: m4, Segment: s3, End: 1787839448.5261512
[INFO] [1787839448.530184813] [robot5.fragment_exec_node]: Execution of fragment fm4-8 completed!
[INFO] [1787839458.500939390] [robot5.fragment_exec_node]: Received fragment assignment: {'robot': 'robot5', 'fragment': {'id': 'fm2-5', 'mission': 'm2', 'state': 'assigned', 'wait': ['place(o2-2,scan_area)'], 'tasks': [{'name': 'scan', 'label': 'scan(o2-2)', 'params': {}}], 'arrive_timestamp': 1787839255, 'priority': 1, 'segment': 's2'}}
[INFO] [1787839458.502500472] [robot5.fragment_exec_node]: Starting execution of fragment fm2-5...
[INFO] [1787839458.504433792] [robot5.fragment_exec_node]: Executing task scan(o2-2). Params: {}, Virtual state: {'position': {'x': 0.0, 'y': 0.0, 'z': 0.0}, 'docked': True}
[INFO] [1787839458.505767640] [robot5.fragment_exec_node]: EventType: Control (Task: scan), Activity: localize, Robot: robot5, Mission: m2, Segment: s2, Start: 1787839458.5048394
[INFO] [1787839458.507356561] [robot5.fragment_exec_node]: Simulating localize skill...
[INFO] [1787839463.511381958] [robot5.fragment_exec_node]: Localize completed!
[INFO] [1787839463.514485234] [robot5.fragment_exec_node]: EventType: Control (Task: scan), Activity: localize, Robot: robot5, Mission: m2, Segment: s2, End: 1787839463.512658
[INFO] [1787839463.516443210] [robot5.fragment_exec_node]: EventType: Task, Activity: scan, Robot: robot5, Mission: m2, Segment: s2, Start: 1787839463.5152695
[INFO] [1787839463.518183296] [robot5.fragment_exec_node]: Simulating scan skill...
[INFO] [1787839466.521314679] [robot5.fragment_exec_node]: Scan completed!
[INFO] [1787839466.523312916] [robot5.fragment_exec_node]: EventType: Task, Activity: scan, Robot: robot5, Mission: m2, Segment: s2, End: 1787839466.5221457
[INFO] [1787839466.525890045] [robot5.fragment_exec_node]: Execution of fragment fm2-5 completed!
[INFO] [1787839473.492599216] [robot5.fragment_exec_node]: Received fragment assignment: {'robot': 'robot5', 'fragment': {'id': 'fm6-8', 'mission': 'm6', 'state': 'assigned', 'wait': ['place(o3-6,scan_area)'], 'tasks': [{'name': 'scan', 'label': 'scan(o3-6)', 'params': {}}], 'arrive_timestamp': 1787839346, 'priority': 1, 'segment': 's3'}}
[INFO] [1787839473.493883199] [robot5.fragment_exec_node]: Starting execution of fragment fm6-8...
[INFO] [1787839473.495071494] [robot5.fragment_exec_node]: Waiting for coordination messages before executing fragment fm6-8: ['place(o3-6,scan_area)']
[INFO] [1787839475.499125940] [robot5.fragment_exec_node]: Executing task scan(o3-6). Params: {}, Virtual state: {'position': {'x': 0.0, 'y': 0.0, 'z': 0.0}, 'docked': True}
[INFO] [1787839475.501469672] [robot5.fragment_exec_node]: EventType: Control (Task: scan), Activity: localize, Robot: robot5, Mission: m6, Segment: s3, Start: 1787839475.4998589
[INFO] [1787839475.503273309] [robot5.fragment_exec_node]: Simulating localize skill...
[INFO] [1787839480.507550322] [robot5.fragment_exec_node]: Localize completed!
[INFO] [1787839480.510121763] [robot5.fragment_exec_node]: EventType: Control (Task: scan), Activity: localize, Robot: robot5, Mission: m6, Segment: s3, End: 1787839480.5085266
[INFO] [1787839480.512162369] [robot5.fragment_exec_node]: EventType: Task, Activity: scan, Robot: robot5, Mission: m6, Segment: s3, Start: 1787839480.5110192
[INFO] [1787839480.513539547] [robot5.fragment_exec_node]: Simulating scan skill...
[INFO] [1787839483.517518471] [robot5.fragment_exec_node]: Scan completed!
[INFO] [1787839483.519310720] [robot5.fragment_exec_node]: EventType: Task, Activity: scan, Robot: robot5, Mission: m6, Segment: s3, End: 1787839483.5182278
[INFO] [1787839483.521908676] [robot5.fragment_exec_node]: Execution of fragment fm6-8 completed!
[INFO] [1787839490.500815165] [robot5.fragment_exec_node]: Received fragment assignment: {'robot': 'robot5', 'fragment': {'id': 'fm7-14', 'mission': 'm7', 'state': 'assigned', 'wait': ['place(o5-7,scan_area)'], 'tasks': [{'name': 'scan', 'label': 'scan(o5-7)', 'params': {}}], 'arrive_timestamp': 1787839256, 'priority': 1, 'segment': 's5'}}
[INFO] [1787839490.502264517] [robot5.fragment_exec_node]: Starting execution of fragment fm7-14...
[INFO] [1787839490.503717002] [robot5.fragment_exec_node]: Executing task scan(o5-7). Params: {}, Virtual state: {'position': {'x': 0.0, 'y': 0.0, 'z': 0.0}, 'docked': True}
[INFO] [1787839490.504971293] [robot5.fragment_exec_node]: EventType: Control (Task: scan), Activity: localize, Robot: robot5, Mission: m7, Segment: s5, Start: 1787839490.504243
[INFO] [1787839490.506580628] [robot5.fragment_exec_node]: Simulating localize skill...
[INFO] [1787839495.509817925] [robot5.fragment_exec_node]: Localize completed!
[INFO] [1787839495.511757494] [robot5.fragment_exec_node]: EventType: Control (Task: scan), Activity: localize, Robot: robot5, Mission: m7, Segment: s5, End: 1787839495.5106192
[INFO] [1787839495.513946938] [robot5.fragment_exec_node]: EventType: Task, Activity: scan, Robot: robot5, Mission: m7, Segment: s5, Start: 1787839495.5124407
[INFO] [1787839495.515994371] [robot5.fragment_exec_node]: Simulating scan skill...
[INFO] [1787839498.519660286] [robot5.fragment_exec_node]: Scan completed!
[INFO] [1787839498.522197529] [robot5.fragment_exec_node]: EventType: Task, Activity: scan, Robot: robot5, Mission: m7, Segment: s5, End: 1787839498.5207348
[INFO] [1787839498.524677210] [robot5.fragment_exec_node]: Execution of fragment fm7-14 completed!
[INFO] [1787839499.499043916] [robot5.fragment_exec_node]: Received fragment assignment: {'robot': 'robot5', 'fragment': {'id': 'fm6-2', 'mission': 'm6', 'state': 'assigned', 'wait': ['place(o1-6,scan_area)'], 'tasks': [{'name': 'scan', 'label': 'scan(o1-6)', 'params': {}}], 'arrive_timestamp': 1787839346, 'priority': 1, 'segment': 's1'}}
[INFO] [1787839499.501871126] [robot5.fragment_exec_node]: Starting execution of fragment fm6-2...
[INFO] [1787839499.504495599] [robot5.fragment_exec_node]: Executing task scan(o1-6). Params: {}, Virtual state: {'position': {'x': 0.0, 'y': 0.0, 'z': 0.0}, 'docked': True}
[INFO] [1787839499.505770131] [robot5.fragment_exec_node]: EventType: Control (Task: scan), Activity: localize, Robot: robot5, Mission: m6, Segment: s1, Start: 1787839499.505148
[INFO] [1787839499.507447567] [robot5.fragment_exec_node]: Simulating localize skill...
[INFO] [1787839504.510629153] [robot5.fragment_exec_node]: Localize completed!
[INFO] [1787839504.514887341] [robot5.fragment_exec_node]: EventType: Control (Task: scan), Activity: localize, Robot: robot5, Mission: m6, Segment: s1, End: 1787839504.512559
[INFO] [1787839504.516614217] [robot5.fragment_exec_node]: EventType: Task, Activity: scan, Robot: robot5, Mission: m6, Segment: s1, Start: 1787839504.5155065
[INFO] [1787839504.518090926] [robot5.fragment_exec_node]: Simulating scan skill...
[INFO] [1787839507.521848540] [robot5.fragment_exec_node]: Scan completed!
[INFO] [1787839507.524848400] [robot5.fragment_exec_node]: EventType: Task, Activity: scan, Robot: robot5, Mission: m6, Segment: s1, End: 1787839507.5236008
[INFO] [1787839507.527559737] [robot5.fragment_exec_node]: Execution of fragment fm6-2 completed!
[INFO] [1787839529.495512602] [robot5.fragment_exec_node]: Received fragment assignment: {'robot': 'robot5', 'fragment': {'id': 'fm6-5', 'mission': 'm6', 'state': 'assigned', 'wait': ['place(o2-6,scan_area)'], 'tasks': [{'name': 'scan', 'label': 'scan(o2-6)', 'params': {}}], 'arrive_timestamp': 1787839346, 'priority': 1, 'segment': 's2'}}
[INFO] [1787839529.497686535] [robot5.fragment_exec_node]: Starting execution of fragment fm6-5...
[INFO] [1787839529.499691468] [robot5.fragment_exec_node]: Waiting for coordination messages before executing fragment fm6-5: ['place(o2-6,scan_area)']
[INFO] [1787839531.505967536] [robot5.fragment_exec_node]: Executing task scan(o2-6). Params: {}, Virtual state: {'position': {'x': 0.0, 'y': 0.0, 'z': 0.0}, 'docked': True}
[INFO] [1787839531.509444218] [robot5.fragment_exec_node]: EventType: Control (Task: scan), Activity: localize, Robot: robot5, Mission: m6, Segment: s2, Start: 1787839531.5074193
[INFO] [1787839531.510987465] [robot5.fragment_exec_node]: Simulating localize skill...
[INFO] [1787839536.512742219] [robot5.fragment_exec_node]: Localize completed!
[INFO] [1787839536.513589805] [robot5.fragment_exec_node]: EventType: Control (Task: scan), Activity: localize, Robot: robot5, Mission: m6, Segment: s2, End: 1787839536.5131247
[INFO] [1787839536.514458461] [robot5.fragment_exec_node]: EventType: Task, Activity: scan, Robot: robot5, Mission: m6, Segment: s2, Start: 1787839536.513909
[INFO] [1787839536.515206375] [robot5.fragment_exec_node]: Simulating scan skill...
[INFO] [1787839539.520387722] [robot5.fragment_exec_node]: Scan completed!
[INFO] [1787839539.523357127] [robot5.fragment_exec_node]: EventType: Task, Activity: scan, Robot: robot5, Mission: m6, Segment: s2, End: 1787839539.5210996
[INFO] [1787839539.525753870] [robot5.fragment_exec_node]: Execution of fragment fm6-5 completed!
[INFO] [1787839541.497579548] [robot5.fragment_exec_node]: Received fragment assignment: {'robot': 'robot5', 'fragment': {'id': 'fm2-2', 'mission': 'm2', 'state': 'assigned', 'wait': ['place(o1-2,scan_area)'], 'tasks': [{'name': 'scan', 'label': 'scan(o1-2)', 'params': {}}], 'arrive_timestamp': 1787839255, 'priority': 1, 'segment': 's1'}}
[INFO] [1787839541.498609269] [robot5.fragment_exec_node]: Starting execution of fragment fm2-2...
[INFO] [1787839541.499545976] [robot5.fragment_exec_node]: Waiting for coordination messages before executing fragment fm2-2: ['place(o1-2,scan_area)']
[INFO] [1787839543.503657630] [robot5.fragment_exec_node]: Executing task scan(o1-2). Params: {}, Virtual state: {'position': {'x': 0.0, 'y': 0.0, 'z': 0.0}, 'docked': True}
[INFO] [1787839543.507510429] [robot5.fragment_exec_node]: EventType: Control (Task: scan), Activity: localize, Robot: robot5, Mission: m2, Segment: s1, Start: 1787839543.506993
[INFO] [1787839543.508387035] [robot5.fragment_exec_node]: Simulating localize skill...
[INFO] [1787839548.511595411] [robot5.fragment_exec_node]: Localize completed!
[INFO] [1787839548.513388999] [robot5.fragment_exec_node]: EventType: Control (Task: scan), Activity: localize, Robot: robot5, Mission: m2, Segment: s1, End: 1787839548.5123765
[INFO] [1787839548.514612486] [robot5.fragment_exec_node]: EventType: Task, Activity: scan, Robot: robot5, Mission: m2, Segment: s1, Start: 1787839548.5138712
[INFO] [1787839548.515829259] [robot5.fragment_exec_node]: Simulating scan skill...
[INFO] [1787839551.520297109] [robot5.fragment_exec_node]: Scan completed!
[INFO] [1787839551.523347072] [robot5.fragment_exec_node]: EventType: Task, Activity: scan, Robot: robot5, Mission: m2, Segment: s1, End: 1787839551.5213306
[INFO] [1787839551.526412149] [robot5.fragment_exec_node]: Execution of fragment fm2-2 completed!
[INFO] [1787839552.502473684] [robot5.fragment_exec_node]: Received fragment assignment: {'robot': 'robot5', 'fragment': {'id': 'fm6-11', 'mission': 'm6', 'state': 'assigned', 'wait': ['place(o4-6,scan_area)'], 'tasks': [{'name': 'scan', 'label': 'scan(o4-6)', 'params': {}}], 'arrive_timestamp': 1787839346, 'priority': 1, 'segment': 's4'}}
[INFO] [1787839552.522082578] [robot5.fragment_exec_node]: Starting execution of fragment fm6-11...
[INFO] [1787839552.523228066] [robot5.fragment_exec_node]: Executing task scan(o4-6). Params: {}, Virtual state: {'position': {'x': 0.0, 'y': 0.0, 'z': 0.0}, 'docked': True}
[INFO] [1787839552.523921942] [robot5.fragment_exec_node]: EventType: Control (Task: scan), Activity: localize, Robot: robot5, Mission: m6, Segment: s4, Start: 1787839552.5234838
[INFO] [1787839552.524432147] [robot5.fragment_exec_node]: Simulating localize skill...
[INFO] [1787839557.527357922] [robot5.fragment_exec_node]: Localize completed!
[INFO] [1787839557.529018078] [robot5.fragment_exec_node]: EventType: Control (Task: scan), Activity: localize, Robot: robot5, Mission: m6, Segment: s4, End: 1787839557.528148
[INFO] [1787839557.530255606] [robot5.fragment_exec_node]: EventType: Task, Activity: scan, Robot: robot5, Mission: m6, Segment: s4, Start: 1787839557.5296
[INFO] [1787839557.531370425] [robot5.fragment_exec_node]: Simulating scan skill...
[INFO] [1787839560.535088196] [robot5.fragment_exec_node]: Scan completed!
[INFO] [1787839560.537393015] [robot5.fragment_exec_node]: EventType: Task, Activity: scan, Robot: robot5, Mission: m6, Segment: s4, End: 1787839560.536997
[INFO] [1787839560.538491599] [robot5.fragment_exec_node]: Execution of fragment fm6-11 completed!
Traceback (most recent call last):
  File "/root/ros2_ws/install/multi3_executor/lib/multi3_executor/executor", line 33, in <module>
    sys.exit(load_entry_point('multi3-executor==0.0.0', 'console_scripts', 'executor')())
  File "/root/ros2_ws/install/multi3_executor/lib/python3.10/site-packages/multi3_executor/nodes/executor.py", line 286, in main
    rclpy.shutdown()
  File "/opt/ros/humble/local/lib/python3.10/dist-packages/rclpy/__init__.py", line 130, in shutdown
    _shutdown(context=context)
  File "/opt/ros/humble/local/lib/python3.10/dist-packages/rclpy/utilities.py", line 58, in shutdown
    return context.shutdown()
  File "/opt/ros/humble/local/lib/python3.10/dist-packages/rclpy/context.py", line 102, in shutdown
    self.__context.shutdown()
rclpy._rclpy_pybind11.RCLError: failed to shutdown: rcl_shutdown already called on the given context, at ./src/rcl/init.c:241

--- executor_robot6.log ---
[INFO] [1787839159.119310593] [robot6.fragment_exec_node]: Setting up skill: DockSkill
[INFO] [1787839159.120198822] [robot6.fragment_exec_node]: Setting up skill: UndockSkill
[INFO] [1787839159.120894404] [robot6.fragment_exec_node]: Setting up skill: PickSkill
[INFO] [1787839159.121482410] [robot6.fragment_exec_node]: Setting up skill: ScanSkill
[INFO] [1787839159.122067294] [robot6.fragment_exec_node]: Setting up skill: NavigateSkill
[INFO] [1787839159.122795046] [robot6.fragment_exec_node]: Setting up skill: PlaceSkill
[INFO] [1787839159.123785699] [robot6.fragment_exec_node]: Setting up skill: PackSkill
[INFO] [1787839159.124817627] [robot6.fragment_exec_node]: Setting up skill: LocalizeSkill
[INFO] [1787839159.125847652] [robot6.fragment_exec_node]: Setting up skill: LoadPackSkill
[INFO] [1787839159.126701250] [robot6.fragment_exec_node]: Setting up skill: UnloadPackSkill
[INFO] [1787839159.136138157] [robot6.fragment_exec_node]: Published robot registration: {'name': 'robot6', 'operational_state': 'idle', 'capabilities': ['pack'], 'state': {'position': {'x': 0.0, 'y': 0.0, 'z': 0.0}, 'docked': True}}
[INFO] [1787839329.501565291] [robot6.fragment_exec_node]: Received fragment assignment: {'robot': 'robot6', 'fragment': {'id': 'fm1-7', 'mission': 'm1', 'state': 'assigned', 'wait': ['place(o1-1,pack_area)', 'place(o2-1,pack_area)'], 'tasks': [{'name': 'pack', 'label': 'pack(o1-1,o2-1)', 'params': {'items': 2}}], 'arrive_timestamp': 1787839162, 'priority': 1, 'segment': ''}}
[INFO] [1787839329.503644441] [robot6.fragment_exec_node]: Starting execution of fragment fm1-7...
[INFO] [1787839329.505108600] [robot6.fragment_exec_node]: Waiting for coordination messages before executing fragment fm1-7: ['place(o1-1,pack_area)', 'place(o2-1,pack_area)']
[INFO] [1787839331.511301155] [robot6.fragment_exec_node]: Executing task pack(o1-1,o2-1). Params: {'items': 2}, Virtual state: {'position': {'x': 0.0, 'y': 0.0, 'z': 0.0}, 'docked': True}
[INFO] [1787839331.513194009] [robot6.fragment_exec_node]: EventType: Control (Task: pack), Activity: localize, Robot: robot6, Mission: m1, Segment: , Start: 1787839331.5119615
[INFO] [1787839331.515188786] [robot6.fragment_exec_node]: Simulating localize skill...
[INFO] [1787839336.520285007] [robot6.fragment_exec_node]: Localize completed!
[INFO] [1787839336.522221089] [robot6.fragment_exec_node]: EventType: Control (Task: pack), Activity: localize, Robot: robot6, Mission: m1, Segment: , End: 1787839336.5210643
[INFO] [1787839336.524447144] [robot6.fragment_exec_node]: EventType: Task, Activity: pack, Robot: robot6, Mission: m1, Segment: , Start: 1787839336.5231314
[INFO] [1787839336.526187107] [robot6.fragment_exec_node]: Simulating pack skill...
[INFO] [1787839348.527447408] [robot6.fragment_exec_node]: Packing completed!
[INFO] [1787839348.528304300] [robot6.fragment_exec_node]: EventType: Task, Activity: pack, Robot: robot6, Mission: m1, Segment: , End: 1787839348.527833
[INFO] [1787839348.529515751] [robot6.fragment_exec_node]: Execution of fragment fm1-7 completed!
[INFO] [1787839410.502504135] [robot6.fragment_exec_node]: Received fragment assignment: {'robot': 'robot6', 'fragment': {'id': 'fm5-13', 'mission': 'm5', 'state': 'assigned', 'wait': ['place(o1-5,pack_area)', 'place(o2-5,pack_area)', 'place(o3-5,pack_area)', 'place(o4-5,pack_area)'], 'tasks': [{'name': 'pack', 'label': 'pack(o1-5,o2-5,o3-5,o4-5)', 'params': {'items': 4}}], 'arrive_timestamp': 1787839164, 'priority': 1, 'segment': ''}}
[INFO] [1787839410.504033977] [robot6.fragment_exec_node]: Starting execution of fragment fm5-13...
[INFO] [1787839410.505708844] [robot6.fragment_exec_node]: Waiting for coordination messages before executing fragment fm5-13: ['place(o1-5,pack_area)', 'place(o2-5,pack_area)', 'place(o3-5,pack_area)', 'place(o4-5,pack_area)']
[INFO] [1787839412.510840696] [robot6.fragment_exec_node]: Executing task pack(o1-5,o2-5,o3-5,o4-5). Params: {'items': 4}, Virtual state: {'position': {'x': 0.0, 'y': 0.0, 'z': 0.0}, 'docked': True}
[INFO] [1787839412.512742828] [robot6.fragment_exec_node]: EventType: Control (Task: pack), Activity: localize, Robot: robot6, Mission: m5, Segment: , Start: 1787839412.5114288
[INFO] [1787839412.514757580] [robot6.fragment_exec_node]: Simulating localize skill...
[INFO] [1787839417.519570635] [robot6.fragment_exec_node]: Localize completed!
[INFO] [1787839417.522112007] [robot6.fragment_exec_node]: EventType: Control (Task: pack), Activity: localize, Robot: robot6, Mission: m5, Segment: , End: 1787839417.5203702
[INFO] [1787839417.524619790] [robot6.fragment_exec_node]: EventType: Task, Activity: pack, Robot: robot6, Mission: m5, Segment: , Start: 1787839417.5227218
[INFO] [1787839417.526963059] [robot6.fragment_exec_node]: Simulating pack skill...
[INFO] [1787839434.329504120] [robot6.fragment_exec_node]: Packing completed!
[INFO] [1787839434.330936420] [robot6.fragment_exec_node]: EventType: Task, Activity: pack, Robot: robot6, Mission: m5, Segment: , End: 1787839434.3301263
[INFO] [1787839434.332559292] [robot6.fragment_exec_node]: Execution of fragment fm5-13 completed!
[INFO] [1787839434.571437571] [robot6.fragment_exec_node]: Received fragment assignment: {'robot': 'robot6', 'fragment': {'id': 'fm3-10', 'mission': 'm3', 'state': 'assigned', 'wait': ['place(o1-3,pack_area)', 'place(o2-3,pack_area)', 'place(o3-3,pack_area)'], 'tasks': [{'name': 'pack', 'label': 'pack(o1-3,o2-3,o3-3)', 'params': {'items': 3}}], 'arrive_timestamp': 1787839163, 'priority': 1, 'segment': ''}}
[INFO] [1787839434.572587493] [robot6.fragment_exec_node]: Starting execution of fragment fm3-10...
[INFO] [1787839434.573284966] [robot6.fragment_exec_node]: Executing task pack(o1-3,o2-3,o3-3). Params: {'items': 3}, Virtual state: {'position': {'x': 0.0, 'y': 0.0, 'z': 0.0}, 'docked': True}
[INFO] [1787839434.573758915] [robot6.fragment_exec_node]: EventType: Control (Task: pack), Activity: localize, Robot: robot6, Mission: m3, Segment: , Start: 1787839434.5734622
[INFO] [1787839434.574224255] [robot6.fragment_exec_node]: Simulating localize skill...
[INFO] [1787839439.578412760] [robot6.fragment_exec_node]: Localize completed!
[INFO] [1787839439.580736491] [robot6.fragment_exec_node]: EventType: Control (Task: pack), Activity: localize, Robot: robot6, Mission: m3, Segment: , End: 1787839439.5795522
[INFO] [1787839439.582518729] [robot6.fragment_exec_node]: EventType: Task, Activity: pack, Robot: robot6, Mission: m3, Segment: , Start: 1787839439.5813916
[INFO] [1787839439.584243941] [robot6.fragment_exec_node]: Simulating pack skill...
[INFO] [1787839452.189539316] [robot6.fragment_exec_node]: Packing completed!
[INFO] [1787839452.192558455] [robot6.fragment_exec_node]: EventType: Task, Activity: pack, Robot: robot6, Mission: m3, Segment: , End: 1787839452.1908927
[INFO] [1787839452.195088821] [robot6.fragment_exec_node]: Execution of fragment fm3-10 completed!
[INFO] [1787839492.506081414] [robot6.fragment_exec_node]: Received fragment assignment: {'robot': 'robot6', 'fragment': {'id': 'fm4-10', 'mission': 'm4', 'state': 'assigned', 'wait': ['place(o1-4,pack_area)', 'place(o2-4,pack_area)', 'place(o3-4,pack_area)'], 'tasks': [{'name': 'pack', 'label': 'pack(o1-4,o2-4,o3-4)', 'params': {'items': 3}}], 'arrive_timestamp': 1787839346, 'priority': 1, 'segment': ''}}
[INFO] [1787839492.507723120] [robot6.fragment_exec_node]: Starting execution of fragment fm4-10...
[INFO] [1787839492.509430183] [robot6.fragment_exec_node]: Executing task pack(o1-4,o2-4,o3-4). Params: {'items': 3}, Virtual state: {'position': {'x': 0.0, 'y': 0.0, 'z': 0.0}, 'docked': True}
[INFO] [1787839492.510680482] [robot6.fragment_exec_node]: EventType: Control (Task: pack), Activity: localize, Robot: robot6, Mission: m4, Segment: , Start: 1787839492.5100648
[INFO] [1787839492.511623667] [robot6.fragment_exec_node]: Simulating localize skill...
[INFO] [1787839497.515903372] [robot6.fragment_exec_node]: Localize completed!
[INFO] [1787839497.518980205] [robot6.fragment_exec_node]: EventType: Control (Task: pack), Activity: localize, Robot: robot6, Mission: m4, Segment: , End: 1787839497.5170712
[INFO] [1787839497.520986472] [robot6.fragment_exec_node]: EventType: Task, Activity: pack, Robot: robot6, Mission: m4, Segment: , Start: 1787839497.51973
[INFO] [1787839497.523332843] [robot6.fragment_exec_node]: Simulating pack skill...
[INFO] [1787839510.126787114] [robot6.fragment_exec_node]: Packing completed!
[INFO] [1787839510.128959424] [robot6.fragment_exec_node]: EventType: Task, Activity: pack, Robot: robot6, Mission: m4, Segment: , End: 1787839510.127668
[INFO] [1787839510.132447654] [robot6.fragment_exec_node]: Execution of fragment fm4-10 completed!
[INFO] [1787839557.496109162] [robot6.fragment_exec_node]: Received fragment assignment: {'robot': 'robot6', 'fragment': {'id': 'fm7-16', 'mission': 'm7', 'state': 'assigned', 'wait': ['place(o1-7,pack_area)', 'place(o2-7,pack_area)', 'place(o3-7,pack_area)', 'place(o4-7,pack_area)', 'place(o5-7,pack_area)'], 'tasks': [{'name': 'pack', 'label': 'pack(o1-7,o2-7,o3-7,o4-7,o5-7)', 'params': {'items': 5}}], 'arrive_timestamp': 1787839256, 'priority': 1, 'segment': ''}}
[INFO] [1787839557.497943737] [robot6.fragment_exec_node]: Starting execution of fragment fm7-16...
[INFO] [1787839557.516064754] [robot6.fragment_exec_node]: Waiting for coordination messages before executing fragment fm7-16: ['place(o1-7,pack_area)', 'place(o2-7,pack_area)', 'place(o3-7,pack_area)', 'place(o4-7,pack_area)', 'place(o5-7,pack_area)']
[INFO] [1787839559.519750488] [robot6.fragment_exec_node]: Executing task pack(o1-7,o2-7,o3-7,o4-7,o5-7). Params: {'items': 5}, Virtual state: {'position': {'x': 0.0, 'y': 0.0, 'z': 0.0}, 'docked': True}
[INFO] [1787839559.522698191] [robot6.fragment_exec_node]: EventType: Control (Task: pack), Activity: localize, Robot: robot6, Mission: m7, Segment: , Start: 1787839559.5210993
[INFO] [1787839559.524491232] [robot6.fragment_exec_node]: Simulating localize skill...
[INFO] [1787839564.527393141] [robot6.fragment_exec_node]: Localize completed!
[INFO] [1787839564.529293803] [robot6.fragment_exec_node]: EventType: Control (Task: pack), Activity: localize, Robot: robot6, Mission: m7, Segment: , End: 1787839564.528115
[INFO] [1787839564.531000378] [robot6.fragment_exec_node]: EventType: Task, Activity: pack, Robot: robot6, Mission: m7, Segment: , Start: 1787839564.5299797
[INFO] [1787839564.532347924] [robot6.fragment_exec_node]: Simulating pack skill...
[INFO] [1787839585.537518971] [robot6.fragment_exec_node]: Packing completed!
[INFO] [1787839585.540705331] [robot6.fragment_exec_node]: EventType: Task, Activity: pack, Robot: robot6, Mission: m7, Segment: , End: 1787839585.5387523
[INFO] [1787839585.543810543] [robot6.fragment_exec_node]: Execution of fragment fm7-16 completed!
[INFO] [1787839586.524201072] [robot6.fragment_exec_node]: Received fragment assignment: {'robot': 'robot6', 'fragment': {'id': 'fm2-7', 'mission': 'm2', 'state': 'assigned', 'wait': ['place(o1-2,pack_area)', 'place(o2-2,pack_area)'], 'tasks': [{'name': 'pack', 'label': 'pack(o1-2,o2-2)', 'params': {'items': 2}}], 'arrive_timestamp': 1787839255, 'priority': 1, 'segment': ''}}
[INFO] [1787839586.524812985] [robot6.fragment_exec_node]: Starting execution of fragment fm2-7...
[INFO] [1787839586.525617938] [robot6.fragment_exec_node]: Executing task pack(o1-2,o2-2). Params: {'items': 2}, Virtual state: {'position': {'x': 0.0, 'y': 0.0, 'z': 0.0}, 'docked': True}
[INFO] [1787839586.526292437] [robot6.fragment_exec_node]: EventType: Control (Task: pack), Activity: localize, Robot: robot6, Mission: m2, Segment: , Start: 1787839586.5258558
[INFO] [1787839586.526863344] [robot6.fragment_exec_node]: Simulating localize skill...
[INFO] [1787839591.530839502] [robot6.fragment_exec_node]: Localize completed!
[INFO] [1787839591.533820891] [robot6.fragment_exec_node]: EventType: Control (Task: pack), Activity: localize, Robot: robot6, Mission: m2, Segment: , End: 1787839591.5319762
[INFO] [1787839591.535722875] [robot6.fragment_exec_node]: EventType: Task, Activity: pack, Robot: robot6, Mission: m2, Segment: , Start: 1787839591.53443
[INFO] [1787839591.537474226] [robot6.fragment_exec_node]: Simulating pack skill...
[INFO] [1787839603.542530507] [robot6.fragment_exec_node]: Packing completed!
[INFO] [1787839603.546253262] [robot6.fragment_exec_node]: EventType: Task, Activity: pack, Robot: robot6, Mission: m2, Segment: , End: 1787839603.544538
[INFO] [1787839603.548469901] [robot6.fragment_exec_node]: Execution of fragment fm2-7 completed!
[INFO] [1787839604.496812028] [robot6.fragment_exec_node]: Received fragment assignment: {'robot': 'robot6', 'fragment': {'id': 'fm6-13', 'mission': 'm6', 'state': 'assigned', 'wait': ['place(o1-6,pack_area)', 'place(o2-6,pack_area)', 'place(o3-6,pack_area)', 'place(o4-6,pack_area)'], 'tasks': [{'name': 'pack', 'label': 'pack(o1-6,o2-6,o3-6,o4-6)', 'params': {'items': 4}}], 'arrive_timestamp': 1787839346, 'priority': 1, 'segment': ''}}
[INFO] [1787839604.498345887] [robot6.fragment_exec_node]: Starting execution of fragment fm6-13...
[INFO] [1787839604.499888002] [robot6.fragment_exec_node]: Executing task pack(o1-6,o2-6,o3-6,o4-6). Params: {'items': 4}, Virtual state: {'position': {'x': 0.0, 'y': 0.0, 'z': 0.0}, 'docked': True}
[INFO] [1787839604.501288396] [robot6.fragment_exec_node]: EventType: Control (Task: pack), Activity: localize, Robot: robot6, Mission: m6, Segment: , Start: 1787839604.5004983
[INFO] [1787839604.502301097] [robot6.fragment_exec_node]: Simulating localize skill...
[INFO] [1787839609.506163182] [robot6.fragment_exec_node]: Localize completed!
[INFO] [1787839609.508577078] [robot6.fragment_exec_node]: EventType: Control (Task: pack), Activity: localize, Robot: robot6, Mission: m6, Segment: , End: 1787839609.507218
[INFO] [1787839609.510432724] [robot6.fragment_exec_node]: EventType: Task, Activity: pack, Robot: robot6, Mission: m6, Segment: , Start: 1787839609.509287
[INFO] [1787839609.512235299] [robot6.fragment_exec_node]: Simulating pack skill...
[INFO] [1787839626.316197395] [robot6.fragment_exec_node]: Packing completed!
[INFO] [1787839626.319225413] [robot6.fragment_exec_node]: EventType: Task, Activity: pack, Robot: robot6, Mission: m6, Segment: , End: 1787839626.317467
[INFO] [1787839626.321566321] [robot6.fragment_exec_node]: Execution of fragment fm6-13 completed!
Traceback (most recent call last):
  File "/root/ros2_ws/install/multi3_executor/lib/multi3_executor/executor", line 33, in <module>
    sys.exit(load_entry_point('multi3-executor==0.0.0', 'console_scripts', 'executor')())
  File "/root/ros2_ws/install/multi3_executor/lib/python3.10/site-packages/multi3_executor/nodes/executor.py", line 286, in main
    rclpy.shutdown()
  File "/opt/ros/humble/local/lib/python3.10/dist-packages/rclpy/__init__.py", line 130, in shutdown
    _shutdown(context=context)
  File "/opt/ros/humble/local/lib/python3.10/dist-packages/rclpy/utilities.py", line 58, in shutdown
    return context.shutdown()
  File "/opt/ros/humble/local/lib/python3.10/dist-packages/rclpy/context.py", line 102, in shutdown
    self.__context.shutdown()
rclpy._rclpy_pybind11.RCLError: failed to shutdown: rcl_shutdown already called on the given context, at ./src/rcl/init.c:241

--- executor_robot7.log ---
[INFO] [1787839161.139127929] [robot7.fragment_exec_node]: Setting up skill: DockSkill
[INFO] [1787839161.140156428] [robot7.fragment_exec_node]: Setting up skill: UndockSkill
[INFO] [1787839161.140787541] [robot7.fragment_exec_node]: Setting up skill: PickSkill
[INFO] [1787839161.141579567] [robot7.fragment_exec_node]: Setting up skill: ScanSkill
[INFO] [1787839161.142184195] [robot7.fragment_exec_node]: Setting up skill: NavigateSkill
[INFO] [1787839161.142781894] [robot7.fragment_exec_node]: Setting up skill: PlaceSkill
[INFO] [1787839161.143311462] [robot7.fragment_exec_node]: Setting up skill: PackSkill
[INFO] [1787839161.143857207] [robot7.fragment_exec_node]: Setting up skill: LocalizeSkill
[INFO] [1787839161.144448642] [robot7.fragment_exec_node]: Setting up skill: LoadPackSkill
[INFO] [1787839161.145167034] [robot7.fragment_exec_node]: Setting up skill: UnloadPackSkill
[INFO] [1787839161.155120566] [robot7.fragment_exec_node]: Published robot registration: {'name': 'robot7', 'operational_state': 'idle', 'capabilities': ['load_pack', 'move_to', 'unload_pack'], 'state': {'position': {'x': 0.0, 'y': 0.0, 'z': 0.0}, 'docked': True}}
[INFO] [1787839349.506341510] [robot7.fragment_exec_node]: Received fragment assignment: {'robot': 'robot7', 'fragment': {'id': 'fm1-8', 'mission': 'm1', 'state': 'assigned', 'wait': ['pack(o1-1,o2-1)'], 'tasks': [{'name': 'load_pack', 'label': 'load_pack(p1)', 'params': {'x': 8, 'y': 8, 'weight': 10}}, {'name': 'move_to', 'label': 'move_to(deliver_area)', 'params': {'x': 10, 'y': 10}}, {'name': 'unload_pack', 'label': 'unload_pack(p1)', 'params': {'x': 10, 'y': 10, 'weight': 10}}], 'arrive_timestamp': 1787839162, 'priority': 1, 'segment': ''}}
[INFO] [1787839349.508464497] [robot7.fragment_exec_node]: Starting execution of fragment fm1-8...
[INFO] [1787839349.509634518] [robot7.fragment_exec_node]: Waiting for coordination messages before executing fragment fm1-8: ['pack(o1-1,o2-1)']
[INFO] [1787839351.515397508] [robot7.fragment_exec_node]: Executing task load_pack(p1). Params: {'x': 8, 'y': 8, 'weight': 10}, Virtual state: {'position': {'x': 0.0, 'y': 0.0, 'z': 0.0}, 'docked': True}
[INFO] [1787839351.518295262] [robot7.fragment_exec_node]: EventType: Control (Task: load_pack), Activity: undock, Robot: robot7, Mission: m1, Segment: , Start: 1787839351.5164752
[INFO] [1787839351.519971516] [robot7.fragment_exec_node]: Simulating undock skill...
[INFO] [1787839355.522473198] [robot7.fragment_exec_node]: Undock completed!
[INFO] [1787839355.524248045] [robot7.fragment_exec_node]: EventType: Control (Task: load_pack), Activity: undock, Robot: robot7, Mission: m1, Segment: , End: 1787839355.5232415
[INFO] [1787839355.525977970] [robot7.fragment_exec_node]: EventType: Control (Task: load_pack), Activity: move_to, Robot: robot7, Mission: m1, Segment: , Start: 1787839355.5250082
[INFO] [1787839355.527468389] [robot7.fragment_exec_node]: Simulating navigate skill from position (0.0, 0.0) to (8, 8) (22.627416997969522 seconds)...
[INFO] [1787839378.158324996] [robot7.fragment_exec_node]: Navigation completed!
[INFO] [1787839378.160751365] [robot7.fragment_exec_node]: EventType: Control (Task: load_pack), Activity: move_to, Robot: robot7, Mission: m1, Segment: , End: 1787839378.1596153
[INFO] [1787839378.162772839] [robot7.fragment_exec_node]: EventType: Control (Task: load_pack), Activity: localize, Robot: robot7, Mission: m1, Segment: , Start: 1787839378.16147
[INFO] [1787839378.164733455] [robot7.fragment_exec_node]: Simulating localize skill...
[INFO] [1787839383.167779863] [robot7.fragment_exec_node]: Localize completed!
[INFO] [1787839383.169930252] [robot7.fragment_exec_node]: EventType: Control (Task: load_pack), Activity: localize, Robot: robot7, Mission: m1, Segment: , End: 1787839383.1687877
[INFO] [1787839383.171751952] [robot7.fragment_exec_node]: EventType: Task, Activity: load_pack, Robot: robot7, Mission: m1, Segment: , Start: 1787839383.1705556
[INFO] [1787839383.172986164] [robot7.fragment_exec_node]: Simulating load_pack skill...
[INFO] [1787839393.178475805] [robot7.fragment_exec_node]: LoadPack completed!
[INFO] [1787839393.181645710] [robot7.fragment_exec_node]: EventType: Task, Activity: load_pack, Robot: robot7, Mission: m1, Segment: , End: 1787839393.1802762
[INFO] [1787839393.183658556] [robot7.fragment_exec_node]: Executing task move_to(deliver_area). Params: {'x': 10, 'y': 10}, Virtual state: {'position': {'x': 8, 'y': 8, 'z': 0.0}, 'docked': False}
[INFO] [1787839393.185708439] [robot7.fragment_exec_node]: EventType: Task, Activity: move_to, Robot: robot7, Mission: m1, Segment: , Start: 1787839393.1842794
[INFO] [1787839393.187600963] [robot7.fragment_exec_node]: Simulating navigate skill from position (8, 8) to (10, 10) (5.656854249492381 seconds)...
[INFO] [1787839398.848725435] [robot7.fragment_exec_node]: Navigation completed!
[INFO] [1787839398.850870904] [robot7.fragment_exec_node]: EventType: Task, Activity: move_to, Robot: robot7, Mission: m1, Segment: , End: 1787839398.8494642
[INFO] [1787839398.853578522] [robot7.fragment_exec_node]: Executing task unload_pack(p1). Params: {'x': 10, 'y': 10, 'weight': 10}, Virtual state: {'position': {'x': 10, 'y': 10, 'z': 0.0}, 'docked': False}
[INFO] [1787839398.855435802] [robot7.fragment_exec_node]: EventType: Control (Task: unload_pack), Activity: localize, Robot: robot7, Mission: m1, Segment: , Start: 1787839398.8543115
[INFO] [1787839398.856772427] [robot7.fragment_exec_node]: Simulating localize skill...
[INFO] [1787839403.860657593] [robot7.fragment_exec_node]: Localize completed!
[INFO] [1787839403.863792965] [robot7.fragment_exec_node]: EventType: Control (Task: unload_pack), Activity: localize, Robot: robot7, Mission: m1, Segment: , End: 1787839403.8624737
[INFO] [1787839403.866778927] [robot7.fragment_exec_node]: EventType: Task, Activity: unload_pack, Robot: robot7, Mission: m1, Segment: , Start: 1787839403.8644388
[INFO] [1787839403.868656202] [robot7.fragment_exec_node]: Simulating unload_pack skill...
[INFO] [1787839411.870562646] [robot7.fragment_exec_node]: UnloadPack completed!
[INFO] [1787839411.871343978] [robot7.fragment_exec_node]: EventType: Task, Activity: unload_pack, Robot: robot7, Mission: m1, Segment: , End: 1787839411.8709562
[INFO] [1787839411.872377466] [robot7.fragment_exec_node]: Execution of fragment fm1-8 completed!
[INFO] [1787839434.498739157] [robot7.fragment_exec_node]: Received fragment assignment: {'robot': 'robot7', 'fragment': {'id': 'fm5-14', 'mission': 'm5', 'state': 'assigned', 'wait': ['pack(o1-5,o2-5,o3-5,o4-5)'], 'tasks': [{'name': 'load_pack', 'label': 'load_pack(p5)', 'params': {'x': 8, 'y': 8, 'weight': 11}}, {'name': 'move_to', 'label': 'move_to(deliver_area)', 'params': {'x': 10, 'y': 10}}, {'name': 'unload_pack', 'label': 'unload_pack(p5)', 'params': {'x': 10, 'y': 10, 'weight': 11}}], 'arrive_timestamp': 1787839164, 'priority': 1, 'segment': ''}}
[INFO] [1787839434.500486320] [robot7.fragment_exec_node]: Starting execution of fragment fm5-14...
[INFO] [1787839434.502334297] [robot7.fragment_exec_node]: Waiting for coordination messages before executing fragment fm5-14: ['pack(o1-5,o2-5,o3-5,o4-5)']
[INFO] [1787839436.507544107] [robot7.fragment_exec_node]: Executing task load_pack(p5). Params: {'x': 8, 'y': 8, 'weight': 11}, Virtual state: {'position': {'x': 10, 'y': 10, 'z': 0.0}, 'docked': False}
[INFO] [1787839436.510304305] [robot7.fragment_exec_node]: EventType: Control (Task: load_pack), Activity: move_to, Robot: robot7, Mission: m5, Segment: , Start: 1787839436.5085726
[INFO] [1787839436.511922178] [robot7.fragment_exec_node]: Simulating navigate skill from position (10, 10) to (8, 8) (5.656854249492381 seconds)...
[INFO] [1787839442.172729214] [robot7.fragment_exec_node]: Navigation completed!
[INFO] [1787839442.174941586] [robot7.fragment_exec_node]: EventType: Control (Task: load_pack), Activity: move_to, Robot: robot7, Mission: m5, Segment: , End: 1787839442.1740065
[INFO] [1787839442.177404767] [robot7.fragment_exec_node]: EventType: Control (Task: load_pack), Activity: localize, Robot: robot7, Mission: m5, Segment: , Start: 1787839442.1756268
[INFO] [1787839442.179248495] [robot7.fragment_exec_node]: Simulating localize skill...
[INFO] [1787839447.182835054] [robot7.fragment_exec_node]: Localize completed!
[INFO] [1787839447.184742964] [robot7.fragment_exec_node]: EventType: Control (Task: load_pack), Activity: localize, Robot: robot7, Mission: m5, Segment: , End: 1787839447.1835907
[INFO] [1787839447.186814626] [robot7.fragment_exec_node]: EventType: Task, Activity: load_pack, Robot: robot7, Mission: m5, Segment: , Start: 1787839447.1853638
[INFO] [1787839447.189297865] [robot7.fragment_exec_node]: Simulating load_pack skill...
[INFO] [1787839457.192581042] [robot7.fragment_exec_node]: LoadPack completed!
[INFO] [1787839457.193962326] [robot7.fragment_exec_node]: EventType: Task, Activity: load_pack, Robot: robot7, Mission: m5, Segment: , End: 1787839457.193148
[INFO] [1787839457.195983674] [robot7.fragment_exec_node]: Executing task move_to(deliver_area). Params: {'x': 10, 'y': 10}, Virtual state: {'position': {'x': 8, 'y': 8, 'z': 0.0}, 'docked': False}
[INFO] [1787839457.197069961] [robot7.fragment_exec_node]: EventType: Task, Activity: move_to, Robot: robot7, Mission: m5, Segment: , Start: 1787839457.1964107
[INFO] [1787839457.198036455] [robot7.fragment_exec_node]: Simulating navigate skill from position (8, 8) to (10, 10) (5.656854249492381 seconds)...
[INFO] [1787839462.858549864] [robot7.fragment_exec_node]: Navigation completed!
[INFO] [1787839462.860414251] [robot7.fragment_exec_node]: EventType: Task, Activity: move_to, Robot: robot7, Mission: m5, Segment: , End: 1787839462.8592901
[INFO] [1787839462.862458017] [robot7.fragment_exec_node]: Executing task unload_pack(p5). Params: {'x': 10, 'y': 10, 'weight': 11}, Virtual state: {'position': {'x': 10, 'y': 10, 'z': 0.0}, 'docked': False}
[INFO] [1787839462.864221669] [robot7.fragment_exec_node]: EventType: Control (Task: unload_pack), Activity: localize, Robot: robot7, Mission: m5, Segment: , Start: 1787839462.863128
[INFO] [1787839462.865606641] [robot7.fragment_exec_node]: Simulating localize skill...
[INFO] [1787839467.870828353] [robot7.fragment_exec_node]: Localize completed!
[INFO] [1787839467.873995706] [robot7.fragment_exec_node]: EventType: Control (Task: unload_pack), Activity: localize, Robot: robot7, Mission: m5, Segment: , End: 1787839467.8715963
[INFO] [1787839467.875571665] [robot7.fragment_exec_node]: EventType: Task, Activity: unload_pack, Robot: robot7, Mission: m5, Segment: , Start: 1787839467.8746965
[INFO] [1787839467.876957204] [robot7.fragment_exec_node]: Simulating unload_pack skill...
[INFO] [1787839475.880087204] [robot7.fragment_exec_node]: UnloadPack completed!
[INFO] [1787839475.882021903] [robot7.fragment_exec_node]: EventType: Task, Activity: unload_pack, Robot: robot7, Mission: m5, Segment: , End: 1787839475.880858
[INFO] [1787839475.884930513] [robot7.fragment_exec_node]: Execution of fragment fm5-14 completed!
[INFO] [1787839476.524479564] [robot7.fragment_exec_node]: Received fragment assignment: {'robot': 'robot7', 'fragment': {'id': 'fm3-11', 'mission': 'm3', 'state': 'assigned', 'wait': ['pack(o1-3,o2-3,o3-3)'], 'tasks': [{'name': 'load_pack', 'label': 'load_pack(p3)', 'params': {'x': 8, 'y': 8, 'weight': 10}}, {'name': 'move_to', 'label': 'move_to(deliver_area)', 'params': {'x': 10, 'y': 10}}, {'name': 'unload_pack', 'label': 'unload_pack(p3)', 'params': {'x': 10, 'y': 10, 'weight': 10}}], 'arrive_timestamp': 1787839163, 'priority': 1, 'segment': ''}}
[INFO] [1787839476.525091434] [robot7.fragment_exec_node]: Starting execution of fragment fm3-11...
[INFO] [1787839476.525829048] [robot7.fragment_exec_node]: Executing task load_pack(p3). Params: {'x': 8, 'y': 8, 'weight': 10}, Virtual state: {'position': {'x': 10, 'y': 10, 'z': 0.0}, 'docked': False}
[INFO] [1787839476.526427295] [robot7.fragment_exec_node]: EventType: Control (Task: load_pack), Activity: move_to, Robot: robot7, Mission: m3, Segment: , Start: 1787839476.5260077
[INFO] [1787839476.526909827] [robot7.fragment_exec_node]: Simulating navigate skill from position (10, 10) to (8, 8) (5.656854249492381 seconds)...
[INFO] [1787839482.186783657] [robot7.fragment_exec_node]: Navigation completed!
[INFO] [1787839482.188935341] [robot7.fragment_exec_node]: EventType: Control (Task: load_pack), Activity: move_to, Robot: robot7, Mission: m3, Segment: , End: 1787839482.187766
[INFO] [1787839482.190474913] [robot7.fragment_exec_node]: EventType: Control (Task: load_pack), Activity: localize, Robot: robot7, Mission: m3, Segment: , Start: 1787839482.1893773
[INFO] [1787839482.192473110] [robot7.fragment_exec_node]: Simulating localize skill...
[INFO] [1787839487.195725823] [robot7.fragment_exec_node]: Localize completed!
[INFO] [1787839487.198483668] [robot7.fragment_exec_node]: EventType: Control (Task: load_pack), Activity: localize, Robot: robot7, Mission: m3, Segment: , End: 1787839487.196509
[INFO] [1787839487.200940802] [robot7.fragment_exec_node]: EventType: Task, Activity: load_pack, Robot: robot7, Mission: m3, Segment: , Start: 1787839487.1990626
[INFO] [1787839487.203382614] [robot7.fragment_exec_node]: Simulating load_pack skill...
[INFO] [1787839497.207533732] [robot7.fragment_exec_node]: LoadPack completed!
[INFO] [1787839497.210477847] [robot7.fragment_exec_node]: EventType: Task, Activity: load_pack, Robot: robot7, Mission: m3, Segment: , End: 1787839497.2087774
[INFO] [1787839497.212949883] [robot7.fragment_exec_node]: Executing task move_to(deliver_area). Params: {'x': 10, 'y': 10}, Virtual state: {'position': {'x': 8, 'y': 8, 'z': 0.0}, 'docked': False}
[INFO] [1787839497.214902837] [robot7.fragment_exec_node]: EventType: Task, Activity: move_to, Robot: robot7, Mission: m3, Segment: , Start: 1787839497.2136118
[INFO] [1787839497.216681402] [robot7.fragment_exec_node]: Simulating navigate skill from position (8, 8) to (10, 10) (5.656854249492381 seconds)...
[INFO] [1787839502.877768049] [robot7.fragment_exec_node]: Navigation completed!
[INFO] [1787839502.880752220] [robot7.fragment_exec_node]: EventType: Task, Activity: move_to, Robot: robot7, Mission: m3, Segment: , End: 1787839502.8788667
[INFO] [1787839502.883704644] [robot7.fragment_exec_node]: Executing task unload_pack(p3). Params: {'x': 10, 'y': 10, 'weight': 10}, Virtual state: {'position': {'x': 10, 'y': 10, 'z': 0.0}, 'docked': False}
[INFO] [1787839502.885500537] [robot7.fragment_exec_node]: EventType: Control (Task: unload_pack), Activity: localize, Robot: robot7, Mission: m3, Segment: , Start: 1787839502.8843627
[INFO] [1787839502.887192276] [robot7.fragment_exec_node]: Simulating localize skill...
[INFO] [1787839507.888864266] [robot7.fragment_exec_node]: Localize completed!
[INFO] [1787839507.890143624] [robot7.fragment_exec_node]: EventType: Control (Task: unload_pack), Activity: localize, Robot: robot7, Mission: m3, Segment: , End: 1787839507.8892896
[INFO] [1787839507.890888517] [robot7.fragment_exec_node]: EventType: Task, Activity: unload_pack, Robot: robot7, Mission: m3, Segment: , Start: 1787839507.8904781
[INFO] [1787839507.891653335] [robot7.fragment_exec_node]: Simulating unload_pack skill...
[INFO] [1787839515.894786254] [robot7.fragment_exec_node]: UnloadPack completed!
[INFO] [1787839515.896648598] [robot7.fragment_exec_node]: EventType: Task, Activity: unload_pack, Robot: robot7, Mission: m3, Segment: , End: 1787839515.8954813
[INFO] [1787839515.899017556] [robot7.fragment_exec_node]: Execution of fragment fm3-11 completed!
[INFO] [1787839516.499206112] [robot7.fragment_exec_node]: Received fragment assignment: {'robot': 'robot7', 'fragment': {'id': 'fm4-11', 'mission': 'm4', 'state': 'assigned', 'wait': ['pack(o1-4,o2-4,o3-4)'], 'tasks': [{'name': 'load_pack', 'label': 'load_pack(p3)', 'params': {'x': 8, 'y': 8, 'weight': 10}}, {'name': 'move_to', 'label': 'move_to(deliver_area)', 'params': {'x': 10, 'y': 10}}, {'name': 'unload_pack', 'label': 'unload_pack(p3)', 'params': {'x': 10, 'y': 10, 'weight': 10}}], 'arrive_timestamp': 1787839346, 'priority': 1, 'segment': ''}}
[INFO] [1787839516.500569634] [robot7.fragment_exec_node]: Starting execution of fragment fm4-11...
[INFO] [1787839516.501857180] [robot7.fragment_exec_node]: Executing task load_pack(p3). Params: {'x': 8, 'y': 8, 'weight': 10}, Virtual state: {'position': {'x': 10, 'y': 10, 'z': 0.0}, 'docked': False}
[INFO] [1787839516.503524038] [robot7.fragment_exec_node]: EventType: Control (Task: load_pack), Activity: move_to, Robot: robot7, Mission: m4, Segment: , Start: 1787839516.5027537
[INFO] [1787839516.504712629] [robot7.fragment_exec_node]: Simulating navigate skill from position (10, 10) to (8, 8) (5.656854249492381 seconds)...
[INFO] [1787839522.163694786] [robot7.fragment_exec_node]: Navigation completed!
[INFO] [1787839522.165416378] [robot7.fragment_exec_node]: EventType: Control (Task: load_pack), Activity: move_to, Robot: robot7, Mission: m4, Segment: , End: 1787839522.1642747
[INFO] [1787839522.166986940] [robot7.fragment_exec_node]: EventType: Control (Task: load_pack), Activity: localize, Robot: robot7, Mission: m4, Segment: , Start: 1787839522.1658437
[INFO] [1787839522.168057018] [robot7.fragment_exec_node]: Simulating localize skill...
[INFO] [1787839527.171785445] [robot7.fragment_exec_node]: Localize completed!
[INFO] [1787839527.174276011] [robot7.fragment_exec_node]: EventType: Control (Task: load_pack), Activity: localize, Robot: robot7, Mission: m4, Segment: , End: 1787839527.1726432
[INFO] [1787839527.176055820] [robot7.fragment_exec_node]: EventType: Task, Activity: load_pack, Robot: robot7, Mission: m4, Segment: , Start: 1787839527.174909
[INFO] [1787839527.177567972] [robot7.fragment_exec_node]: Simulating load_pack skill...
[INFO] [1787839537.181465388] [robot7.fragment_exec_node]: LoadPack completed!
[INFO] [1787839537.183295699] [robot7.fragment_exec_node]: EventType: Task, Activity: load_pack, Robot: robot7, Mission: m4, Segment: , End: 1787839537.1820812
[INFO] [1787839537.185454091] [robot7.fragment_exec_node]: Executing task move_to(deliver_area). Params: {'x': 10, 'y': 10}, Virtual state: {'position': {'x': 8, 'y': 8, 'z': 0.0}, 'docked': False}
[INFO] [1787839537.187095165] [robot7.fragment_exec_node]: EventType: Task, Activity: move_to, Robot: robot7, Mission: m4, Segment: , Start: 1787839537.1858912
[INFO] [1787839537.188066095] [robot7.fragment_exec_node]: Simulating navigate skill from position (8, 8) to (10, 10) (5.656854249492381 seconds)...
[INFO] [1787839542.848956257] [robot7.fragment_exec_node]: Navigation completed!
[INFO] [1787839542.850349020] [robot7.fragment_exec_node]: EventType: Task, Activity: move_to, Robot: robot7, Mission: m4, Segment: , End: 1787839542.8494244
[INFO] [1787839542.851958545] [robot7.fragment_exec_node]: Executing task unload_pack(p3). Params: {'x': 10, 'y': 10, 'weight': 10}, Virtual state: {'position': {'x': 10, 'y': 10, 'z': 0.0}, 'docked': False}
[INFO] [1787839542.853166570] [robot7.fragment_exec_node]: EventType: Control (Task: unload_pack), Activity: localize, Robot: robot7, Mission: m4, Segment: , Start: 1787839542.8523128
[INFO] [1787839542.854231381] [robot7.fragment_exec_node]: Simulating localize skill...
[INFO] [1787839547.857205554] [robot7.fragment_exec_node]: Localize completed!
[INFO] [1787839547.859760719] [robot7.fragment_exec_node]: EventType: Control (Task: unload_pack), Activity: localize, Robot: robot7, Mission: m4, Segment: , End: 1787839547.8580115
[INFO] [1787839547.861936549] [robot7.fragment_exec_node]: EventType: Task, Activity: unload_pack, Robot: robot7, Mission: m4, Segment: , Start: 1787839547.8603833
[INFO] [1787839547.863349028] [robot7.fragment_exec_node]: Simulating unload_pack skill...
[INFO] [1787839555.867425788] [robot7.fragment_exec_node]: UnloadPack completed!
[INFO] [1787839555.870198474] [robot7.fragment_exec_node]: EventType: Task, Activity: unload_pack, Robot: robot7, Mission: m4, Segment: , End: 1787839555.868261
[INFO] [1787839555.872628269] [robot7.fragment_exec_node]: Execution of fragment fm4-11 completed!
[INFO] [1787839586.499009518] [robot7.fragment_exec_node]: Received fragment assignment: {'robot': 'robot7', 'fragment': {'id': 'fm7-17', 'mission': 'm7', 'state': 'assigned', 'wait': ['pack(o1-7,o2-7,o3-7,o4-7,o5-7)'], 'tasks': [{'name': 'load_pack', 'label': 'load_pack(p7)', 'params': {'x': 8, 'y': 8, 'weight': 19}}, {'name': 'move_to', 'label': 'move_to(deliver_area)', 'params': {'x': 10, 'y': 10}}, {'name': 'unload_pack', 'label': 'unload_pack(p7)', 'params': {'x': 10, 'y': 10, 'weight': 19}}], 'arrive_timestamp': 1787839256, 'priority': 1, 'segment': ''}}
[INFO] [1787839586.500958660] [robot7.fragment_exec_node]: Starting execution of fragment fm7-17...
[INFO] [1787839586.502331444] [robot7.fragment_exec_node]: Executing task load_pack(p7). Params: {'x': 8, 'y': 8, 'weight': 19}, Virtual state: {'position': {'x': 10, 'y': 10, 'z': 0.0}, 'docked': False}
[INFO] [1787839586.503484803] [robot7.fragment_exec_node]: EventType: Control (Task: load_pack), Activity: move_to, Robot: robot7, Mission: m7, Segment: , Start: 1787839586.5027902
[INFO] [1787839586.504614639] [robot7.fragment_exec_node]: Simulating navigate skill from position (10, 10) to (8, 8) (5.656854249492381 seconds)...
[INFO] [1787839592.163076324] [robot7.fragment_exec_node]: Navigation completed!
[INFO] [1787839592.164447799] [robot7.fragment_exec_node]: EventType: Control (Task: load_pack), Activity: move_to, Robot: robot7, Mission: m7, Segment: , End: 1787839592.163671
[INFO] [1787839592.165653873] [robot7.fragment_exec_node]: EventType: Control (Task: load_pack), Activity: localize, Robot: robot7, Mission: m7, Segment: , Start: 1787839592.1648982
[INFO] [1787839592.167139241] [robot7.fragment_exec_node]: Simulating localize skill...
[INFO] [1787839597.170481067] [robot7.fragment_exec_node]: Localize completed!
[INFO] [1787839597.172128632] [robot7.fragment_exec_node]: EventType: Control (Task: load_pack), Activity: localize, Robot: robot7, Mission: m7, Segment: , End: 1787839597.1712143
[INFO] [1787839597.173848625] [robot7.fragment_exec_node]: EventType: Task, Activity: load_pack, Robot: robot7, Mission: m7, Segment: , Start: 1787839597.1727731
[INFO] [1787839597.175553429] [robot7.fragment_exec_node]: Simulating load_pack skill...
[INFO] [1787839607.180246066] [robot7.fragment_exec_node]: LoadPack completed!
[INFO] [1787839607.183165306] [robot7.fragment_exec_node]: EventType: Task, Activity: load_pack, Robot: robot7, Mission: m7, Segment: , End: 1787839607.1814456
[INFO] [1787839607.186123708] [robot7.fragment_exec_node]: Executing task move_to(deliver_area). Params: {'x': 10, 'y': 10}, Virtual state: {'position': {'x': 8, 'y': 8, 'z': 0.0}, 'docked': False}
[INFO] [1787839607.188356857] [robot7.fragment_exec_node]: EventType: Task, Activity: move_to, Robot: robot7, Mission: m7, Segment: , Start: 1787839607.1870625
[INFO] [1787839607.189653578] [robot7.fragment_exec_node]: Simulating navigate skill from position (8, 8) to (10, 10) (5.656854249492381 seconds)...
[INFO] [1787839612.848539440] [robot7.fragment_exec_node]: Navigation completed!
[INFO] [1787839612.861499916] [robot7.fragment_exec_node]: EventType: Task, Activity: move_to, Robot: robot7, Mission: m7, Segment: , End: 1787839612.8601515
[INFO] [1787839612.862927463] [robot7.fragment_exec_node]: Executing task unload_pack(p7). Params: {'x': 10, 'y': 10, 'weight': 19}, Virtual state: {'position': {'x': 10, 'y': 10, 'z': 0.0}, 'docked': False}
[INFO] [1787839612.863926873] [robot7.fragment_exec_node]: EventType: Control (Task: unload_pack), Activity: localize, Robot: robot7, Mission: m7, Segment: , Start: 1787839612.863283
[INFO] [1787839612.864859229] [robot7.fragment_exec_node]: Simulating localize skill...
[INFO] [1787839617.868293158] [robot7.fragment_exec_node]: Localize completed!
[INFO] [1787839617.870239521] [robot7.fragment_exec_node]: EventType: Control (Task: unload_pack), Activity: localize, Robot: robot7, Mission: m7, Segment: , End: 1787839617.8690622
[INFO] [1787839617.871778825] [robot7.fragment_exec_node]: EventType: Task, Activity: unload_pack, Robot: robot7, Mission: m7, Segment: , Start: 1787839617.8708308
[INFO] [1787839617.873502104] [robot7.fragment_exec_node]: Simulating unload_pack skill...
[INFO] [1787839625.875761850] [robot7.fragment_exec_node]: UnloadPack completed!
[INFO] [1787839625.876923111] [robot7.fragment_exec_node]: EventType: Task, Activity: unload_pack, Robot: robot7, Mission: m7, Segment: , End: 1787839625.8762414
[INFO] [1787839625.878648659] [robot7.fragment_exec_node]: Execution of fragment fm7-17 completed!
[INFO] [1787839626.519227671] [robot7.fragment_exec_node]: Received fragment assignment: {'robot': 'robot7', 'fragment': {'id': 'fm2-8', 'mission': 'm2', 'state': 'assigned', 'wait': ['pack(o1-2,o2-2)'], 'tasks': [{'name': 'load_pack', 'label': 'load_pack(p2)', 'params': {'x': 8, 'y': 8, 'weight': 7}}, {'name': 'move_to', 'label': 'move_to(deliver_area)', 'params': {'x': 10, 'y': 10}}, {'name': 'unload_pack', 'label': 'unload_pack(p2)', 'params': {'x': 10, 'y': 10, 'weight': 7}}], 'arrive_timestamp': 1787839255, 'priority': 1, 'segment': ''}}
[INFO] [1787839626.519997056] [robot7.fragment_exec_node]: Starting execution of fragment fm2-8...
[INFO] [1787839626.520947813] [robot7.fragment_exec_node]: Executing task load_pack(p2). Params: {'x': 8, 'y': 8, 'weight': 7}, Virtual state: {'position': {'x': 10, 'y': 10, 'z': 0.0}, 'docked': False}
[INFO] [1787839626.521544927] [robot7.fragment_exec_node]: EventType: Control (Task: load_pack), Activity: move_to, Robot: robot7, Mission: m2, Segment: , Start: 1787839626.5211563
[INFO] [1787839626.522165755] [robot7.fragment_exec_node]: Simulating navigate skill from position (10, 10) to (8, 8) (5.656854249492381 seconds)...
[INFO] [1787839632.180859558] [robot7.fragment_exec_node]: Navigation completed!
[INFO] [1787839632.183109461] [robot7.fragment_exec_node]: EventType: Control (Task: load_pack), Activity: move_to, Robot: robot7, Mission: m2, Segment: , End: 1787839632.1817815
[INFO] [1787839632.184838589] [robot7.fragment_exec_node]: EventType: Control (Task: load_pack), Activity: localize, Robot: robot7, Mission: m2, Segment: , Start: 1787839632.1837149
[INFO] [1787839632.186996671] [robot7.fragment_exec_node]: Simulating localize skill...
[INFO] [1787839637.189743209] [robot7.fragment_exec_node]: Localize completed!
[INFO] [1787839637.191691342] [robot7.fragment_exec_node]: EventType: Control (Task: load_pack), Activity: localize, Robot: robot7, Mission: m2, Segment: , End: 1787839637.1904414
[INFO] [1787839637.193258418] [robot7.fragment_exec_node]: EventType: Task, Activity: load_pack, Robot: robot7, Mission: m2, Segment: , Start: 1787839637.1923075
[INFO] [1787839637.194730159] [robot7.fragment_exec_node]: Simulating load_pack skill...
[INFO] [1787839644.198637805] [robot7.fragment_exec_node]: LoadPack completed!
[INFO] [1787839644.201868279] [robot7.fragment_exec_node]: EventType: Task, Activity: load_pack, Robot: robot7, Mission: m2, Segment: , End: 1787839644.1997328
[INFO] [1787839644.204948630] [robot7.fragment_exec_node]: Executing task move_to(deliver_area). Params: {'x': 10, 'y': 10}, Virtual state: {'position': {'x': 8, 'y': 8, 'z': 0.0}, 'docked': False}
[INFO] [1787839644.206755785] [robot7.fragment_exec_node]: EventType: Task, Activity: move_to, Robot: robot7, Mission: m2, Segment: , Start: 1787839644.2055652
[INFO] [1787839644.208298633] [robot7.fragment_exec_node]: Simulating navigate skill from position (8, 8) to (10, 10) (5.656854249492381 seconds)...
[INFO] [1787839649.868753674] [robot7.fragment_exec_node]: Navigation completed!
[INFO] [1787839649.871810737] [robot7.fragment_exec_node]: EventType: Task, Activity: move_to, Robot: robot7, Mission: m2, Segment: , End: 1787839649.8698497
[INFO] [1787839649.875213706] [robot7.fragment_exec_node]: Executing task unload_pack(p2). Params: {'x': 10, 'y': 10, 'weight': 7}, Virtual state: {'position': {'x': 10, 'y': 10, 'z': 0.0}, 'docked': False}
[INFO] [1787839649.877570881] [robot7.fragment_exec_node]: EventType: Control (Task: unload_pack), Activity: localize, Robot: robot7, Mission: m2, Segment: , Start: 1787839649.8763204
[INFO] [1787839649.879097453] [robot7.fragment_exec_node]: Simulating localize skill...
[INFO] [1787839654.881075806] [robot7.fragment_exec_node]: Localize completed!
[INFO] [1787839654.882435938] [robot7.fragment_exec_node]: EventType: Control (Task: unload_pack), Activity: localize, Robot: robot7, Mission: m2, Segment: , End: 1787839654.8819993
[INFO] [1787839654.883863012] [robot7.fragment_exec_node]: EventType: Task, Activity: unload_pack, Robot: robot7, Mission: m2, Segment: , Start: 1787839654.8832104
[INFO] [1787839654.884547604] [robot7.fragment_exec_node]: Simulating unload_pack skill...
[INFO] [1787839661.885173770] [robot7.fragment_exec_node]: UnloadPack completed!
[INFO] [1787839661.904385672] [robot7.fragment_exec_node]: EventType: Task, Activity: unload_pack, Robot: robot7, Mission: m2, Segment: , End: 1787839661.8863046
[INFO] [1787839661.909313168] [robot7.fragment_exec_node]: Execution of fragment fm2-8 completed!
[INFO] [1787839662.492468582] [robot7.fragment_exec_node]: Received fragment assignment: {'robot': 'robot7', 'fragment': {'id': 'fm6-14', 'mission': 'm6', 'state': 'assigned', 'wait': ['pack(o1-6,o2-6,o3-6,o4-6)'], 'tasks': [{'name': 'load_pack', 'label': 'load_pack(p6)', 'params': {'x': 8, 'y': 8, 'weight': 22}}, {'name': 'move_to', 'label': 'move_to(deliver_area)', 'params': {'x': 10, 'y': 10}}, {'name': 'unload_pack', 'label': 'unload_pack(p6)', 'params': {'x': 10, 'y': 10, 'weight': 22}}], 'arrive_timestamp': 1787839346, 'priority': 1, 'segment': ''}}
[INFO] [1787839662.493461308] [robot7.fragment_exec_node]: Starting execution of fragment fm6-14...
[INFO] [1787839662.494657981] [robot7.fragment_exec_node]: Executing task load_pack(p6). Params: {'x': 8, 'y': 8, 'weight': 22}, Virtual state: {'position': {'x': 10, 'y': 10, 'z': 0.0}, 'docked': False}
[INFO] [1787839662.495523354] [robot7.fragment_exec_node]: EventType: Control (Task: load_pack), Activity: move_to, Robot: robot7, Mission: m6, Segment: , Start: 1787839662.4949474
[INFO] [1787839662.496430563] [robot7.fragment_exec_node]: Simulating navigate skill from position (10, 10) to (8, 8) (5.656854249492381 seconds)...
[INFO] [1787839668.154919609] [robot7.fragment_exec_node]: Navigation completed!
[INFO] [1787839668.157952080] [robot7.fragment_exec_node]: EventType: Control (Task: load_pack), Activity: move_to, Robot: robot7, Mission: m6, Segment: , End: 1787839668.155661
[INFO] [1787839668.158686487] [robot7.fragment_exec_node]: EventType: Control (Task: load_pack), Activity: localize, Robot: robot7, Mission: m6, Segment: , Start: 1787839668.1582832
[INFO] [1787839668.159610406] [robot7.fragment_exec_node]: Simulating localize skill...
[INFO] [1787839673.161264436] [robot7.fragment_exec_node]: Localize completed!
[INFO] [1787839673.162718209] [robot7.fragment_exec_node]: EventType: Control (Task: load_pack), Activity: localize, Robot: robot7, Mission: m6, Segment: , End: 1787839673.162005
[INFO] [1787839673.163664662] [robot7.fragment_exec_node]: EventType: Task, Activity: load_pack, Robot: robot7, Mission: m6, Segment: , Start: 1787839673.163247
[INFO] [1787839673.164454621] [robot7.fragment_exec_node]: Simulating load_pack skill...
[INFO] [1787839683.165767596] [robot7.fragment_exec_node]: LoadPack completed!
[INFO] [1787839683.166846096] [robot7.fragment_exec_node]: EventType: Task, Activity: load_pack, Robot: robot7, Mission: m6, Segment: , End: 1787839683.166521
[INFO] [1787839683.167568485] [robot7.fragment_exec_node]: Executing task move_to(deliver_area). Params: {'x': 10, 'y': 10}, Virtual state: {'position': {'x': 8, 'y': 8, 'z': 0.0}, 'docked': False}
[INFO] [1787839683.168076898] [robot7.fragment_exec_node]: EventType: Task, Activity: move_to, Robot: robot7, Mission: m6, Segment: , Start: 1787839683.1677775
[INFO] [1787839683.168651737] [robot7.fragment_exec_node]: Simulating navigate skill from position (8, 8) to (10, 10) (5.656854249492381 seconds)...
[INFO] [1787839688.811465765] [robot7.fragment_exec_node]: Navigation completed!
[INFO] [1787839688.813108634] [robot7.fragment_exec_node]: EventType: Task, Activity: move_to, Robot: robot7, Mission: m6, Segment: , End: 1787839688.8121579
[INFO] [1787839688.815243836] [robot7.fragment_exec_node]: Executing task unload_pack(p6). Params: {'x': 10, 'y': 10, 'weight': 22}, Virtual state: {'position': {'x': 10, 'y': 10, 'z': 0.0}, 'docked': False}
[INFO] [1787839688.816531865] [robot7.fragment_exec_node]: EventType: Control (Task: unload_pack), Activity: localize, Robot: robot7, Mission: m6, Segment: , Start: 1787839688.8157322
[INFO] [1787839688.818098010] [robot7.fragment_exec_node]: Simulating localize skill...
[INFO] [1787839693.819534116] [robot7.fragment_exec_node]: Localize completed!
[INFO] [1787839693.820707655] [robot7.fragment_exec_node]: EventType: Control (Task: unload_pack), Activity: localize, Robot: robot7, Mission: m6, Segment: , End: 1787839693.82018
[INFO] [1787839693.821468533] [robot7.fragment_exec_node]: EventType: Task, Activity: unload_pack, Robot: robot7, Mission: m6, Segment: , Start: 1787839693.8211026
[INFO] [1787839693.822491181] [robot7.fragment_exec_node]: Simulating unload_pack skill...
[INFO] [1787839701.825221697] [robot7.fragment_exec_node]: UnloadPack completed!
[INFO] [1787839701.826635110] [robot7.fragment_exec_node]: EventType: Task, Activity: unload_pack, Robot: robot7, Mission: m6, Segment: , End: 1787839701.8261685
[INFO] [1787839701.827704864] [robot7.fragment_exec_node]: Execution of fragment fm6-14 completed!
Traceback (most recent call last):
  File "/root/ros2_ws/install/multi3_executor/lib/multi3_executor/executor", line 33, in <module>
    sys.exit(load_entry_point('multi3-executor==0.0.0', 'console_scripts', 'executor')())
  File "/root/ros2_ws/install/multi3_executor/lib/python3.10/site-packages/multi3_executor/nodes/executor.py", line 286, in main
    rclpy.shutdown()
  File "/opt/ros/humble/local/lib/python3.10/dist-packages/rclpy/__init__.py", line 130, in shutdown
    _shutdown(context=context)
  File "/opt/ros/humble/local/lib/python3.10/dist-packages/rclpy/utilities.py", line 58, in shutdown
    return context.shutdown()
  File "/opt/ros/humble/local/lib/python3.10/dist-packages/rclpy/context.py", line 102, in shutdown
    self.__context.shutdown()
rclpy._rclpy_pybind11.RCLError: failed to shutdown: rcl_shutdown already called on the given context, at ./src/rcl/init.c:241
