=== Test: spec: robots=6, missions=[2, 3], strategy=baseline


--- coordinator.log ---
[INFO] [1787695560.604200673] [multi3_coordinator_node]: Assignment strategy parameter: baseline
[INFO] [1787695560.605002729] [multi3_coordinator_node]: Using assignment strategy: baseline
[INFO] [1787695560.612214044] [multi3_coordinator_node]: Coordinator node started.
[INFO] [1787695563.547234182] [multi3_coordinator_node]: Received new robot info: {'name': 'robot1', 'operational_state': 'idle', 'capabilities': ['pick', 'scan', 'transport', 'pack'], 'state': {'position': {'x': 0.0, 'y': 0.0, 'z': 0.0}, 'docked': True, 'battery': 100.0, 'conditions': []}, 'last_heartbeat': 1787695563}
[INFO] [1787695565.906888952] [multi3_coordinator_node]: Received new robot info: {'name': 'robot2', 'operational_state': 'idle', 'capabilities': ['pick', 'scan', 'transport', 'pack'], 'state': {'position': {'x': 0.0, 'y': 0.0, 'z': 0.0}, 'docked': True, 'battery': 100.0, 'conditions': []}, 'last_heartbeat': 1787695565}
[INFO] [1787695567.929483562] [multi3_coordinator_node]: Received new robot info: {'name': 'robot3', 'operational_state': 'idle', 'capabilities': ['pick', 'scan', 'transport', 'pack'], 'state': {'position': {'x': 0.0, 'y': 0.0, 'z': 0.0}, 'docked': True, 'battery': 100.0, 'conditions': []}, 'last_heartbeat': 1787695567}
[INFO] [1787695569.938725781] [multi3_coordinator_node]: Received new robot info: {'name': 'robot4', 'operational_state': 'idle', 'capabilities': ['pick', 'scan', 'transport', 'pack'], 'state': {'position': {'x': 0.0, 'y': 0.0, 'z': 0.0}, 'docked': True, 'battery': 100.0, 'conditions': []}, 'last_heartbeat': 1787695569}
[INFO] [1787695572.000250178] [multi3_coordinator_node]: Received new robot info: {'name': 'robot5', 'operational_state': 'idle', 'capabilities': ['pick', 'scan', 'transport', 'pack'], 'state': {'position': {'x': 0.0, 'y': 0.0, 'z': 0.0}, 'docked': True, 'battery': 100.0, 'conditions': []}, 'last_heartbeat': 1787695571}
[INFO] [1787695573.958733569] [multi3_coordinator_node]: Received new robot info: {'name': 'robot6', 'operational_state': 'idle', 'capabilities': ['pick', 'scan', 'transport', 'pack'], 'state': {'position': {'x': 0.0, 'y': 0.0, 'z': 0.0}, 'docked': True, 'battery': 100.0, 'conditions': []}, 'last_heartbeat': 1787695573}
[INFO] [1787695575.554174096] [multi3_coordinator_node]: Received mission: {'mission': 'm2', 'priority': 1, 'fragments': [{'id': 'f2-1', 'wait': [], 'tasks': [{'name': 'pick', 'params': {'weight': 5, 'x': 2, 'y': 3}}], 'postconditions': ['picked-o1-2'], 'segment': 's1'}, {'id': 'f2-2', 'wait': ['m2/s1/pick'], 'tasks': [{'name': 'scan', 'params': {'x': 2, 'y': 3}}], 'segment': 's1'}, {'id': 'f2-3', 'wait': ['m2/s1/scan'], 'tasks': [{'name': 'transport', 'params': {'x': 11, 'y': 6}}], 'segment': 's1'}, {'id': 'f2-4', 'wait': [], 'tasks': [{'name': 'pick', 'params': {'weight': 7, 'x': 9, 'y': 5}}], 'postconditions': ['picked-o2-2'], 'segment': 's2'}, {'id': 'f2-5', 'wait': ['m2/s2/pick'], 'tasks': [{'name': 'scan', 'params': {'x': 9, 'y': 5}}], 'segment': 's2'}, {'id': 'f2-6', 'wait': ['m2/s2/scan'], 'tasks': [{'name': 'transport', 'params': {'x': 11, 'y': 6}}], 'preconditions': ['picked-o2-2'], 'segment': 's2'}, {'id': 'f2-7', 'wait': ['m2/s1/transport', 'm2/s2/transport'], 'tasks': [{'name': 'pack', 'params': {'x': 11, 'y': 6, 'items': 2}}], 'segment': ''}]}
[INFO] [1787695575.555891286] [multi3_coordinator_node]: Fragment f2-1 is now executable because all signal messages were received.
[INFO] [1787695575.557529300] [multi3_coordinator_node]: Fragment f2-4 is now executable because all signal messages were received.
[INFO] [1787695576.370651733] [multi3_coordinator_node]: Received mission: {'mission': 'm3', 'priority': 1, 'fragments': [{'id': 'f3-1', 'wait': [], 'tasks': [{'name': 'pick', 'params': {'weight': 3, 'x': 7, 'y': 3}}], 'postconditions': ['picked-o1-3'], 'segment': 's1'}, {'id': 'f3-2', 'wait': ['m3/s1/pick'], 'tasks': [{'name': 'scan', 'params': {'x': 7, 'y': 3}}], 'segment': 's1'}, {'id': 'f3-3', 'wait': ['m3/s1/scan'], 'tasks': [{'name': 'transport', 'params': {'x': 11, 'y': 6}}], 'preconditions': ['picked-o1-3'], 'segment': 's1'}, {'id': 'f3-4', 'wait': [], 'tasks': [{'name': 'pick', 'params': {'weight': 5, 'x': 2, 'y': 3}}], 'postconditions': ['picked-o2-3'], 'segment': 's2'}, {'id': 'f3-5', 'wait': ['m3/s2/pick'], 'tasks': [{'name': 'scan', 'params': {'x': 2, 'y': 3}}], 'segment': 's2'}, {'id': 'f3-6', 'wait': ['m3/s2/scan'], 'tasks': [{'name': 'transport', 'params': {'x': 11, 'y': 6}}], 'preconditions': ['picked-o2-3'], 'segment': 's2'}, {'id': 'f3-7', 'wait': [], 'tasks': [{'name': 'pick', 'params': {'weight': 2, 'x': 1, 'y': 9}}], 'postconditions': ['picked-o3-3'], 'segment': 's3'}, {'id': 'f3-8', 'wait': ['m3/s3/pick'], 'tasks': [{'name': 'scan', 'params': {'x': 1, 'y': 9}}], 'segment': 's3'}, {'id': 'f3-9', 'wait': ['m3/s3/scan'], 'tasks': [{'name': 'transport', 'params': {'x': 11, 'y': 6}}], 'preconditions': ['picked-o3-3'], 'segment': 's3'}, {'id': 'f3-10', 'wait': ['m3/s1/transport', 'm3/s2/transport', 'm3/s3/transport'], 'tasks': [{'name': 'pack', 'params': {'x': 2, 'y': 3, 'items': 3}}], 'segment': ''}]}
[INFO] [1787695576.373225161] [multi3_coordinator_node]: Fragment f3-1 is now executable because all signal messages were received.
[INFO] [1787695576.374714382] [multi3_coordinator_node]: Fragment f3-4 is now executable because all signal messages were received.
[INFO] [1787695576.376412793] [multi3_coordinator_node]: Fragment f3-7 is now executable because all signal messages were received.
[INFO] [1787695576.683452611] [multi3_coordinator_node]: Execution start signal received. Starting fragment assignment.
[INFO] [1787695577.690607899] [multi3_coordinator_node]: Assigned fragment f2-1 to robot robot1.
[INFO] [1787695577.694550215] [multi3_coordinator_node]: Assigned fragment f2-4 to robot robot4.
[INFO] [1787695577.697324578] [multi3_coordinator_node]: Assigned fragment f3-1 to robot robot2.
[INFO] [1787695577.699795639] [multi3_coordinator_node]: Assigned fragment f3-4 to robot robot6.
[INFO] [1787695577.703352423] [multi3_coordinator_node]: Assigned fragment f3-7 to robot robot5.
[INFO] [1787695577.724290559] [multi3_coordinator_node]: Received robot state update: {'operational_state': 'working', 'current_assigned_fragment': 'f3-1', 'conditions': [], 'state': {'position': {'x': 0.0, 'y': 0.0, 'z': 0.0}, 'docked': True, 'battery': 100.0, 'conditions': []}}
[INFO] [1787695577.726204325] [multi3_coordinator_node]: Received robot state update: {'operational_state': 'working', 'current_assigned_fragment': 'f3-7', 'conditions': [], 'state': {'position': {'x': 0.0, 'y': 0.0, 'z': 0.0}, 'docked': True, 'battery': 100.0, 'conditions': []}}
[INFO] [1787695577.727354556] [multi3_coordinator_node]: Received robot state update: {'operational_state': 'working', 'current_assigned_fragment': 'f3-4', 'conditions': [], 'state': {'position': {'x': 0.0, 'y': 0.0, 'z': 0.0}, 'docked': True, 'battery': 100.0, 'conditions': []}}
[INFO] [1787695577.728425703] [multi3_coordinator_node]: Received robot state update: {'operational_state': 'working', 'current_assigned_fragment': 'f2-4', 'conditions': [], 'state': {'position': {'x': 0.0, 'y': 0.0, 'z': 0.0}, 'docked': True, 'battery': 100.0, 'conditions': []}}
[INFO] [1787695577.731239814] [multi3_coordinator_node]: Received robot state update: {'operational_state': 'working', 'current_assigned_fragment': 'f2-1', 'conditions': [], 'state': {'position': {'x': 0.0, 'y': 0.0, 'z': 0.0}, 'docked': True, 'battery': 100.0, 'conditions': []}}
[INFO] [1787695593.969603931] [multi3_coordinator_node]: Fragment f2-2 is now executable because all signal messages were received.
[INFO] [1787695593.971619062] [multi3_coordinator_node]: Received coordination message: {'robot_name': 'robot1', 'completed_task': 'm2/s1/pick'}
[INFO] [1787695593.973627605] [multi3_coordinator_node]: Received robot state update: {'operational_state': 'idle', 'current_assigned_fragment': None, 'conditions': ['picked-o2-3'], 'state': {'position': {'x': 2, 'y': 3, 'z': 0.0}, 'docked': False, 'battery': 100.0, 'conditions': ['picked-o2-3']}}
[INFO] [1787695593.975194671] [multi3_coordinator_node]: Fragment f3-5 is now executable because all signal messages were received.
[INFO] [1787695593.976855245] [multi3_coordinator_node]: Received coordination message: {'robot_name': 'robot6', 'completed_task': 'm3/s2/pick'}
[INFO] [1787695593.978539446] [multi3_coordinator_node]: Received robot state update: {'operational_state': 'idle', 'current_assigned_fragment': None, 'conditions': ['picked-o1-2'], 'state': {'position': {'x': 2, 'y': 3, 'z': 0.0}, 'docked': False, 'battery': 100.0, 'conditions': ['picked-o1-2']}}
[INFO] [1787695593.979698533] [multi3_coordinator_node]: Received coordination message: {'robot_name': 'robot1', 'completed_fragment': 'f2-1', 'state': {'position': {'x': 2, 'y': 3, 'z': 0.0}, 'docked': False, 'battery': 100.0, 'conditions': ['picked-o1-2']}}
[INFO] [1787695593.981260592] [multi3_coordinator_node]: Received coordination message: {'robot_name': 'robot6', 'completed_fragment': 'f3-4', 'state': {'position': {'x': 2, 'y': 3, 'z': 0.0}, 'docked': False, 'battery': 100.0, 'conditions': ['picked-o2-3']}}
[INFO] [1787695594.690741298] [multi3_coordinator_node]: Assigned fragment f2-2 to robot robot6.
[INFO] [1787695594.695419180] [multi3_coordinator_node]: Assigned fragment f3-5 to robot robot3.
[INFO] [1787695594.709373855] [multi3_coordinator_node]: Received robot state update: {'operational_state': 'working', 'current_assigned_fragment': 'f3-5', 'conditions': [], 'state': {'position': {'x': 0.0, 'y': 0.0, 'z': 0.0}, 'docked': True, 'battery': 100.0, 'conditions': []}}
[INFO] [1787695594.710978797] [multi3_coordinator_node]: Received robot state update: {'operational_state': 'working', 'current_assigned_fragment': 'f2-2', 'conditions': ['picked-o2-3'], 'state': {'position': {'x': 2, 'y': 3, 'z': 0.0}, 'docked': False, 'battery': 100.0, 'conditions': ['picked-o2-3']}}
[INFO] [1787695597.717451356] [multi3_coordinator_node]: Fragment f2-3 is now executable because all signal messages were received.
[INFO] [1787695597.718362994] [multi3_coordinator_node]: Received coordination message: {'robot_name': 'robot6', 'completed_task': 'm2/s1/scan'}
[INFO] [1787695597.719657311] [multi3_coordinator_node]: Received robot state update: {'operational_state': 'idle', 'current_assigned_fragment': None, 'conditions': ['picked-o2-3'], 'state': {'position': {'x': 2, 'y': 3, 'z': 0.0}, 'docked': False, 'battery': 100.0, 'conditions': ['picked-o2-3']}}
[INFO] [1787695597.720521723] [multi3_coordinator_node]: Received coordination message: {'robot_name': 'robot6', 'completed_fragment': 'f2-2', 'state': {'position': {'x': 2, 'y': 3, 'z': 0.0}, 'docked': False, 'battery': 100.0, 'conditions': ['picked-o2-3']}}
[INFO] [1787695598.691586376] [multi3_coordinator_node]: Assigned fragment f2-3 to robot robot6.
[INFO] [1787695598.701759266] [multi3_coordinator_node]: Received robot state update: {'operational_state': 'working', 'current_assigned_fragment': 'f2-3', 'conditions': ['picked-o2-3'], 'state': {'position': {'x': 2, 'y': 3, 'z': 0.0}, 'docked': False, 'battery': 100.0, 'conditions': ['picked-o2-3']}}
[INFO] [1787695599.980972488] [multi3_coordinator_node]: Fragment f3-2 is now executable because all signal messages were received.
[INFO] [1787695599.982930029] [multi3_coordinator_node]: Received coordination message: {'robot_name': 'robot2', 'completed_task': 'm3/s1/pick'}
[INFO] [1787695599.985194895] [multi3_coordinator_node]: Received robot state update: {'operational_state': 'idle', 'current_assigned_fragment': None, 'conditions': ['picked-o1-3'], 'state': {'position': {'x': 7, 'y': 3, 'z': 0.0}, 'docked': False, 'battery': 100.0, 'conditions': ['picked-o1-3']}}
[INFO] [1787695599.986768914] [multi3_coordinator_node]: Received coordination message: {'robot_name': 'robot2', 'completed_fragment': 'f3-1', 'state': {'position': {'x': 7, 'y': 3, 'z': 0.0}, 'docked': False, 'battery': 100.0, 'conditions': ['picked-o1-3']}}
[INFO] [1787695600.689911010] [multi3_coordinator_node]: Assigned fragment f3-2 to robot robot2.
[INFO] [1787695600.710860644] [multi3_coordinator_node]: Received robot state update: {'operational_state': 'working', 'current_assigned_fragment': 'f3-2', 'conditions': ['picked-o1-3'], 'state': {'position': {'x': 7, 'y': 3, 'z': 0.0}, 'docked': False, 'battery': 100.0, 'conditions': ['picked-o1-3']}}
[INFO] [1787695601.868131018] [multi3_coordinator_node]: Fragment f3-8 is now executable because all signal messages were received.
[INFO] [1787695601.869736717] [multi3_coordinator_node]: Received coordination message: {'robot_name': 'robot5', 'completed_task': 'm3/s3/pick'}
[INFO] [1787695601.872308732] [multi3_coordinator_node]: Received robot state update: {'operational_state': 'idle', 'current_assigned_fragment': None, 'conditions': ['picked-o3-3'], 'state': {'position': {'x': 1, 'y': 9, 'z': 0.0}, 'docked': False, 'battery': 100.0, 'conditions': ['picked-o3-3']}}
[INFO] [1787695601.874118282] [multi3_coordinator_node]: Received coordination message: {'robot_name': 'robot5', 'completed_fragment': 'f3-7', 'state': {'position': {'x': 1, 'y': 9, 'z': 0.0}, 'docked': False, 'battery': 100.0, 'conditions': ['picked-o3-3']}}
[INFO] [1787695602.690308445] [multi3_coordinator_node]: Assigned fragment f3-8 to robot robot5.
[INFO] [1787695602.702790334] [multi3_coordinator_node]: Received robot state update: {'operational_state': 'working', 'current_assigned_fragment': 'f3-8', 'conditions': ['picked-o3-3'], 'state': {'position': {'x': 1, 'y': 9, 'z': 0.0}, 'docked': False, 'battery': 100.0, 'conditions': ['picked-o3-3']}}
[INFO] [1787695603.717014118] [multi3_coordinator_node]: Fragment f3-3 is now executable because all signal messages were received.
[INFO] [1787695603.717607242] [multi3_coordinator_node]: Received coordination message: {'robot_name': 'robot2', 'completed_task': 'm3/s1/scan'}
[INFO] [1787695603.718579580] [multi3_coordinator_node]: Received robot state update: {'operational_state': 'idle', 'current_assigned_fragment': None, 'conditions': ['picked-o1-3'], 'state': {'position': {'x': 7, 'y': 3, 'z': 0.0}, 'docked': False, 'battery': 100.0, 'conditions': ['picked-o1-3']}}
[INFO] [1787695603.719325890] [multi3_coordinator_node]: Received coordination message: {'robot_name': 'robot2', 'completed_fragment': 'f3-2', 'state': {'position': {'x': 7, 'y': 3, 'z': 0.0}, 'docked': False, 'battery': 100.0, 'conditions': ['picked-o1-3']}}
[INFO] [1787695604.688091277] [multi3_coordinator_node]: Assigned fragment f3-3 to robot robot2.
[INFO] [1787695604.694073183] [multi3_coordinator_node]: Received robot state update: {'operational_state': 'working', 'current_assigned_fragment': 'f3-3', 'conditions': ['picked-o1-3'], 'state': {'position': {'x': 7, 'y': 3, 'z': 0.0}, 'docked': False, 'battery': 100.0, 'conditions': ['picked-o1-3']}}
[INFO] [1787695605.709531926] [multi3_coordinator_node]: Fragment f3-9 is now executable because all signal messages were received.
[INFO] [1787695605.713601986] [multi3_coordinator_node]: Received coordination message: {'robot_name': 'robot5', 'completed_task': 'm3/s3/scan'}
[INFO] [1787695605.714860742] [multi3_coordinator_node]: Received robot state update: {'operational_state': 'idle', 'current_assigned_fragment': None, 'conditions': ['picked-o3-3'], 'state': {'position': {'x': 1, 'y': 9, 'z': 0.0}, 'docked': False, 'battery': 100.0, 'conditions': ['picked-o3-3']}}
[INFO] [1787695605.715748175] [multi3_coordinator_node]: Received coordination message: {'robot_name': 'robot5', 'completed_fragment': 'f3-8', 'state': {'position': {'x': 1, 'y': 9, 'z': 0.0}, 'docked': False, 'battery': 100.0, 'conditions': ['picked-o3-3']}}
[INFO] [1787695606.686353442] [multi3_coordinator_node]: Assigned fragment f3-9 to robot robot5.
[INFO] [1787695606.697093128] [multi3_coordinator_node]: Received robot state update: {'operational_state': 'working', 'current_assigned_fragment': 'f3-9', 'conditions': ['picked-o3-3'], 'state': {'position': {'x': 1, 'y': 9, 'z': 0.0}, 'docked': False, 'battery': 100.0, 'conditions': ['picked-o3-3']}}
[INFO] [1787695608.939575715] [multi3_coordinator_node]: Fragment f3-6 is now executable because all signal messages were received.
[INFO] [1787695608.941663502] [multi3_coordinator_node]: Received coordination message: {'robot_name': 'robot3', 'completed_task': 'm3/s2/scan'}
[INFO] [1787695608.944516568] [multi3_coordinator_node]: Received robot state update: {'operational_state': 'idle', 'current_assigned_fragment': None, 'conditions': [], 'state': {'position': {'x': 2, 'y': 3, 'z': 0.0}, 'docked': False, 'battery': 100.0, 'conditions': []}}
[INFO] [1787695608.946195763] [multi3_coordinator_node]: Received coordination message: {'robot_name': 'robot3', 'completed_fragment': 'f3-5', 'state': {'position': {'x': 2, 'y': 3, 'z': 0.0}, 'docked': False, 'battery': 100.0, 'conditions': []}}
[INFO] [1787695609.350636720] [multi3_coordinator_node]: Fragment f2-5 is now executable because all signal messages were received.
[INFO] [1787695609.352208559] [multi3_coordinator_node]: Received coordination message: {'robot_name': 'robot4', 'completed_task': 'm2/s2/pick'}
[INFO] [1787695609.354573315] [multi3_coordinator_node]: Received robot state update: {'operational_state': 'idle', 'current_assigned_fragment': None, 'conditions': ['picked-o2-2'], 'state': {'position': {'x': 9, 'y': 5, 'z': 0.0}, 'docked': False, 'battery': 100.0, 'conditions': ['picked-o2-2']}}
[INFO] [1787695609.355973651] [multi3_coordinator_node]: Received coordination message: {'robot_name': 'robot4', 'completed_fragment': 'f2-4', 'state': {'position': {'x': 9, 'y': 5, 'z': 0.0}, 'docked': False, 'battery': 100.0, 'conditions': ['picked-o2-2']}}
[INFO] [1787695609.690758070] [multi3_coordinator_node]: Assigned fragment f2-5 to robot robot1.
[INFO] [1787695609.701795877] [multi3_coordinator_node]: Received robot state update: {'operational_state': 'working', 'current_assigned_fragment': 'f2-5', 'conditions': ['picked-o1-2'], 'state': {'position': {'x': 2, 'y': 3, 'z': 0.0}, 'docked': False, 'battery': 100.0, 'conditions': ['picked-o1-2']}}
[INFO] [1787695622.960863828] [multi3_coordinator_node]: Received coordination message: {'robot_name': 'robot2', 'completed_task': 'm3/s1/transport'}
[INFO] [1787695622.964285829] [multi3_coordinator_node]: Received robot state update: {'operational_state': 'idle', 'current_assigned_fragment': None, 'conditions': ['picked-o1-3'], 'state': {'position': {'x': 11, 'y': 6, 'z': 0.0}, 'docked': False, 'battery': 100.0, 'conditions': ['picked-o1-3']}}
[INFO] [1787695622.966038911] [multi3_coordinator_node]: Received coordination message: {'robot_name': 'robot2', 'completed_fragment': 'f3-3', 'state': {'position': {'x': 11, 'y': 6, 'z': 0.0}, 'docked': False, 'battery': 100.0, 'conditions': ['picked-o1-3']}}
[INFO] [1787695628.423167353] [multi3_coordinator_node]: Received coordination message: {'robot_name': 'robot6', 'completed_task': 'm2/s1/transport'}
[INFO] [1787695628.425918761] [multi3_coordinator_node]: Received robot state update: {'operational_state': 'idle', 'current_assigned_fragment': None, 'conditions': ['picked-o2-3'], 'state': {'position': {'x': 11, 'y': 6, 'z': 0.0}, 'docked': False, 'battery': 100.0, 'conditions': ['picked-o2-3']}}
[INFO] [1787695628.427433219] [multi3_coordinator_node]: Received coordination message: {'robot_name': 'robot6', 'completed_fragment': 'f2-3', 'state': {'position': {'x': 11, 'y': 6, 'z': 0.0}, 'docked': False, 'battery': 100.0, 'conditions': ['picked-o2-3']}}
[INFO] [1787695628.689560821] [multi3_coordinator_node]: Assigned fragment f3-6 to robot robot6.
[INFO] [1787695628.701940645] [multi3_coordinator_node]: Received robot state update: {'operational_state': 'working', 'current_assigned_fragment': 'f3-6', 'conditions': ['picked-o2-3'], 'state': {'position': {'x': 11, 'y': 6, 'z': 0.0}, 'docked': False, 'battery': 100.0, 'conditions': ['picked-o2-3']}}
[INFO] [1787695629.957354142] [multi3_coordinator_node]: Fragment f2-6 is now executable because all signal messages were received.
[INFO] [1787695629.959505278] [multi3_coordinator_node]: Received coordination message: {'robot_name': 'robot1', 'completed_task': 'm2/s2/scan'}
[INFO] [1787695629.961949801] [multi3_coordinator_node]: Received robot state update: {'operational_state': 'idle', 'current_assigned_fragment': None, 'conditions': ['picked-o1-2'], 'state': {'position': {'x': 9, 'y': 5, 'z': 0.0}, 'docked': False, 'battery': 100.0, 'conditions': ['picked-o1-2']}}
[INFO] [1787695629.963994047] [multi3_coordinator_node]: Received coordination message: {'robot_name': 'robot1', 'completed_fragment': 'f2-5', 'state': {'position': {'x': 9, 'y': 5, 'z': 0.0}, 'docked': False, 'battery': 100.0, 'conditions': ['picked-o1-2']}}
[INFO] [1787695630.686369901] [multi3_coordinator_node]: Assigned fragment f2-6 to robot robot4.
[INFO] [1787695630.694619948] [multi3_coordinator_node]: Received robot state update: {'operational_state': 'working', 'current_assigned_fragment': 'f2-6', 'conditions': ['picked-o2-2'], 'state': {'position': {'x': 9, 'y': 5, 'z': 0.0}, 'docked': False, 'battery': 100.0, 'conditions': ['picked-o2-2']}}
[INFO] [1787695638.713735742] [multi3_coordinator_node]: Received coordination message: {'robot_name': 'robot6', 'completed_task': 'm3/s2/transport'}
[INFO] [1787695638.716497383] [multi3_coordinator_node]: Received robot state update: {'operational_state': 'idle', 'current_assigned_fragment': None, 'conditions': ['picked-o2-3'], 'state': {'position': {'x': 11, 'y': 6, 'z': 0.0}, 'docked': False, 'battery': 100.0, 'conditions': ['picked-o2-3']}}
[INFO] [1787695638.718148701] [multi3_coordinator_node]: Received coordination message: {'robot_name': 'robot6', 'completed_fragment': 'f3-6', 'state': {'position': {'x': 11, 'y': 6, 'z': 0.0}, 'docked': False, 'battery': 100.0, 'conditions': ['picked-o2-3']}}
[INFO] [1787695639.077184548] [multi3_coordinator_node]: Fragment f3-10 is now executable because all signal messages were received.
[INFO] [1787695639.078975305] [multi3_coordinator_node]: Received coordination message: {'robot_name': 'robot5', 'completed_task': 'm3/s3/transport'}
[INFO] [1787695639.081145235] [multi3_coordinator_node]: Received robot state update: {'operational_state': 'idle', 'current_assigned_fragment': None, 'conditions': ['picked-o3-3'], 'state': {'position': {'x': 11, 'y': 6, 'z': 0.0}, 'docked': False, 'battery': 100.0, 'conditions': ['picked-o3-3']}}
[INFO] [1787695639.083540190] [multi3_coordinator_node]: Received coordination message: {'robot_name': 'robot5', 'completed_fragment': 'f3-9', 'state': {'position': {'x': 11, 'y': 6, 'z': 0.0}, 'docked': False, 'battery': 100.0, 'conditions': ['picked-o3-3']}}
[INFO] [1787695639.687693904] [multi3_coordinator_node]: Assigned fragment f3-10 to robot robot2.
[INFO] [1787695639.703592406] [multi3_coordinator_node]: Received robot state update: {'operational_state': 'working', 'current_assigned_fragment': 'f3-10', 'conditions': ['picked-o1-3'], 'state': {'position': {'x': 11, 'y': 6, 'z': 0.0}, 'docked': False, 'battery': 100.0, 'conditions': ['picked-o1-3']}}
[INFO] [1787695647.925184021] [multi3_coordinator_node]: Fragment f2-7 is now executable because all signal messages were received.
[INFO] [1787695647.926930359] [multi3_coordinator_node]: Received coordination message: {'robot_name': 'robot4', 'completed_task': 'm2/s2/transport'}
[INFO] [1787695647.929965745] [multi3_coordinator_node]: Received robot state update: {'operational_state': 'idle', 'current_assigned_fragment': None, 'conditions': ['picked-o2-2'], 'state': {'position': {'x': 11, 'y': 6, 'z': 0.0}, 'docked': False, 'battery': 100.0, 'conditions': ['picked-o2-2']}}
[INFO] [1787695647.931752828] [multi3_coordinator_node]: Received coordination message: {'robot_name': 'robot4', 'completed_fragment': 'f2-6', 'state': {'position': {'x': 11, 'y': 6, 'z': 0.0}, 'docked': False, 'battery': 100.0, 'conditions': ['picked-o2-2']}}
[INFO] [1787695648.691127272] [multi3_coordinator_node]: Assigned fragment f2-7 to robot robot5.
[INFO] [1787695648.733543553] [multi3_coordinator_node]: Received robot state update: {'operational_state': 'working', 'current_assigned_fragment': 'f2-7', 'conditions': ['picked-o3-3'], 'state': {'position': {'x': 11, 'y': 6, 'z': 0.0}, 'docked': False, 'battery': 100.0, 'conditions': ['picked-o3-3']}}
[INFO] [1787695660.740841081] [multi3_coordinator_node]: Received coordination message: {'robot_name': 'robot5', 'completed_task': 'm2//pack'}
[INFO] [1787695660.742745958] [multi3_coordinator_node]: Received robot state update: {'operational_state': 'idle', 'current_assigned_fragment': None, 'conditions': ['picked-o3-3'], 'state': {'position': {'x': 11, 'y': 6, 'z': 0.0}, 'docked': False, 'battery': 100.0, 'conditions': ['picked-o3-3']}}
[INFO] [1787695660.743973301] [multi3_coordinator_node]: Received coordination message: {'robot_name': 'robot5', 'completed_fragment': 'f2-7', 'state': {'position': {'x': 11, 'y': 6, 'z': 0.0}, 'docked': False, 'battery': 100.0, 'conditions': ['picked-o3-3']}}
[INFO] [1787695683.814316034] [multi3_coordinator_node]: Received coordination message: {'robot_name': 'robot2', 'completed_task': 'm3//pack'}
[INFO] [1787695683.818480281] [multi3_coordinator_node]: Received robot state update: {'operational_state': 'idle', 'current_assigned_fragment': None, 'conditions': ['picked-o1-3'], 'state': {'position': {'x': 2, 'y': 3, 'z': 0.0}, 'docked': False, 'battery': 100.0, 'conditions': ['picked-o1-3']}}
[INFO] [1787695683.821158583] [multi3_coordinator_node]: Received coordination message: {'robot_name': 'robot2', 'completed_fragment': 'f3-10', 'state': {'position': {'x': 2, 'y': 3, 'z': 0.0}, 'docked': False, 'battery': 100.0, 'conditions': ['picked-o1-3']}}
Traceback (most recent call last):
  File "/root/ros2_ws/install/multi3_coordinator/lib/python3.10/site-packages/nodes/coordinator.py", line 294, in main
    rclpy.spin(node)
  File "/opt/ros/humble/local/lib/python3.10/dist-packages/rclpy/__init__.py", line 229, in spin
    executor.spin_once()
  File "/opt/ros/humble/local/lib/python3.10/dist-packages/rclpy/executors.py", line 808, in spin_once
    self._spin_once_impl(timeout_sec)
  File "/opt/ros/humble/local/lib/python3.10/dist-packages/rclpy/executors.py", line 797, in _spin_once_impl
    handler, entity, node = self.wait_for_ready_callbacks(timeout_sec=timeout_sec)
  File "/opt/ros/humble/local/lib/python3.10/dist-packages/rclpy/executors.py", line 780, in wait_for_ready_callbacks
    return next(self._cb_iter)
  File "/opt/ros/humble/local/lib/python3.10/dist-packages/rclpy/executors.py", line 681, in _wait_for_ready_callbacks
    raise ExternalShutdownException()
rclpy.executors.ExternalShutdownException

During handling of the above exception, another exception occurred:

Traceback (most recent call last):
  File "/root/ros2_ws/install/multi3_coordinator/lib/multi3_coordinator/coordinator", line 33, in <module>
    sys.exit(load_entry_point('multi3-coordinator==0.0.0', 'console_scripts', 'coordinator')())
  File "/root/ros2_ws/install/multi3_coordinator/lib/python3.10/site-packages/nodes/coordinator.py", line 299, in main
    rclpy.shutdown()
  File "/opt/ros/humble/local/lib/python3.10/dist-packages/rclpy/__init__.py", line 130, in shutdown
    _shutdown(context=context)
  File "/opt/ros/humble/local/lib/python3.10/dist-packages/rclpy/utilities.py", line 58, in shutdown
    return context.shutdown()
  File "/opt/ros/humble/local/lib/python3.10/dist-packages/rclpy/context.py", line 102, in shutdown
    self.__context.shutdown()
rclpy._rclpy_pybind11.RCLError: failed to shutdown: rcl_shutdown already called on the given context, at ./src/rcl/init.c:241

--- executor_robot1.log ---
[INFO] [1787695563.536910416] [robot1.fragment_exec_node]: Setting up skill: PickSkill
[INFO] [1787695563.537950337] [robot1.fragment_exec_node]: Setting up skill: ScanSkill
[INFO] [1787695563.538597320] [robot1.fragment_exec_node]: Setting up skill: NavigateSkill
[INFO] [1787695563.539148848] [robot1.fragment_exec_node]: Setting up skill: NavigateSkill
[INFO] [1787695563.539801765] [robot1.fragment_exec_node]: Setting up skill: DockSkill
[INFO] [1787695563.540388677] [robot1.fragment_exec_node]: Setting up skill: UndockSkill
[INFO] [1787695563.541046683] [robot1.fragment_exec_node]: Setting up skill: PackSkill
[INFO] [1787695563.547069465] [robot1.fragment_exec_node]: Published robot registration: {'name': 'robot1', 'operational_state': 'idle', 'capabilities': ['pick', 'scan', 'transport', 'pack'], 'state': {'position': {'x': 0.0, 'y': 0.0, 'z': 0.0}, 'docked': True, 'battery': 100.0, 'conditions': []}}
[INFO] [1787695577.717705706] [robot1.fragment_exec_node]: Received fragment: {'robot': 'robot1', 'fragment': {'id': 'f2-1', 'mission': 'm2', 'state': 'assigned', 'wait': [], 'tasks': [{'name': 'pick', 'params': {'weight': 5, 'x': 2, 'y': 3}}], 'arrive_timestamp': 1787695575, 'priority': 1, 'segment': 's1', 'preconditions': [], 'postconditions': ['picked-o1-2']}}
[INFO] [1787695577.720530980] [robot1.fragment_exec_node]: Received fragment: {'robot': 'robot4', 'fragment': {'id': 'f2-4', 'mission': 'm2', 'state': 'assigned', 'wait': [], 'tasks': [{'name': 'pick', 'params': {'weight': 7, 'x': 9, 'y': 5}}], 'arrive_timestamp': 1787695575, 'priority': 1, 'segment': 's2', 'preconditions': [], 'postconditions': ['picked-o2-2']}}
[INFO] [1787695577.724091629] [robot1.fragment_exec_node]: Received fragment: {'robot': 'robot2', 'fragment': {'id': 'f3-1', 'mission': 'm3', 'state': 'assigned', 'wait': [], 'tasks': [{'name': 'pick', 'params': {'weight': 3, 'x': 7, 'y': 3}}], 'arrive_timestamp': 1787695576, 'priority': 1, 'segment': 's1', 'preconditions': [], 'postconditions': ['picked-o1-3']}}
[INFO] [1787695577.727571765] [robot1.fragment_exec_node]: Received fragment: {'robot': 'robot6', 'fragment': {'id': 'f3-4', 'mission': 'm3', 'state': 'assigned', 'wait': [], 'tasks': [{'name': 'pick', 'params': {'weight': 5, 'x': 2, 'y': 3}}], 'arrive_timestamp': 1787695576, 'priority': 1, 'segment': 's2', 'preconditions': [], 'postconditions': ['picked-o2-3']}}
[INFO] [1787695577.729006338] [robot1.fragment_exec_node]: Received fragment: {'robot': 'robot5', 'fragment': {'id': 'f3-7', 'mission': 'm3', 'state': 'assigned', 'wait': [], 'tasks': [{'name': 'pick', 'params': {'weight': 2, 'x': 1, 'y': 9}}], 'arrive_timestamp': 1787695576, 'priority': 1, 'segment': 's3', 'preconditions': [], 'postconditions': ['picked-o3-3']}}
[INFO] [1787695577.729813948] [robot1.fragment_exec_node]: Received fragment assignment: f2-1. Starting execution.
[INFO] [1787695577.730865587] [robot1.fragment_exec_node]: Executing task pick. Params: {'weight': 5, 'x': 2, 'y': 3}, Virtual state: {'position': {'x': 0.0, 'y': 0.0, 'z': 0.0}, 'docked': True, 'battery': 100.0, 'conditions': []}
[INFO] [1787695577.731667177] [robot1.fragment_exec_node]: EventType: Control (Task: pick), Activity: undock, Robot: robot1, Mission: m2, Segment: s1, Start: 21594.735720409
[INFO] [1787695577.732396593] [robot1.fragment_exec_node]: Simulating undock skill...
[INFO] [1787695581.734833507] [robot1.fragment_exec_node]: Undock completed!
[INFO] [1787695581.737680417] [robot1.fragment_exec_node]: EventType: Control (Task: pick), Activity: undock, Robot: robot1, Mission: m2, Segment: s1, End: 21598.740288089
[INFO] [1787695581.739150562] [robot1.fragment_exec_node]: EventType: Control (Task: pick), Activity: navigate, Robot: robot1, Mission: m2, Segment: s1, Start: 21598.742734834
[INFO] [1787695581.740582534] [robot1.fragment_exec_node]: Simulating navigate skill from position (0.0, 0.0) to (2, 3) (7.211102550927978 seconds)...
[INFO] [1787695588.953733562] [robot1.fragment_exec_node]: Navigation completed!
[INFO] [1787695588.955510529] [robot1.fragment_exec_node]: EventType: Control (Task: pick), Activity: navigate, Robot: robot1, Mission: m2, Segment: s1, End: 21605.958900824
[INFO] [1787695588.957881113] [robot1.fragment_exec_node]: EventType: Task, Activity: pick, Robot: robot1, Mission: m2, Segment: s1, Start: 21605.961465398
[INFO] [1787695588.959350609] [robot1.fragment_exec_node]: Simulating pick skill...
[INFO] [1787695593.964403861] [robot1.fragment_exec_node]: Pick completed!
[INFO] [1787695593.966311438] [robot1.fragment_exec_node]: EventType: Task, Activity: pick, Robot: robot1, Mission: m2, Segment: s1, End: 21610.970284003
[INFO] [1787695593.968871543] [robot1.fragment_exec_node]: Execution of fragment f2-1 completed!
[INFO] [1787695594.695659169] [robot1.fragment_exec_node]: Received fragment: {'robot': 'robot6', 'fragment': {'id': 'f2-2', 'mission': 'm2', 'state': 'assigned', 'wait': ['m2/s1/pick'], 'tasks': [{'name': 'scan', 'params': {'x': 2, 'y': 3}}], 'arrive_timestamp': 1787695575, 'priority': 1, 'segment': 's1', 'preconditions': [], 'postconditions': []}}
[INFO] [1787695594.701609630] [robot1.fragment_exec_node]: Received fragment: {'robot': 'robot3', 'fragment': {'id': 'f3-5', 'mission': 'm3', 'state': 'assigned', 'wait': ['m3/s2/pick'], 'tasks': [{'name': 'scan', 'params': {'x': 2, 'y': 3}}], 'arrive_timestamp': 1787695576, 'priority': 1, 'segment': 's2', 'preconditions': [], 'postconditions': []}}
[INFO] [1787695598.698367526] [robot1.fragment_exec_node]: Received fragment: {'robot': 'robot6', 'fragment': {'id': 'f2-3', 'mission': 'm2', 'state': 'assigned', 'wait': ['m2/s1/scan'], 'tasks': [{'name': 'transport', 'params': {'x': 11, 'y': 6}}], 'arrive_timestamp': 1787695575, 'priority': 1, 'segment': 's1', 'preconditions': [], 'postconditions': []}}
[INFO] [1787695600.694414300] [robot1.fragment_exec_node]: Received fragment: {'robot': 'robot2', 'fragment': {'id': 'f3-2', 'mission': 'm3', 'state': 'assigned', 'wait': ['m3/s1/pick'], 'tasks': [{'name': 'scan', 'params': {'x': 7, 'y': 3}}], 'arrive_timestamp': 1787695576, 'priority': 1, 'segment': 's1', 'preconditions': [], 'postconditions': []}}
[INFO] [1787695602.695936250] [robot1.fragment_exec_node]: Received fragment: {'robot': 'robot5', 'fragment': {'id': 'f3-8', 'mission': 'm3', 'state': 'assigned', 'wait': ['m3/s3/pick'], 'tasks': [{'name': 'scan', 'params': {'x': 1, 'y': 9}}], 'arrive_timestamp': 1787695576, 'priority': 1, 'segment': 's3', 'preconditions': [], 'postconditions': []}}
[INFO] [1787695604.691446662] [robot1.fragment_exec_node]: Received fragment: {'robot': 'robot2', 'fragment': {'id': 'f3-3', 'mission': 'm3', 'state': 'assigned', 'wait': ['m3/s1/scan'], 'tasks': [{'name': 'transport', 'params': {'x': 11, 'y': 6}}], 'arrive_timestamp': 1787695576, 'priority': 1, 'segment': 's1', 'preconditions': ['picked-o1-3'], 'postconditions': []}}
[INFO] [1787695606.691204328] [robot1.fragment_exec_node]: Received fragment: {'robot': 'robot5', 'fragment': {'id': 'f3-9', 'mission': 'm3', 'state': 'assigned', 'wait': ['m3/s3/scan'], 'tasks': [{'name': 'transport', 'params': {'x': 11, 'y': 6}}], 'arrive_timestamp': 1787695576, 'priority': 1, 'segment': 's3', 'preconditions': ['picked-o3-3'], 'postconditions': []}}
[INFO] [1787695609.696988929] [robot1.fragment_exec_node]: Received fragment: {'robot': 'robot1', 'fragment': {'id': 'f2-5', 'mission': 'm2', 'state': 'assigned', 'wait': ['m2/s2/pick'], 'tasks': [{'name': 'scan', 'params': {'x': 9, 'y': 5}}], 'arrive_timestamp': 1787695575, 'priority': 1, 'segment': 's2', 'preconditions': [], 'postconditions': []}}
[INFO] [1787695609.699111891] [robot1.fragment_exec_node]: Received fragment assignment: f2-5. Starting execution.
[INFO] [1787695609.701128493] [robot1.fragment_exec_node]: Waiting for coordination messages before executing fragment f2-5: ['m2/s2/pick']
[INFO] [1787695611.706722585] [robot1.fragment_exec_node]: Executing task scan. Params: {'x': 9, 'y': 5}, Virtual state: {'position': {'x': 2, 'y': 3, 'z': 0.0}, 'docked': False, 'battery': 100.0, 'conditions': ['picked-o1-2']}
[INFO] [1787695611.709520204] [robot1.fragment_exec_node]: EventType: Control (Task: scan), Activity: navigate, Robot: robot1, Mission: m2, Segment: s2, Start: 21628.71277157
[INFO] [1787695611.712660358] [robot1.fragment_exec_node]: Simulating navigate skill from position (2, 3) to (9, 5) (15.231546211727817 seconds)...
[INFO] [1787695626.946220993] [robot1.fragment_exec_node]: Navigation completed!
[INFO] [1787695626.947196378] [robot1.fragment_exec_node]: EventType: Control (Task: scan), Activity: navigate, Robot: robot1, Mission: m2, Segment: s2, End: 21643.952459513
[INFO] [1787695626.947886220] [robot1.fragment_exec_node]: EventType: Task, Activity: scan, Robot: robot1, Mission: m2, Segment: s2, Start: 21643.953161565
[INFO] [1787695626.948518369] [robot1.fragment_exec_node]: Simulating scan skill...
[INFO] [1787695628.705609336] [robot1.fragment_exec_node]: Received fragment: {'robot': 'robot6', 'fragment': {'id': 'f3-6', 'mission': 'm3', 'state': 'assigned', 'wait': ['m3/s2/scan'], 'tasks': [{'name': 'transport', 'params': {'x': 11, 'y': 6}}], 'arrive_timestamp': 1787695576, 'priority': 1, 'segment': 's2', 'preconditions': ['picked-o2-3'], 'postconditions': []}}
[INFO] [1787695629.952286334] [robot1.fragment_exec_node]: Scan completed!
[INFO] [1787695629.954501503] [robot1.fragment_exec_node]: EventType: Task, Activity: scan, Robot: robot1, Mission: m2, Segment: s2, End: 21646.958874908
[INFO] [1787695629.956923728] [robot1.fragment_exec_node]: Execution of fragment f2-5 completed!
[INFO] [1787695630.691211260] [robot1.fragment_exec_node]: Received fragment: {'robot': 'robot4', 'fragment': {'id': 'f2-6', 'mission': 'm2', 'state': 'assigned', 'wait': ['m2/s2/scan'], 'tasks': [{'name': 'transport', 'params': {'x': 11, 'y': 6}}], 'arrive_timestamp': 1787695575, 'priority': 1, 'segment': 's2', 'preconditions': ['picked-o2-2'], 'postconditions': []}}
[INFO] [1787695639.690996212] [robot1.fragment_exec_node]: Received fragment: {'robot': 'robot2', 'fragment': {'id': 'f3-10', 'mission': 'm3', 'state': 'assigned', 'wait': ['m3/s1/transport', 'm3/s2/transport', 'm3/s3/transport'], 'tasks': [{'name': 'pack', 'params': {'x': 2, 'y': 3, 'items': 3}}], 'arrive_timestamp': 1787695576, 'priority': 1, 'segment': '', 'preconditions': [], 'postconditions': []}}
[INFO] [1787695648.701160313] [robot1.fragment_exec_node]: Received fragment: {'robot': 'robot5', 'fragment': {'id': 'f2-7', 'mission': 'm2', 'state': 'assigned', 'wait': ['m2/s1/transport', 'm2/s2/transport'], 'tasks': [{'name': 'pack', 'params': {'x': 11, 'y': 6, 'items': 2}}], 'arrive_timestamp': 1787695575, 'priority': 1, 'segment': '', 'preconditions': [], 'postconditions': []}}
Traceback (most recent call last):
  File "/root/ros2_ws/install/multi3_executor/lib/multi3_executor/executor", line 33, in <module>
    sys.exit(load_entry_point('multi3-executor==0.0.0', 'console_scripts', 'executor')())
  File "/root/ros2_ws/install/multi3_executor/lib/python3.10/site-packages/multi3_executor/nodes/executor.py", line 236, in main
    rclpy.shutdown()
  File "/opt/ros/humble/local/lib/python3.10/dist-packages/rclpy/__init__.py", line 130, in shutdown
    _shutdown(context=context)
  File "/opt/ros/humble/local/lib/python3.10/dist-packages/rclpy/utilities.py", line 58, in shutdown
    return context.shutdown()
  File "/opt/ros/humble/local/lib/python3.10/dist-packages/rclpy/context.py", line 102, in shutdown
    self.__context.shutdown()
rclpy._rclpy_pybind11.RCLError: failed to shutdown: rcl_shutdown already called on the given context, at ./src/rcl/init.c:241

--- executor_robot2.log ---
[INFO] [1787695565.896695556] [robot2.fragment_exec_node]: Setting up skill: PickSkill
[INFO] [1787695565.897698706] [robot2.fragment_exec_node]: Setting up skill: ScanSkill
[INFO] [1787695565.898329325] [robot2.fragment_exec_node]: Setting up skill: NavigateSkill
[INFO] [1787695565.898906603] [robot2.fragment_exec_node]: Setting up skill: NavigateSkill
[INFO] [1787695565.899459656] [robot2.fragment_exec_node]: Setting up skill: DockSkill
[INFO] [1787695565.900000837] [robot2.fragment_exec_node]: Setting up skill: UndockSkill
[INFO] [1787695565.900558364] [robot2.fragment_exec_node]: Setting up skill: PackSkill
[INFO] [1787695565.906581055] [robot2.fragment_exec_node]: Published robot registration: {'name': 'robot2', 'operational_state': 'idle', 'capabilities': ['pick', 'scan', 'transport', 'pack'], 'state': {'position': {'x': 0.0, 'y': 0.0, 'z': 0.0}, 'docked': True, 'battery': 100.0, 'conditions': []}}
[INFO] [1787695577.702793839] [robot2.fragment_exec_node]: Received fragment: {'robot': 'robot4', 'fragment': {'id': 'f2-4', 'mission': 'm2', 'state': 'assigned', 'wait': [], 'tasks': [{'name': 'pick', 'params': {'weight': 7, 'x': 9, 'y': 5}}], 'arrive_timestamp': 1787695575, 'priority': 1, 'segment': 's2', 'preconditions': [], 'postconditions': ['picked-o2-2']}}
[INFO] [1787695577.711118592] [robot2.fragment_exec_node]: Received fragment: {'robot': 'robot1', 'fragment': {'id': 'f2-1', 'mission': 'm2', 'state': 'assigned', 'wait': [], 'tasks': [{'name': 'pick', 'params': {'weight': 5, 'x': 2, 'y': 3}}], 'arrive_timestamp': 1787695575, 'priority': 1, 'segment': 's1', 'preconditions': [], 'postconditions': ['picked-o1-2']}}
[INFO] [1787695577.717221803] [robot2.fragment_exec_node]: Received fragment: {'robot': 'robot6', 'fragment': {'id': 'f3-4', 'mission': 'm3', 'state': 'assigned', 'wait': [], 'tasks': [{'name': 'pick', 'params': {'weight': 5, 'x': 2, 'y': 3}}], 'arrive_timestamp': 1787695576, 'priority': 1, 'segment': 's2', 'preconditions': [], 'postconditions': ['picked-o2-3']}}
[INFO] [1787695577.718583692] [robot2.fragment_exec_node]: Received fragment: {'robot': 'robot5', 'fragment': {'id': 'f3-7', 'mission': 'm3', 'state': 'assigned', 'wait': [], 'tasks': [{'name': 'pick', 'params': {'weight': 2, 'x': 1, 'y': 9}}], 'arrive_timestamp': 1787695576, 'priority': 1, 'segment': 's3', 'preconditions': [], 'postconditions': ['picked-o3-3']}}
[INFO] [1787695577.719514895] [robot2.fragment_exec_node]: Received fragment: {'robot': 'robot2', 'fragment': {'id': 'f3-1', 'mission': 'm3', 'state': 'assigned', 'wait': [], 'tasks': [{'name': 'pick', 'params': {'weight': 3, 'x': 7, 'y': 3}}], 'arrive_timestamp': 1787695576, 'priority': 1, 'segment': 's1', 'preconditions': [], 'postconditions': ['picked-o1-3']}}
[INFO] [1787695577.721872462] [robot2.fragment_exec_node]: Received fragment assignment: f3-1. Starting execution.
[INFO] [1787695577.723211135] [robot2.fragment_exec_node]: Executing task pick. Params: {'weight': 3, 'x': 7, 'y': 3}, Virtual state: {'position': {'x': 0.0, 'y': 0.0, 'z': 0.0}, 'docked': True, 'battery': 100.0, 'conditions': []}
[INFO] [1787695577.724360202] [robot2.fragment_exec_node]: EventType: Control (Task: pick), Activity: undock, Robot: robot2, Mission: m3, Segment: s1, Start: 21594.728154041
[INFO] [1787695577.725292151] [robot2.fragment_exec_node]: Simulating undock skill...
[INFO] [1787695581.729566698] [robot2.fragment_exec_node]: Undock completed!
[INFO] [1787695581.732212806] [robot2.fragment_exec_node]: EventType: Control (Task: pick), Activity: undock, Robot: robot2, Mission: m3, Segment: s1, End: 21598.735256985
[INFO] [1787695581.734530841] [robot2.fragment_exec_node]: EventType: Control (Task: pick), Activity: navigate, Robot: robot2, Mission: m3, Segment: s1, Start: 21598.737482441
[INFO] [1787695581.736567899] [robot2.fragment_exec_node]: Simulating navigate skill from position (0.0, 0.0) to (7, 3) (15.231546211727817 seconds)...
[INFO] [1787695594.711029411] [robot2.fragment_exec_node]: Received fragment: {'robot': 'robot6', 'fragment': {'id': 'f2-2', 'mission': 'm2', 'state': 'assigned', 'wait': ['m2/s1/pick'], 'tasks': [{'name': 'scan', 'params': {'x': 2, 'y': 3}}], 'arrive_timestamp': 1787695575, 'priority': 1, 'segment': 's1', 'preconditions': [], 'postconditions': []}}
[INFO] [1787695594.713112949] [robot2.fragment_exec_node]: Received fragment: {'robot': 'robot3', 'fragment': {'id': 'f3-5', 'mission': 'm3', 'state': 'assigned', 'wait': ['m3/s2/pick'], 'tasks': [{'name': 'scan', 'params': {'x': 2, 'y': 3}}], 'arrive_timestamp': 1787695576, 'priority': 1, 'segment': 's2', 'preconditions': [], 'postconditions': []}}
[INFO] [1787695596.969623501] [robot2.fragment_exec_node]: Navigation completed!
[INFO] [1787695596.970580460] [robot2.fragment_exec_node]: EventType: Control (Task: pick), Activity: navigate, Robot: robot2, Mission: m3, Segment: s1, End: 21613.975316039
[INFO] [1787695596.971274025] [robot2.fragment_exec_node]: EventType: Task, Activity: pick, Robot: robot2, Mission: m3, Segment: s1, Start: 21613.976102506
[INFO] [1787695596.971754381] [robot2.fragment_exec_node]: Simulating pick skill...
[INFO] [1787695598.704471910] [robot2.fragment_exec_node]: Received fragment: {'robot': 'robot6', 'fragment': {'id': 'f2-3', 'mission': 'm2', 'state': 'assigned', 'wait': ['m2/s1/scan'], 'tasks': [{'name': 'transport', 'params': {'x': 11, 'y': 6}}], 'arrive_timestamp': 1787695575, 'priority': 1, 'segment': 's1', 'preconditions': [], 'postconditions': []}}
[INFO] [1787695599.975333185] [robot2.fragment_exec_node]: Pick completed!
[INFO] [1787695599.977801312] [robot2.fragment_exec_node]: EventType: Task, Activity: pick, Robot: robot2, Mission: m3, Segment: s1, End: 21616.981646439
[INFO] [1787695599.980628848] [robot2.fragment_exec_node]: Execution of fragment f3-1 completed!
[INFO] [1787695600.708285692] [robot2.fragment_exec_node]: Received fragment: {'robot': 'robot2', 'fragment': {'id': 'f3-2', 'mission': 'm3', 'state': 'assigned', 'wait': ['m3/s1/pick'], 'tasks': [{'name': 'scan', 'params': {'x': 7, 'y': 3}}], 'arrive_timestamp': 1787695576, 'priority': 1, 'segment': 's1', 'preconditions': [], 'postconditions': []}}
[INFO] [1787695600.709320640] [robot2.fragment_exec_node]: Received fragment assignment: f3-2. Starting execution.
[INFO] [1787695600.710448545] [robot2.fragment_exec_node]: Executing task scan. Params: {'x': 7, 'y': 3}, Virtual state: {'position': {'x': 7, 'y': 3, 'z': 0.0}, 'docked': False, 'battery': 100.0, 'conditions': ['picked-o1-3']}
[INFO] [1787695600.711338100] [robot2.fragment_exec_node]: EventType: Task, Activity: scan, Robot: robot2, Mission: m3, Segment: s1, Start: 21617.715955639
[INFO] [1787695600.712619063] [robot2.fragment_exec_node]: Simulating scan skill...
[INFO] [1787695602.699670479] [robot2.fragment_exec_node]: Received fragment: {'robot': 'robot5', 'fragment': {'id': 'f3-8', 'mission': 'm3', 'state': 'assigned', 'wait': ['m3/s3/pick'], 'tasks': [{'name': 'scan', 'params': {'x': 1, 'y': 9}}], 'arrive_timestamp': 1787695576, 'priority': 1, 'segment': 's3', 'preconditions': [], 'postconditions': []}}
[INFO] [1787695603.714991578] [robot2.fragment_exec_node]: Scan completed!
[INFO] [1787695603.715745331] [robot2.fragment_exec_node]: EventType: Task, Activity: scan, Robot: robot2, Mission: m3, Segment: s1, End: 21620.720478566
[INFO] [1787695603.716759048] [robot2.fragment_exec_node]: Execution of fragment f3-2 completed!
[INFO] [1787695604.690123293] [robot2.fragment_exec_node]: Received fragment: {'robot': 'robot2', 'fragment': {'id': 'f3-3', 'mission': 'm3', 'state': 'assigned', 'wait': ['m3/s1/scan'], 'tasks': [{'name': 'transport', 'params': {'x': 11, 'y': 6}}], 'arrive_timestamp': 1787695576, 'priority': 1, 'segment': 's1', 'preconditions': ['picked-o1-3'], 'postconditions': []}}
[INFO] [1787695604.691837822] [robot2.fragment_exec_node]: Received fragment assignment: f3-3. Starting execution.
[INFO] [1787695604.693405979] [robot2.fragment_exec_node]: Executing task transport. Params: {'x': 11, 'y': 6}, Virtual state: {'position': {'x': 7, 'y': 3, 'z': 0.0}, 'docked': False, 'battery': 100.0, 'conditions': ['picked-o1-3']}
[INFO] [1787695604.694450151] [robot2.fragment_exec_node]: EventType: Control (Task: transport), Activity: navigate, Robot: robot2, Mission: m3, Segment: s1, Start: 21621.698930545
[INFO] [1787695604.695450699] [robot2.fragment_exec_node]: Simulating navigate skill from position (7, 3) to (11, 6) (8.246211251235321 seconds)...
[INFO] [1787695606.688685467] [robot2.fragment_exec_node]: Received fragment: {'robot': 'robot5', 'fragment': {'id': 'f3-9', 'mission': 'm3', 'state': 'assigned', 'wait': ['m3/s3/scan'], 'tasks': [{'name': 'transport', 'params': {'x': 11, 'y': 6}}], 'arrive_timestamp': 1787695576, 'priority': 1, 'segment': 's3', 'preconditions': ['picked-o3-3'], 'postconditions': []}}
[INFO] [1787695609.698579500] [robot2.fragment_exec_node]: Received fragment: {'robot': 'robot1', 'fragment': {'id': 'f2-5', 'mission': 'm2', 'state': 'assigned', 'wait': ['m2/s2/pick'], 'tasks': [{'name': 'scan', 'params': {'x': 9, 'y': 5}}], 'arrive_timestamp': 1787695575, 'priority': 1, 'segment': 's2', 'preconditions': [], 'postconditions': []}}
[INFO] [1787695612.945483925] [robot2.fragment_exec_node]: Navigation completed!
[INFO] [1787695612.948034858] [robot2.fragment_exec_node]: EventType: Control (Task: transport), Activity: navigate, Robot: robot2, Mission: m3, Segment: s1, End: 21629.951877333
[INFO] [1787695612.950262108] [robot2.fragment_exec_node]: EventType: Task, Activity: transport, Robot: robot2, Mission: m3, Segment: s1, Start: 21629.954034492
[INFO] [1787695612.951841516] [robot2.fragment_exec_node]: Simulating navigate skill from position (11, 6) to (11, 6) (10.0 seconds)...
[INFO] [1787695622.955007331] [robot2.fragment_exec_node]: Navigation completed!
[INFO] [1787695622.957244492] [robot2.fragment_exec_node]: EventType: Task, Activity: transport, Robot: robot2, Mission: m3, Segment: s1, End: 21639.961904126
[INFO] [1787695622.961749659] [robot2.fragment_exec_node]: Execution of fragment f3-3 completed!
[INFO] [1787695628.702885210] [robot2.fragment_exec_node]: Received fragment: {'robot': 'robot6', 'fragment': {'id': 'f3-6', 'mission': 'm3', 'state': 'assigned', 'wait': ['m3/s2/scan'], 'tasks': [{'name': 'transport', 'params': {'x': 11, 'y': 6}}], 'arrive_timestamp': 1787695576, 'priority': 1, 'segment': 's2', 'preconditions': ['picked-o2-3'], 'postconditions': []}}
[INFO] [1787695630.687168898] [robot2.fragment_exec_node]: Received fragment: {'robot': 'robot4', 'fragment': {'id': 'f2-6', 'mission': 'm2', 'state': 'assigned', 'wait': ['m2/s2/scan'], 'tasks': [{'name': 'transport', 'params': {'x': 11, 'y': 6}}], 'arrive_timestamp': 1787695575, 'priority': 1, 'segment': 's2', 'preconditions': ['picked-o2-2'], 'postconditions': []}}
[INFO] [1787695639.699106809] [robot2.fragment_exec_node]: Received fragment: {'robot': 'robot2', 'fragment': {'id': 'f3-10', 'mission': 'm3', 'state': 'assigned', 'wait': ['m3/s1/transport', 'm3/s2/transport', 'm3/s3/transport'], 'tasks': [{'name': 'pack', 'params': {'x': 2, 'y': 3, 'items': 3}}], 'arrive_timestamp': 1787695576, 'priority': 1, 'segment': '', 'preconditions': [], 'postconditions': []}}
[INFO] [1787695639.700771738] [robot2.fragment_exec_node]: Received fragment assignment: f3-10. Starting execution.
[INFO] [1787695639.702748231] [robot2.fragment_exec_node]: Waiting for coordination messages before executing fragment f3-10: ['m3/s1/transport', 'm3/s2/transport', 'm3/s3/transport']
[INFO] [1787695641.707127506] [robot2.fragment_exec_node]: Executing task pack. Params: {'x': 2, 'y': 3, 'items': 3}, Virtual state: {'position': {'x': 11, 'y': 6, 'z': 0.0}, 'docked': False, 'battery': 100.0, 'conditions': ['picked-o1-3']}
[INFO] [1787695641.708863459] [robot2.fragment_exec_node]: EventType: Control (Task: pack), Activity: navigate, Robot: robot2, Mission: m3, Segment: , Start: 21658.713625031
[INFO] [1787695641.710175035] [robot2.fragment_exec_node]: Simulating navigate skill from position (11, 6) to (2, 3) (24.08318915758459 seconds)...
[INFO] [1787695648.721249764] [robot2.fragment_exec_node]: Received fragment: {'robot': 'robot5', 'fragment': {'id': 'f2-7', 'mission': 'm2', 'state': 'assigned', 'wait': ['m2/s1/transport', 'm2/s2/transport'], 'tasks': [{'name': 'pack', 'params': {'x': 11, 'y': 6, 'items': 2}}], 'arrive_timestamp': 1787695575, 'priority': 1, 'segment': '', 'preconditions': [], 'postconditions': []}}
[INFO] [1787695665.795986989] [robot2.fragment_exec_node]: Navigation completed!
[INFO] [1787695665.798267688] [robot2.fragment_exec_node]: EventType: Control (Task: pack), Activity: navigate, Robot: robot2, Mission: m3, Segment: , End: 21682.802922133
[INFO] [1787695665.799971822] [robot2.fragment_exec_node]: EventType: Task, Activity: pack, Robot: robot2, Mission: m3, Segment: , Start: 21682.804627046
[INFO] [1787695665.801316910] [robot2.fragment_exec_node]: Simulating pack skill...
[INFO] [1787695683.803933440] [robot2.fragment_exec_node]: Packing completed!
[INFO] [1787695683.808411439] [robot2.fragment_exec_node]: EventType: Task, Activity: pack, Robot: robot2, Mission: m3, Segment: , End: 21700.81179755
[INFO] [1787695683.813188923] [robot2.fragment_exec_node]: Execution of fragment f3-10 completed!
Traceback (most recent call last):
  File "/root/ros2_ws/install/multi3_executor/lib/multi3_executor/executor", line 33, in <module>
    sys.exit(load_entry_point('multi3-executor==0.0.0', 'console_scripts', 'executor')())
  File "/root/ros2_ws/install/multi3_executor/lib/python3.10/site-packages/multi3_executor/nodes/executor.py", line 236, in main
    rclpy.shutdown()
  File "/opt/ros/humble/local/lib/python3.10/dist-packages/rclpy/__init__.py", line 130, in shutdown
    _shutdown(context=context)
  File "/opt/ros/humble/local/lib/python3.10/dist-packages/rclpy/utilities.py", line 58, in shutdown
    return context.shutdown()
  File "/opt/ros/humble/local/lib/python3.10/dist-packages/rclpy/context.py", line 102, in shutdown
    self.__context.shutdown()
rclpy._rclpy_pybind11.RCLError: failed to shutdown: rcl_shutdown already called on the given context, at ./src/rcl/init.c:241

--- executor_robot3.log ---
[INFO] [1787695567.918397722] [robot3.fragment_exec_node]: Setting up skill: PickSkill
[INFO] [1787695567.919517174] [robot3.fragment_exec_node]: Setting up skill: ScanSkill
[INFO] [1787695567.920196063] [robot3.fragment_exec_node]: Setting up skill: NavigateSkill
[INFO] [1787695567.920796545] [robot3.fragment_exec_node]: Setting up skill: NavigateSkill
[INFO] [1787695567.921429634] [robot3.fragment_exec_node]: Setting up skill: DockSkill
[INFO] [1787695567.921959248] [robot3.fragment_exec_node]: Setting up skill: UndockSkill
[INFO] [1787695567.922540548] [robot3.fragment_exec_node]: Setting up skill: PackSkill
[INFO] [1787695567.929306085] [robot3.fragment_exec_node]: Published robot registration: {'name': 'robot3', 'operational_state': 'idle', 'capabilities': ['pick', 'scan', 'transport', 'pack'], 'state': {'position': {'x': 0.0, 'y': 0.0, 'z': 0.0}, 'docked': True, 'battery': 100.0, 'conditions': []}}
[INFO] [1787695577.714720261] [robot3.fragment_exec_node]: Received fragment: {'robot': 'robot4', 'fragment': {'id': 'f2-4', 'mission': 'm2', 'state': 'assigned', 'wait': [], 'tasks': [{'name': 'pick', 'params': {'weight': 7, 'x': 9, 'y': 5}}], 'arrive_timestamp': 1787695575, 'priority': 1, 'segment': 's2', 'preconditions': [], 'postconditions': ['picked-o2-2']}}
[INFO] [1787695577.719168646] [robot3.fragment_exec_node]: Received fragment: {'robot': 'robot6', 'fragment': {'id': 'f3-4', 'mission': 'm3', 'state': 'assigned', 'wait': [], 'tasks': [{'name': 'pick', 'params': {'weight': 5, 'x': 2, 'y': 3}}], 'arrive_timestamp': 1787695576, 'priority': 1, 'segment': 's2', 'preconditions': [], 'postconditions': ['picked-o2-3']}}
[INFO] [1787695577.720482129] [robot3.fragment_exec_node]: Received fragment: {'robot': 'robot2', 'fragment': {'id': 'f3-1', 'mission': 'm3', 'state': 'assigned', 'wait': [], 'tasks': [{'name': 'pick', 'params': {'weight': 3, 'x': 7, 'y': 3}}], 'arrive_timestamp': 1787695576, 'priority': 1, 'segment': 's1', 'preconditions': [], 'postconditions': ['picked-o1-3']}}
[INFO] [1787695577.721764145] [robot3.fragment_exec_node]: Received fragment: {'robot': 'robot1', 'fragment': {'id': 'f2-1', 'mission': 'm2', 'state': 'assigned', 'wait': [], 'tasks': [{'name': 'pick', 'params': {'weight': 5, 'x': 2, 'y': 3}}], 'arrive_timestamp': 1787695575, 'priority': 1, 'segment': 's1', 'preconditions': [], 'postconditions': ['picked-o1-2']}}
[INFO] [1787695577.723630297] [robot3.fragment_exec_node]: Received fragment: {'robot': 'robot5', 'fragment': {'id': 'f3-7', 'mission': 'm3', 'state': 'assigned', 'wait': [], 'tasks': [{'name': 'pick', 'params': {'weight': 2, 'x': 1, 'y': 9}}], 'arrive_timestamp': 1787695576, 'priority': 1, 'segment': 's3', 'preconditions': [], 'postconditions': ['picked-o3-3']}}
[INFO] [1787695594.703557047] [robot3.fragment_exec_node]: Received fragment: {'robot': 'robot3', 'fragment': {'id': 'f3-5', 'mission': 'm3', 'state': 'assigned', 'wait': ['m3/s2/pick'], 'tasks': [{'name': 'scan', 'params': {'x': 2, 'y': 3}}], 'arrive_timestamp': 1787695576, 'priority': 1, 'segment': 's2', 'preconditions': [], 'postconditions': []}}
[INFO] [1787695594.704424441] [robot3.fragment_exec_node]: Received fragment: {'robot': 'robot6', 'fragment': {'id': 'f2-2', 'mission': 'm2', 'state': 'assigned', 'wait': ['m2/s1/pick'], 'tasks': [{'name': 'scan', 'params': {'x': 2, 'y': 3}}], 'arrive_timestamp': 1787695575, 'priority': 1, 'segment': 's1', 'preconditions': [], 'postconditions': []}}
[INFO] [1787695594.706844273] [robot3.fragment_exec_node]: Received fragment assignment: f3-5. Starting execution.
[INFO] [1787695594.708751529] [robot3.fragment_exec_node]: Executing task scan. Params: {'x': 2, 'y': 3}, Virtual state: {'position': {'x': 0.0, 'y': 0.0, 'z': 0.0}, 'docked': True, 'battery': 100.0, 'conditions': []}
[INFO] [1787695594.709995440] [robot3.fragment_exec_node]: EventType: Control (Task: scan), Activity: undock, Robot: robot3, Mission: m3, Segment: s2, Start: 21611.714231597
[INFO] [1787695594.710808323] [robot3.fragment_exec_node]: Simulating undock skill...
[INFO] [1787695598.695802449] [robot3.fragment_exec_node]: Received fragment: {'robot': 'robot6', 'fragment': {'id': 'f2-3', 'mission': 'm2', 'state': 'assigned', 'wait': ['m2/s1/scan'], 'tasks': [{'name': 'transport', 'params': {'x': 11, 'y': 6}}], 'arrive_timestamp': 1787695575, 'priority': 1, 'segment': 's1', 'preconditions': [], 'postconditions': []}}
[INFO] [1787695598.713448497] [robot3.fragment_exec_node]: Undock completed!
[INFO] [1787695598.714642013] [robot3.fragment_exec_node]: EventType: Control (Task: scan), Activity: undock, Robot: robot3, Mission: m3, Segment: s2, End: 21615.719160311
[INFO] [1787695598.715642185] [robot3.fragment_exec_node]: EventType: Control (Task: scan), Activity: navigate, Robot: robot3, Mission: m3, Segment: s2, Start: 21615.720077102
[INFO] [1787695598.716538686] [robot3.fragment_exec_node]: Simulating navigate skill from position (0.0, 0.0) to (2, 3) (7.211102550927978 seconds)...
[INFO] [1787695600.695880998] [robot3.fragment_exec_node]: Received fragment: {'robot': 'robot2', 'fragment': {'id': 'f3-2', 'mission': 'm3', 'state': 'assigned', 'wait': ['m3/s1/pick'], 'tasks': [{'name': 'scan', 'params': {'x': 7, 'y': 3}}], 'arrive_timestamp': 1787695576, 'priority': 1, 'segment': 's1', 'preconditions': [], 'postconditions': []}}
[INFO] [1787695602.696275431] [robot3.fragment_exec_node]: Received fragment: {'robot': 'robot5', 'fragment': {'id': 'f3-8', 'mission': 'm3', 'state': 'assigned', 'wait': ['m3/s3/pick'], 'tasks': [{'name': 'scan', 'params': {'x': 1, 'y': 9}}], 'arrive_timestamp': 1787695576, 'priority': 1, 'segment': 's3', 'preconditions': [], 'postconditions': []}}
[INFO] [1787695604.692788176] [robot3.fragment_exec_node]: Received fragment: {'robot': 'robot2', 'fragment': {'id': 'f3-3', 'mission': 'm3', 'state': 'assigned', 'wait': ['m3/s1/scan'], 'tasks': [{'name': 'transport', 'params': {'x': 11, 'y': 6}}], 'arrive_timestamp': 1787695576, 'priority': 1, 'segment': 's1', 'preconditions': ['picked-o1-3'], 'postconditions': []}}
[INFO] [1787695605.929990700] [robot3.fragment_exec_node]: Navigation completed!
[INFO] [1787695605.930780560] [robot3.fragment_exec_node]: EventType: Control (Task: scan), Activity: navigate, Robot: robot3, Mission: m3, Segment: s2, End: 21622.935476404
[INFO] [1787695605.931568286] [robot3.fragment_exec_node]: EventType: Task, Activity: scan, Robot: robot3, Mission: m3, Segment: s2, Start: 21622.936226597
[INFO] [1787695605.932429986] [robot3.fragment_exec_node]: Simulating scan skill...
[INFO] [1787695606.688667629] [robot3.fragment_exec_node]: Received fragment: {'robot': 'robot5', 'fragment': {'id': 'f3-9', 'mission': 'm3', 'state': 'assigned', 'wait': ['m3/s3/scan'], 'tasks': [{'name': 'transport', 'params': {'x': 11, 'y': 6}}], 'arrive_timestamp': 1787695576, 'priority': 1, 'segment': 's3', 'preconditions': ['picked-o3-3'], 'postconditions': []}}
[INFO] [1787695608.934911008] [robot3.fragment_exec_node]: Scan completed!
[INFO] [1787695608.936602768] [robot3.fragment_exec_node]: EventType: Task, Activity: scan, Robot: robot3, Mission: m3, Segment: s2, End: 21625.940626588
[INFO] [1787695608.938858309] [robot3.fragment_exec_node]: Execution of fragment f3-5 completed!
[INFO] [1787695609.700524641] [robot3.fragment_exec_node]: Received fragment: {'robot': 'robot1', 'fragment': {'id': 'f2-5', 'mission': 'm2', 'state': 'assigned', 'wait': ['m2/s2/pick'], 'tasks': [{'name': 'scan', 'params': {'x': 9, 'y': 5}}], 'arrive_timestamp': 1787695575, 'priority': 1, 'segment': 's2', 'preconditions': [], 'postconditions': []}}
[INFO] [1787695628.702302671] [robot3.fragment_exec_node]: Received fragment: {'robot': 'robot6', 'fragment': {'id': 'f3-6', 'mission': 'm3', 'state': 'assigned', 'wait': ['m3/s2/scan'], 'tasks': [{'name': 'transport', 'params': {'x': 11, 'y': 6}}], 'arrive_timestamp': 1787695576, 'priority': 1, 'segment': 's2', 'preconditions': ['picked-o2-3'], 'postconditions': []}}
[INFO] [1787695630.690405268] [robot3.fragment_exec_node]: Received fragment: {'robot': 'robot4', 'fragment': {'id': 'f2-6', 'mission': 'm2', 'state': 'assigned', 'wait': ['m2/s2/scan'], 'tasks': [{'name': 'transport', 'params': {'x': 11, 'y': 6}}], 'arrive_timestamp': 1787695575, 'priority': 1, 'segment': 's2', 'preconditions': ['picked-o2-2'], 'postconditions': []}}
[INFO] [1787695639.692720155] [robot3.fragment_exec_node]: Received fragment: {'robot': 'robot2', 'fragment': {'id': 'f3-10', 'mission': 'm3', 'state': 'assigned', 'wait': ['m3/s1/transport', 'm3/s2/transport', 'm3/s3/transport'], 'tasks': [{'name': 'pack', 'params': {'x': 2, 'y': 3, 'items': 3}}], 'arrive_timestamp': 1787695576, 'priority': 1, 'segment': '', 'preconditions': [], 'postconditions': []}}
[INFO] [1787695648.694847766] [robot3.fragment_exec_node]: Received fragment: {'robot': 'robot5', 'fragment': {'id': 'f2-7', 'mission': 'm2', 'state': 'assigned', 'wait': ['m2/s1/transport', 'm2/s2/transport'], 'tasks': [{'name': 'pack', 'params': {'x': 11, 'y': 6, 'items': 2}}], 'arrive_timestamp': 1787695575, 'priority': 1, 'segment': '', 'preconditions': [], 'postconditions': []}}
Traceback (most recent call last):
  File "/root/ros2_ws/install/multi3_executor/lib/multi3_executor/executor", line 33, in <module>
    sys.exit(load_entry_point('multi3-executor==0.0.0', 'console_scripts', 'executor')())
  File "/root/ros2_ws/install/multi3_executor/lib/python3.10/site-packages/multi3_executor/nodes/executor.py", line 236, in main
    rclpy.shutdown()
  File "/opt/ros/humble/local/lib/python3.10/dist-packages/rclpy/__init__.py", line 130, in shutdown
    _shutdown(context=context)
  File "/opt/ros/humble/local/lib/python3.10/dist-packages/rclpy/utilities.py", line 58, in shutdown
    return context.shutdown()
  File "/opt/ros/humble/local/lib/python3.10/dist-packages/rclpy/context.py", line 102, in shutdown
    self.__context.shutdown()
rclpy._rclpy_pybind11.RCLError: failed to shutdown: rcl_shutdown already called on the given context, at ./src/rcl/init.c:241

--- executor_robot4.log ---
[INFO] [1787695569.927449246] [robot4.fragment_exec_node]: Setting up skill: PickSkill
[INFO] [1787695569.928308918] [robot4.fragment_exec_node]: Setting up skill: ScanSkill
[INFO] [1787695569.928901474] [robot4.fragment_exec_node]: Setting up skill: NavigateSkill
[INFO] [1787695569.929295305] [robot4.fragment_exec_node]: Setting up skill: NavigateSkill
[INFO] [1787695569.929871175] [robot4.fragment_exec_node]: Setting up skill: DockSkill
[INFO] [1787695569.930330926] [robot4.fragment_exec_node]: Setting up skill: UndockSkill
[INFO] [1787695569.930866994] [robot4.fragment_exec_node]: Setting up skill: PackSkill
[INFO] [1787695569.938479588] [robot4.fragment_exec_node]: Published robot registration: {'name': 'robot4', 'operational_state': 'idle', 'capabilities': ['pick', 'scan', 'transport', 'pack'], 'state': {'position': {'x': 0.0, 'y': 0.0, 'z': 0.0}, 'docked': True, 'battery': 100.0, 'conditions': []}}
[INFO] [1787695577.701970052] [robot4.fragment_exec_node]: Received fragment: {'robot': 'robot1', 'fragment': {'id': 'f2-1', 'mission': 'm2', 'state': 'assigned', 'wait': [], 'tasks': [{'name': 'pick', 'params': {'weight': 5, 'x': 2, 'y': 3}}], 'arrive_timestamp': 1787695575, 'priority': 1, 'segment': 's1', 'preconditions': [], 'postconditions': ['picked-o1-2']}}
[INFO] [1787695577.717169364] [robot4.fragment_exec_node]: Received fragment: {'robot': 'robot2', 'fragment': {'id': 'f3-1', 'mission': 'm3', 'state': 'assigned', 'wait': [], 'tasks': [{'name': 'pick', 'params': {'weight': 3, 'x': 7, 'y': 3}}], 'arrive_timestamp': 1787695576, 'priority': 1, 'segment': 's1', 'preconditions': [], 'postconditions': ['picked-o1-3']}}
[INFO] [1787695577.722425755] [robot4.fragment_exec_node]: Received fragment: {'robot': 'robot4', 'fragment': {'id': 'f2-4', 'mission': 'm2', 'state': 'assigned', 'wait': [], 'tasks': [{'name': 'pick', 'params': {'weight': 7, 'x': 9, 'y': 5}}], 'arrive_timestamp': 1787695575, 'priority': 1, 'segment': 's2', 'preconditions': [], 'postconditions': ['picked-o2-2']}}
[INFO] [1787695577.724468762] [robot4.fragment_exec_node]: Received fragment: {'robot': 'robot6', 'fragment': {'id': 'f3-4', 'mission': 'm3', 'state': 'assigned', 'wait': [], 'tasks': [{'name': 'pick', 'params': {'weight': 5, 'x': 2, 'y': 3}}], 'arrive_timestamp': 1787695576, 'priority': 1, 'segment': 's2', 'preconditions': [], 'postconditions': ['picked-o2-3']}}
[INFO] [1787695577.725105726] [robot4.fragment_exec_node]: Received fragment: {'robot': 'robot5', 'fragment': {'id': 'f3-7', 'mission': 'm3', 'state': 'assigned', 'wait': [], 'tasks': [{'name': 'pick', 'params': {'weight': 2, 'x': 1, 'y': 9}}], 'arrive_timestamp': 1787695576, 'priority': 1, 'segment': 's3', 'preconditions': [], 'postconditions': ['picked-o3-3']}}
[INFO] [1787695577.726853831] [robot4.fragment_exec_node]: Received fragment assignment: f2-4. Starting execution.
[INFO] [1787695577.727997504] [robot4.fragment_exec_node]: Executing task pick. Params: {'weight': 7, 'x': 9, 'y': 5}, Virtual state: {'position': {'x': 0.0, 'y': 0.0, 'z': 0.0}, 'docked': True, 'battery': 100.0, 'conditions': []}
[INFO] [1787695577.728755049] [robot4.fragment_exec_node]: EventType: Control (Task: pick), Activity: undock, Robot: robot4, Mission: m2, Segment: s2, Start: 21594.732850804
[INFO] [1787695577.729391257] [robot4.fragment_exec_node]: Simulating undock skill...
[INFO] [1787695581.732900304] [robot4.fragment_exec_node]: Undock completed!
[INFO] [1787695581.734777783] [robot4.fragment_exec_node]: EventType: Control (Task: pick), Activity: undock, Robot: robot4, Mission: m2, Segment: s2, End: 21598.738345384
[INFO] [1787695581.737448543] [robot4.fragment_exec_node]: EventType: Control (Task: pick), Activity: navigate, Robot: robot4, Mission: m2, Segment: s2, Start: 21598.740271159
[INFO] [1787695581.739097682] [robot4.fragment_exec_node]: Simulating navigate skill from position (0.0, 0.0) to (9, 5) (20.591260281974 seconds)...
[INFO] [1787695594.706257297] [robot4.fragment_exec_node]: Received fragment: {'robot': 'robot6', 'fragment': {'id': 'f2-2', 'mission': 'm2', 'state': 'assigned', 'wait': ['m2/s1/pick'], 'tasks': [{'name': 'scan', 'params': {'x': 2, 'y': 3}}], 'arrive_timestamp': 1787695575, 'priority': 1, 'segment': 's1', 'preconditions': [], 'postconditions': []}}
[INFO] [1787695594.708265691] [robot4.fragment_exec_node]: Received fragment: {'robot': 'robot3', 'fragment': {'id': 'f3-5', 'mission': 'm3', 'state': 'assigned', 'wait': ['m3/s2/pick'], 'tasks': [{'name': 'scan', 'params': {'x': 2, 'y': 3}}], 'arrive_timestamp': 1787695576, 'priority': 1, 'segment': 's2', 'preconditions': [], 'postconditions': []}}
[INFO] [1787695598.703617362] [robot4.fragment_exec_node]: Received fragment: {'robot': 'robot6', 'fragment': {'id': 'f2-3', 'mission': 'm2', 'state': 'assigned', 'wait': ['m2/s1/scan'], 'tasks': [{'name': 'transport', 'params': {'x': 11, 'y': 6}}], 'arrive_timestamp': 1787695575, 'priority': 1, 'segment': 's1', 'preconditions': [], 'postconditions': []}}
[INFO] [1787695600.694500066] [robot4.fragment_exec_node]: Received fragment: {'robot': 'robot2', 'fragment': {'id': 'f3-2', 'mission': 'm3', 'state': 'assigned', 'wait': ['m3/s1/pick'], 'tasks': [{'name': 'scan', 'params': {'x': 7, 'y': 3}}], 'arrive_timestamp': 1787695576, 'priority': 1, 'segment': 's1', 'preconditions': [], 'postconditions': []}}
[INFO] [1787695602.333825755] [robot4.fragment_exec_node]: Navigation completed!
[INFO] [1787695602.336920744] [robot4.fragment_exec_node]: EventType: Control (Task: pick), Activity: navigate, Robot: robot4, Mission: m2, Segment: s2, End: 21619.340472603
[INFO] [1787695602.339448100] [robot4.fragment_exec_node]: EventType: Task, Activity: pick, Robot: robot4, Mission: m2, Segment: s2, Start: 21619.343065804
[INFO] [1787695602.340947982] [robot4.fragment_exec_node]: Simulating pick skill...
[INFO] [1787695602.717490354] [robot4.fragment_exec_node]: Received fragment: {'robot': 'robot5', 'fragment': {'id': 'f3-8', 'mission': 'm3', 'state': 'assigned', 'wait': ['m3/s3/pick'], 'tasks': [{'name': 'scan', 'params': {'x': 1, 'y': 9}}], 'arrive_timestamp': 1787695576, 'priority': 1, 'segment': 's3', 'preconditions': [], 'postconditions': []}}
[INFO] [1787695604.736110111] [robot4.fragment_exec_node]: Received fragment: {'robot': 'robot2', 'fragment': {'id': 'f3-3', 'mission': 'm3', 'state': 'assigned', 'wait': ['m3/s1/scan'], 'tasks': [{'name': 'transport', 'params': {'x': 11, 'y': 6}}], 'arrive_timestamp': 1787695576, 'priority': 1, 'segment': 's1', 'preconditions': ['picked-o1-3'], 'postconditions': []}}
[INFO] [1787695606.687289404] [robot4.fragment_exec_node]: Received fragment: {'robot': 'robot5', 'fragment': {'id': 'f3-9', 'mission': 'm3', 'state': 'assigned', 'wait': ['m3/s3/scan'], 'tasks': [{'name': 'transport', 'params': {'x': 11, 'y': 6}}], 'arrive_timestamp': 1787695576, 'priority': 1, 'segment': 's3', 'preconditions': ['picked-o3-3'], 'postconditions': []}}
[INFO] [1787695609.344692915] [robot4.fragment_exec_node]: Pick completed!
[INFO] [1787695609.347394981] [robot4.fragment_exec_node]: EventType: Task, Activity: pick, Robot: robot4, Mission: m2, Segment: s2, End: 21626.350913436
[INFO] [1787695609.349686778] [robot4.fragment_exec_node]: Execution of fragment f2-4 completed!
[INFO] [1787695609.696433748] [robot4.fragment_exec_node]: Received fragment: {'robot': 'robot1', 'fragment': {'id': 'f2-5', 'mission': 'm2', 'state': 'assigned', 'wait': ['m2/s2/pick'], 'tasks': [{'name': 'scan', 'params': {'x': 9, 'y': 5}}], 'arrive_timestamp': 1787695575, 'priority': 1, 'segment': 's2', 'preconditions': [], 'postconditions': []}}
[INFO] [1787695628.698327049] [robot4.fragment_exec_node]: Received fragment: {'robot': 'robot6', 'fragment': {'id': 'f3-6', 'mission': 'm3', 'state': 'assigned', 'wait': ['m3/s2/scan'], 'tasks': [{'name': 'transport', 'params': {'x': 11, 'y': 6}}], 'arrive_timestamp': 1787695576, 'priority': 1, 'segment': 's2', 'preconditions': ['picked-o2-3'], 'postconditions': []}}
[INFO] [1787695630.692110068] [robot4.fragment_exec_node]: Received fragment: {'robot': 'robot4', 'fragment': {'id': 'f2-6', 'mission': 'm2', 'state': 'assigned', 'wait': ['m2/s2/scan'], 'tasks': [{'name': 'transport', 'params': {'x': 11, 'y': 6}}], 'arrive_timestamp': 1787695575, 'priority': 1, 'segment': 's2', 'preconditions': ['picked-o2-2'], 'postconditions': []}}
[INFO] [1787695630.693032141] [robot4.fragment_exec_node]: Received fragment assignment: f2-6. Starting execution.
[INFO] [1787695630.694102183] [robot4.fragment_exec_node]: Executing task transport. Params: {'x': 11, 'y': 6}, Virtual state: {'position': {'x': 9, 'y': 5, 'z': 0.0}, 'docked': False, 'battery': 100.0, 'conditions': ['picked-o2-2']}
[INFO] [1787695630.694656162] [robot4.fragment_exec_node]: EventType: Control (Task: transport), Activity: navigate, Robot: robot4, Mission: m2, Segment: s2, Start: 21647.700097822
[INFO] [1787695630.695336142] [robot4.fragment_exec_node]: Simulating navigate skill from position (9, 5) to (11, 6) (7.211102550927978 seconds)...
[INFO] [1787695637.909142934] [robot4.fragment_exec_node]: Navigation completed!
[INFO] [1787695637.910933764] [robot4.fragment_exec_node]: EventType: Control (Task: transport), Activity: navigate, Robot: robot4, Mission: m2, Segment: s2, End: 21654.915669243
[INFO] [1787695637.912324501] [robot4.fragment_exec_node]: EventType: Task, Activity: transport, Robot: robot4, Mission: m2, Segment: s2, Start: 21654.917201489
[INFO] [1787695637.913721923] [robot4.fragment_exec_node]: Simulating navigate skill from position (11, 6) to (11, 6) (10.0 seconds)...
[INFO] [1787695639.694771122] [robot4.fragment_exec_node]: Received fragment: {'robot': 'robot2', 'fragment': {'id': 'f3-10', 'mission': 'm3', 'state': 'assigned', 'wait': ['m3/s1/transport', 'm3/s2/transport', 'm3/s3/transport'], 'tasks': [{'name': 'pack', 'params': {'x': 2, 'y': 3, 'items': 3}}], 'arrive_timestamp': 1787695576, 'priority': 1, 'segment': '', 'preconditions': [], 'postconditions': []}}
[INFO] [1787695647.917870303] [robot4.fragment_exec_node]: Navigation completed!
[INFO] [1787695647.921257144] [robot4.fragment_exec_node]: EventType: Task, Activity: transport, Robot: robot4, Mission: m2, Segment: s2, End: 21664.924997895
[INFO] [1787695647.924322213] [robot4.fragment_exec_node]: Execution of fragment f2-6 completed!
[INFO] [1787695648.708220636] [robot4.fragment_exec_node]: Received fragment: {'robot': 'robot5', 'fragment': {'id': 'f2-7', 'mission': 'm2', 'state': 'assigned', 'wait': ['m2/s1/transport', 'm2/s2/transport'], 'tasks': [{'name': 'pack', 'params': {'x': 11, 'y': 6, 'items': 2}}], 'arrive_timestamp': 1787695575, 'priority': 1, 'segment': '', 'preconditions': [], 'postconditions': []}}
Traceback (most recent call last):
  File "/root/ros2_ws/install/multi3_executor/lib/multi3_executor/executor", line 33, in <module>
    sys.exit(load_entry_point('multi3-executor==0.0.0', 'console_scripts', 'executor')())
  File "/root/ros2_ws/install/multi3_executor/lib/python3.10/site-packages/multi3_executor/nodes/executor.py", line 236, in main
    rclpy.shutdown()
  File "/opt/ros/humble/local/lib/python3.10/dist-packages/rclpy/__init__.py", line 130, in shutdown
    _shutdown(context=context)
  File "/opt/ros/humble/local/lib/python3.10/dist-packages/rclpy/utilities.py", line 58, in shutdown
    return context.shutdown()
  File "/opt/ros/humble/local/lib/python3.10/dist-packages/rclpy/context.py", line 102, in shutdown
    self.__context.shutdown()
rclpy._rclpy_pybind11.RCLError: failed to shutdown: rcl_shutdown already called on the given context, at ./src/rcl/init.c:241

--- executor_robot5.log ---
[INFO] [1787695571.987862546] [robot5.fragment_exec_node]: Setting up skill: PickSkill
[INFO] [1787695571.988960240] [robot5.fragment_exec_node]: Setting up skill: ScanSkill
[INFO] [1787695571.989582917] [robot5.fragment_exec_node]: Setting up skill: NavigateSkill
[INFO] [1787695571.990155223] [robot5.fragment_exec_node]: Setting up skill: NavigateSkill
[INFO] [1787695571.990824890] [robot5.fragment_exec_node]: Setting up skill: DockSkill
[INFO] [1787695571.991402625] [robot5.fragment_exec_node]: Setting up skill: UndockSkill
[INFO] [1787695571.992113618] [robot5.fragment_exec_node]: Setting up skill: PackSkill
[INFO] [1787695572.000116145] [robot5.fragment_exec_node]: Published robot registration: {'name': 'robot5', 'operational_state': 'idle', 'capabilities': ['pick', 'scan', 'transport', 'pack'], 'state': {'position': {'x': 0.0, 'y': 0.0, 'z': 0.0}, 'docked': True, 'battery': 100.0, 'conditions': []}}
[INFO] [1787695577.702040498] [robot5.fragment_exec_node]: Received fragment: {'robot': 'robot4', 'fragment': {'id': 'f2-4', 'mission': 'm2', 'state': 'assigned', 'wait': [], 'tasks': [{'name': 'pick', 'params': {'weight': 7, 'x': 9, 'y': 5}}], 'arrive_timestamp': 1787695575, 'priority': 1, 'segment': 's2', 'preconditions': [], 'postconditions': ['picked-o2-2']}}
[INFO] [1787695577.713992153] [robot5.fragment_exec_node]: Received fragment: {'robot': 'robot5', 'fragment': {'id': 'f3-7', 'mission': 'm3', 'state': 'assigned', 'wait': [], 'tasks': [{'name': 'pick', 'params': {'weight': 2, 'x': 1, 'y': 9}}], 'arrive_timestamp': 1787695576, 'priority': 1, 'segment': 's3', 'preconditions': [], 'postconditions': ['picked-o3-3']}}
[INFO] [1787695577.716935705] [robot5.fragment_exec_node]: Received fragment: {'robot': 'robot2', 'fragment': {'id': 'f3-1', 'mission': 'm3', 'state': 'assigned', 'wait': [], 'tasks': [{'name': 'pick', 'params': {'weight': 3, 'x': 7, 'y': 3}}], 'arrive_timestamp': 1787695576, 'priority': 1, 'segment': 's1', 'preconditions': [], 'postconditions': ['picked-o1-3']}}
[INFO] [1787695577.719836070] [robot5.fragment_exec_node]: Received fragment: {'robot': 'robot1', 'fragment': {'id': 'f2-1', 'mission': 'm2', 'state': 'assigned', 'wait': [], 'tasks': [{'name': 'pick', 'params': {'weight': 5, 'x': 2, 'y': 3}}], 'arrive_timestamp': 1787695575, 'priority': 1, 'segment': 's1', 'preconditions': [], 'postconditions': ['picked-o1-2']}}
[INFO] [1787695577.721409890] [robot5.fragment_exec_node]: Received fragment: {'robot': 'robot6', 'fragment': {'id': 'f3-4', 'mission': 'm3', 'state': 'assigned', 'wait': [], 'tasks': [{'name': 'pick', 'params': {'weight': 5, 'x': 2, 'y': 3}}], 'arrive_timestamp': 1787695576, 'priority': 1, 'segment': 's2', 'preconditions': [], 'postconditions': ['picked-o2-3']}}
[INFO] [1787695577.722423480] [robot5.fragment_exec_node]: Received fragment assignment: f3-7. Starting execution.
[INFO] [1787695577.724102624] [robot5.fragment_exec_node]: Executing task pick. Params: {'weight': 2, 'x': 1, 'y': 9}, Virtual state: {'position': {'x': 0.0, 'y': 0.0, 'z': 0.0}, 'docked': True, 'battery': 100.0, 'conditions': []}
[INFO] [1787695577.724944831] [robot5.fragment_exec_node]: EventType: Control (Task: pick), Activity: undock, Robot: robot5, Mission: m3, Segment: s3, Start: 21594.728893969
[INFO] [1787695577.726020288] [robot5.fragment_exec_node]: Simulating undock skill...
[INFO] [1787695581.729946485] [robot5.fragment_exec_node]: Undock completed!
[INFO] [1787695581.732570305] [robot5.fragment_exec_node]: EventType: Control (Task: pick), Activity: undock, Robot: robot5, Mission: m3, Segment: s3, End: 21598.7356188
[INFO] [1787695581.735259972] [robot5.fragment_exec_node]: EventType: Control (Task: pick), Activity: navigate, Robot: robot5, Mission: m3, Segment: s3, Start: 21598.737852901
[INFO] [1787695581.738508765] [robot5.fragment_exec_node]: Simulating navigate skill from position (0.0, 0.0) to (1, 9) (18.110770276274835 seconds)...
[INFO] [1787695594.702906401] [robot5.fragment_exec_node]: Received fragment: {'robot': 'robot6', 'fragment': {'id': 'f2-2', 'mission': 'm2', 'state': 'assigned', 'wait': ['m2/s1/pick'], 'tasks': [{'name': 'scan', 'params': {'x': 2, 'y': 3}}], 'arrive_timestamp': 1787695575, 'priority': 1, 'segment': 's1', 'preconditions': [], 'postconditions': []}}
[INFO] [1787695594.704765365] [robot5.fragment_exec_node]: Received fragment: {'robot': 'robot3', 'fragment': {'id': 'f3-5', 'mission': 'm3', 'state': 'assigned', 'wait': ['m3/s2/pick'], 'tasks': [{'name': 'scan', 'params': {'x': 2, 'y': 3}}], 'arrive_timestamp': 1787695576, 'priority': 1, 'segment': 's2', 'preconditions': [], 'postconditions': []}}
[INFO] [1787695598.709645873] [robot5.fragment_exec_node]: Received fragment: {'robot': 'robot6', 'fragment': {'id': 'f2-3', 'mission': 'm2', 'state': 'assigned', 'wait': ['m2/s1/scan'], 'tasks': [{'name': 'transport', 'params': {'x': 11, 'y': 6}}], 'arrive_timestamp': 1787695575, 'priority': 1, 'segment': 's1', 'preconditions': [], 'postconditions': []}}
[INFO] [1787695599.852972010] [robot5.fragment_exec_node]: Navigation completed!
[INFO] [1787695599.855596277] [robot5.fragment_exec_node]: EventType: Control (Task: pick), Activity: navigate, Robot: robot5, Mission: m3, Segment: s3, End: 21616.859251227
[INFO] [1787695599.857361195] [robot5.fragment_exec_node]: EventType: Task, Activity: pick, Robot: robot5, Mission: m3, Segment: s3, Start: 21616.86140495
[INFO] [1787695599.858900541] [robot5.fragment_exec_node]: Simulating pick skill...
[INFO] [1787695600.698327503] [robot5.fragment_exec_node]: Received fragment: {'robot': 'robot2', 'fragment': {'id': 'f3-2', 'mission': 'm3', 'state': 'assigned', 'wait': ['m3/s1/pick'], 'tasks': [{'name': 'scan', 'params': {'x': 7, 'y': 3}}], 'arrive_timestamp': 1787695576, 'priority': 1, 'segment': 's1', 'preconditions': [], 'postconditions': []}}
[INFO] [1787695601.862474067] [robot5.fragment_exec_node]: Pick completed!
[INFO] [1787695601.864863976] [robot5.fragment_exec_node]: EventType: Task, Activity: pick, Robot: robot5, Mission: m3, Segment: s3, End: 21618.868715735
[INFO] [1787695601.867304054] [robot5.fragment_exec_node]: Execution of fragment f3-7 completed!
[INFO] [1787695602.697723563] [robot5.fragment_exec_node]: Received fragment: {'robot': 'robot5', 'fragment': {'id': 'f3-8', 'mission': 'm3', 'state': 'assigned', 'wait': ['m3/s3/pick'], 'tasks': [{'name': 'scan', 'params': {'x': 1, 'y': 9}}], 'arrive_timestamp': 1787695576, 'priority': 1, 'segment': 's3', 'preconditions': [], 'postconditions': []}}
[INFO] [1787695602.699518984] [robot5.fragment_exec_node]: Received fragment assignment: f3-8. Starting execution.
[INFO] [1787695602.701616933] [robot5.fragment_exec_node]: Executing task scan. Params: {'x': 1, 'y': 9}, Virtual state: {'position': {'x': 1, 'y': 9, 'z': 0.0}, 'docked': False, 'battery': 100.0, 'conditions': ['picked-o3-3']}
[INFO] [1787695602.702875277] [robot5.fragment_exec_node]: EventType: Task, Activity: scan, Robot: robot5, Mission: m3, Segment: s3, Start: 21619.707439436
[INFO] [1787695602.704219653] [robot5.fragment_exec_node]: Simulating scan skill...
[INFO] [1787695604.690849801] [robot5.fragment_exec_node]: Received fragment: {'robot': 'robot2', 'fragment': {'id': 'f3-3', 'mission': 'm3', 'state': 'assigned', 'wait': ['m3/s1/scan'], 'tasks': [{'name': 'transport', 'params': {'x': 11, 'y': 6}}], 'arrive_timestamp': 1787695576, 'priority': 1, 'segment': 's1', 'preconditions': ['picked-o1-3'], 'postconditions': []}}
[INFO] [1787695605.706349093] [robot5.fragment_exec_node]: Scan completed!
[INFO] [1787695605.707467797] [robot5.fragment_exec_node]: EventType: Task, Activity: scan, Robot: robot5, Mission: m3, Segment: s3, End: 21622.71199421
[INFO] [1787695605.709160906] [robot5.fragment_exec_node]: Execution of fragment f3-8 completed!
[INFO] [1787695606.695324219] [robot5.fragment_exec_node]: Received fragment: {'robot': 'robot5', 'fragment': {'id': 'f3-9', 'mission': 'm3', 'state': 'assigned', 'wait': ['m3/s3/scan'], 'tasks': [{'name': 'transport', 'params': {'x': 11, 'y': 6}}], 'arrive_timestamp': 1787695576, 'priority': 1, 'segment': 's3', 'preconditions': ['picked-o3-3'], 'postconditions': []}}
[INFO] [1787695606.695841149] [robot5.fragment_exec_node]: Received fragment assignment: f3-9. Starting execution.
[INFO] [1787695606.696594808] [robot5.fragment_exec_node]: Executing task transport. Params: {'x': 11, 'y': 6}, Virtual state: {'position': {'x': 1, 'y': 9, 'z': 0.0}, 'docked': False, 'battery': 100.0, 'conditions': ['picked-o3-3']}
[INFO] [1787695606.697256985] [robot5.fragment_exec_node]: EventType: Control (Task: transport), Activity: navigate, Robot: robot5, Mission: m3, Segment: s3, Start: 21623.70193057
[INFO] [1787695606.697722905] [robot5.fragment_exec_node]: Simulating navigate skill from position (1, 9) to (11, 6) (22.360679774997898 seconds)...
[INFO] [1787695609.696700430] [robot5.fragment_exec_node]: Received fragment: {'robot': 'robot1', 'fragment': {'id': 'f2-5', 'mission': 'm2', 'state': 'assigned', 'wait': ['m2/s2/pick'], 'tasks': [{'name': 'scan', 'params': {'x': 9, 'y': 5}}], 'arrive_timestamp': 1787695575, 'priority': 1, 'segment': 's2', 'preconditions': [], 'postconditions': []}}
[INFO] [1787695628.699369914] [robot5.fragment_exec_node]: Received fragment: {'robot': 'robot6', 'fragment': {'id': 'f3-6', 'mission': 'm3', 'state': 'assigned', 'wait': ['m3/s2/scan'], 'tasks': [{'name': 'transport', 'params': {'x': 11, 'y': 6}}], 'arrive_timestamp': 1787695576, 'priority': 1, 'segment': 's2', 'preconditions': ['picked-o2-3'], 'postconditions': []}}
[INFO] [1787695629.060257514] [robot5.fragment_exec_node]: Navigation completed!
[INFO] [1787695629.062107330] [robot5.fragment_exec_node]: EventType: Control (Task: transport), Activity: navigate, Robot: robot5, Mission: m3, Segment: s3, End: 21646.066717739
[INFO] [1787695629.064551722] [robot5.fragment_exec_node]: EventType: Task, Activity: transport, Robot: robot5, Mission: m3, Segment: s3, Start: 21646.068479131
[INFO] [1787695629.066441382] [robot5.fragment_exec_node]: Simulating navigate skill from position (11, 6) to (11, 6) (10.0 seconds)...
[INFO] [1787695630.691219141] [robot5.fragment_exec_node]: Received fragment: {'robot': 'robot4', 'fragment': {'id': 'f2-6', 'mission': 'm2', 'state': 'assigned', 'wait': ['m2/s2/scan'], 'tasks': [{'name': 'transport', 'params': {'x': 11, 'y': 6}}], 'arrive_timestamp': 1787695575, 'priority': 1, 'segment': 's2', 'preconditions': ['picked-o2-2'], 'postconditions': []}}
[INFO] [1787695639.070922947] [robot5.fragment_exec_node]: Navigation completed!
[INFO] [1787695639.074070672] [robot5.fragment_exec_node]: EventType: Task, Activity: transport, Robot: robot5, Mission: m3, Segment: s3, End: 21656.077801338
[INFO] [1787695639.077429746] [robot5.fragment_exec_node]: Execution of fragment f3-9 completed!
[INFO] [1787695639.712233158] [robot5.fragment_exec_node]: Received fragment: {'robot': 'robot2', 'fragment': {'id': 'f3-10', 'mission': 'm3', 'state': 'assigned', 'wait': ['m3/s1/transport', 'm3/s2/transport', 'm3/s3/transport'], 'tasks': [{'name': 'pack', 'params': {'x': 2, 'y': 3, 'items': 3}}], 'arrive_timestamp': 1787695576, 'priority': 1, 'segment': '', 'preconditions': [], 'postconditions': []}}
[INFO] [1787695648.731195761] [robot5.fragment_exec_node]: Received fragment: {'robot': 'robot5', 'fragment': {'id': 'f2-7', 'mission': 'm2', 'state': 'assigned', 'wait': ['m2/s1/transport', 'm2/s2/transport'], 'tasks': [{'name': 'pack', 'params': {'x': 11, 'y': 6, 'items': 2}}], 'arrive_timestamp': 1787695575, 'priority': 1, 'segment': '', 'preconditions': [], 'postconditions': []}}
[INFO] [1787695648.732190422] [robot5.fragment_exec_node]: Received fragment assignment: f2-7. Starting execution.
[INFO] [1787695648.733066944] [robot5.fragment_exec_node]: Executing task pack. Params: {'x': 11, 'y': 6, 'items': 2}, Virtual state: {'position': {'x': 11, 'y': 6, 'z': 0.0}, 'docked': False, 'battery': 100.0, 'conditions': ['picked-o3-3']}
[INFO] [1787695648.733646103] [robot5.fragment_exec_node]: EventType: Task, Activity: pack, Robot: robot5, Mission: m2, Segment: , Start: 21665.739089801
[INFO] [1787695648.734224752] [robot5.fragment_exec_node]: Simulating pack skill...
[INFO] [1787695660.736652484] [robot5.fragment_exec_node]: Packing completed!
[INFO] [1787695660.738777267] [robot5.fragment_exec_node]: EventType: Task, Activity: pack, Robot: robot5, Mission: m2, Segment: , End: 21677.743779059
[INFO] [1787695660.740324547] [robot5.fragment_exec_node]: Execution of fragment f2-7 completed!
Traceback (most recent call last):
  File "/root/ros2_ws/install/multi3_executor/lib/multi3_executor/executor", line 33, in <module>
    sys.exit(load_entry_point('multi3-executor==0.0.0', 'console_scripts', 'executor')())
  File "/root/ros2_ws/install/multi3_executor/lib/python3.10/site-packages/multi3_executor/nodes/executor.py", line 236, in main
    rclpy.shutdown()
  File "/opt/ros/humble/local/lib/python3.10/dist-packages/rclpy/__init__.py", line 130, in shutdown
    _shutdown(context=context)
  File "/opt/ros/humble/local/lib/python3.10/dist-packages/rclpy/utilities.py", line 58, in shutdown
    return context.shutdown()
  File "/opt/ros/humble/local/lib/python3.10/dist-packages/rclpy/context.py", line 102, in shutdown
    self.__context.shutdown()
rclpy._rclpy_pybind11.RCLError: failed to shutdown: rcl_shutdown already called on the given context, at ./src/rcl/init.c:241

--- executor_robot6.log ---
[INFO] [1787695573.945762519] [robot6.fragment_exec_node]: Setting up skill: PickSkill
[INFO] [1787695573.946574300] [robot6.fragment_exec_node]: Setting up skill: ScanSkill
[INFO] [1787695573.947104615] [robot6.fragment_exec_node]: Setting up skill: NavigateSkill
[INFO] [1787695573.947558829] [robot6.fragment_exec_node]: Setting up skill: NavigateSkill
[INFO] [1787695573.948157421] [robot6.fragment_exec_node]: Setting up skill: DockSkill
[INFO] [1787695573.948810793] [robot6.fragment_exec_node]: Setting up skill: UndockSkill
[INFO] [1787695573.949267839] [robot6.fragment_exec_node]: Setting up skill: PackSkill
[INFO] [1787695573.958414861] [robot6.fragment_exec_node]: Published robot registration: {'name': 'robot6', 'operational_state': 'idle', 'capabilities': ['pick', 'scan', 'transport', 'pack'], 'state': {'position': {'x': 0.0, 'y': 0.0, 'z': 0.0}, 'docked': True, 'battery': 100.0, 'conditions': []}}
[INFO] [1787695577.713293736] [robot6.fragment_exec_node]: Received fragment: {'robot': 'robot1', 'fragment': {'id': 'f2-1', 'mission': 'm2', 'state': 'assigned', 'wait': [], 'tasks': [{'name': 'pick', 'params': {'weight': 5, 'x': 2, 'y': 3}}], 'arrive_timestamp': 1787695575, 'priority': 1, 'segment': 's1', 'preconditions': [], 'postconditions': ['picked-o1-2']}}
[INFO] [1787695577.716092877] [robot6.fragment_exec_node]: Received fragment: {'robot': 'robot2', 'fragment': {'id': 'f3-1', 'mission': 'm3', 'state': 'assigned', 'wait': [], 'tasks': [{'name': 'pick', 'params': {'weight': 3, 'x': 7, 'y': 3}}], 'arrive_timestamp': 1787695576, 'priority': 1, 'segment': 's1', 'preconditions': [], 'postconditions': ['picked-o1-3']}}
[INFO] [1787695577.719484372] [robot6.fragment_exec_node]: Received fragment: {'robot': 'robot6', 'fragment': {'id': 'f3-4', 'mission': 'm3', 'state': 'assigned', 'wait': [], 'tasks': [{'name': 'pick', 'params': {'weight': 5, 'x': 2, 'y': 3}}], 'arrive_timestamp': 1787695576, 'priority': 1, 'segment': 's2', 'preconditions': [], 'postconditions': ['picked-o2-3']}}
[INFO] [1787695577.721527582] [robot6.fragment_exec_node]: Received fragment: {'robot': 'robot5', 'fragment': {'id': 'f3-7', 'mission': 'm3', 'state': 'assigned', 'wait': [], 'tasks': [{'name': 'pick', 'params': {'weight': 2, 'x': 1, 'y': 9}}], 'arrive_timestamp': 1787695576, 'priority': 1, 'segment': 's3', 'preconditions': [], 'postconditions': ['picked-o3-3']}}
[INFO] [1787695577.723907011] [robot6.fragment_exec_node]: Received fragment: {'robot': 'robot4', 'fragment': {'id': 'f2-4', 'mission': 'm2', 'state': 'assigned', 'wait': [], 'tasks': [{'name': 'pick', 'params': {'weight': 7, 'x': 9, 'y': 5}}], 'arrive_timestamp': 1787695575, 'priority': 1, 'segment': 's2', 'preconditions': [], 'postconditions': ['picked-o2-2']}}
[INFO] [1787695577.724971437] [robot6.fragment_exec_node]: Received fragment assignment: f3-4. Starting execution.
[INFO] [1787695577.726204974] [robot6.fragment_exec_node]: Executing task pick. Params: {'weight': 5, 'x': 2, 'y': 3}, Virtual state: {'position': {'x': 0.0, 'y': 0.0, 'z': 0.0}, 'docked': True, 'battery': 100.0, 'conditions': []}
[INFO] [1787695577.727130398] [robot6.fragment_exec_node]: EventType: Control (Task: pick), Activity: undock, Robot: robot6, Mission: m3, Segment: s2, Start: 21594.731130996
[INFO] [1787695577.728114127] [robot6.fragment_exec_node]: Simulating undock skill...
[INFO] [1787695581.732447059] [robot6.fragment_exec_node]: Undock completed!
[INFO] [1787695581.735226637] [robot6.fragment_exec_node]: EventType: Control (Task: pick), Activity: undock, Robot: robot6, Mission: m3, Segment: s2, End: 21598.737834954
[INFO] [1787695581.737482594] [robot6.fragment_exec_node]: EventType: Control (Task: pick), Activity: navigate, Robot: robot6, Mission: m3, Segment: s2, Start: 21598.740567217
[INFO] [1787695581.739086329] [robot6.fragment_exec_node]: Simulating navigate skill from position (0.0, 0.0) to (2, 3) (7.211102550927978 seconds)...
[INFO] [1787695588.953567467] [robot6.fragment_exec_node]: Navigation completed!
[INFO] [1787695588.955442788] [robot6.fragment_exec_node]: EventType: Control (Task: pick), Activity: navigate, Robot: robot6, Mission: m3, Segment: s2, End: 21605.958773642
[INFO] [1787695588.957787196] [robot6.fragment_exec_node]: EventType: Task, Activity: pick, Robot: robot6, Mission: m3, Segment: s2, Start: 21605.961386956
[INFO] [1787695588.960445282] [robot6.fragment_exec_node]: Simulating pick skill...
[INFO] [1787695593.964663942] [robot6.fragment_exec_node]: Pick completed!
[INFO] [1787695593.966568303] [robot6.fragment_exec_node]: EventType: Task, Activity: pick, Robot: robot6, Mission: m3, Segment: s2, End: 21610.970609037
[INFO] [1787695593.968689564] [robot6.fragment_exec_node]: Execution of fragment f3-4 completed!
[INFO] [1787695594.704220294] [robot6.fragment_exec_node]: Received fragment: {'robot': 'robot6', 'fragment': {'id': 'f2-2', 'mission': 'm2', 'state': 'assigned', 'wait': ['m2/s1/pick'], 'tasks': [{'name': 'scan', 'params': {'x': 2, 'y': 3}}], 'arrive_timestamp': 1787695575, 'priority': 1, 'segment': 's1', 'preconditions': [], 'postconditions': []}}
[INFO] [1787695594.706828737] [robot6.fragment_exec_node]: Received fragment assignment: f2-2. Starting execution.
[INFO] [1787695594.708732861] [robot6.fragment_exec_node]: Received fragment: {'robot': 'robot3', 'fragment': {'id': 'f3-5', 'mission': 'm3', 'state': 'assigned', 'wait': ['m3/s2/pick'], 'tasks': [{'name': 'scan', 'params': {'x': 2, 'y': 3}}], 'arrive_timestamp': 1787695576, 'priority': 1, 'segment': 's2', 'preconditions': [], 'postconditions': []}}
[INFO] [1787695594.710453373] [robot6.fragment_exec_node]: Executing task scan. Params: {'x': 2, 'y': 3}, Virtual state: {'position': {'x': 2, 'y': 3, 'z': 0.0}, 'docked': False, 'battery': 100.0, 'conditions': ['picked-o2-3']}
[INFO] [1787695594.711753980] [robot6.fragment_exec_node]: EventType: Task, Activity: scan, Robot: robot6, Mission: m2, Segment: s1, Start: 21611.716396198
[INFO] [1787695594.712629201] [robot6.fragment_exec_node]: Simulating scan skill...
[INFO] [1787695597.714637483] [robot6.fragment_exec_node]: Scan completed!
[INFO] [1787695597.715577406] [robot6.fragment_exec_node]: EventType: Task, Activity: scan, Robot: robot6, Mission: m2, Segment: s1, End: 21614.720275001
[INFO] [1787695597.716825949] [robot6.fragment_exec_node]: Execution of fragment f2-2 completed!
[INFO] [1787695598.696512041] [robot6.fragment_exec_node]: Received fragment: {'robot': 'robot6', 'fragment': {'id': 'f2-3', 'mission': 'm2', 'state': 'assigned', 'wait': ['m2/s1/scan'], 'tasks': [{'name': 'transport', 'params': {'x': 11, 'y': 6}}], 'arrive_timestamp': 1787695575, 'priority': 1, 'segment': 's1', 'preconditions': [], 'postconditions': []}}
[INFO] [1787695598.698360946] [robot6.fragment_exec_node]: Received fragment assignment: f2-3. Starting execution.
[INFO] [1787695598.701460353] [robot6.fragment_exec_node]: Executing task transport. Params: {'x': 11, 'y': 6}, Virtual state: {'position': {'x': 2, 'y': 3, 'z': 0.0}, 'docked': False, 'battery': 100.0, 'conditions': ['picked-o2-3']}
[INFO] [1787695598.702806218] [robot6.fragment_exec_node]: EventType: Control (Task: transport), Activity: navigate, Robot: robot6, Mission: m2, Segment: s1, Start: 21615.707191561
[INFO] [1787695598.704023192] [robot6.fragment_exec_node]: Simulating navigate skill from position (2, 3) to (11, 6) (19.697715603592208 seconds)...
[INFO] [1787695600.720490337] [robot6.fragment_exec_node]: Received fragment: {'robot': 'robot2', 'fragment': {'id': 'f3-2', 'mission': 'm3', 'state': 'assigned', 'wait': ['m3/s1/pick'], 'tasks': [{'name': 'scan', 'params': {'x': 7, 'y': 3}}], 'arrive_timestamp': 1787695576, 'priority': 1, 'segment': 's1', 'preconditions': [], 'postconditions': []}}
[INFO] [1787695602.702608619] [robot6.fragment_exec_node]: Received fragment: {'robot': 'robot5', 'fragment': {'id': 'f3-8', 'mission': 'm3', 'state': 'assigned', 'wait': ['m3/s3/pick'], 'tasks': [{'name': 'scan', 'params': {'x': 1, 'y': 9}}], 'arrive_timestamp': 1787695576, 'priority': 1, 'segment': 's3', 'preconditions': [], 'postconditions': []}}
[INFO] [1787695604.692684493] [robot6.fragment_exec_node]: Received fragment: {'robot': 'robot2', 'fragment': {'id': 'f3-3', 'mission': 'm3', 'state': 'assigned', 'wait': ['m3/s1/scan'], 'tasks': [{'name': 'transport', 'params': {'x': 11, 'y': 6}}], 'arrive_timestamp': 1787695576, 'priority': 1, 'segment': 's1', 'preconditions': ['picked-o1-3'], 'postconditions': []}}
[INFO] [1787695606.688009189] [robot6.fragment_exec_node]: Received fragment: {'robot': 'robot5', 'fragment': {'id': 'f3-9', 'mission': 'm3', 'state': 'assigned', 'wait': ['m3/s3/scan'], 'tasks': [{'name': 'transport', 'params': {'x': 11, 'y': 6}}], 'arrive_timestamp': 1787695576, 'priority': 1, 'segment': 's3', 'preconditions': ['picked-o3-3'], 'postconditions': []}}
[INFO] [1787695609.709538500] [robot6.fragment_exec_node]: Received fragment: {'robot': 'robot1', 'fragment': {'id': 'f2-5', 'mission': 'm2', 'state': 'assigned', 'wait': ['m2/s2/pick'], 'tasks': [{'name': 'scan', 'params': {'x': 9, 'y': 5}}], 'arrive_timestamp': 1787695575, 'priority': 1, 'segment': 's2', 'preconditions': [], 'postconditions': []}}
[INFO] [1787695618.405559626] [robot6.fragment_exec_node]: Navigation completed!
[INFO] [1787695618.408561450] [robot6.fragment_exec_node]: EventType: Control (Task: transport), Activity: navigate, Robot: robot6, Mission: m2, Segment: s1, End: 21635.411698201
[INFO] [1787695618.411411852] [robot6.fragment_exec_node]: EventType: Task, Activity: transport, Robot: robot6, Mission: m2, Segment: s1, Start: 21635.414650664
[INFO] [1787695618.413658541] [robot6.fragment_exec_node]: Simulating navigate skill from position (11, 6) to (11, 6) (10.0 seconds)...
[INFO] [1787695628.417275706] [robot6.fragment_exec_node]: Navigation completed!
[INFO] [1787695628.420215308] [robot6.fragment_exec_node]: EventType: Task, Activity: transport, Robot: robot6, Mission: m2, Segment: s1, End: 21645.424357042
[INFO] [1787695628.422652841] [robot6.fragment_exec_node]: Execution of fragment f2-3 completed!
[INFO] [1787695628.696822315] [robot6.fragment_exec_node]: Received fragment: {'robot': 'robot6', 'fragment': {'id': 'f3-6', 'mission': 'm3', 'state': 'assigned', 'wait': ['m3/s2/scan'], 'tasks': [{'name': 'transport', 'params': {'x': 11, 'y': 6}}], 'arrive_timestamp': 1787695576, 'priority': 1, 'segment': 's2', 'preconditions': ['picked-o2-3'], 'postconditions': []}}
[INFO] [1787695628.698722559] [robot6.fragment_exec_node]: Received fragment assignment: f3-6. Starting execution.
[INFO] [1787695628.701487868] [robot6.fragment_exec_node]: Executing task transport. Params: {'x': 11, 'y': 6}, Virtual state: {'position': {'x': 11, 'y': 6, 'z': 0.0}, 'docked': False, 'battery': 100.0, 'conditions': ['picked-o2-3']}
[INFO] [1787695628.703025589] [robot6.fragment_exec_node]: EventType: Task, Activity: transport, Robot: robot6, Mission: m3, Segment: s2, Start: 21645.70760798
[INFO] [1787695628.704476773] [robot6.fragment_exec_node]: Simulating navigate skill from position (11, 6) to (11, 6) (10.0 seconds)...
[INFO] [1787695630.687279236] [robot6.fragment_exec_node]: Received fragment: {'robot': 'robot4', 'fragment': {'id': 'f2-6', 'mission': 'm2', 'state': 'assigned', 'wait': ['m2/s2/scan'], 'tasks': [{'name': 'transport', 'params': {'x': 11, 'y': 6}}], 'arrive_timestamp': 1787695575, 'priority': 1, 'segment': 's2', 'preconditions': ['picked-o2-2'], 'postconditions': []}}
[INFO] [1787695638.708002483] [robot6.fragment_exec_node]: Navigation completed!
[INFO] [1787695638.710376768] [robot6.fragment_exec_node]: EventType: Task, Activity: transport, Robot: robot6, Mission: m3, Segment: s2, End: 21655.714592232
[INFO] [1787695638.713051049] [robot6.fragment_exec_node]: Execution of fragment f3-6 completed!
[INFO] [1787695639.695498812] [robot6.fragment_exec_node]: Received fragment: {'robot': 'robot2', 'fragment': {'id': 'f3-10', 'mission': 'm3', 'state': 'assigned', 'wait': ['m3/s1/transport', 'm3/s2/transport', 'm3/s3/transport'], 'tasks': [{'name': 'pack', 'params': {'x': 2, 'y': 3, 'items': 3}}], 'arrive_timestamp': 1787695576, 'priority': 1, 'segment': '', 'preconditions': [], 'postconditions': []}}
[INFO] [1787695648.699283929] [robot6.fragment_exec_node]: Received fragment: {'robot': 'robot5', 'fragment': {'id': 'f2-7', 'mission': 'm2', 'state': 'assigned', 'wait': ['m2/s1/transport', 'm2/s2/transport'], 'tasks': [{'name': 'pack', 'params': {'x': 11, 'y': 6, 'items': 2}}], 'arrive_timestamp': 1787695575, 'priority': 1, 'segment': '', 'preconditions': [], 'postconditions': []}}
Traceback (most recent call last):
  File "/root/ros2_ws/install/multi3_executor/lib/multi3_executor/executor", line 33, in <module>
    sys.exit(load_entry_point('multi3-executor==0.0.0', 'console_scripts', 'executor')())
  File "/root/ros2_ws/install/multi3_executor/lib/python3.10/site-packages/multi3_executor/nodes/executor.py", line 236, in main
    rclpy.shutdown()
  File "/opt/ros/humble/local/lib/python3.10/dist-packages/rclpy/__init__.py", line 130, in shutdown
    _shutdown(context=context)
  File "/opt/ros/humble/local/lib/python3.10/dist-packages/rclpy/utilities.py", line 58, in shutdown
    return context.shutdown()
  File "/opt/ros/humble/local/lib/python3.10/dist-packages/rclpy/context.py", line 102, in shutdown
    self.__context.shutdown()
rclpy._rclpy_pybind11.RCLError: failed to shutdown: rcl_shutdown already called on the given context, at ./src/rcl/init.c:241
