=== Test: spec: robots=5, missions=[1, 2, 4], strategy=baseline


--- coordinator.log ---
[INFO] [1787693896.092845849] [multi3_coordinator_node]: Assignment strategy parameter: baseline
[INFO] [1787693896.093910710] [multi3_coordinator_node]: Using assignment strategy: baseline
[INFO] [1787693896.100778542] [multi3_coordinator_node]: Coordinator node started.
[INFO] [1787693899.142828165] [multi3_coordinator_node]: Received new robot info: {'name': 'robot1', 'operational_state': 'idle', 'capabilities': ['pick', 'scan', 'transport', 'pack'], 'state': {'position': {'x': 0.0, 'y': 0.0, 'z': 0.0}, 'docked': True, 'battery': 100.0, 'conditions': []}, 'last_heartbeat': 1787693899}
[INFO] [1787693901.527015970] [multi3_coordinator_node]: Received new robot info: {'name': 'robot2', 'operational_state': 'idle', 'capabilities': ['pick', 'scan', 'transport', 'pack'], 'state': {'position': {'x': 0.0, 'y': 0.0, 'z': 0.0}, 'docked': True, 'battery': 100.0, 'conditions': []}, 'last_heartbeat': 1787693901}
[INFO] [1787693903.111040683] [multi3_coordinator_node]: Received new robot info: {'name': 'robot3', 'operational_state': 'idle', 'capabilities': ['pick', 'scan', 'transport', 'pack'], 'state': {'position': {'x': 0.0, 'y': 0.0, 'z': 0.0}, 'docked': True, 'battery': 100.0, 'conditions': []}, 'last_heartbeat': 1787693903}
[INFO] [1787693905.484110931] [multi3_coordinator_node]: Received new robot info: {'name': 'robot4', 'operational_state': 'idle', 'capabilities': ['pick', 'scan', 'transport', 'pack'], 'state': {'position': {'x': 0.0, 'y': 0.0, 'z': 0.0}, 'docked': True, 'battery': 100.0, 'conditions': []}, 'last_heartbeat': 1787693905}
[INFO] [1787693907.493020817] [multi3_coordinator_node]: Received new robot info: {'name': 'robot5', 'operational_state': 'idle', 'capabilities': ['pick', 'scan', 'transport', 'pack'], 'state': {'position': {'x': 0.0, 'y': 0.0, 'z': 0.0}, 'docked': True, 'battery': 100.0, 'conditions': []}, 'last_heartbeat': 1787693907}
[INFO] [1787693909.045132297] [multi3_coordinator_node]: Received mission: {'mission': 'm1', 'priority': 1, 'fragments': [{'id': 'f1-1', 'wait': [], 'tasks': [{'name': 'pick', 'params': {'x': 5, 'y': 8, 'weight': 8}}], 'postconditions': ['picked-o1-1'], 'segment': 's1'}, {'id': 'f1-2', 'wait': ['m1/s1/pick'], 'tasks': [{'name': 'scan', 'params': {'x': 5, 'y': 8}}], 'segment': 's1'}, {'id': 'f1-3', 'wait': ['m1/s1/scan'], 'tasks': [{'name': 'transport', 'params': {'x': 11, 'y': 6}}], 'preconditions': ['picked-o1-1'], 'segment': 's1'}, {'id': 'f1-4', 'wait': ['m1/s1/transport'], 'tasks': [{'name': 'pack', 'params': {'x': 11, 'y': 6, 'items': 1}}], 'segment': ''}]}
[INFO] [1787693909.047395596] [multi3_coordinator_node]: Fragment f1-1 is now executable because all signal messages were received.
[INFO] [1787693909.863014689] [multi3_coordinator_node]: Received mission: {'mission': 'm2', 'priority': 1, 'fragments': [{'id': 'f2-1', 'wait': [], 'tasks': [{'name': 'pick', 'params': {'weight': 5, 'x': 2, 'y': 3}}], 'postconditions': ['picked-o1-2'], 'segment': 's1'}, {'id': 'f2-2', 'wait': ['m2/s1/pick'], 'tasks': [{'name': 'scan', 'params': {'x': 2, 'y': 3}}], 'segment': 's1'}, {'id': 'f2-3', 'wait': ['m2/s1/scan'], 'tasks': [{'name': 'transport', 'params': {'x': 11, 'y': 6}}], 'segment': 's1'}, {'id': 'f2-4', 'wait': [], 'tasks': [{'name': 'pick', 'params': {'weight': 7, 'x': 9, 'y': 5}}], 'postconditions': ['picked-o2-2'], 'segment': 's2'}, {'id': 'f2-5', 'wait': ['m2/s2/pick'], 'tasks': [{'name': 'scan', 'params': {'x': 9, 'y': 5}}], 'segment': 's2'}, {'id': 'f2-6', 'wait': ['m2/s2/scan'], 'tasks': [{'name': 'transport', 'params': {'x': 11, 'y': 6}}], 'preconditions': ['picked-o2-2'], 'segment': 's2'}, {'id': 'f2-7', 'wait': ['m2/s1/transport', 'm2/s2/transport'], 'tasks': [{'name': 'pack', 'params': {'x': 11, 'y': 6, 'items': 2}}], 'segment': ''}]}
[INFO] [1787693909.864898542] [multi3_coordinator_node]: Fragment f2-1 is now executable because all signal messages were received.
[INFO] [1787693909.866419421] [multi3_coordinator_node]: Fragment f2-4 is now executable because all signal messages were received.
[INFO] [1787693910.671479644] [multi3_coordinator_node]: Received mission: {'mission': 'm4', 'priority': 1, 'fragments': [{'id': 'f4-1', 'wait': [], 'tasks': [{'name': 'pick', 'params': {'weight': 5, 'x': 2, 'y': 8}}], 'postconditions': ['picked-o1-4'], 'segment': 's1'}, {'id': 'f4-2', 'wait': ['m4/s1/pick'], 'tasks': [{'name': 'scan', 'params': {'x': 2, 'y': 8}}], 'segment': 's1'}, {'id': 'f4-3', 'wait': ['m4/s1/scan'], 'tasks': [{'name': 'transport', 'params': {'x': 11, 'y': 6}}], 'preconditions': ['picked-o1-4'], 'segment': 's1'}, {'id': 'f4-4', 'wait': [], 'tasks': [{'name': 'pick', 'params': {'weight': 7, 'x': 10, 'y': 4}}], 'postconditions': ['picked-o2-4'], 'segment': 's2'}, {'id': 'f4-5', 'wait': ['m4/s2/pick'], 'tasks': [{'name': 'scan', 'params': {'x': 10, 'y': 4}}], 'segment': 's2'}, {'id': 'f4-6', 'wait': ['m4/s2/scan'], 'tasks': [{'name': 'transport', 'params': {'x': 11, 'y': 6}}], 'preconditions': ['picked-o2-4'], 'segment': 's2'}, {'id': 'f4-7', 'wait': [], 'tasks': [{'name': 'pick', 'params': {'weight': 2, 'x': 9, 'y': 1}}], 'postconditions': ['picked-o3-4'], 'segment': 's3'}, {'id': 'f4-8', 'wait': ['m4/s3/pick'], 'tasks': [{'name': 'scan', 'params': {'x': 9, 'y': 1}}], 'segment': 's3'}, {'id': 'f4-9', 'wait': ['m4/s3/scan'], 'tasks': [{'name': 'transport', 'params': {'x': 11, 'y': 6}}], 'preconditions': ['picked-o3-4'], 'segment': 's3'}, {'id': "f4-10'", 'wait': [], 'tasks': [{'name': 'pick', 'params': {'weight': 1, 'x': 2, 'y': 4}}], 'postconditions': ['picked-o4-4'], 'segment': 's4'}, {'id': 'f4-11', 'wait': ['m4/s4/pick'], 'tasks': [{'name': 'scan', 'params': {'x': 2, 'y': 4}}], 'segment': 's4'}, {'id': 'f4-12', 'wait': ['m4/s4/scan'], 'tasks': [{'name': 'transport', 'params': {'x': 11, 'y': 6}}], 'preconditions': ['picked-o4-4'], 'segment': 's4'}, {'id': 'f4-13', 'wait': ['m4/s1/transport', 'm4/s2/transport', 'm4/s3/transport', 'm4/s4/transport'], 'tasks': [{'name': 'pack', 'params': {'x': 11, 'y': 6, 'items': 4}}], 'segment': ''}]}
[INFO] [1787693910.673915073] [multi3_coordinator_node]: Fragment f4-1 is now executable because all signal messages were received.
[INFO] [1787693910.675616822] [multi3_coordinator_node]: Fragment f4-4 is now executable because all signal messages were received.
[INFO] [1787693910.677241140] [multi3_coordinator_node]: Fragment f4-7 is now executable because all signal messages were received.
[INFO] [1787693910.678869682] [multi3_coordinator_node]: Fragment f4-10' is now executable because all signal messages were received.
[INFO] [1787693910.985031091] [multi3_coordinator_node]: Execution start signal received. Starting fragment assignment.
[INFO] [1787693911.992454629] [multi3_coordinator_node]: Assigned fragment f1-1 to robot robot2.
[INFO] [1787693911.995572275] [multi3_coordinator_node]: Assigned fragment f2-1 to robot robot4.
[INFO] [1787693911.999589198] [multi3_coordinator_node]: Assigned fragment f2-4 to robot robot3.
[INFO] [1787693912.002262785] [multi3_coordinator_node]: Assigned fragment f4-1 to robot robot5.
[INFO] [1787693912.004743787] [multi3_coordinator_node]: Assigned fragment f4-4 to robot robot1.
[INFO] [1787693912.022501868] [multi3_coordinator_node]: Received robot state update: {'operational_state': 'working', 'current_assigned_fragment': 'f2-1', 'conditions': [], 'state': {'position': {'x': 0.0, 'y': 0.0, 'z': 0.0}, 'docked': True, 'battery': 100.0, 'conditions': []}}
[INFO] [1787693912.026391696] [multi3_coordinator_node]: Received robot state update: {'operational_state': 'working', 'current_assigned_fragment': 'f1-1', 'conditions': [], 'state': {'position': {'x': 0.0, 'y': 0.0, 'z': 0.0}, 'docked': True, 'battery': 100.0, 'conditions': []}}
[INFO] [1787693912.028299687] [multi3_coordinator_node]: Received robot state update: {'operational_state': 'working', 'current_assigned_fragment': 'f4-4', 'conditions': [], 'state': {'position': {'x': 0.0, 'y': 0.0, 'z': 0.0}, 'docked': True, 'battery': 100.0, 'conditions': []}}
[INFO] [1787693912.029948068] [multi3_coordinator_node]: Received robot state update: {'operational_state': 'working', 'current_assigned_fragment': 'f2-4', 'conditions': [], 'state': {'position': {'x': 0.0, 'y': 0.0, 'z': 0.0}, 'docked': True, 'battery': 100.0, 'conditions': []}}
[INFO] [1787693912.031638317] [multi3_coordinator_node]: Received robot state update: {'operational_state': 'working', 'current_assigned_fragment': 'f4-1', 'conditions': [], 'state': {'position': {'x': 0.0, 'y': 0.0, 'z': 0.0}, 'docked': True, 'battery': 100.0, 'conditions': []}}
[INFO] [1787693928.275793382] [multi3_coordinator_node]: Fragment f2-2 is now executable because all signal messages were received.
[INFO] [1787693928.278019089] [multi3_coordinator_node]: Received coordination message: {'robot_name': 'robot4', 'completed_task': 'm2/s1/pick'}
[INFO] [1787693928.280336665] [multi3_coordinator_node]: Received robot state update: {'operational_state': 'idle', 'current_assigned_fragment': None, 'conditions': ['picked-o1-2'], 'state': {'position': {'x': 2, 'y': 3, 'z': 0.0}, 'docked': False, 'battery': 100.0, 'conditions': ['picked-o1-2']}}
[INFO] [1787693928.282614738] [multi3_coordinator_node]: Received coordination message: {'robot_name': 'robot4', 'completed_fragment': 'f2-1', 'state': {'position': {'x': 2, 'y': 3, 'z': 0.0}, 'docked': False, 'battery': 100.0, 'conditions': ['picked-o1-2']}}
[INFO] [1787693928.992042837] [multi3_coordinator_node]: Assigned fragment f2-2 to robot robot4.
[INFO] [1787693929.002807499] [multi3_coordinator_node]: Received robot state update: {'operational_state': 'working', 'current_assigned_fragment': 'f2-2', 'conditions': ['picked-o1-2'], 'state': {'position': {'x': 2, 'y': 3, 'z': 0.0}, 'docked': False, 'battery': 100.0, 'conditions': ['picked-o1-2']}}
[INFO] [1787693934.021968611] [multi3_coordinator_node]: Fragment f2-3 is now executable because all signal messages were received.
[INFO] [1787693934.023734107] [multi3_coordinator_node]: Received coordination message: {'robot_name': 'robot4', 'completed_task': 'm2/s1/scan'}
[INFO] [1787693934.026145882] [multi3_coordinator_node]: Received robot state update: {'operational_state': 'idle', 'current_assigned_fragment': None, 'conditions': ['picked-o1-2'], 'state': {'position': {'x': 2, 'y': 3, 'z': 0.0}, 'docked': False, 'battery': 100.0, 'conditions': ['picked-o1-2']}}
[INFO] [1787693934.027897405] [multi3_coordinator_node]: Received coordination message: {'robot_name': 'robot4', 'completed_fragment': 'f2-2', 'state': {'position': {'x': 2, 'y': 3, 'z': 0.0}, 'docked': False, 'battery': 100.0, 'conditions': ['picked-o1-2']}}
[INFO] [1787693934.991949425] [multi3_coordinator_node]: Assigned fragment f2-3 to robot robot4.
[INFO] [1787693935.024360120] [multi3_coordinator_node]: Received robot state update: {'operational_state': 'working', 'current_assigned_fragment': 'f2-3', 'conditions': ['picked-o1-2'], 'state': {'position': {'x': 2, 'y': 3, 'z': 0.0}, 'docked': False, 'battery': 100.0, 'conditions': ['picked-o1-2']}}
[INFO] [1787693937.547062646] [multi3_coordinator_node]: Fragment f4-2 is now executable because all signal messages were received.
[INFO] [1787693937.547977394] [multi3_coordinator_node]: Received coordination message: {'robot_name': 'robot5', 'completed_task': 'm4/s1/pick'}
[INFO] [1787693937.549106534] [multi3_coordinator_node]: Received robot state update: {'operational_state': 'idle', 'current_assigned_fragment': None, 'conditions': ['picked-o1-4'], 'state': {'position': {'x': 2, 'y': 8, 'z': 0.0}, 'docked': False, 'battery': 100.0, 'conditions': ['picked-o1-4']}}
[INFO] [1787693937.550444184] [multi3_coordinator_node]: Received coordination message: {'robot_name': 'robot5', 'completed_fragment': 'f4-1', 'state': {'position': {'x': 2, 'y': 8, 'z': 0.0}, 'docked': False, 'battery': 100.0, 'conditions': ['picked-o1-4']}}
[INFO] [1787693937.990886654] [multi3_coordinator_node]: Assigned fragment f4-2 to robot robot5.
[INFO] [1787693938.014475368] [multi3_coordinator_node]: Received robot state update: {'operational_state': 'working', 'current_assigned_fragment': 'f4-2', 'conditions': ['picked-o1-4'], 'state': {'position': {'x': 2, 'y': 8, 'z': 0.0}, 'docked': False, 'battery': 100.0, 'conditions': ['picked-o1-4']}}
[INFO] [1787693942.930826274] [multi3_coordinator_node]: Fragment f1-2 is now executable because all signal messages were received.
[INFO] [1787693942.933520109] [multi3_coordinator_node]: Received coordination message: {'robot_name': 'robot2', 'completed_task': 'm1/s1/pick'}
[INFO] [1787693942.935811668] [multi3_coordinator_node]: Received robot state update: {'operational_state': 'idle', 'current_assigned_fragment': None, 'conditions': ['picked-o1-1'], 'state': {'position': {'x': 5, 'y': 8, 'z': 0.0}, 'docked': False, 'battery': 100.0, 'conditions': ['picked-o1-1']}}
[INFO] [1787693942.937666558] [multi3_coordinator_node]: Received coordination message: {'robot_name': 'robot2', 'completed_fragment': 'f1-1', 'state': {'position': {'x': 5, 'y': 8, 'z': 0.0}, 'docked': False, 'battery': 100.0, 'conditions': ['picked-o1-1']}}
[INFO] [1787693942.988405547] [multi3_coordinator_node]: Assigned fragment f1-2 to robot robot2.
[INFO] [1787693942.995349402] [multi3_coordinator_node]: Received robot state update: {'operational_state': 'working', 'current_assigned_fragment': 'f1-2', 'conditions': ['picked-o1-1'], 'state': {'position': {'x': 5, 'y': 8, 'z': 0.0}, 'docked': False, 'battery': 100.0, 'conditions': ['picked-o1-1']}}
[INFO] [1787693943.032863038] [multi3_coordinator_node]: Fragment f4-3 is now executable because all signal messages were received.
[INFO] [1787693943.034460075] [multi3_coordinator_node]: Received coordination message: {'robot_name': 'robot5', 'completed_task': 'm4/s1/scan'}
[INFO] [1787693943.036893103] [multi3_coordinator_node]: Received robot state update: {'operational_state': 'idle', 'current_assigned_fragment': None, 'conditions': ['picked-o1-4'], 'state': {'position': {'x': 2, 'y': 8, 'z': 0.0}, 'docked': False, 'battery': 100.0, 'conditions': ['picked-o1-4']}}
[INFO] [1787693943.038497022] [multi3_coordinator_node]: Received coordination message: {'robot_name': 'robot5', 'completed_fragment': 'f4-2', 'state': {'position': {'x': 2, 'y': 8, 'z': 0.0}, 'docked': False, 'battery': 100.0, 'conditions': ['picked-o1-4']}}
[INFO] [1787693943.652987432] [multi3_coordinator_node]: Fragment f2-5 is now executable because all signal messages were received.
[INFO] [1787693943.654802016] [multi3_coordinator_node]: Received coordination message: {'robot_name': 'robot3', 'completed_task': 'm2/s2/pick'}
[INFO] [1787693943.657503922] [multi3_coordinator_node]: Received robot state update: {'operational_state': 'idle', 'current_assigned_fragment': None, 'conditions': ['picked-o2-2'], 'state': {'position': {'x': 9, 'y': 5, 'z': 0.0}, 'docked': False, 'battery': 100.0, 'conditions': ['picked-o2-2']}}
[INFO] [1787693943.659505095] [multi3_coordinator_node]: Received coordination message: {'robot_name': 'robot3', 'completed_fragment': 'f2-4', 'state': {'position': {'x': 9, 'y': 5, 'z': 0.0}, 'docked': False, 'battery': 100.0, 'conditions': ['picked-o2-2']}}
[INFO] [1787693943.991977376] [multi3_coordinator_node]: Assigned fragment f2-5 to robot robot5.
[INFO] [1787693943.995932960] [multi3_coordinator_node]: Assigned fragment f4-7 to robot robot3.
[INFO] [1787693944.014104861] [multi3_coordinator_node]: Received robot state update: {'operational_state': 'working', 'current_assigned_fragment': 'f2-5', 'conditions': ['picked-o1-4'], 'state': {'position': {'x': 2, 'y': 8, 'z': 0.0}, 'docked': False, 'battery': 100.0, 'conditions': ['picked-o1-4']}}
[INFO] [1787693944.037474353] [multi3_coordinator_node]: Received robot state update: {'operational_state': 'working', 'current_assigned_fragment': 'f4-7', 'conditions': ['picked-o2-2'], 'state': {'position': {'x': 9, 'y': 5, 'z': 0.0}, 'docked': False, 'battery': 100.0, 'conditions': ['picked-o2-2']}}
[INFO] [1787693944.596069516] [multi3_coordinator_node]: Fragment f4-5 is now executable because all signal messages were received.
[INFO] [1787693944.597760476] [multi3_coordinator_node]: Received coordination message: {'robot_name': 'robot1', 'completed_task': 'm4/s2/pick'}
[INFO] [1787693944.600042435] [multi3_coordinator_node]: Received robot state update: {'operational_state': 'idle', 'current_assigned_fragment': None, 'conditions': ['picked-o2-4'], 'state': {'position': {'x': 10, 'y': 4, 'z': 0.0}, 'docked': False, 'battery': 100.0, 'conditions': ['picked-o2-4']}}
[INFO] [1787693944.602297212] [multi3_coordinator_node]: Received coordination message: {'robot_name': 'robot1', 'completed_fragment': 'f4-4', 'state': {'position': {'x': 10, 'y': 4, 'z': 0.0}, 'docked': False, 'battery': 100.0, 'conditions': ['picked-o2-4']}}
[INFO] [1787693944.991986601] [multi3_coordinator_node]: Assigned fragment f4-5 to robot robot1.
[INFO] [1787693945.004995362] [multi3_coordinator_node]: Received robot state update: {'operational_state': 'working', 'current_assigned_fragment': 'f4-5', 'conditions': ['picked-o2-4'], 'state': {'position': {'x': 10, 'y': 4, 'z': 0.0}, 'docked': False, 'battery': 100.0, 'conditions': ['picked-o2-4']}}
[INFO] [1787693948.040764691] [multi3_coordinator_node]: Fragment f1-3 is now executable because all signal messages were received.
[INFO] [1787693948.042820180] [multi3_coordinator_node]: Received coordination message: {'robot_name': 'robot2', 'completed_task': 'm1/s1/scan'}
[INFO] [1787693948.045218673] [multi3_coordinator_node]: Received robot state update: {'operational_state': 'idle', 'current_assigned_fragment': None, 'conditions': ['picked-o1-1'], 'state': {'position': {'x': 5, 'y': 8, 'z': 0.0}, 'docked': False, 'battery': 100.0, 'conditions': ['picked-o1-1']}}
[INFO] [1787693948.046813401] [multi3_coordinator_node]: Received coordination message: {'robot_name': 'robot2', 'completed_fragment': 'f1-2', 'state': {'position': {'x': 5, 'y': 8, 'z': 0.0}, 'docked': False, 'battery': 100.0, 'conditions': ['picked-o1-1']}}
[INFO] [1787693948.991248655] [multi3_coordinator_node]: Assigned fragment f1-3 to robot robot2.
[INFO] [1787693949.002891575] [multi3_coordinator_node]: Received robot state update: {'operational_state': 'working', 'current_assigned_fragment': 'f1-3', 'conditions': ['picked-o1-1'], 'state': {'position': {'x': 5, 'y': 8, 'z': 0.0}, 'docked': False, 'battery': 100.0, 'conditions': ['picked-o1-1']}}
[INFO] [1787693950.026474141] [multi3_coordinator_node]: Fragment f4-6 is now executable because all signal messages were received.
[INFO] [1787693950.028715472] [multi3_coordinator_node]: Received coordination message: {'robot_name': 'robot1', 'completed_task': 'm4/s2/scan'}
[INFO] [1787693950.031439200] [multi3_coordinator_node]: Received robot state update: {'operational_state': 'idle', 'current_assigned_fragment': None, 'conditions': ['picked-o2-4'], 'state': {'position': {'x': 10, 'y': 4, 'z': 0.0}, 'docked': False, 'battery': 100.0, 'conditions': ['picked-o2-4']}}
[INFO] [1787693950.033290764] [multi3_coordinator_node]: Received coordination message: {'robot_name': 'robot1', 'completed_fragment': 'f4-5', 'state': {'position': {'x': 10, 'y': 4, 'z': 0.0}, 'docked': False, 'battery': 100.0, 'conditions': ['picked-o2-4']}}
[INFO] [1787693950.992895576] [multi3_coordinator_node]: Assigned fragment f4-6 to robot robot1.
[INFO] [1787693951.003270360] [multi3_coordinator_node]: Received robot state update: {'operational_state': 'working', 'current_assigned_fragment': 'f4-6', 'conditions': ['picked-o2-4'], 'state': {'position': {'x': 10, 'y': 4, 'z': 0.0}, 'docked': False, 'battery': 100.0, 'conditions': ['picked-o2-4']}}
[INFO] [1787693962.053239754] [multi3_coordinator_node]: Fragment f4-8 is now executable because all signal messages were received.
[INFO] [1787693962.054509421] [multi3_coordinator_node]: Received coordination message: {'robot_name': 'robot3', 'completed_task': 'm4/s3/pick'}
[INFO] [1787693962.056185859] [multi3_coordinator_node]: Received robot state update: {'operational_state': 'idle', 'current_assigned_fragment': None, 'conditions': ['picked-o2-2', 'picked-o3-4'], 'state': {'position': {'x': 9, 'y': 1, 'z': 0.0}, 'docked': False, 'battery': 100.0, 'conditions': ['picked-o2-2', 'picked-o3-4']}}
[INFO] [1787693962.057395097] [multi3_coordinator_node]: Received coordination message: {'robot_name': 'robot3', 'completed_fragment': 'f4-7', 'state': {'position': {'x': 9, 'y': 1, 'z': 0.0}, 'docked': False, 'battery': 100.0, 'conditions': ['picked-o2-2', 'picked-o3-4']}}
[INFO] [1787693962.991546514] [multi3_coordinator_node]: Assigned fragment f4-8 to robot robot3.
[INFO] [1787693963.010390724] [multi3_coordinator_node]: Received robot state update: {'operational_state': 'working', 'current_assigned_fragment': 'f4-8', 'conditions': ['picked-o2-2', 'picked-o3-4'], 'state': {'position': {'x': 9, 'y': 1, 'z': 0.0}, 'docked': False, 'battery': 100.0, 'conditions': ['picked-o2-2', 'picked-o3-4']}}
[INFO] [1787693964.274972891] [multi3_coordinator_node]: Fragment f2-6 is now executable because all signal messages were received.
[INFO] [1787693964.276646716] [multi3_coordinator_node]: Received coordination message: {'robot_name': 'robot5', 'completed_task': 'm2/s2/scan'}
[INFO] [1787693964.279214381] [multi3_coordinator_node]: Received robot state update: {'operational_state': 'idle', 'current_assigned_fragment': None, 'conditions': ['picked-o1-4'], 'state': {'position': {'x': 9, 'y': 5, 'z': 0.0}, 'docked': False, 'battery': 100.0, 'conditions': ['picked-o1-4']}}
[INFO] [1787693964.281048809] [multi3_coordinator_node]: Received coordination message: {'robot_name': 'robot5', 'completed_fragment': 'f2-5', 'state': {'position': {'x': 9, 'y': 5, 'z': 0.0}, 'docked': False, 'battery': 100.0, 'conditions': ['picked-o1-4']}}
[INFO] [1787693964.743439838] [multi3_coordinator_node]: Received coordination message: {'robot_name': 'robot4', 'completed_task': 'm2/s1/transport'}
[INFO] [1787693964.746197010] [multi3_coordinator_node]: Received robot state update: {'operational_state': 'idle', 'current_assigned_fragment': None, 'conditions': ['picked-o1-2'], 'state': {'position': {'x': 11, 'y': 6, 'z': 0.0}, 'docked': False, 'battery': 100.0, 'conditions': ['picked-o1-2']}}
[INFO] [1787693964.748116374] [multi3_coordinator_node]: Received coordination message: {'robot_name': 'robot4', 'completed_fragment': 'f2-3', 'state': {'position': {'x': 11, 'y': 6, 'z': 0.0}, 'docked': False, 'battery': 100.0, 'conditions': ['picked-o1-2']}}
[INFO] [1787693964.992108824] [multi3_coordinator_node]: Assigned fragment f4-3 to robot robot5.
[INFO] [1787693964.995789875] [multi3_coordinator_node]: Assigned fragment f4-10' to robot robot4.
[INFO] [1787693965.010883239] [multi3_coordinator_node]: Received robot state update: {'operational_state': 'working', 'current_assigned_fragment': 'f4-3', 'conditions': ['picked-o1-4'], 'state': {'position': {'x': 9, 'y': 5, 'z': 0.0}, 'docked': False, 'battery': 100.0, 'conditions': ['picked-o1-4']}}
[INFO] [1787693965.012713952] [multi3_coordinator_node]: Received robot state update: {'operational_state': 'working', 'current_assigned_fragment': "f4-10'", 'conditions': ['picked-o1-2'], 'state': {'position': {'x': 11, 'y': 6, 'z': 0.0}, 'docked': False, 'battery': 100.0, 'conditions': ['picked-o1-2']}}
[INFO] [1787693966.023530175] [multi3_coordinator_node]: Fragment f4-9 is now executable because all signal messages were received.
[INFO] [1787693966.025800913] [multi3_coordinator_node]: Received coordination message: {'robot_name': 'robot3', 'completed_task': 'm4/s3/scan'}
[INFO] [1787693966.028579768] [multi3_coordinator_node]: Received robot state update: {'operational_state': 'idle', 'current_assigned_fragment': None, 'conditions': ['picked-o2-2', 'picked-o3-4'], 'state': {'position': {'x': 9, 'y': 1, 'z': 0.0}, 'docked': False, 'battery': 100.0, 'conditions': ['picked-o2-2', 'picked-o3-4']}}
[INFO] [1787693966.032147837] [multi3_coordinator_node]: Received coordination message: {'robot_name': 'robot3', 'completed_fragment': 'f4-8', 'state': {'position': {'x': 9, 'y': 1, 'z': 0.0}, 'docked': False, 'battery': 100.0, 'conditions': ['picked-o2-2', 'picked-o3-4']}}
[INFO] [1787693966.992118578] [multi3_coordinator_node]: Assigned fragment f2-6 to robot robot3.
[INFO] [1787693967.004207860] [multi3_coordinator_node]: Received robot state update: {'operational_state': 'working', 'current_assigned_fragment': 'f2-6', 'conditions': ['picked-o2-2', 'picked-o3-4'], 'state': {'position': {'x': 9, 'y': 1, 'z': 0.0}, 'docked': False, 'battery': 100.0, 'conditions': ['picked-o2-2', 'picked-o3-4']}}
[INFO] [1787693969.269368175] [multi3_coordinator_node]: Received coordination message: {'robot_name': 'robot1', 'completed_task': 'm4/s2/transport'}
[INFO] [1787693969.271460142] [multi3_coordinator_node]: Received robot state update: {'operational_state': 'idle', 'current_assigned_fragment': None, 'conditions': ['picked-o2-4'], 'state': {'position': {'x': 11, 'y': 6, 'z': 0.0}, 'docked': False, 'battery': 100.0, 'conditions': ['picked-o2-4']}}
[INFO] [1787693969.273322710] [multi3_coordinator_node]: Received coordination message: {'robot_name': 'robot1', 'completed_fragment': 'f4-6', 'state': {'position': {'x': 11, 'y': 6, 'z': 0.0}, 'docked': False, 'battery': 100.0, 'conditions': ['picked-o2-4']}}
[INFO] [1787693971.188037145] [multi3_coordinator_node]: Fragment f1-4 is now executable because all signal messages were received.
[INFO] [1787693971.189223671] [multi3_coordinator_node]: Received coordination message: {'robot_name': 'robot2', 'completed_task': 'm1/s1/transport'}
[INFO] [1787693971.190875805] [multi3_coordinator_node]: Received robot state update: {'operational_state': 'idle', 'current_assigned_fragment': None, 'conditions': ['picked-o1-1'], 'state': {'position': {'x': 11, 'y': 6, 'z': 0.0}, 'docked': False, 'battery': 100.0, 'conditions': ['picked-o1-1']}}
[INFO] [1787693971.192332209] [multi3_coordinator_node]: Received coordination message: {'robot_name': 'robot2', 'completed_fragment': 'f1-3', 'state': {'position': {'x': 11, 'y': 6, 'z': 0.0}, 'docked': False, 'battery': 100.0, 'conditions': ['picked-o1-1']}}
[INFO] [1787693971.989449056] [multi3_coordinator_node]: Assigned fragment f1-4 to robot robot2.
[INFO] [1787693971.996625820] [multi3_coordinator_node]: Received robot state update: {'operational_state': 'working', 'current_assigned_fragment': 'f1-4', 'conditions': ['picked-o1-1'], 'state': {'position': {'x': 11, 'y': 6, 'z': 0.0}, 'docked': False, 'battery': 100.0, 'conditions': ['picked-o1-1']}}
[INFO] [1787693980.017172252] [multi3_coordinator_node]: Received coordination message: {'robot_name': 'robot2', 'completed_task': 'm1//pack'}
[INFO] [1787693980.020530088] [multi3_coordinator_node]: Received robot state update: {'operational_state': 'idle', 'current_assigned_fragment': None, 'conditions': ['picked-o1-1'], 'state': {'position': {'x': 11, 'y': 6, 'z': 0.0}, 'docked': False, 'battery': 100.0, 'conditions': ['picked-o1-1']}}
[INFO] [1787693980.022544372] [multi3_coordinator_node]: Received coordination message: {'robot_name': 'robot2', 'completed_fragment': 'f1-4', 'state': {'position': {'x': 11, 'y': 6, 'z': 0.0}, 'docked': False, 'battery': 100.0, 'conditions': ['picked-o1-1']}}
[INFO] [1787693982.233185462] [multi3_coordinator_node]: Received coordination message: {'robot_name': 'robot5', 'completed_task': 'm4/s1/transport'}
[INFO] [1787693982.234402513] [multi3_coordinator_node]: Received robot state update: {'operational_state': 'idle', 'current_assigned_fragment': None, 'conditions': ['picked-o1-4'], 'state': {'position': {'x': 11, 'y': 6, 'z': 0.0}, 'docked': False, 'battery': 100.0, 'conditions': ['picked-o1-4']}}
[INFO] [1787693982.235300929] [multi3_coordinator_node]: Received coordination message: {'robot_name': 'robot5', 'completed_fragment': 'f4-3', 'state': {'position': {'x': 11, 'y': 6, 'z': 0.0}, 'docked': False, 'battery': 100.0, 'conditions': ['picked-o1-4']}}
[INFO] [1787693984.229918927] [multi3_coordinator_node]: Fragment f2-7 is now executable because all signal messages were received.
[INFO] [1787693984.230921543] [multi3_coordinator_node]: Received coordination message: {'robot_name': 'robot3', 'completed_task': 'm2/s2/transport'}
[INFO] [1787693984.232280356] [multi3_coordinator_node]: Received robot state update: {'operational_state': 'idle', 'current_assigned_fragment': None, 'conditions': ['picked-o2-2', 'picked-o3-4'], 'state': {'position': {'x': 11, 'y': 6, 'z': 0.0}, 'docked': False, 'battery': 100.0, 'conditions': ['picked-o2-2', 'picked-o3-4']}}
[INFO] [1787693984.233229387] [multi3_coordinator_node]: Received coordination message: {'robot_name': 'robot3', 'completed_fragment': 'f2-6', 'state': {'position': {'x': 11, 'y': 6, 'z': 0.0}, 'docked': False, 'battery': 100.0, 'conditions': ['picked-o2-2', 'picked-o3-4']}}
[INFO] [1787693984.990550851] [multi3_coordinator_node]: Assigned fragment f2-7 to robot robot5.
[INFO] [1787693984.993432493] [multi3_coordinator_node]: Assigned fragment f4-9 to robot robot3.
[INFO] [1787693985.012845029] [multi3_coordinator_node]: Received robot state update: {'operational_state': 'working', 'current_assigned_fragment': 'f4-9', 'conditions': ['picked-o2-2', 'picked-o3-4'], 'state': {'position': {'x': 11, 'y': 6, 'z': 0.0}, 'docked': False, 'battery': 100.0, 'conditions': ['picked-o2-2', 'picked-o3-4']}}
[INFO] [1787693985.016048130] [multi3_coordinator_node]: Received robot state update: {'operational_state': 'working', 'current_assigned_fragment': 'f2-7', 'conditions': ['picked-o1-4'], 'state': {'position': {'x': 11, 'y': 6, 'z': 0.0}, 'docked': False, 'battery': 100.0, 'conditions': ['picked-o1-4']}}
[INFO] [1787693988.837468279] [multi3_coordinator_node]: Fragment f4-11 is now executable because all signal messages were received.
[INFO] [1787693988.839606937] [multi3_coordinator_node]: Received coordination message: {'robot_name': 'robot4', 'completed_task': 'm4/s4/pick'}
[INFO] [1787693988.842524116] [multi3_coordinator_node]: Received robot state update: {'operational_state': 'idle', 'current_assigned_fragment': None, 'conditions': ['picked-o1-2', 'picked-o4-4'], 'state': {'position': {'x': 2, 'y': 4, 'z': 0.0}, 'docked': False, 'battery': 100.0, 'conditions': ['picked-o1-2', 'picked-o4-4']}}
[INFO] [1787693988.844178217] [multi3_coordinator_node]: Received coordination message: {'robot_name': 'robot4', 'completed_fragment': "f4-10'", 'state': {'position': {'x': 2, 'y': 4, 'z': 0.0}, 'docked': False, 'battery': 100.0, 'conditions': ['picked-o1-2', 'picked-o4-4']}}
[INFO] [1787693988.990164612] [multi3_coordinator_node]: Assigned fragment f4-11 to robot robot4.
[INFO] [1787693989.017138869] [multi3_coordinator_node]: Received robot state update: {'operational_state': 'working', 'current_assigned_fragment': 'f4-11', 'conditions': ['picked-o1-2', 'picked-o4-4'], 'state': {'position': {'x': 2, 'y': 4, 'z': 0.0}, 'docked': False, 'battery': 100.0, 'conditions': ['picked-o1-2', 'picked-o4-4']}}
[INFO] [1787693994.032182668] [multi3_coordinator_node]: Fragment f4-12 is now executable because all signal messages were received.
[INFO] [1787693994.033898237] [multi3_coordinator_node]: Received coordination message: {'robot_name': 'robot4', 'completed_task': 'm4/s4/scan'}
[INFO] [1787693994.036150330] [multi3_coordinator_node]: Received robot state update: {'operational_state': 'idle', 'current_assigned_fragment': None, 'conditions': ['picked-o1-2', 'picked-o4-4'], 'state': {'position': {'x': 2, 'y': 4, 'z': 0.0}, 'docked': False, 'battery': 100.0, 'conditions': ['picked-o1-2', 'picked-o4-4']}}
[INFO] [1787693994.037656145] [multi3_coordinator_node]: Received coordination message: {'robot_name': 'robot4', 'completed_fragment': 'f4-11', 'state': {'position': {'x': 2, 'y': 4, 'z': 0.0}, 'docked': False, 'battery': 100.0, 'conditions': ['picked-o1-2', 'picked-o4-4']}}
[INFO] [1787693994.990284192] [multi3_coordinator_node]: Assigned fragment f4-12 to robot robot4.
[INFO] [1787693995.019021239] [multi3_coordinator_node]: Received coordination message: {'robot_name': 'robot3', 'completed_task': 'm4/s3/transport'}
[INFO] [1787693995.020342496] [multi3_coordinator_node]: Received robot state update: {'operational_state': 'idle', 'current_assigned_fragment': None, 'conditions': ['picked-o2-2', 'picked-o3-4'], 'state': {'position': {'x': 11, 'y': 6, 'z': 0.0}, 'docked': False, 'battery': 100.0, 'conditions': ['picked-o2-2', 'picked-o3-4']}}
[INFO] [1787693995.021449625] [multi3_coordinator_node]: Received coordination message: {'robot_name': 'robot3', 'completed_fragment': 'f4-9', 'state': {'position': {'x': 11, 'y': 6, 'z': 0.0}, 'docked': False, 'battery': 100.0, 'conditions': ['picked-o2-2', 'picked-o3-4']}}
[INFO] [1787693995.023332536] [multi3_coordinator_node]: Received robot state update: {'operational_state': 'working', 'current_assigned_fragment': 'f4-12', 'conditions': ['picked-o1-2', 'picked-o4-4'], 'state': {'position': {'x': 2, 'y': 4, 'z': 0.0}, 'docked': False, 'battery': 100.0, 'conditions': ['picked-o1-2', 'picked-o4-4']}}
[INFO] [1787693999.036022920] [multi3_coordinator_node]: Received coordination message: {'robot_name': 'robot5', 'completed_task': 'm2//pack'}
[INFO] [1787693999.038690692] [multi3_coordinator_node]: Received robot state update: {'operational_state': 'idle', 'current_assigned_fragment': None, 'conditions': ['picked-o1-4'], 'state': {'position': {'x': 11, 'y': 6, 'z': 0.0}, 'docked': False, 'battery': 100.0, 'conditions': ['picked-o1-4']}}
[INFO] [1787693999.040942179] [multi3_coordinator_node]: Received coordination message: {'robot_name': 'robot5', 'completed_fragment': 'f2-7', 'state': {'position': {'x': 11, 'y': 6, 'z': 0.0}, 'docked': False, 'battery': 100.0, 'conditions': ['picked-o1-4']}}
[INFO] [1787694024.740593071] [multi3_coordinator_node]: Fragment f4-13 is now executable because all signal messages were received.
[INFO] [1787694024.742328339] [multi3_coordinator_node]: Received coordination message: {'robot_name': 'robot4', 'completed_task': 'm4/s4/transport'}
[INFO] [1787694024.745270553] [multi3_coordinator_node]: Received robot state update: {'operational_state': 'idle', 'current_assigned_fragment': None, 'conditions': ['picked-o1-2', 'picked-o4-4'], 'state': {'position': {'x': 11, 'y': 6, 'z': 0.0}, 'docked': False, 'battery': 100.0, 'conditions': ['picked-o1-2', 'picked-o4-4']}}
[INFO] [1787694024.747216257] [multi3_coordinator_node]: Received coordination message: {'robot_name': 'robot4', 'completed_fragment': 'f4-12', 'state': {'position': {'x': 11, 'y': 6, 'z': 0.0}, 'docked': False, 'battery': 100.0, 'conditions': ['picked-o1-2', 'picked-o4-4']}}
[INFO] [1787694024.992872677] [multi3_coordinator_node]: Assigned fragment f4-13 to robot robot2.
[INFO] [1787694025.017257593] [multi3_coordinator_node]: Received robot state update: {'operational_state': 'working', 'current_assigned_fragment': 'f4-13', 'conditions': ['picked-o1-1'], 'state': {'position': {'x': 11, 'y': 6, 'z': 0.0}, 'docked': False, 'battery': 100.0, 'conditions': ['picked-o1-1']}}
[INFO] [1787694051.038065924] [multi3_coordinator_node]: Received coordination message: {'robot_name': 'robot2', 'completed_task': 'm4//pack'}
[INFO] [1787694051.039296952] [multi3_coordinator_node]: Received robot state update: {'operational_state': 'idle', 'current_assigned_fragment': None, 'conditions': ['picked-o1-1'], 'state': {'position': {'x': 11, 'y': 6, 'z': 0.0}, 'docked': False, 'battery': 100.0, 'conditions': ['picked-o1-1']}}
[INFO] [1787694051.039879919] [multi3_coordinator_node]: Received coordination message: {'robot_name': 'robot2', 'completed_fragment': 'f4-13', 'state': {'position': {'x': 11, 'y': 6, 'z': 0.0}, 'docked': False, 'battery': 100.0, 'conditions': ['picked-o1-1']}}
Traceback (most recent call last):
  File "/root/ros2_ws/install/multi3_coordinator/lib/python3.10/site-packages/nodes/coordinator.py", line 294, in main
    rclpy.spin(node)
  File "/opt/ros/humble/local/lib/python3.10/dist-packages/rclpy/__init__.py", line 229, in spin
    executor.spin_once()
  File "/opt/ros/humble/local/lib/python3.10/dist-packages/rclpy/executors.py", line 808, in spin_once
    self._spin_once_impl(timeout_sec)
  File "/opt/ros/humble/local/lib/python3.10/dist-packages/rclpy/executors.py", line 797, in _spin_once_impl
    handler, entity, node = self.wait_for_ready_callbacks(timeout_sec=timeout_sec)
  File "/opt/ros/humble/local/lib/python3.10/dist-packages/rclpy/executors.py", line 780, in wait_for_ready_callbacks
    return next(self._cb_iter)
  File "/opt/ros/humble/local/lib/python3.10/dist-packages/rclpy/executors.py", line 681, in _wait_for_ready_callbacks
    raise ExternalShutdownException()
rclpy.executors.ExternalShutdownException

During handling of the above exception, another exception occurred:

Traceback (most recent call last):
  File "/root/ros2_ws/install/multi3_coordinator/lib/multi3_coordinator/coordinator", line 33, in <module>
    sys.exit(load_entry_point('multi3-coordinator==0.0.0', 'console_scripts', 'coordinator')())
  File "/root/ros2_ws/install/multi3_coordinator/lib/python3.10/site-packages/nodes/coordinator.py", line 299, in main
    rclpy.shutdown()
  File "/opt/ros/humble/local/lib/python3.10/dist-packages/rclpy/__init__.py", line 130, in shutdown
    _shutdown(context=context)
  File "/opt/ros/humble/local/lib/python3.10/dist-packages/rclpy/utilities.py", line 58, in shutdown
    return context.shutdown()
  File "/opt/ros/humble/local/lib/python3.10/dist-packages/rclpy/context.py", line 102, in shutdown
    self.__context.shutdown()
rclpy._rclpy_pybind11.RCLError: failed to shutdown: rcl_shutdown already called on the given context, at ./src/rcl/init.c:241

--- executor_robot1.log ---
[INFO] [1787693899.130567500] [robot1.fragment_exec_node]: Setting up skill: PickSkill
[INFO] [1787693899.131803911] [robot1.fragment_exec_node]: Setting up skill: ScanSkill
[INFO] [1787693899.132529692] [robot1.fragment_exec_node]: Setting up skill: NavigateSkill
[INFO] [1787693899.133161316] [robot1.fragment_exec_node]: Setting up skill: NavigateSkill
[INFO] [1787693899.134204725] [robot1.fragment_exec_node]: Setting up skill: DockSkill
[INFO] [1787693899.134980607] [robot1.fragment_exec_node]: Setting up skill: UndockSkill
[INFO] [1787693899.135934556] [robot1.fragment_exec_node]: Setting up skill: PackSkill
[INFO] [1787693899.142353305] [robot1.fragment_exec_node]: Published robot registration: {'name': 'robot1', 'operational_state': 'idle', 'capabilities': ['pick', 'scan', 'transport', 'pack'], 'state': {'position': {'x': 0.0, 'y': 0.0, 'z': 0.0}, 'docked': True, 'battery': 100.0, 'conditions': []}}
[INFO] [1787693911.997462458] [robot1.fragment_exec_node]: Received fragment: {'robot': 'robot2', 'fragment': {'id': 'f1-1', 'mission': 'm1', 'state': 'assigned', 'wait': [], 'tasks': [{'name': 'pick', 'params': {'x': 5, 'y': 8, 'weight': 8}}], 'arrive_timestamp': 1787693909, 'priority': 1, 'segment': 's1', 'preconditions': [], 'postconditions': ['picked-o1-1']}}
[INFO] [1787693912.017457665] [robot1.fragment_exec_node]: Received fragment: {'robot': 'robot5', 'fragment': {'id': 'f4-1', 'mission': 'm4', 'state': 'assigned', 'wait': [], 'tasks': [{'name': 'pick', 'params': {'weight': 5, 'x': 2, 'y': 8}}], 'arrive_timestamp': 1787693910, 'priority': 1, 'segment': 's1', 'preconditions': [], 'postconditions': ['picked-o1-4']}}
[INFO] [1787693912.020682364] [robot1.fragment_exec_node]: Received fragment: {'robot': 'robot3', 'fragment': {'id': 'f2-4', 'mission': 'm2', 'state': 'assigned', 'wait': [], 'tasks': [{'name': 'pick', 'params': {'weight': 7, 'x': 9, 'y': 5}}], 'arrive_timestamp': 1787693909, 'priority': 1, 'segment': 's2', 'preconditions': [], 'postconditions': ['picked-o2-2']}}
[INFO] [1787693912.022164839] [robot1.fragment_exec_node]: Received fragment: {'robot': 'robot4', 'fragment': {'id': 'f2-1', 'mission': 'm2', 'state': 'assigned', 'wait': [], 'tasks': [{'name': 'pick', 'params': {'weight': 5, 'x': 2, 'y': 3}}], 'arrive_timestamp': 1787693909, 'priority': 1, 'segment': 's1', 'preconditions': [], 'postconditions': ['picked-o1-2']}}
[INFO] [1787693912.023430460] [robot1.fragment_exec_node]: Received fragment: {'robot': 'robot1', 'fragment': {'id': 'f4-4', 'mission': 'm4', 'state': 'assigned', 'wait': [], 'tasks': [{'name': 'pick', 'params': {'weight': 7, 'x': 10, 'y': 4}}], 'arrive_timestamp': 1787693910, 'priority': 1, 'segment': 's2', 'preconditions': [], 'postconditions': ['picked-o2-4']}}
[INFO] [1787693912.024870801] [robot1.fragment_exec_node]: Received fragment assignment: f4-4. Starting execution.
[INFO] [1787693912.027095462] [robot1.fragment_exec_node]: Executing task pick. Params: {'weight': 7, 'x': 10, 'y': 4}, Virtual state: {'position': {'x': 0.0, 'y': 0.0, 'z': 0.0}, 'docked': True, 'battery': 100.0, 'conditions': []}
[INFO] [1787693912.028358339] [robot1.fragment_exec_node]: EventType: Control (Task: pick), Activity: undock, Robot: robot1, Mission: m4, Segment: s2, Start: 19929.014426978
[INFO] [1787693912.029480789] [robot1.fragment_exec_node]: Simulating undock skill...
[INFO] [1787693916.033067934] [robot1.fragment_exec_node]: Undock completed!
[INFO] [1787693916.036244270] [robot1.fragment_exec_node]: EventType: Control (Task: pick), Activity: undock, Robot: robot1, Mission: m4, Segment: s2, End: 19933.020860127
[INFO] [1787693916.038939695] [robot1.fragment_exec_node]: EventType: Control (Task: pick), Activity: navigate, Robot: robot1, Mission: m4, Segment: s2, Start: 19933.024361165
[INFO] [1787693916.041228852] [robot1.fragment_exec_node]: Simulating navigate skill from position (0.0, 0.0) to (10, 4) (21.540659228538015 seconds)...
[INFO] [1787693928.997329169] [robot1.fragment_exec_node]: Received fragment: {'robot': 'robot4', 'fragment': {'id': 'f2-2', 'mission': 'm2', 'state': 'assigned', 'wait': ['m2/s1/pick'], 'tasks': [{'name': 'scan', 'params': {'x': 2, 'y': 3}}], 'arrive_timestamp': 1787693909, 'priority': 1, 'segment': 's1', 'preconditions': [], 'postconditions': []}}
[INFO] [1787693934.995685791] [robot1.fragment_exec_node]: Received fragment: {'robot': 'robot4', 'fragment': {'id': 'f2-3', 'mission': 'm2', 'state': 'assigned', 'wait': ['m2/s1/scan'], 'tasks': [{'name': 'transport', 'params': {'x': 11, 'y': 6}}], 'arrive_timestamp': 1787693909, 'priority': 1, 'segment': 's1', 'preconditions': [], 'postconditions': []}}
[INFO] [1787693937.583932381] [robot1.fragment_exec_node]: Navigation completed!
[INFO] [1787693937.585141976] [robot1.fragment_exec_node]: EventType: Control (Task: pick), Activity: navigate, Robot: robot1, Mission: m4, Segment: s2, End: 19954.571366119
[INFO] [1787693937.585978750] [robot1.fragment_exec_node]: EventType: Task, Activity: pick, Robot: robot1, Mission: m4, Segment: s2, Start: 19954.572466676
[INFO] [1787693937.587345985] [robot1.fragment_exec_node]: Simulating pick skill...
[INFO] [1787693937.994619252] [robot1.fragment_exec_node]: Received fragment: {'robot': 'robot5', 'fragment': {'id': 'f4-2', 'mission': 'm4', 'state': 'assigned', 'wait': ['m4/s1/pick'], 'tasks': [{'name': 'scan', 'params': {'x': 2, 'y': 8}}], 'arrive_timestamp': 1787693910, 'priority': 1, 'segment': 's1', 'preconditions': [], 'postconditions': []}}
[INFO] [1787693942.996910508] [robot1.fragment_exec_node]: Received fragment: {'robot': 'robot2', 'fragment': {'id': 'f1-2', 'mission': 'm1', 'state': 'assigned', 'wait': ['m1/s1/pick'], 'tasks': [{'name': 'scan', 'params': {'x': 5, 'y': 8}}], 'arrive_timestamp': 1787693909, 'priority': 1, 'segment': 's1', 'preconditions': [], 'postconditions': []}}
[INFO] [1787693944.003580225] [robot1.fragment_exec_node]: Received fragment: {'robot': 'robot5', 'fragment': {'id': 'f2-5', 'mission': 'm2', 'state': 'assigned', 'wait': ['m2/s2/pick'], 'tasks': [{'name': 'scan', 'params': {'x': 9, 'y': 5}}], 'arrive_timestamp': 1787693909, 'priority': 1, 'segment': 's2', 'preconditions': [], 'postconditions': []}}
[INFO] [1787693944.006545172] [robot1.fragment_exec_node]: Received fragment: {'robot': 'robot3', 'fragment': {'id': 'f4-7', 'mission': 'm4', 'state': 'assigned', 'wait': [], 'tasks': [{'name': 'pick', 'params': {'weight': 2, 'x': 9, 'y': 1}}], 'arrive_timestamp': 1787693910, 'priority': 1, 'segment': 's3', 'preconditions': [], 'postconditions': ['picked-o3-4']}}
[INFO] [1787693944.588770966] [robot1.fragment_exec_node]: Pick completed!
[INFO] [1787693944.591917382] [robot1.fragment_exec_node]: EventType: Task, Activity: pick, Robot: robot1, Mission: m4, Segment: s2, End: 19961.578978449
[INFO] [1787693944.595230644] [robot1.fragment_exec_node]: Execution of fragment f4-4 completed!
[INFO] [1787693944.997630589] [robot1.fragment_exec_node]: Received fragment: {'robot': 'robot1', 'fragment': {'id': 'f4-5', 'mission': 'm4', 'state': 'assigned', 'wait': ['m4/s2/pick'], 'tasks': [{'name': 'scan', 'params': {'x': 10, 'y': 4}}], 'arrive_timestamp': 1787693910, 'priority': 1, 'segment': 's2', 'preconditions': [], 'postconditions': []}}
[INFO] [1787693945.002073860] [robot1.fragment_exec_node]: Received fragment assignment: f4-5. Starting execution.
[INFO] [1787693945.004651891] [robot1.fragment_exec_node]: Waiting for coordination messages before executing fragment f4-5: ['m4/s2/pick']
[INFO] [1787693947.010845328] [robot1.fragment_exec_node]: Executing task scan. Params: {'x': 10, 'y': 4}, Virtual state: {'position': {'x': 10, 'y': 4, 'z': 0.0}, 'docked': False, 'battery': 100.0, 'conditions': ['picked-o2-4']}
[INFO] [1787693947.013124910] [robot1.fragment_exec_node]: EventType: Task, Activity: scan, Robot: robot1, Mission: m4, Segment: s2, Start: 19964.00094782
[INFO] [1787693947.015009558] [robot1.fragment_exec_node]: Simulating scan skill...
[INFO] [1787693949.007657315] [robot1.fragment_exec_node]: Received fragment: {'robot': 'robot2', 'fragment': {'id': 'f1-3', 'mission': 'm1', 'state': 'assigned', 'wait': ['m1/s1/scan'], 'tasks': [{'name': 'transport', 'params': {'x': 11, 'y': 6}}], 'arrive_timestamp': 1787693909, 'priority': 1, 'segment': 's1', 'preconditions': ['picked-o1-1'], 'postconditions': []}}
[INFO] [1787693950.018575424] [robot1.fragment_exec_node]: Scan completed!
[INFO] [1787693950.021925028] [robot1.fragment_exec_node]: EventType: Task, Activity: scan, Robot: robot1, Mission: m4, Segment: s2, End: 19967.008932145
[INFO] [1787693950.025732999] [robot1.fragment_exec_node]: Execution of fragment f4-5 completed!
[INFO] [1787693950.997661854] [robot1.fragment_exec_node]: Received fragment: {'robot': 'robot1', 'fragment': {'id': 'f4-6', 'mission': 'm4', 'state': 'assigned', 'wait': ['m4/s2/scan'], 'tasks': [{'name': 'transport', 'params': {'x': 11, 'y': 6}}], 'arrive_timestamp': 1787693910, 'priority': 1, 'segment': 's2', 'preconditions': ['picked-o2-4'], 'postconditions': []}}
[INFO] [1787693950.999992958] [robot1.fragment_exec_node]: Received fragment assignment: f4-6. Starting execution.
[INFO] [1787693951.002496315] [robot1.fragment_exec_node]: Executing task transport. Params: {'x': 11, 'y': 6}, Virtual state: {'position': {'x': 10, 'y': 4, 'z': 0.0}, 'docked': False, 'battery': 100.0, 'conditions': ['picked-o2-4']}
[INFO] [1787693951.004044077] [robot1.fragment_exec_node]: EventType: Control (Task: transport), Activity: navigate, Robot: robot1, Mission: m4, Segment: s2, Start: 19967.992247522
[INFO] [1787693951.005563216] [robot1.fragment_exec_node]: Simulating navigate skill from position (10, 4) to (11, 6) (8.246211251235321 seconds)...
[INFO] [1787693959.255663307] [robot1.fragment_exec_node]: Navigation completed!
[INFO] [1787693959.259080477] [robot1.fragment_exec_node]: EventType: Control (Task: transport), Activity: navigate, Robot: robot1, Mission: m4, Segment: s2, End: 19976.245832575
[INFO] [1787693959.261341053] [robot1.fragment_exec_node]: EventType: Task, Activity: transport, Robot: robot1, Mission: m4, Segment: s2, Start: 19976.249423374
[INFO] [1787693959.263066696] [robot1.fragment_exec_node]: Simulating navigate skill from position (11, 6) to (11, 6) (10.0 seconds)...
[INFO] [1787693963.032455478] [robot1.fragment_exec_node]: Received fragment: {'robot': 'robot3', 'fragment': {'id': 'f4-8', 'mission': 'm4', 'state': 'assigned', 'wait': ['m4/s3/pick'], 'tasks': [{'name': 'scan', 'params': {'x': 9, 'y': 1}}], 'arrive_timestamp': 1787693910, 'priority': 1, 'segment': 's3', 'preconditions': [], 'postconditions': []}}
[INFO] [1787693965.005328995] [robot1.fragment_exec_node]: Received fragment: {'robot': 'robot4', 'fragment': {'id': "f4-10'", 'mission': 'm4', 'state': 'assigned', 'wait': [], 'tasks': [{'name': 'pick', 'params': {'weight': 1, 'x': 2, 'y': 4}}], 'arrive_timestamp': 1787693910, 'priority': 1, 'segment': 's4', 'preconditions': [], 'postconditions': ['picked-o4-4']}}
[INFO] [1787693965.006259771] [robot1.fragment_exec_node]: Received fragment: {'robot': 'robot5', 'fragment': {'id': 'f4-3', 'mission': 'm4', 'state': 'assigned', 'wait': ['m4/s1/scan'], 'tasks': [{'name': 'transport', 'params': {'x': 11, 'y': 6}}], 'arrive_timestamp': 1787693910, 'priority': 1, 'segment': 's1', 'preconditions': ['picked-o1-4'], 'postconditions': []}}
[INFO] [1787693967.001892545] [robot1.fragment_exec_node]: Received fragment: {'robot': 'robot3', 'fragment': {'id': 'f2-6', 'mission': 'm2', 'state': 'assigned', 'wait': ['m2/s2/scan'], 'tasks': [{'name': 'transport', 'params': {'x': 11, 'y': 6}}], 'arrive_timestamp': 1787693909, 'priority': 1, 'segment': 's2', 'preconditions': ['picked-o2-2'], 'postconditions': []}}
[INFO] [1787693969.265703050] [robot1.fragment_exec_node]: Navigation completed!
[INFO] [1787693969.267188929] [robot1.fragment_exec_node]: EventType: Task, Activity: transport, Robot: robot1, Mission: m4, Segment: s2, End: 19986.255454701
[INFO] [1787693969.269171767] [robot1.fragment_exec_node]: Execution of fragment f4-6 completed!
[INFO] [1787693971.992943391] [robot1.fragment_exec_node]: Received fragment: {'robot': 'robot2', 'fragment': {'id': 'f1-4', 'mission': 'm1', 'state': 'assigned', 'wait': ['m1/s1/transport'], 'tasks': [{'name': 'pack', 'params': {'x': 11, 'y': 6, 'items': 1}}], 'arrive_timestamp': 1787693909, 'priority': 1, 'segment': '', 'preconditions': [], 'postconditions': []}}
[INFO] [1787693985.007778741] [robot1.fragment_exec_node]: Received fragment: {'robot': 'robot5', 'fragment': {'id': 'f2-7', 'mission': 'm2', 'state': 'assigned', 'wait': ['m2/s1/transport', 'm2/s2/transport'], 'tasks': [{'name': 'pack', 'params': {'x': 11, 'y': 6, 'items': 2}}], 'arrive_timestamp': 1787693909, 'priority': 1, 'segment': '', 'preconditions': [], 'postconditions': []}}
[INFO] [1787693985.009469648] [robot1.fragment_exec_node]: Received fragment: {'robot': 'robot3', 'fragment': {'id': 'f4-9', 'mission': 'm4', 'state': 'assigned', 'wait': ['m4/s3/scan'], 'tasks': [{'name': 'transport', 'params': {'x': 11, 'y': 6}}], 'arrive_timestamp': 1787693910, 'priority': 1, 'segment': 's3', 'preconditions': ['picked-o3-4'], 'postconditions': []}}
[INFO] [1787693988.997385652] [robot1.fragment_exec_node]: Received fragment: {'robot': 'robot4', 'fragment': {'id': 'f4-11', 'mission': 'm4', 'state': 'assigned', 'wait': ['m4/s4/pick'], 'tasks': [{'name': 'scan', 'params': {'x': 2, 'y': 4}}], 'arrive_timestamp': 1787693910, 'priority': 1, 'segment': 's4', 'preconditions': [], 'postconditions': []}}
[INFO] [1787693994.994307011] [robot1.fragment_exec_node]: Received fragment: {'robot': 'robot4', 'fragment': {'id': 'f4-12', 'mission': 'm4', 'state': 'assigned', 'wait': ['m4/s4/scan'], 'tasks': [{'name': 'transport', 'params': {'x': 11, 'y': 6}}], 'arrive_timestamp': 1787693910, 'priority': 1, 'segment': 's4', 'preconditions': ['picked-o4-4'], 'postconditions': []}}
[INFO] [1787694025.016518000] [robot1.fragment_exec_node]: Received fragment: {'robot': 'robot2', 'fragment': {'id': 'f4-13', 'mission': 'm4', 'state': 'assigned', 'wait': ['m4/s1/transport', 'm4/s2/transport', 'm4/s3/transport', 'm4/s4/transport'], 'tasks': [{'name': 'pack', 'params': {'x': 11, 'y': 6, 'items': 4}}], 'arrive_timestamp': 1787693910, 'priority': 1, 'segment': '', 'preconditions': [], 'postconditions': []}}
Traceback (most recent call last):
  File "/root/ros2_ws/install/multi3_executor/lib/multi3_executor/executor", line 33, in <module>
    sys.exit(load_entry_point('multi3-executor==0.0.0', 'console_scripts', 'executor')())
  File "/root/ros2_ws/install/multi3_executor/lib/python3.10/site-packages/multi3_executor/nodes/executor.py", line 236, in main
    rclpy.shutdown()
  File "/opt/ros/humble/local/lib/python3.10/dist-packages/rclpy/__init__.py", line 130, in shutdown
    _shutdown(context=context)
  File "/opt/ros/humble/local/lib/python3.10/dist-packages/rclpy/utilities.py", line 58, in shutdown
    return context.shutdown()
  File "/opt/ros/humble/local/lib/python3.10/dist-packages/rclpy/context.py", line 102, in shutdown
    self.__context.shutdown()
rclpy._rclpy_pybind11.RCLError: failed to shutdown: rcl_shutdown already called on the given context, at ./src/rcl/init.c:241

--- executor_robot2.log ---
[INFO] [1787693901.516193568] [robot2.fragment_exec_node]: Setting up skill: PickSkill
[INFO] [1787693901.516981247] [robot2.fragment_exec_node]: Setting up skill: ScanSkill
[INFO] [1787693901.517653923] [robot2.fragment_exec_node]: Setting up skill: NavigateSkill
[INFO] [1787693901.518148345] [robot2.fragment_exec_node]: Setting up skill: NavigateSkill
[INFO] [1787693901.518738837] [robot2.fragment_exec_node]: Setting up skill: DockSkill
[INFO] [1787693901.519310791] [robot2.fragment_exec_node]: Setting up skill: UndockSkill
[INFO] [1787693901.519898852] [robot2.fragment_exec_node]: Setting up skill: PackSkill
[INFO] [1787693901.526828801] [robot2.fragment_exec_node]: Published robot registration: {'name': 'robot2', 'operational_state': 'idle', 'capabilities': ['pick', 'scan', 'transport', 'pack'], 'state': {'position': {'x': 0.0, 'y': 0.0, 'z': 0.0}, 'docked': True, 'battery': 100.0, 'conditions': []}}
[INFO] [1787693912.009595920] [robot2.fragment_exec_node]: Received fragment: {'robot': 'robot4', 'fragment': {'id': 'f2-1', 'mission': 'm2', 'state': 'assigned', 'wait': [], 'tasks': [{'name': 'pick', 'params': {'weight': 5, 'x': 2, 'y': 3}}], 'arrive_timestamp': 1787693909, 'priority': 1, 'segment': 's1', 'preconditions': [], 'postconditions': ['picked-o1-2']}}
[INFO] [1787693912.015716216] [robot2.fragment_exec_node]: Received fragment: {'robot': 'robot2', 'fragment': {'id': 'f1-1', 'mission': 'm1', 'state': 'assigned', 'wait': [], 'tasks': [{'name': 'pick', 'params': {'x': 5, 'y': 8, 'weight': 8}}], 'arrive_timestamp': 1787693909, 'priority': 1, 'segment': 's1', 'preconditions': [], 'postconditions': ['picked-o1-1']}}
[INFO] [1787693912.022885069] [robot2.fragment_exec_node]: Received fragment: {'robot': 'robot1', 'fragment': {'id': 'f4-4', 'mission': 'm4', 'state': 'assigned', 'wait': [], 'tasks': [{'name': 'pick', 'params': {'weight': 7, 'x': 10, 'y': 4}}], 'arrive_timestamp': 1787693910, 'priority': 1, 'segment': 's2', 'preconditions': [], 'postconditions': ['picked-o2-4']}}
[INFO] [1787693912.023488952] [robot2.fragment_exec_node]: Received fragment: {'robot': 'robot5', 'fragment': {'id': 'f4-1', 'mission': 'm4', 'state': 'assigned', 'wait': [], 'tasks': [{'name': 'pick', 'params': {'weight': 5, 'x': 2, 'y': 8}}], 'arrive_timestamp': 1787693910, 'priority': 1, 'segment': 's1', 'preconditions': [], 'postconditions': ['picked-o1-4']}}
[INFO] [1787693912.024357620] [robot2.fragment_exec_node]: Received fragment assignment: f1-1. Starting execution.
[INFO] [1787693912.027088340] [robot2.fragment_exec_node]: Received fragment: {'robot': 'robot3', 'fragment': {'id': 'f2-4', 'mission': 'm2', 'state': 'assigned', 'wait': [], 'tasks': [{'name': 'pick', 'params': {'weight': 7, 'x': 9, 'y': 5}}], 'arrive_timestamp': 1787693909, 'priority': 1, 'segment': 's2', 'preconditions': [], 'postconditions': ['picked-o2-2']}}
[INFO] [1787693912.028560492] [robot2.fragment_exec_node]: Executing task pick. Params: {'x': 5, 'y': 8, 'weight': 8}, Virtual state: {'position': {'x': 0.0, 'y': 0.0, 'z': 0.0}, 'docked': True, 'battery': 100.0, 'conditions': []}
[INFO] [1787693912.029671134] [robot2.fragment_exec_node]: EventType: Control (Task: pick), Activity: undock, Robot: robot2, Mission: m1, Segment: s1, Start: 19929.015766106
[INFO] [1787693912.030641575] [robot2.fragment_exec_node]: Simulating undock skill...
[INFO] [1787693916.033777282] [robot2.fragment_exec_node]: Undock completed!
[INFO] [1787693916.036643269] [robot2.fragment_exec_node]: EventType: Control (Task: pick), Activity: undock, Robot: robot2, Mission: m1, Segment: s1, End: 19933.021709341
[INFO] [1787693916.039835504] [robot2.fragment_exec_node]: EventType: Control (Task: pick), Activity: navigate, Robot: robot2, Mission: m1, Segment: s1, Start: 19933.024578963
[INFO] [1787693916.041880905] [robot2.fragment_exec_node]: Simulating navigate skill from position (0.0, 0.0) to (5, 8) (18.867962264113206 seconds)...
[INFO] [1787693929.039411803] [robot2.fragment_exec_node]: Received fragment: {'robot': 'robot4', 'fragment': {'id': 'f2-2', 'mission': 'm2', 'state': 'assigned', 'wait': ['m2/s1/pick'], 'tasks': [{'name': 'scan', 'params': {'x': 2, 'y': 3}}], 'arrive_timestamp': 1787693909, 'priority': 1, 'segment': 's1', 'preconditions': [], 'postconditions': []}}
[INFO] [1787693934.913781369] [robot2.fragment_exec_node]: Navigation completed!
[INFO] [1787693934.916224360] [robot2.fragment_exec_node]: EventType: Control (Task: pick), Activity: navigate, Robot: robot2, Mission: m1, Segment: s1, End: 19951.901732985
[INFO] [1787693934.917993832] [robot2.fragment_exec_node]: EventType: Task, Activity: pick, Robot: robot2, Mission: m1, Segment: s1, Start: 19951.903764521
[INFO] [1787693934.919717597] [robot2.fragment_exec_node]: Simulating pick skill...
[INFO] [1787693935.026111125] [robot2.fragment_exec_node]: Received fragment: {'robot': 'robot4', 'fragment': {'id': 'f2-3', 'mission': 'm2', 'state': 'assigned', 'wait': ['m2/s1/scan'], 'tasks': [{'name': 'transport', 'params': {'x': 11, 'y': 6}}], 'arrive_timestamp': 1787693909, 'priority': 1, 'segment': 's1', 'preconditions': [], 'postconditions': []}}
[INFO] [1787693937.997815769] [robot2.fragment_exec_node]: Received fragment: {'robot': 'robot5', 'fragment': {'id': 'f4-2', 'mission': 'm4', 'state': 'assigned', 'wait': ['m4/s1/pick'], 'tasks': [{'name': 'scan', 'params': {'x': 2, 'y': 8}}], 'arrive_timestamp': 1787693910, 'priority': 1, 'segment': 's1', 'preconditions': [], 'postconditions': []}}
[INFO] [1787693942.921813758] [robot2.fragment_exec_node]: Pick completed!
[INFO] [1787693942.926876363] [robot2.fragment_exec_node]: EventType: Task, Activity: pick, Robot: robot2, Mission: m1, Segment: s1, End: 19959.912053821
[INFO] [1787693942.930473029] [robot2.fragment_exec_node]: Execution of fragment f1-1 completed!
[INFO] [1787693942.991643287] [robot2.fragment_exec_node]: Received fragment: {'robot': 'robot2', 'fragment': {'id': 'f1-2', 'mission': 'm1', 'state': 'assigned', 'wait': ['m1/s1/pick'], 'tasks': [{'name': 'scan', 'params': {'x': 5, 'y': 8}}], 'arrive_timestamp': 1787693909, 'priority': 1, 'segment': 's1', 'preconditions': [], 'postconditions': []}}
[INFO] [1787693942.993069858] [robot2.fragment_exec_node]: Received fragment assignment: f1-2. Starting execution.
[INFO] [1787693942.994600293] [robot2.fragment_exec_node]: Waiting for coordination messages before executing fragment f1-2: ['m1/s1/pick']
[INFO] [1787693944.007816273] [robot2.fragment_exec_node]: Received fragment: {'robot': 'robot5', 'fragment': {'id': 'f2-5', 'mission': 'm2', 'state': 'assigned', 'wait': ['m2/s2/pick'], 'tasks': [{'name': 'scan', 'params': {'x': 9, 'y': 5}}], 'arrive_timestamp': 1787693909, 'priority': 1, 'segment': 's2', 'preconditions': [], 'postconditions': []}}
[INFO] [1787693944.009709639] [robot2.fragment_exec_node]: Received fragment: {'robot': 'robot3', 'fragment': {'id': 'f4-7', 'mission': 'm4', 'state': 'assigned', 'wait': [], 'tasks': [{'name': 'pick', 'params': {'weight': 2, 'x': 9, 'y': 1}}], 'arrive_timestamp': 1787693910, 'priority': 1, 'segment': 's3', 'preconditions': [], 'postconditions': ['picked-o3-4']}}
[INFO] [1787693945.028767243] [robot2.fragment_exec_node]: Received fragment: {'robot': 'robot1', 'fragment': {'id': 'f4-5', 'mission': 'm4', 'state': 'assigned', 'wait': ['m4/s2/pick'], 'tasks': [{'name': 'scan', 'params': {'x': 10, 'y': 4}}], 'arrive_timestamp': 1787693910, 'priority': 1, 'segment': 's2', 'preconditions': [], 'postconditions': []}}
[INFO] [1787693945.029585848] [robot2.fragment_exec_node]: Executing task scan. Params: {'x': 5, 'y': 8}, Virtual state: {'position': {'x': 5, 'y': 8, 'z': 0.0}, 'docked': False, 'battery': 100.0, 'conditions': ['picked-o1-1']}
[INFO] [1787693945.030806123] [robot2.fragment_exec_node]: EventType: Task, Activity: scan, Robot: robot2, Mission: m1, Segment: s1, Start: 19962.019089251
[INFO] [1787693945.031415896] [robot2.fragment_exec_node]: Simulating scan skill...
[INFO] [1787693948.034400020] [robot2.fragment_exec_node]: Scan completed!
[INFO] [1787693948.037278721] [robot2.fragment_exec_node]: EventType: Task, Activity: scan, Robot: robot2, Mission: m1, Segment: s1, End: 19965.024689781
[INFO] [1787693948.039625891] [robot2.fragment_exec_node]: Execution of fragment f1-2 completed!
[INFO] [1787693948.997747183] [robot2.fragment_exec_node]: Received fragment: {'robot': 'robot2', 'fragment': {'id': 'f1-3', 'mission': 'm1', 'state': 'assigned', 'wait': ['m1/s1/scan'], 'tasks': [{'name': 'transport', 'params': {'x': 11, 'y': 6}}], 'arrive_timestamp': 1787693909, 'priority': 1, 'segment': 's1', 'preconditions': ['picked-o1-1'], 'postconditions': []}}
[INFO] [1787693948.999742689] [robot2.fragment_exec_node]: Received fragment assignment: f1-3. Starting execution.
[INFO] [1787693949.002276760] [robot2.fragment_exec_node]: Executing task transport. Params: {'x': 11, 'y': 6}, Virtual state: {'position': {'x': 5, 'y': 8, 'z': 0.0}, 'docked': False, 'battery': 100.0, 'conditions': ['picked-o1-1']}
[INFO] [1787693949.003754024] [robot2.fragment_exec_node]: EventType: Control (Task: transport), Activity: navigate, Robot: robot2, Mission: m1, Segment: s1, Start: 19965.991940922
[INFO] [1787693949.005368207] [robot2.fragment_exec_node]: Simulating navigate skill from position (5, 8) to (11, 6) (12.165525060596439 seconds)...
[INFO] [1787693950.997647661] [robot2.fragment_exec_node]: Received fragment: {'robot': 'robot1', 'fragment': {'id': 'f4-6', 'mission': 'm4', 'state': 'assigned', 'wait': ['m4/s2/scan'], 'tasks': [{'name': 'transport', 'params': {'x': 11, 'y': 6}}], 'arrive_timestamp': 1787693910, 'priority': 1, 'segment': 's2', 'preconditions': ['picked-o2-4'], 'postconditions': []}}
[INFO] [1787693961.174816127] [robot2.fragment_exec_node]: Navigation completed!
[INFO] [1787693961.177472874] [robot2.fragment_exec_node]: EventType: Control (Task: transport), Activity: navigate, Robot: robot2, Mission: m1, Segment: s1, End: 19978.16513377
[INFO] [1787693961.179206017] [robot2.fragment_exec_node]: EventType: Task, Activity: transport, Robot: robot2, Mission: m1, Segment: s1, Start: 19978.167180545
[INFO] [1787693961.181137074] [robot2.fragment_exec_node]: Simulating navigate skill from position (11, 6) to (11, 6) (10.0 seconds)...
[INFO] [1787693963.009298966] [robot2.fragment_exec_node]: Received fragment: {'robot': 'robot3', 'fragment': {'id': 'f4-8', 'mission': 'm4', 'state': 'assigned', 'wait': ['m4/s3/pick'], 'tasks': [{'name': 'scan', 'params': {'x': 9, 'y': 1}}], 'arrive_timestamp': 1787693910, 'priority': 1, 'segment': 's3', 'preconditions': [], 'postconditions': []}}
[INFO] [1787693965.003995236] [robot2.fragment_exec_node]: Received fragment: {'robot': 'robot5', 'fragment': {'id': 'f4-3', 'mission': 'm4', 'state': 'assigned', 'wait': ['m4/s1/scan'], 'tasks': [{'name': 'transport', 'params': {'x': 11, 'y': 6}}], 'arrive_timestamp': 1787693910, 'priority': 1, 'segment': 's1', 'preconditions': ['picked-o1-4'], 'postconditions': []}}
[INFO] [1787693965.005779712] [robot2.fragment_exec_node]: Received fragment: {'robot': 'robot4', 'fragment': {'id': "f4-10'", 'mission': 'm4', 'state': 'assigned', 'wait': [], 'tasks': [{'name': 'pick', 'params': {'weight': 1, 'x': 2, 'y': 4}}], 'arrive_timestamp': 1787693910, 'priority': 1, 'segment': 's4', 'preconditions': [], 'postconditions': ['picked-o4-4']}}
[INFO] [1787693967.005260779] [robot2.fragment_exec_node]: Received fragment: {'robot': 'robot3', 'fragment': {'id': 'f2-6', 'mission': 'm2', 'state': 'assigned', 'wait': ['m2/s2/scan'], 'tasks': [{'name': 'transport', 'params': {'x': 11, 'y': 6}}], 'arrive_timestamp': 1787693909, 'priority': 1, 'segment': 's2', 'preconditions': ['picked-o2-2'], 'postconditions': []}}
[INFO] [1787693971.184655895] [robot2.fragment_exec_node]: Navigation completed!
[INFO] [1787693971.185870657] [robot2.fragment_exec_node]: EventType: Task, Activity: transport, Robot: robot2, Mission: m1, Segment: s1, End: 19988.172873914
[INFO] [1787693971.187620600] [robot2.fragment_exec_node]: Execution of fragment f1-3 completed!
[INFO] [1787693971.991929880] [robot2.fragment_exec_node]: Received fragment: {'robot': 'robot2', 'fragment': {'id': 'f1-4', 'mission': 'm1', 'state': 'assigned', 'wait': ['m1/s1/transport'], 'tasks': [{'name': 'pack', 'params': {'x': 11, 'y': 6, 'items': 1}}], 'arrive_timestamp': 1787693909, 'priority': 1, 'segment': '', 'preconditions': [], 'postconditions': []}}
[INFO] [1787693971.994326701] [robot2.fragment_exec_node]: Received fragment assignment: f1-4. Starting execution.
[INFO] [1787693971.995760832] [robot2.fragment_exec_node]: Waiting for coordination messages before executing fragment f1-4: ['m1/s1/transport']
[INFO] [1787693974.000832084] [robot2.fragment_exec_node]: Executing task pack. Params: {'x': 11, 'y': 6, 'items': 1}, Virtual state: {'position': {'x': 11, 'y': 6, 'z': 0.0}, 'docked': False, 'battery': 100.0, 'conditions': ['picked-o1-1']}
[INFO] [1787693974.003026274] [robot2.fragment_exec_node]: EventType: Task, Activity: pack, Robot: robot2, Mission: m1, Segment: , Start: 19990.98909169
[INFO] [1787693974.005046497] [robot2.fragment_exec_node]: Simulating pack skill...
[INFO] [1787693980.009021772] [robot2.fragment_exec_node]: Packing completed!
[INFO] [1787693980.012770234] [robot2.fragment_exec_node]: EventType: Task, Activity: pack, Robot: robot2, Mission: m1, Segment: , End: 19996.998438113
[INFO] [1787693980.017055632] [robot2.fragment_exec_node]: Execution of fragment f1-4 completed!
[INFO] [1787693985.002090058] [robot2.fragment_exec_node]: Received fragment: {'robot': 'robot5', 'fragment': {'id': 'f2-7', 'mission': 'm2', 'state': 'assigned', 'wait': ['m2/s1/transport', 'm2/s2/transport'], 'tasks': [{'name': 'pack', 'params': {'x': 11, 'y': 6, 'items': 2}}], 'arrive_timestamp': 1787693909, 'priority': 1, 'segment': '', 'preconditions': [], 'postconditions': []}}
[INFO] [1787693985.003460001] [robot2.fragment_exec_node]: Received fragment: {'robot': 'robot3', 'fragment': {'id': 'f4-9', 'mission': 'm4', 'state': 'assigned', 'wait': ['m4/s3/scan'], 'tasks': [{'name': 'transport', 'params': {'x': 11, 'y': 6}}], 'arrive_timestamp': 1787693910, 'priority': 1, 'segment': 's3', 'preconditions': ['picked-o3-4'], 'postconditions': []}}
[INFO] [1787693988.996200124] [robot2.fragment_exec_node]: Received fragment: {'robot': 'robot4', 'fragment': {'id': 'f4-11', 'mission': 'm4', 'state': 'assigned', 'wait': ['m4/s4/pick'], 'tasks': [{'name': 'scan', 'params': {'x': 2, 'y': 4}}], 'arrive_timestamp': 1787693910, 'priority': 1, 'segment': 's4', 'preconditions': [], 'postconditions': []}}
[INFO] [1787693994.993538524] [robot2.fragment_exec_node]: Received fragment: {'robot': 'robot4', 'fragment': {'id': 'f4-12', 'mission': 'm4', 'state': 'assigned', 'wait': ['m4/s4/scan'], 'tasks': [{'name': 'transport', 'params': {'x': 11, 'y': 6}}], 'arrive_timestamp': 1787693910, 'priority': 1, 'segment': 's4', 'preconditions': ['picked-o4-4'], 'postconditions': []}}
[INFO] [1787694025.007719202] [robot2.fragment_exec_node]: Received fragment: {'robot': 'robot2', 'fragment': {'id': 'f4-13', 'mission': 'm4', 'state': 'assigned', 'wait': ['m4/s1/transport', 'm4/s2/transport', 'm4/s3/transport', 'm4/s4/transport'], 'tasks': [{'name': 'pack', 'params': {'x': 11, 'y': 6, 'items': 4}}], 'arrive_timestamp': 1787693910, 'priority': 1, 'segment': '', 'preconditions': [], 'postconditions': []}}
[INFO] [1787694025.014839494] [robot2.fragment_exec_node]: Received fragment assignment: f4-13. Starting execution.
[INFO] [1787694025.016607054] [robot2.fragment_exec_node]: Waiting for coordination messages before executing fragment f4-13: ['m4/s1/transport', 'm4/s2/transport', 'm4/s3/transport', 'm4/s4/transport']
[INFO] [1787694027.024012981] [robot2.fragment_exec_node]: Executing task pack. Params: {'x': 11, 'y': 6, 'items': 4}, Virtual state: {'position': {'x': 11, 'y': 6, 'z': 0.0}, 'docked': False, 'battery': 100.0, 'conditions': ['picked-o1-1']}
[INFO] [1787694027.028106477] [robot2.fragment_exec_node]: EventType: Task, Activity: pack, Robot: robot2, Mission: m4, Segment: , Start: 20044.013392943
[INFO] [1787694027.032685262] [robot2.fragment_exec_node]: Simulating pack skill...
[INFO] [1787694051.034685027] [robot2.fragment_exec_node]: Packing completed!
[INFO] [1787694051.036621714] [robot2.fragment_exec_node]: EventType: Task, Activity: pack, Robot: robot2, Mission: m4, Segment: , End: 20068.025202569
[INFO] [1787694051.037709857] [robot2.fragment_exec_node]: Execution of fragment f4-13 completed!
Traceback (most recent call last):
  File "/root/ros2_ws/install/multi3_executor/lib/multi3_executor/executor", line 33, in <module>
    sys.exit(load_entry_point('multi3-executor==0.0.0', 'console_scripts', 'executor')())
  File "/root/ros2_ws/install/multi3_executor/lib/python3.10/site-packages/multi3_executor/nodes/executor.py", line 236, in main
    rclpy.shutdown()
  File "/opt/ros/humble/local/lib/python3.10/dist-packages/rclpy/__init__.py", line 130, in shutdown
    _shutdown(context=context)
  File "/opt/ros/humble/local/lib/python3.10/dist-packages/rclpy/utilities.py", line 58, in shutdown
    return context.shutdown()
  File "/opt/ros/humble/local/lib/python3.10/dist-packages/rclpy/context.py", line 102, in shutdown
    self.__context.shutdown()
rclpy._rclpy_pybind11.RCLError: failed to shutdown: rcl_shutdown already called on the given context, at ./src/rcl/init.c:241

--- executor_robot3.log ---
[INFO] [1787693903.093070843] [robot3.fragment_exec_node]: Setting up skill: PickSkill
[INFO] [1787693903.094080174] [robot3.fragment_exec_node]: Setting up skill: ScanSkill
[INFO] [1787693903.095396741] [robot3.fragment_exec_node]: Setting up skill: NavigateSkill
[INFO] [1787693903.096357522] [robot3.fragment_exec_node]: Setting up skill: NavigateSkill
[INFO] [1787693903.098072796] [robot3.fragment_exec_node]: Setting up skill: DockSkill
[INFO] [1787693903.099327229] [robot3.fragment_exec_node]: Setting up skill: UndockSkill
[INFO] [1787693903.100875619] [robot3.fragment_exec_node]: Setting up skill: PackSkill
[INFO] [1787693903.112256201] [robot3.fragment_exec_node]: Published robot registration: {'name': 'robot3', 'operational_state': 'idle', 'capabilities': ['pick', 'scan', 'transport', 'pack'], 'state': {'position': {'x': 0.0, 'y': 0.0, 'z': 0.0}, 'docked': True, 'battery': 100.0, 'conditions': []}}
[INFO] [1787693912.003670259] [robot3.fragment_exec_node]: Received fragment: {'robot': 'robot2', 'fragment': {'id': 'f1-1', 'mission': 'm1', 'state': 'assigned', 'wait': [], 'tasks': [{'name': 'pick', 'params': {'x': 5, 'y': 8, 'weight': 8}}], 'arrive_timestamp': 1787693909, 'priority': 1, 'segment': 's1', 'preconditions': [], 'postconditions': ['picked-o1-1']}}
[INFO] [1787693912.014671197] [robot3.fragment_exec_node]: Received fragment: {'robot': 'robot3', 'fragment': {'id': 'f2-4', 'mission': 'm2', 'state': 'assigned', 'wait': [], 'tasks': [{'name': 'pick', 'params': {'weight': 7, 'x': 9, 'y': 5}}], 'arrive_timestamp': 1787693909, 'priority': 1, 'segment': 's2', 'preconditions': [], 'postconditions': ['picked-o2-2']}}
[INFO] [1787693912.019092962] [robot3.fragment_exec_node]: Received fragment: {'robot': 'robot4', 'fragment': {'id': 'f2-1', 'mission': 'm2', 'state': 'assigned', 'wait': [], 'tasks': [{'name': 'pick', 'params': {'weight': 5, 'x': 2, 'y': 3}}], 'arrive_timestamp': 1787693909, 'priority': 1, 'segment': 's1', 'preconditions': [], 'postconditions': ['picked-o1-2']}}
[INFO] [1787693912.024814184] [robot3.fragment_exec_node]: Received fragment: {'robot': 'robot1', 'fragment': {'id': 'f4-4', 'mission': 'm4', 'state': 'assigned', 'wait': [], 'tasks': [{'name': 'pick', 'params': {'weight': 7, 'x': 10, 'y': 4}}], 'arrive_timestamp': 1787693910, 'priority': 1, 'segment': 's2', 'preconditions': [], 'postconditions': ['picked-o2-4']}}
[INFO] [1787693912.025933320] [robot3.fragment_exec_node]: Received fragment: {'robot': 'robot5', 'fragment': {'id': 'f4-1', 'mission': 'm4', 'state': 'assigned', 'wait': [], 'tasks': [{'name': 'pick', 'params': {'weight': 5, 'x': 2, 'y': 8}}], 'arrive_timestamp': 1787693910, 'priority': 1, 'segment': 's1', 'preconditions': [], 'postconditions': ['picked-o1-4']}}
[INFO] [1787693912.027525896] [robot3.fragment_exec_node]: Received fragment assignment: f2-4. Starting execution.
[INFO] [1787693912.028890387] [robot3.fragment_exec_node]: Executing task pick. Params: {'weight': 7, 'x': 9, 'y': 5}, Virtual state: {'position': {'x': 0.0, 'y': 0.0, 'z': 0.0}, 'docked': True, 'battery': 100.0, 'conditions': []}
[INFO] [1787693912.029794869] [robot3.fragment_exec_node]: EventType: Control (Task: pick), Activity: undock, Robot: robot3, Mission: m2, Segment: s2, Start: 19929.01608942
[INFO] [1787693912.030774821] [robot3.fragment_exec_node]: Simulating undock skill...
[INFO] [1787693916.034501870] [robot3.fragment_exec_node]: Undock completed!
[INFO] [1787693916.037636325] [robot3.fragment_exec_node]: EventType: Control (Task: pick), Activity: undock, Robot: robot3, Mission: m2, Segment: s2, End: 19933.022105044
[INFO] [1787693916.040219129] [robot3.fragment_exec_node]: EventType: Control (Task: pick), Activity: navigate, Robot: robot3, Mission: m2, Segment: s2, Start: 19933.025214768
[INFO] [1787693916.042564705] [robot3.fragment_exec_node]: Simulating navigate skill from position (0.0, 0.0) to (9, 5) (20.591260281974 seconds)...
[INFO] [1787693928.999532115] [robot3.fragment_exec_node]: Received fragment: {'robot': 'robot4', 'fragment': {'id': 'f2-2', 'mission': 'm2', 'state': 'assigned', 'wait': ['m2/s1/pick'], 'tasks': [{'name': 'scan', 'params': {'x': 2, 'y': 3}}], 'arrive_timestamp': 1787693909, 'priority': 1, 'segment': 's1', 'preconditions': [], 'postconditions': []}}
[INFO] [1787693934.995719661] [robot3.fragment_exec_node]: Received fragment: {'robot': 'robot4', 'fragment': {'id': 'f2-3', 'mission': 'm2', 'state': 'assigned', 'wait': ['m2/s1/scan'], 'tasks': [{'name': 'transport', 'params': {'x': 11, 'y': 6}}], 'arrive_timestamp': 1787693909, 'priority': 1, 'segment': 's1', 'preconditions': [], 'postconditions': []}}
[INFO] [1787693936.637784754] [robot3.fragment_exec_node]: Navigation completed!
[INFO] [1787693936.640506765] [robot3.fragment_exec_node]: EventType: Control (Task: pick), Activity: navigate, Robot: robot3, Mission: m2, Segment: s2, End: 19953.625731765
[INFO] [1787693936.642254589] [robot3.fragment_exec_node]: EventType: Task, Activity: pick, Robot: robot3, Mission: m2, Segment: s2, Start: 19953.628243442
[INFO] [1787693936.644024485] [robot3.fragment_exec_node]: Simulating pick skill...
[INFO] [1787693937.997241247] [robot3.fragment_exec_node]: Received fragment: {'robot': 'robot5', 'fragment': {'id': 'f4-2', 'mission': 'm4', 'state': 'assigned', 'wait': ['m4/s1/pick'], 'tasks': [{'name': 'scan', 'params': {'x': 2, 'y': 8}}], 'arrive_timestamp': 1787693910, 'priority': 1, 'segment': 's1', 'preconditions': [], 'postconditions': []}}
[INFO] [1787693942.994064147] [robot3.fragment_exec_node]: Received fragment: {'robot': 'robot2', 'fragment': {'id': 'f1-2', 'mission': 'm1', 'state': 'assigned', 'wait': ['m1/s1/pick'], 'tasks': [{'name': 'scan', 'params': {'x': 5, 'y': 8}}], 'arrive_timestamp': 1787693909, 'priority': 1, 'segment': 's1', 'preconditions': [], 'postconditions': []}}
[INFO] [1787693943.645786294] [robot3.fragment_exec_node]: Pick completed!
[INFO] [1787693943.648872951] [robot3.fragment_exec_node]: EventType: Task, Activity: pick, Robot: robot3, Mission: m2, Segment: s2, End: 19960.636000544
[INFO] [1787693943.652158613] [robot3.fragment_exec_node]: Execution of fragment f2-4 completed!
[INFO] [1787693944.034823172] [robot3.fragment_exec_node]: Received fragment: {'robot': 'robot3', 'fragment': {'id': 'f4-7', 'mission': 'm4', 'state': 'assigned', 'wait': [], 'tasks': [{'name': 'pick', 'params': {'weight': 2, 'x': 9, 'y': 1}}], 'arrive_timestamp': 1787693910, 'priority': 1, 'segment': 's3', 'preconditions': [], 'postconditions': ['picked-o3-4']}}
[INFO] [1787693944.035354404] [robot3.fragment_exec_node]: Received fragment: {'robot': 'robot5', 'fragment': {'id': 'f2-5', 'mission': 'm2', 'state': 'assigned', 'wait': ['m2/s2/pick'], 'tasks': [{'name': 'scan', 'params': {'x': 9, 'y': 5}}], 'arrive_timestamp': 1787693909, 'priority': 1, 'segment': 's2', 'preconditions': [], 'postconditions': []}}
[INFO] [1787693944.036205127] [robot3.fragment_exec_node]: Received fragment assignment: f4-7. Starting execution.
[INFO] [1787693944.036919406] [robot3.fragment_exec_node]: Executing task pick. Params: {'weight': 2, 'x': 9, 'y': 1}, Virtual state: {'position': {'x': 9, 'y': 5, 'z': 0.0}, 'docked': False, 'battery': 100.0, 'conditions': ['picked-o2-2']}
[INFO] [1787693944.037372252] [robot3.fragment_exec_node]: EventType: Control (Task: pick), Activity: navigate, Robot: robot3, Mission: m4, Segment: s3, Start: 19961.026207264
[INFO] [1787693944.037806864] [robot3.fragment_exec_node]: Simulating navigate skill from position (9, 5) to (9, 1) (16.0 seconds)...
[INFO] [1787693945.010072115] [robot3.fragment_exec_node]: Received fragment: {'robot': 'robot1', 'fragment': {'id': 'f4-5', 'mission': 'm4', 'state': 'assigned', 'wait': ['m4/s2/pick'], 'tasks': [{'name': 'scan', 'params': {'x': 10, 'y': 4}}], 'arrive_timestamp': 1787693910, 'priority': 1, 'segment': 's2', 'preconditions': [], 'postconditions': []}}
[INFO] [1787693949.004738829] [robot3.fragment_exec_node]: Received fragment: {'robot': 'robot2', 'fragment': {'id': 'f1-3', 'mission': 'm1', 'state': 'assigned', 'wait': ['m1/s1/scan'], 'tasks': [{'name': 'transport', 'params': {'x': 11, 'y': 6}}], 'arrive_timestamp': 1787693909, 'priority': 1, 'segment': 's1', 'preconditions': ['picked-o1-1'], 'postconditions': []}}
[INFO] [1787693951.001700876] [robot3.fragment_exec_node]: Received fragment: {'robot': 'robot1', 'fragment': {'id': 'f4-6', 'mission': 'm4', 'state': 'assigned', 'wait': ['m4/s2/scan'], 'tasks': [{'name': 'transport', 'params': {'x': 11, 'y': 6}}], 'arrive_timestamp': 1787693910, 'priority': 1, 'segment': 's2', 'preconditions': ['picked-o2-4'], 'postconditions': []}}
[INFO] [1787693960.041131875] [robot3.fragment_exec_node]: Navigation completed!
[INFO] [1787693960.043898821] [robot3.fragment_exec_node]: EventType: Control (Task: pick), Activity: navigate, Robot: robot3, Mission: m4, Segment: s3, End: 19977.030896002
[INFO] [1787693960.045466361] [robot3.fragment_exec_node]: EventType: Task, Activity: pick, Robot: robot3, Mission: m4, Segment: s3, Start: 19977.033449336
[INFO] [1787693960.047007794] [robot3.fragment_exec_node]: Simulating pick skill...
[INFO] [1787693962.049576046] [robot3.fragment_exec_node]: Pick completed!
[INFO] [1787693962.050812214] [robot3.fragment_exec_node]: EventType: Task, Activity: pick, Robot: robot3, Mission: m4, Segment: s3, End: 19979.039159318
[INFO] [1787693962.052720211] [robot3.fragment_exec_node]: Execution of fragment f4-7 completed!
[INFO] [1787693963.007000828] [robot3.fragment_exec_node]: Received fragment: {'robot': 'robot3', 'fragment': {'id': 'f4-8', 'mission': 'm4', 'state': 'assigned', 'wait': ['m4/s3/pick'], 'tasks': [{'name': 'scan', 'params': {'x': 9, 'y': 1}}], 'arrive_timestamp': 1787693910, 'priority': 1, 'segment': 's3', 'preconditions': [], 'postconditions': []}}
[INFO] [1787693963.008141390] [robot3.fragment_exec_node]: Received fragment assignment: f4-8. Starting execution.
[INFO] [1787693963.009462676] [robot3.fragment_exec_node]: Executing task scan. Params: {'x': 9, 'y': 1}, Virtual state: {'position': {'x': 9, 'y': 1, 'z': 0.0}, 'docked': False, 'battery': 100.0, 'conditions': ['picked-o2-2', 'picked-o3-4']}
[INFO] [1787693963.010791345] [robot3.fragment_exec_node]: EventType: Task, Activity: scan, Robot: robot3, Mission: m4, Segment: s3, Start: 19979.998871416
[INFO] [1787693963.011621997] [robot3.fragment_exec_node]: Simulating scan skill...
[INFO] [1787693965.003594469] [robot3.fragment_exec_node]: Received fragment: {'robot': 'robot4', 'fragment': {'id': "f4-10'", 'mission': 'm4', 'state': 'assigned', 'wait': [], 'tasks': [{'name': 'pick', 'params': {'weight': 1, 'x': 2, 'y': 4}}], 'arrive_timestamp': 1787693910, 'priority': 1, 'segment': 's4', 'preconditions': [], 'postconditions': ['picked-o4-4']}}
[INFO] [1787693965.005374497] [robot3.fragment_exec_node]: Received fragment: {'robot': 'robot5', 'fragment': {'id': 'f4-3', 'mission': 'm4', 'state': 'assigned', 'wait': ['m4/s1/scan'], 'tasks': [{'name': 'transport', 'params': {'x': 11, 'y': 6}}], 'arrive_timestamp': 1787693910, 'priority': 1, 'segment': 's1', 'preconditions': ['picked-o1-4'], 'postconditions': []}}
[INFO] [1787693966.015743385] [robot3.fragment_exec_node]: Scan completed!
[INFO] [1787693966.018527334] [robot3.fragment_exec_node]: EventType: Task, Activity: scan, Robot: robot3, Mission: m4, Segment: s3, End: 19983.005647167
[INFO] [1787693966.021960980] [robot3.fragment_exec_node]: Execution of fragment f4-8 completed!
[INFO] [1787693966.998661895] [robot3.fragment_exec_node]: Received fragment: {'robot': 'robot3', 'fragment': {'id': 'f2-6', 'mission': 'm2', 'state': 'assigned', 'wait': ['m2/s2/scan'], 'tasks': [{'name': 'transport', 'params': {'x': 11, 'y': 6}}], 'arrive_timestamp': 1787693909, 'priority': 1, 'segment': 's2', 'preconditions': ['picked-o2-2'], 'postconditions': []}}
[INFO] [1787693967.001656035] [robot3.fragment_exec_node]: Received fragment assignment: f2-6. Starting execution.
[INFO] [1787693967.003766335] [robot3.fragment_exec_node]: Executing task transport. Params: {'x': 11, 'y': 6}, Virtual state: {'position': {'x': 9, 'y': 1, 'z': 0.0}, 'docked': False, 'battery': 100.0, 'conditions': ['picked-o2-2', 'picked-o3-4']}
[INFO] [1787693967.004954884] [robot3.fragment_exec_node]: EventType: Control (Task: transport), Activity: navigate, Robot: robot3, Mission: m2, Segment: s2, Start: 19983.993432336
[INFO] [1787693967.006572115] [robot3.fragment_exec_node]: Simulating navigate skill from position (9, 1) to (11, 6) (7.211102550927978 seconds)...
[INFO] [1787693971.995428168] [robot3.fragment_exec_node]: Received fragment: {'robot': 'robot2', 'fragment': {'id': 'f1-4', 'mission': 'm1', 'state': 'assigned', 'wait': ['m1/s1/transport'], 'tasks': [{'name': 'pack', 'params': {'x': 11, 'y': 6, 'items': 1}}], 'arrive_timestamp': 1787693909, 'priority': 1, 'segment': '', 'preconditions': [], 'postconditions': []}}
[INFO] [1787693974.221314760] [robot3.fragment_exec_node]: Navigation completed!
[INFO] [1787693974.222283823] [robot3.fragment_exec_node]: EventType: Control (Task: transport), Activity: navigate, Robot: robot3, Mission: m2, Segment: s2, End: 19991.209323201
[INFO] [1787693974.223149439] [robot3.fragment_exec_node]: EventType: Task, Activity: transport, Robot: robot3, Mission: m2, Segment: s2, Start: 19991.210195098
[INFO] [1787693974.224060256] [robot3.fragment_exec_node]: Simulating navigate skill from position (11, 6) to (11, 6) (10.0 seconds)...
[INFO] [1787693984.226590407] [robot3.fragment_exec_node]: Navigation completed!
[INFO] [1787693984.227944628] [robot3.fragment_exec_node]: EventType: Task, Activity: transport, Robot: robot3, Mission: m2, Segment: s2, End: 20001.214900783
[INFO] [1787693984.229196223] [robot3.fragment_exec_node]: Execution of fragment f2-6 completed!
[INFO] [1787693985.007422998] [robot3.fragment_exec_node]: Received fragment: {'robot': 'robot5', 'fragment': {'id': 'f2-7', 'mission': 'm2', 'state': 'assigned', 'wait': ['m2/s1/transport', 'm2/s2/transport'], 'tasks': [{'name': 'pack', 'params': {'x': 11, 'y': 6, 'items': 2}}], 'arrive_timestamp': 1787693909, 'priority': 1, 'segment': '', 'preconditions': [], 'postconditions': []}}
[INFO] [1787693985.009123961] [robot3.fragment_exec_node]: Received fragment: {'robot': 'robot3', 'fragment': {'id': 'f4-9', 'mission': 'm4', 'state': 'assigned', 'wait': ['m4/s3/scan'], 'tasks': [{'name': 'transport', 'params': {'x': 11, 'y': 6}}], 'arrive_timestamp': 1787693910, 'priority': 1, 'segment': 's3', 'preconditions': ['picked-o3-4'], 'postconditions': []}}
[INFO] [1787693985.010835797] [robot3.fragment_exec_node]: Received fragment assignment: f4-9. Starting execution.
[INFO] [1787693985.012211465] [robot3.fragment_exec_node]: Executing task transport. Params: {'x': 11, 'y': 6}, Virtual state: {'position': {'x': 11, 'y': 6, 'z': 0.0}, 'docked': False, 'battery': 100.0, 'conditions': ['picked-o2-2', 'picked-o3-4']}
[INFO] [1787693985.013771929] [robot3.fragment_exec_node]: EventType: Task, Activity: transport, Robot: robot3, Mission: m4, Segment: s3, Start: 20002.000277155
[INFO] [1787693985.014713634] [robot3.fragment_exec_node]: Simulating navigate skill from position (11, 6) to (11, 6) (10.0 seconds)...
[INFO] [1787693989.006487229] [robot3.fragment_exec_node]: Received fragment: {'robot': 'robot4', 'fragment': {'id': 'f4-11', 'mission': 'm4', 'state': 'assigned', 'wait': ['m4/s4/pick'], 'tasks': [{'name': 'scan', 'params': {'x': 2, 'y': 4}}], 'arrive_timestamp': 1787693910, 'priority': 1, 'segment': 's4', 'preconditions': [], 'postconditions': []}}
[INFO] [1787693994.994902425] [robot3.fragment_exec_node]: Received fragment: {'robot': 'robot4', 'fragment': {'id': 'f4-12', 'mission': 'm4', 'state': 'assigned', 'wait': ['m4/s4/scan'], 'tasks': [{'name': 'transport', 'params': {'x': 11, 'y': 6}}], 'arrive_timestamp': 1787693910, 'priority': 1, 'segment': 's4', 'preconditions': ['picked-o4-4'], 'postconditions': []}}
[INFO] [1787693995.016331791] [robot3.fragment_exec_node]: Navigation completed!
[INFO] [1787693995.017134815] [robot3.fragment_exec_node]: EventType: Task, Activity: transport, Robot: robot3, Mission: m4, Segment: s3, End: 20012.004246588
[INFO] [1787693995.018215607] [robot3.fragment_exec_node]: Execution of fragment f4-9 completed!
[INFO] [1787694025.000375027] [robot3.fragment_exec_node]: Received fragment: {'robot': 'robot2', 'fragment': {'id': 'f4-13', 'mission': 'm4', 'state': 'assigned', 'wait': ['m4/s1/transport', 'm4/s2/transport', 'm4/s3/transport', 'm4/s4/transport'], 'tasks': [{'name': 'pack', 'params': {'x': 11, 'y': 6, 'items': 4}}], 'arrive_timestamp': 1787693910, 'priority': 1, 'segment': '', 'preconditions': [], 'postconditions': []}}
Traceback (most recent call last):
  File "/root/ros2_ws/install/multi3_executor/lib/multi3_executor/executor", line 33, in <module>
    sys.exit(load_entry_point('multi3-executor==0.0.0', 'console_scripts', 'executor')())
  File "/root/ros2_ws/install/multi3_executor/lib/python3.10/site-packages/multi3_executor/nodes/executor.py", line 236, in main
    rclpy.shutdown()
  File "/opt/ros/humble/local/lib/python3.10/dist-packages/rclpy/__init__.py", line 130, in shutdown
    _shutdown(context=context)
  File "/opt/ros/humble/local/lib/python3.10/dist-packages/rclpy/utilities.py", line 58, in shutdown
    return context.shutdown()
  File "/opt/ros/humble/local/lib/python3.10/dist-packages/rclpy/context.py", line 102, in shutdown
    self.__context.shutdown()
rclpy._rclpy_pybind11.RCLError: failed to shutdown: rcl_shutdown already called on the given context, at ./src/rcl/init.c:241

--- executor_robot4.log ---
[INFO] [1787693905.470728283] [robot4.fragment_exec_node]: Setting up skill: PickSkill
[INFO] [1787693905.472015638] [robot4.fragment_exec_node]: Setting up skill: ScanSkill
[INFO] [1787693905.472836915] [robot4.fragment_exec_node]: Setting up skill: NavigateSkill
[INFO] [1787693905.473560575] [robot4.fragment_exec_node]: Setting up skill: NavigateSkill
[INFO] [1787693905.474303952] [robot4.fragment_exec_node]: Setting up skill: DockSkill
[INFO] [1787693905.475030297] [robot4.fragment_exec_node]: Setting up skill: UndockSkill
[INFO] [1787693905.475731160] [robot4.fragment_exec_node]: Setting up skill: PackSkill
[INFO] [1787693905.483984391] [robot4.fragment_exec_node]: Published robot registration: {'name': 'robot4', 'operational_state': 'idle', 'capabilities': ['pick', 'scan', 'transport', 'pack'], 'state': {'position': {'x': 0.0, 'y': 0.0, 'z': 0.0}, 'docked': True, 'battery': 100.0, 'conditions': []}}
[INFO] [1787693912.002848042] [robot4.fragment_exec_node]: Received fragment: {'robot': 'robot4', 'fragment': {'id': 'f2-1', 'mission': 'm2', 'state': 'assigned', 'wait': [], 'tasks': [{'name': 'pick', 'params': {'weight': 5, 'x': 2, 'y': 3}}], 'arrive_timestamp': 1787693909, 'priority': 1, 'segment': 's1', 'preconditions': [], 'postconditions': ['picked-o1-2']}}
[INFO] [1787693912.006662015] [robot4.fragment_exec_node]: Received fragment: {'robot': 'robot2', 'fragment': {'id': 'f1-1', 'mission': 'm1', 'state': 'assigned', 'wait': [], 'tasks': [{'name': 'pick', 'params': {'x': 5, 'y': 8, 'weight': 8}}], 'arrive_timestamp': 1787693909, 'priority': 1, 'segment': 's1', 'preconditions': [], 'postconditions': ['picked-o1-1']}}
[INFO] [1787693912.020068228] [robot4.fragment_exec_node]: Received fragment assignment: f2-1. Starting execution.
[INFO] [1787693912.021801916] [robot4.fragment_exec_node]: Received fragment: {'robot': 'robot5', 'fragment': {'id': 'f4-1', 'mission': 'm4', 'state': 'assigned', 'wait': [], 'tasks': [{'name': 'pick', 'params': {'weight': 5, 'x': 2, 'y': 8}}], 'arrive_timestamp': 1787693910, 'priority': 1, 'segment': 's1', 'preconditions': [], 'postconditions': ['picked-o1-4']}}
[INFO] [1787693912.027738416] [robot4.fragment_exec_node]: Received fragment: {'robot': 'robot3', 'fragment': {'id': 'f2-4', 'mission': 'm2', 'state': 'assigned', 'wait': [], 'tasks': [{'name': 'pick', 'params': {'weight': 7, 'x': 9, 'y': 5}}], 'arrive_timestamp': 1787693909, 'priority': 1, 'segment': 's2', 'preconditions': [], 'postconditions': ['picked-o2-2']}}
[INFO] [1787693912.029668704] [robot4.fragment_exec_node]: Executing task pick. Params: {'weight': 5, 'x': 2, 'y': 3}, Virtual state: {'position': {'x': 0.0, 'y': 0.0, 'z': 0.0}, 'docked': True, 'battery': 100.0, 'conditions': []}
[INFO] [1787693912.030482682] [robot4.fragment_exec_node]: Received fragment: {'robot': 'robot1', 'fragment': {'id': 'f4-4', 'mission': 'm4', 'state': 'assigned', 'wait': [], 'tasks': [{'name': 'pick', 'params': {'weight': 7, 'x': 10, 'y': 4}}], 'arrive_timestamp': 1787693910, 'priority': 1, 'segment': 's2', 'preconditions': [], 'postconditions': ['picked-o2-4']}}
[INFO] [1787693912.031808917] [robot4.fragment_exec_node]: EventType: Control (Task: pick), Activity: undock, Robot: robot4, Mission: m2, Segment: s1, Start: 19929.016873154
[INFO] [1787693912.032592189] [robot4.fragment_exec_node]: Simulating undock skill...
[INFO] [1787693916.036475070] [robot4.fragment_exec_node]: Undock completed!
[INFO] [1787693916.038852045] [robot4.fragment_exec_node]: EventType: Control (Task: pick), Activity: undock, Robot: robot4, Mission: m2, Segment: s1, End: 19933.024067469
[INFO] [1787693916.041149761] [robot4.fragment_exec_node]: EventType: Control (Task: pick), Activity: navigate, Robot: robot4, Mission: m2, Segment: s1, Start: 19933.026541032
[INFO] [1787693916.042768376] [robot4.fragment_exec_node]: Simulating navigate skill from position (0.0, 0.0) to (2, 3) (7.211102550927978 seconds)...
[INFO] [1787693923.257679321] [robot4.fragment_exec_node]: Navigation completed!
[INFO] [1787693923.261185701] [robot4.fragment_exec_node]: EventType: Control (Task: pick), Activity: navigate, Robot: robot4, Mission: m2, Segment: s1, End: 19940.246295076
[INFO] [1787693923.263865628] [robot4.fragment_exec_node]: EventType: Task, Activity: pick, Robot: robot4, Mission: m2, Segment: s1, Start: 19940.249607749
[INFO] [1787693923.265374074] [robot4.fragment_exec_node]: Simulating pick skill...
[INFO] [1787693928.269934632] [robot4.fragment_exec_node]: Pick completed!
[INFO] [1787693928.272773196] [robot4.fragment_exec_node]: EventType: Task, Activity: pick, Robot: robot4, Mission: m2, Segment: s1, End: 19945.25787788
[INFO] [1787693928.275311574] [robot4.fragment_exec_node]: Execution of fragment f2-1 completed!
[INFO] [1787693928.998087578] [robot4.fragment_exec_node]: Received fragment: {'robot': 'robot4', 'fragment': {'id': 'f2-2', 'mission': 'm2', 'state': 'assigned', 'wait': ['m2/s1/pick'], 'tasks': [{'name': 'scan', 'params': {'x': 2, 'y': 3}}], 'arrive_timestamp': 1787693909, 'priority': 1, 'segment': 's1', 'preconditions': [], 'postconditions': []}}
[INFO] [1787693929.000034477] [robot4.fragment_exec_node]: Received fragment assignment: f2-2. Starting execution.
[INFO] [1787693929.002047994] [robot4.fragment_exec_node]: Waiting for coordination messages before executing fragment f2-2: ['m2/s1/pick']
[INFO] [1787693931.007793330] [robot4.fragment_exec_node]: Executing task scan. Params: {'x': 2, 'y': 3}, Virtual state: {'position': {'x': 2, 'y': 3, 'z': 0.0}, 'docked': False, 'battery': 100.0, 'conditions': ['picked-o1-2']}
[INFO] [1787693931.010579526] [robot4.fragment_exec_node]: EventType: Task, Activity: scan, Robot: robot4, Mission: m2, Segment: s1, Start: 19947.995776257
[INFO] [1787693931.012204217] [robot4.fragment_exec_node]: Simulating scan skill...
[INFO] [1787693934.015852843] [robot4.fragment_exec_node]: Scan completed!
[INFO] [1787693934.018538091] [robot4.fragment_exec_node]: EventType: Task, Activity: scan, Robot: robot4, Mission: m2, Segment: s1, End: 19951.003861361
[INFO] [1787693934.020965137] [robot4.fragment_exec_node]: Execution of fragment f2-2 completed!
[INFO] [1787693935.021884301] [robot4.fragment_exec_node]: Received fragment: {'robot': 'robot4', 'fragment': {'id': 'f2-3', 'mission': 'm2', 'state': 'assigned', 'wait': ['m2/s1/scan'], 'tasks': [{'name': 'transport', 'params': {'x': 11, 'y': 6}}], 'arrive_timestamp': 1787693909, 'priority': 1, 'segment': 's1', 'preconditions': [], 'postconditions': []}}
[INFO] [1787693935.022702387] [robot4.fragment_exec_node]: Received fragment assignment: f2-3. Starting execution.
[INFO] [1787693935.023758775] [robot4.fragment_exec_node]: Executing task transport. Params: {'x': 11, 'y': 6}, Virtual state: {'position': {'x': 2, 'y': 3, 'z': 0.0}, 'docked': False, 'battery': 100.0, 'conditions': ['picked-o1-2']}
[INFO] [1787693935.024617063] [robot4.fragment_exec_node]: EventType: Control (Task: transport), Activity: navigate, Robot: robot4, Mission: m2, Segment: s1, Start: 19952.011010504
[INFO] [1787693935.025465936] [robot4.fragment_exec_node]: Simulating navigate skill from position (2, 3) to (11, 6) (19.697715603592208 seconds)...
[INFO] [1787693937.999511950] [robot4.fragment_exec_node]: Received fragment: {'robot': 'robot5', 'fragment': {'id': 'f4-2', 'mission': 'm4', 'state': 'assigned', 'wait': ['m4/s1/pick'], 'tasks': [{'name': 'scan', 'params': {'x': 2, 'y': 8}}], 'arrive_timestamp': 1787693910, 'priority': 1, 'segment': 's1', 'preconditions': [], 'postconditions': []}}
[INFO] [1787693943.003320199] [robot4.fragment_exec_node]: Received fragment: {'robot': 'robot2', 'fragment': {'id': 'f1-2', 'mission': 'm1', 'state': 'assigned', 'wait': ['m1/s1/pick'], 'tasks': [{'name': 'scan', 'params': {'x': 5, 'y': 8}}], 'arrive_timestamp': 1787693909, 'priority': 1, 'segment': 's1', 'preconditions': [], 'postconditions': []}}
[INFO] [1787693944.003739619] [robot4.fragment_exec_node]: Received fragment: {'robot': 'robot5', 'fragment': {'id': 'f2-5', 'mission': 'm2', 'state': 'assigned', 'wait': ['m2/s2/pick'], 'tasks': [{'name': 'scan', 'params': {'x': 9, 'y': 5}}], 'arrive_timestamp': 1787693909, 'priority': 1, 'segment': 's2', 'preconditions': [], 'postconditions': []}}
[INFO] [1787693944.007650742] [robot4.fragment_exec_node]: Received fragment: {'robot': 'robot3', 'fragment': {'id': 'f4-7', 'mission': 'm4', 'state': 'assigned', 'wait': [], 'tasks': [{'name': 'pick', 'params': {'weight': 2, 'x': 9, 'y': 1}}], 'arrive_timestamp': 1787693910, 'priority': 1, 'segment': 's3', 'preconditions': [], 'postconditions': ['picked-o3-4']}}
[INFO] [1787693944.997634133] [robot4.fragment_exec_node]: Received fragment: {'robot': 'robot1', 'fragment': {'id': 'f4-5', 'mission': 'm4', 'state': 'assigned', 'wait': ['m4/s2/pick'], 'tasks': [{'name': 'scan', 'params': {'x': 10, 'y': 4}}], 'arrive_timestamp': 1787693910, 'priority': 1, 'segment': 's2', 'preconditions': [], 'postconditions': []}}
[INFO] [1787693948.998026039] [robot4.fragment_exec_node]: Received fragment: {'robot': 'robot2', 'fragment': {'id': 'f1-3', 'mission': 'm1', 'state': 'assigned', 'wait': ['m1/s1/scan'], 'tasks': [{'name': 'transport', 'params': {'x': 11, 'y': 6}}], 'arrive_timestamp': 1787693909, 'priority': 1, 'segment': 's1', 'preconditions': ['picked-o1-1'], 'postconditions': []}}
[INFO] [1787693950.997449382] [robot4.fragment_exec_node]: Received fragment: {'robot': 'robot1', 'fragment': {'id': 'f4-6', 'mission': 'm4', 'state': 'assigned', 'wait': ['m4/s2/scan'], 'tasks': [{'name': 'transport', 'params': {'x': 11, 'y': 6}}], 'arrive_timestamp': 1787693910, 'priority': 1, 'segment': 's2', 'preconditions': ['picked-o2-4'], 'postconditions': []}}
[INFO] [1787693954.724416173] [robot4.fragment_exec_node]: Navigation completed!
[INFO] [1787693954.727651421] [robot4.fragment_exec_node]: EventType: Control (Task: transport), Activity: navigate, Robot: robot4, Mission: m2, Segment: s1, End: 19971.71462907
[INFO] [1787693954.730467949] [robot4.fragment_exec_node]: EventType: Task, Activity: transport, Robot: robot4, Mission: m2, Segment: s1, Start: 19971.717715946
[INFO] [1787693954.733073847] [robot4.fragment_exec_node]: Simulating navigate skill from position (11, 6) to (11, 6) (10.0 seconds)...
[INFO] [1787693962.998033695] [robot4.fragment_exec_node]: Received fragment: {'robot': 'robot3', 'fragment': {'id': 'f4-8', 'mission': 'm4', 'state': 'assigned', 'wait': ['m4/s3/pick'], 'tasks': [{'name': 'scan', 'params': {'x': 9, 'y': 1}}], 'arrive_timestamp': 1787693910, 'priority': 1, 'segment': 's3', 'preconditions': [], 'postconditions': []}}
[INFO] [1787693964.736552960] [robot4.fragment_exec_node]: Navigation completed!
[INFO] [1787693964.739651298] [robot4.fragment_exec_node]: EventType: Task, Activity: transport, Robot: robot4, Mission: m2, Segment: s1, End: 19981.726701875
[INFO] [1787693964.742633171] [robot4.fragment_exec_node]: Execution of fragment f2-3 completed!
[INFO] [1787693965.005356434] [robot4.fragment_exec_node]: Received fragment: {'robot': 'robot5', 'fragment': {'id': 'f4-3', 'mission': 'm4', 'state': 'assigned', 'wait': ['m4/s1/scan'], 'tasks': [{'name': 'transport', 'params': {'x': 11, 'y': 6}}], 'arrive_timestamp': 1787693910, 'priority': 1, 'segment': 's1', 'preconditions': ['picked-o1-4'], 'postconditions': []}}
[INFO] [1787693965.007321328] [robot4.fragment_exec_node]: Received fragment: {'robot': 'robot4', 'fragment': {'id': "f4-10'", 'mission': 'm4', 'state': 'assigned', 'wait': [], 'tasks': [{'name': 'pick', 'params': {'weight': 1, 'x': 2, 'y': 4}}], 'arrive_timestamp': 1787693910, 'priority': 1, 'segment': 's4', 'preconditions': [], 'postconditions': ['picked-o4-4']}}
[INFO] [1787693965.008473136] [robot4.fragment_exec_node]: Received fragment assignment: f4-10'. Starting execution.
[INFO] [1787693965.010325038] [robot4.fragment_exec_node]: Executing task pick. Params: {'weight': 1, 'x': 2, 'y': 4}, Virtual state: {'position': {'x': 11, 'y': 6, 'z': 0.0}, 'docked': False, 'battery': 100.0, 'conditions': ['picked-o1-2']}
[INFO] [1787693965.011843368] [robot4.fragment_exec_node]: EventType: Control (Task: pick), Activity: navigate, Robot: robot4, Mission: m4, Segment: s4, Start: 19981.999884217
[INFO] [1787693965.012975634] [robot4.fragment_exec_node]: Simulating navigate skill from position (11, 6) to (2, 4) (22.80350850198276 seconds)...
[INFO] [1787693966.995967028] [robot4.fragment_exec_node]: Received fragment: {'robot': 'robot3', 'fragment': {'id': 'f2-6', 'mission': 'm2', 'state': 'assigned', 'wait': ['m2/s2/scan'], 'tasks': [{'name': 'transport', 'params': {'x': 11, 'y': 6}}], 'arrive_timestamp': 1787693909, 'priority': 1, 'segment': 's2', 'preconditions': ['picked-o2-2'], 'postconditions': []}}
[INFO] [1787693971.994864396] [robot4.fragment_exec_node]: Received fragment: {'robot': 'robot2', 'fragment': {'id': 'f1-4', 'mission': 'm1', 'state': 'assigned', 'wait': ['m1/s1/transport'], 'tasks': [{'name': 'pack', 'params': {'x': 11, 'y': 6, 'items': 1}}], 'arrive_timestamp': 1787693909, 'priority': 1, 'segment': '', 'preconditions': [], 'postconditions': []}}
[INFO] [1787693985.001772089] [robot4.fragment_exec_node]: Received fragment: {'robot': 'robot3', 'fragment': {'id': 'f4-9', 'mission': 'm4', 'state': 'assigned', 'wait': ['m4/s3/scan'], 'tasks': [{'name': 'transport', 'params': {'x': 11, 'y': 6}}], 'arrive_timestamp': 1787693910, 'priority': 1, 'segment': 's3', 'preconditions': ['picked-o3-4'], 'postconditions': []}}
[INFO] [1787693985.003876816] [robot4.fragment_exec_node]: Received fragment: {'robot': 'robot5', 'fragment': {'id': 'f2-7', 'mission': 'm2', 'state': 'assigned', 'wait': ['m2/s1/transport', 'm2/s2/transport'], 'tasks': [{'name': 'pack', 'params': {'x': 11, 'y': 6, 'items': 2}}], 'arrive_timestamp': 1787693909, 'priority': 1, 'segment': '', 'preconditions': [], 'postconditions': []}}
[INFO] [1787693987.822450695] [robot4.fragment_exec_node]: Navigation completed!
[INFO] [1787693987.824341023] [robot4.fragment_exec_node]: EventType: Control (Task: pick), Activity: navigate, Robot: robot4, Mission: m4, Segment: s4, End: 20004.810722353
[INFO] [1787693987.826154958] [robot4.fragment_exec_node]: EventType: Task, Activity: pick, Robot: robot4, Mission: m4, Segment: s4, Start: 20004.812443203
[INFO] [1787693987.827820466] [robot4.fragment_exec_node]: Simulating pick skill...
[INFO] [1787693988.830899677] [robot4.fragment_exec_node]: Pick completed!
[INFO] [1787693988.833652974] [robot4.fragment_exec_node]: EventType: Task, Activity: pick, Robot: robot4, Mission: m4, Segment: s4, End: 20005.819389584
[INFO] [1787693988.836914869] [robot4.fragment_exec_node]: Execution of fragment f4-10' completed!
[INFO] [1787693989.014852301] [robot4.fragment_exec_node]: Received fragment: {'robot': 'robot4', 'fragment': {'id': 'f4-11', 'mission': 'm4', 'state': 'assigned', 'wait': ['m4/s4/pick'], 'tasks': [{'name': 'scan', 'params': {'x': 2, 'y': 4}}], 'arrive_timestamp': 1787693910, 'priority': 1, 'segment': 's4', 'preconditions': [], 'postconditions': []}}
[INFO] [1787693989.015711361] [robot4.fragment_exec_node]: Received fragment assignment: f4-11. Starting execution.
[INFO] [1787693989.016555017] [robot4.fragment_exec_node]: Waiting for coordination messages before executing fragment f4-11: ['m4/s4/pick']
[INFO] [1787693991.020351268] [robot4.fragment_exec_node]: Executing task scan. Params: {'x': 2, 'y': 4}, Virtual state: {'position': {'x': 2, 'y': 4, 'z': 0.0}, 'docked': False, 'battery': 100.0, 'conditions': ['picked-o1-2', 'picked-o4-4']}
[INFO] [1787693991.022962488] [robot4.fragment_exec_node]: EventType: Task, Activity: scan, Robot: robot4, Mission: m4, Segment: s4, Start: 20008.010196067
[INFO] [1787693991.023643934] [robot4.fragment_exec_node]: Simulating scan skill...
[INFO] [1787693994.027125176] [robot4.fragment_exec_node]: Scan completed!
[INFO] [1787693994.029059243] [robot4.fragment_exec_node]: EventType: Task, Activity: scan, Robot: robot4, Mission: m4, Segment: s4, End: 20011.015341857
[INFO] [1787693994.031572741] [robot4.fragment_exec_node]: Execution of fragment f4-11 completed!
[INFO] [1787693995.021042762] [robot4.fragment_exec_node]: Received fragment: {'robot': 'robot4', 'fragment': {'id': 'f4-12', 'mission': 'm4', 'state': 'assigned', 'wait': ['m4/s4/scan'], 'tasks': [{'name': 'transport', 'params': {'x': 11, 'y': 6}}], 'arrive_timestamp': 1787693910, 'priority': 1, 'segment': 's4', 'preconditions': ['picked-o4-4'], 'postconditions': []}}
[INFO] [1787693995.022095492] [robot4.fragment_exec_node]: Received fragment assignment: f4-12. Starting execution.
[INFO] [1787693995.022982514] [robot4.fragment_exec_node]: Executing task transport. Params: {'x': 11, 'y': 6}, Virtual state: {'position': {'x': 2, 'y': 4, 'z': 0.0}, 'docked': False, 'battery': 100.0, 'conditions': ['picked-o1-2', 'picked-o4-4']}
[INFO] [1787693995.023563336] [robot4.fragment_exec_node]: EventType: Control (Task: transport), Activity: navigate, Robot: robot4, Mission: m4, Segment: s4, Start: 20012.010814008
[INFO] [1787693995.024207618] [robot4.fragment_exec_node]: Simulating navigate skill from position (2, 4) to (11, 6) (19.697715603592208 seconds)...
[INFO] [1787694014.724545481] [robot4.fragment_exec_node]: Navigation completed!
[INFO] [1787694014.727976759] [robot4.fragment_exec_node]: EventType: Control (Task: transport), Activity: navigate, Robot: robot4, Mission: m4, Segment: s4, End: 20031.714069741
[INFO] [1787694014.730530247] [robot4.fragment_exec_node]: EventType: Task, Activity: transport, Robot: robot4, Mission: m4, Segment: s4, Start: 20031.71707185
[INFO] [1787694014.732421129] [robot4.fragment_exec_node]: Simulating navigate skill from position (11, 6) to (11, 6) (10.0 seconds)...
[INFO] [1787694024.735688112] [robot4.fragment_exec_node]: Navigation completed!
[INFO] [1787694024.737801713] [robot4.fragment_exec_node]: EventType: Task, Activity: transport, Robot: robot4, Mission: m4, Segment: s4, End: 20041.72469758
[INFO] [1787694024.740063236] [robot4.fragment_exec_node]: Execution of fragment f4-12 completed!
[INFO] [1787694025.008206688] [robot4.fragment_exec_node]: Received fragment: {'robot': 'robot2', 'fragment': {'id': 'f4-13', 'mission': 'm4', 'state': 'assigned', 'wait': ['m4/s1/transport', 'm4/s2/transport', 'm4/s3/transport', 'm4/s4/transport'], 'tasks': [{'name': 'pack', 'params': {'x': 11, 'y': 6, 'items': 4}}], 'arrive_timestamp': 1787693910, 'priority': 1, 'segment': '', 'preconditions': [], 'postconditions': []}}
Traceback (most recent call last):
  File "/root/ros2_ws/install/multi3_executor/lib/multi3_executor/executor", line 33, in <module>
    sys.exit(load_entry_point('multi3-executor==0.0.0', 'console_scripts', 'executor')())
  File "/root/ros2_ws/install/multi3_executor/lib/python3.10/site-packages/multi3_executor/nodes/executor.py", line 236, in main
    rclpy.shutdown()
  File "/opt/ros/humble/local/lib/python3.10/dist-packages/rclpy/__init__.py", line 130, in shutdown
    _shutdown(context=context)
  File "/opt/ros/humble/local/lib/python3.10/dist-packages/rclpy/utilities.py", line 58, in shutdown
    return context.shutdown()
  File "/opt/ros/humble/local/lib/python3.10/dist-packages/rclpy/context.py", line 102, in shutdown
    self.__context.shutdown()
rclpy._rclpy_pybind11.RCLError: failed to shutdown: rcl_shutdown already called on the given context, at ./src/rcl/init.c:241

--- executor_robot5.log ---
[INFO] [1787693907.479417921] [robot5.fragment_exec_node]: Setting up skill: PickSkill
[INFO] [1787693907.480411714] [robot5.fragment_exec_node]: Setting up skill: ScanSkill
[INFO] [1787693907.481242208] [robot5.fragment_exec_node]: Setting up skill: NavigateSkill
[INFO] [1787693907.481896338] [robot5.fragment_exec_node]: Setting up skill: NavigateSkill
[INFO] [1787693907.482712490] [robot5.fragment_exec_node]: Setting up skill: DockSkill
[INFO] [1787693907.483388809] [robot5.fragment_exec_node]: Setting up skill: UndockSkill
[INFO] [1787693907.484108566] [robot5.fragment_exec_node]: Setting up skill: PackSkill
[INFO] [1787693907.492735878] [robot5.fragment_exec_node]: Published robot registration: {'name': 'robot5', 'operational_state': 'idle', 'capabilities': ['pick', 'scan', 'transport', 'pack'], 'state': {'position': {'x': 0.0, 'y': 0.0, 'z': 0.0}, 'docked': True, 'battery': 100.0, 'conditions': []}}
[INFO] [1787693912.011264821] [robot5.fragment_exec_node]: Received fragment: {'robot': 'robot4', 'fragment': {'id': 'f2-1', 'mission': 'm2', 'state': 'assigned', 'wait': [], 'tasks': [{'name': 'pick', 'params': {'weight': 5, 'x': 2, 'y': 3}}], 'arrive_timestamp': 1787693909, 'priority': 1, 'segment': 's1', 'preconditions': [], 'postconditions': ['picked-o1-2']}}
[INFO] [1787693912.022889720] [robot5.fragment_exec_node]: Received fragment: {'robot': 'robot1', 'fragment': {'id': 'f4-4', 'mission': 'm4', 'state': 'assigned', 'wait': [], 'tasks': [{'name': 'pick', 'params': {'weight': 7, 'x': 10, 'y': 4}}], 'arrive_timestamp': 1787693910, 'priority': 1, 'segment': 's2', 'preconditions': [], 'postconditions': ['picked-o2-4']}}
[INFO] [1787693912.024579384] [robot5.fragment_exec_node]: Received fragment: {'robot': 'robot2', 'fragment': {'id': 'f1-1', 'mission': 'm1', 'state': 'assigned', 'wait': [], 'tasks': [{'name': 'pick', 'params': {'x': 5, 'y': 8, 'weight': 8}}], 'arrive_timestamp': 1787693909, 'priority': 1, 'segment': 's1', 'preconditions': [], 'postconditions': ['picked-o1-1']}}
[INFO] [1787693912.025890990] [robot5.fragment_exec_node]: Received fragment: {'robot': 'robot3', 'fragment': {'id': 'f2-4', 'mission': 'm2', 'state': 'assigned', 'wait': [], 'tasks': [{'name': 'pick', 'params': {'weight': 7, 'x': 9, 'y': 5}}], 'arrive_timestamp': 1787693909, 'priority': 1, 'segment': 's2', 'preconditions': [], 'postconditions': ['picked-o2-2']}}
[INFO] [1787693912.026505223] [robot5.fragment_exec_node]: Received fragment: {'robot': 'robot5', 'fragment': {'id': 'f4-1', 'mission': 'm4', 'state': 'assigned', 'wait': [], 'tasks': [{'name': 'pick', 'params': {'weight': 5, 'x': 2, 'y': 8}}], 'arrive_timestamp': 1787693910, 'priority': 1, 'segment': 's1', 'preconditions': [], 'postconditions': ['picked-o1-4']}}
[INFO] [1787693912.028111109] [robot5.fragment_exec_node]: Received fragment assignment: f4-1. Starting execution.
[INFO] [1787693912.029160490] [robot5.fragment_exec_node]: Executing task pick. Params: {'weight': 5, 'x': 2, 'y': 8}, Virtual state: {'position': {'x': 0.0, 'y': 0.0, 'z': 0.0}, 'docked': True, 'battery': 100.0, 'conditions': []}
[INFO] [1787693912.030094493] [robot5.fragment_exec_node]: EventType: Control (Task: pick), Activity: undock, Robot: robot5, Mission: m4, Segment: s1, Start: 19929.016440689
[INFO] [1787693912.030984435] [robot5.fragment_exec_node]: Simulating undock skill...
[INFO] [1787693916.035449392] [robot5.fragment_exec_node]: Undock completed!
[INFO] [1787693916.037992118] [robot5.fragment_exec_node]: EventType: Control (Task: pick), Activity: undock, Robot: robot5, Mission: m4, Segment: s1, End: 19933.023416717
[INFO] [1787693916.040751126] [robot5.fragment_exec_node]: EventType: Control (Task: pick), Activity: navigate, Robot: robot5, Mission: m4, Segment: s1, Start: 19933.025615888
[INFO] [1787693916.042116113] [robot5.fragment_exec_node]: Simulating navigate skill from position (0.0, 0.0) to (2, 8) (16.492422502470642 seconds)...
[INFO] [1787693928.998671254] [robot5.fragment_exec_node]: Received fragment: {'robot': 'robot4', 'fragment': {'id': 'f2-2', 'mission': 'm2', 'state': 'assigned', 'wait': ['m2/s1/pick'], 'tasks': [{'name': 'scan', 'params': {'x': 2, 'y': 3}}], 'arrive_timestamp': 1787693909, 'priority': 1, 'segment': 's1', 'preconditions': [], 'postconditions': []}}
[INFO] [1787693932.537629007] [robot5.fragment_exec_node]: Navigation completed!
[INFO] [1787693932.539289077] [robot5.fragment_exec_node]: EventType: Control (Task: pick), Activity: navigate, Robot: robot5, Mission: m4, Segment: s1, End: 19949.525304102
[INFO] [1787693932.540705571] [robot5.fragment_exec_node]: EventType: Task, Activity: pick, Robot: robot5, Mission: m4, Segment: s1, Start: 19949.526711688
[INFO] [1787693932.541946094] [robot5.fragment_exec_node]: Simulating pick skill...
[INFO] [1787693935.002145728] [robot5.fragment_exec_node]: Received fragment: {'robot': 'robot4', 'fragment': {'id': 'f2-3', 'mission': 'm2', 'state': 'assigned', 'wait': ['m2/s1/scan'], 'tasks': [{'name': 'transport', 'params': {'x': 11, 'y': 6}}], 'arrive_timestamp': 1787693909, 'priority': 1, 'segment': 's1', 'preconditions': [], 'postconditions': []}}
[INFO] [1787693937.544366293] [robot5.fragment_exec_node]: Pick completed!
[INFO] [1787693937.545467871] [robot5.fragment_exec_node]: EventType: Task, Activity: pick, Robot: robot5, Mission: m4, Segment: s1, End: 19954.531810374
[INFO] [1787693937.546696488] [robot5.fragment_exec_node]: Execution of fragment f4-1 completed!
[INFO] [1787693938.012128048] [robot5.fragment_exec_node]: Received fragment: {'robot': 'robot5', 'fragment': {'id': 'f4-2', 'mission': 'm4', 'state': 'assigned', 'wait': ['m4/s1/pick'], 'tasks': [{'name': 'scan', 'params': {'x': 2, 'y': 8}}], 'arrive_timestamp': 1787693910, 'priority': 1, 'segment': 's1', 'preconditions': [], 'postconditions': []}}
[INFO] [1787693938.012970285] [robot5.fragment_exec_node]: Received fragment assignment: f4-2. Starting execution.
[INFO] [1787693938.013860109] [robot5.fragment_exec_node]: Waiting for coordination messages before executing fragment f4-2: ['m4/s1/pick']
[INFO] [1787693940.017676605] [robot5.fragment_exec_node]: Executing task scan. Params: {'x': 2, 'y': 8}, Virtual state: {'position': {'x': 2, 'y': 8, 'z': 0.0}, 'docked': False, 'battery': 100.0, 'conditions': ['picked-o1-4']}
[INFO] [1787693940.020823537] [robot5.fragment_exec_node]: EventType: Task, Activity: scan, Robot: robot5, Mission: m4, Segment: s1, Start: 19957.007909984
[INFO] [1787693940.023524640] [robot5.fragment_exec_node]: Simulating scan skill...
[INFO] [1787693942.991251486] [robot5.fragment_exec_node]: Received fragment: {'robot': 'robot2', 'fragment': {'id': 'f1-2', 'mission': 'm1', 'state': 'assigned', 'wait': ['m1/s1/pick'], 'tasks': [{'name': 'scan', 'params': {'x': 5, 'y': 8}}], 'arrive_timestamp': 1787693909, 'priority': 1, 'segment': 's1', 'preconditions': [], 'postconditions': []}}
[INFO] [1787693943.027223093] [robot5.fragment_exec_node]: Scan completed!
[INFO] [1787693943.030059839] [robot5.fragment_exec_node]: EventType: Task, Activity: scan, Robot: robot5, Mission: m4, Segment: s1, End: 19960.017587409
[INFO] [1787693943.032515564] [robot5.fragment_exec_node]: Execution of fragment f4-2 completed!
[INFO] [1787693944.006886338] [robot5.fragment_exec_node]: Received fragment: {'robot': 'robot5', 'fragment': {'id': 'f2-5', 'mission': 'm2', 'state': 'assigned', 'wait': ['m2/s2/pick'], 'tasks': [{'name': 'scan', 'params': {'x': 9, 'y': 5}}], 'arrive_timestamp': 1787693909, 'priority': 1, 'segment': 's2', 'preconditions': [], 'postconditions': []}}
[INFO] [1787693944.010770625] [robot5.fragment_exec_node]: Received fragment: {'robot': 'robot3', 'fragment': {'id': 'f4-7', 'mission': 'm4', 'state': 'assigned', 'wait': [], 'tasks': [{'name': 'pick', 'params': {'weight': 2, 'x': 9, 'y': 1}}], 'arrive_timestamp': 1787693910, 'priority': 1, 'segment': 's3', 'preconditions': [], 'postconditions': ['picked-o3-4']}}
[INFO] [1787693944.011983000] [robot5.fragment_exec_node]: Received fragment assignment: f2-5. Starting execution.
[INFO] [1787693944.013529369] [robot5.fragment_exec_node]: Waiting for coordination messages before executing fragment f2-5: ['m2/s2/pick']
[INFO] [1787693945.004820549] [robot5.fragment_exec_node]: Received fragment: {'robot': 'robot1', 'fragment': {'id': 'f4-5', 'mission': 'm4', 'state': 'assigned', 'wait': ['m4/s2/pick'], 'tasks': [{'name': 'scan', 'params': {'x': 10, 'y': 4}}], 'arrive_timestamp': 1787693910, 'priority': 1, 'segment': 's2', 'preconditions': [], 'postconditions': []}}
[INFO] [1787693946.018595501] [robot5.fragment_exec_node]: Executing task scan. Params: {'x': 9, 'y': 5}, Virtual state: {'position': {'x': 2, 'y': 8, 'z': 0.0}, 'docked': False, 'battery': 100.0, 'conditions': ['picked-o1-4']}
[INFO] [1787693946.020523565] [robot5.fragment_exec_node]: EventType: Control (Task: scan), Activity: navigate, Robot: robot5, Mission: m2, Segment: s2, Start: 19963.008407619
[INFO] [1787693946.021929581] [robot5.fragment_exec_node]: Simulating navigate skill from position (2, 8) to (9, 5) (15.231546211727817 seconds)...
[INFO] [1787693948.998533495] [robot5.fragment_exec_node]: Received fragment: {'robot': 'robot2', 'fragment': {'id': 'f1-3', 'mission': 'm1', 'state': 'assigned', 'wait': ['m1/s1/scan'], 'tasks': [{'name': 'transport', 'params': {'x': 11, 'y': 6}}], 'arrive_timestamp': 1787693909, 'priority': 1, 'segment': 's1', 'preconditions': ['picked-o1-1'], 'postconditions': []}}
[INFO] [1787693950.999115479] [robot5.fragment_exec_node]: Received fragment: {'robot': 'robot1', 'fragment': {'id': 'f4-6', 'mission': 'm4', 'state': 'assigned', 'wait': ['m4/s2/scan'], 'tasks': [{'name': 'transport', 'params': {'x': 11, 'y': 6}}], 'arrive_timestamp': 1787693910, 'priority': 1, 'segment': 's2', 'preconditions': ['picked-o2-4'], 'postconditions': []}}
[INFO] [1787693961.257403288] [robot5.fragment_exec_node]: Navigation completed!
[INFO] [1787693961.260161013] [robot5.fragment_exec_node]: EventType: Control (Task: scan), Activity: navigate, Robot: robot5, Mission: m2, Segment: s2, End: 19978.24772529
[INFO] [1787693961.261973595] [robot5.fragment_exec_node]: EventType: Task, Activity: scan, Robot: robot5, Mission: m2, Segment: s2, Start: 19978.249924007
[INFO] [1787693961.263729345] [robot5.fragment_exec_node]: Simulating scan skill...
[INFO] [1787693962.998562583] [robot5.fragment_exec_node]: Received fragment: {'robot': 'robot3', 'fragment': {'id': 'f4-8', 'mission': 'm4', 'state': 'assigned', 'wait': ['m4/s3/pick'], 'tasks': [{'name': 'scan', 'params': {'x': 9, 'y': 1}}], 'arrive_timestamp': 1787693910, 'priority': 1, 'segment': 's3', 'preconditions': [], 'postconditions': []}}
[INFO] [1787693964.267767421] [robot5.fragment_exec_node]: Scan completed!
[INFO] [1787693964.270828241] [robot5.fragment_exec_node]: EventType: Task, Activity: scan, Robot: robot5, Mission: m2, Segment: s2, End: 19981.258022003
[INFO] [1787693964.274762892] [robot5.fragment_exec_node]: Execution of fragment f2-5 completed!
[INFO] [1787693965.004813353] [robot5.fragment_exec_node]: Received fragment: {'robot': 'robot4', 'fragment': {'id': "f4-10'", 'mission': 'm4', 'state': 'assigned', 'wait': [], 'tasks': [{'name': 'pick', 'params': {'weight': 1, 'x': 2, 'y': 4}}], 'arrive_timestamp': 1787693910, 'priority': 1, 'segment': 's4', 'preconditions': [], 'postconditions': ['picked-o4-4']}}
[INFO] [1787693965.006014063] [robot5.fragment_exec_node]: Received fragment: {'robot': 'robot5', 'fragment': {'id': 'f4-3', 'mission': 'm4', 'state': 'assigned', 'wait': ['m4/s1/scan'], 'tasks': [{'name': 'transport', 'params': {'x': 11, 'y': 6}}], 'arrive_timestamp': 1787693910, 'priority': 1, 'segment': 's1', 'preconditions': ['picked-o1-4'], 'postconditions': []}}
[INFO] [1787693965.008237604] [robot5.fragment_exec_node]: Received fragment assignment: f4-3. Starting execution.
[INFO] [1787693965.009930466] [robot5.fragment_exec_node]: Executing task transport. Params: {'x': 11, 'y': 6}, Virtual state: {'position': {'x': 9, 'y': 5, 'z': 0.0}, 'docked': False, 'battery': 100.0, 'conditions': ['picked-o1-4']}
[INFO] [1787693965.011006941] [robot5.fragment_exec_node]: EventType: Control (Task: transport), Activity: navigate, Robot: robot5, Mission: m4, Segment: s1, Start: 19981.999498315
[INFO] [1787693965.012043629] [robot5.fragment_exec_node]: Simulating navigate skill from position (9, 5) to (11, 6) (7.211102550927978 seconds)...
[INFO] [1787693966.999315232] [robot5.fragment_exec_node]: Received fragment: {'robot': 'robot3', 'fragment': {'id': 'f2-6', 'mission': 'm2', 'state': 'assigned', 'wait': ['m2/s2/scan'], 'tasks': [{'name': 'transport', 'params': {'x': 11, 'y': 6}}], 'arrive_timestamp': 1787693909, 'priority': 1, 'segment': 's2', 'preconditions': ['picked-o2-2'], 'postconditions': []}}
[INFO] [1787693972.006489509] [robot5.fragment_exec_node]: Received fragment: {'robot': 'robot2', 'fragment': {'id': 'f1-4', 'mission': 'm1', 'state': 'assigned', 'wait': ['m1/s1/transport'], 'tasks': [{'name': 'pack', 'params': {'x': 11, 'y': 6, 'items': 1}}], 'arrive_timestamp': 1787693909, 'priority': 1, 'segment': '', 'preconditions': [], 'postconditions': []}}
[INFO] [1787693972.226511988] [robot5.fragment_exec_node]: Navigation completed!
[INFO] [1787693972.227689328] [robot5.fragment_exec_node]: EventType: Control (Task: transport), Activity: navigate, Robot: robot5, Mission: m4, Segment: s1, End: 19989.214578576
[INFO] [1787693972.228314687] [robot5.fragment_exec_node]: EventType: Task, Activity: transport, Robot: robot5, Mission: m4, Segment: s1, Start: 19989.215514795
[INFO] [1787693972.228962076] [robot5.fragment_exec_node]: Simulating navigate skill from position (11, 6) to (11, 6) (10.0 seconds)...
[INFO] [1787693982.230299328] [robot5.fragment_exec_node]: Navigation completed!
[INFO] [1787693982.231407117] [robot5.fragment_exec_node]: EventType: Task, Activity: transport, Robot: robot5, Mission: m4, Segment: s1, End: 19999.218614385
[INFO] [1787693982.232603544] [robot5.fragment_exec_node]: Execution of fragment f4-3 completed!
[INFO] [1787693985.011291301] [robot5.fragment_exec_node]: Received fragment: {'robot': 'robot5', 'fragment': {'id': 'f2-7', 'mission': 'm2', 'state': 'assigned', 'wait': ['m2/s1/transport', 'm2/s2/transport'], 'tasks': [{'name': 'pack', 'params': {'x': 11, 'y': 6, 'items': 2}}], 'arrive_timestamp': 1787693909, 'priority': 1, 'segment': '', 'preconditions': [], 'postconditions': []}}
[INFO] [1787693985.013022819] [robot5.fragment_exec_node]: Received fragment: {'robot': 'robot3', 'fragment': {'id': 'f4-9', 'mission': 'm4', 'state': 'assigned', 'wait': ['m4/s3/scan'], 'tasks': [{'name': 'transport', 'params': {'x': 11, 'y': 6}}], 'arrive_timestamp': 1787693910, 'priority': 1, 'segment': 's3', 'preconditions': ['picked-o3-4'], 'postconditions': []}}
[INFO] [1787693985.014307990] [robot5.fragment_exec_node]: Received fragment assignment: f2-7. Starting execution.
[INFO] [1787693985.015223090] [robot5.fragment_exec_node]: Waiting for coordination messages before executing fragment f2-7: ['m2/s1/transport', 'm2/s2/transport']
[INFO] [1787693987.021020512] [robot5.fragment_exec_node]: Executing task pack. Params: {'x': 11, 'y': 6, 'items': 2}, Virtual state: {'position': {'x': 11, 'y': 6, 'z': 0.0}, 'docked': False, 'battery': 100.0, 'conditions': ['picked-o1-4']}
[INFO] [1787693987.023405197] [robot5.fragment_exec_node]: EventType: Task, Activity: pack, Robot: robot5, Mission: m2, Segment: , Start: 20004.009526687
[INFO] [1787693987.025185835] [robot5.fragment_exec_node]: Simulating pack skill...
[INFO] [1787693988.995272174] [robot5.fragment_exec_node]: Received fragment: {'robot': 'robot4', 'fragment': {'id': 'f4-11', 'mission': 'm4', 'state': 'assigned', 'wait': ['m4/s4/pick'], 'tasks': [{'name': 'scan', 'params': {'x': 2, 'y': 4}}], 'arrive_timestamp': 1787693910, 'priority': 1, 'segment': 's4', 'preconditions': [], 'postconditions': []}}
[INFO] [1787693995.002904370] [robot5.fragment_exec_node]: Received fragment: {'robot': 'robot4', 'fragment': {'id': 'f4-12', 'mission': 'm4', 'state': 'assigned', 'wait': ['m4/s4/scan'], 'tasks': [{'name': 'transport', 'params': {'x': 11, 'y': 6}}], 'arrive_timestamp': 1787693910, 'priority': 1, 'segment': 's4', 'preconditions': ['picked-o4-4'], 'postconditions': []}}
[INFO] [1787693999.029179029] [robot5.fragment_exec_node]: Packing completed!
[INFO] [1787693999.032321973] [robot5.fragment_exec_node]: EventType: Task, Activity: pack, Robot: robot5, Mission: m2, Segment: , End: 20016.017649454
[INFO] [1787693999.035430927] [robot5.fragment_exec_node]: Execution of fragment f2-7 completed!
[INFO] [1787694025.000318252] [robot5.fragment_exec_node]: Received fragment: {'robot': 'robot2', 'fragment': {'id': 'f4-13', 'mission': 'm4', 'state': 'assigned', 'wait': ['m4/s1/transport', 'm4/s2/transport', 'm4/s3/transport', 'm4/s4/transport'], 'tasks': [{'name': 'pack', 'params': {'x': 11, 'y': 6, 'items': 4}}], 'arrive_timestamp': 1787693910, 'priority': 1, 'segment': '', 'preconditions': [], 'postconditions': []}}
Traceback (most recent call last):
  File "/root/ros2_ws/install/multi3_executor/lib/multi3_executor/executor", line 33, in <module>
    sys.exit(load_entry_point('multi3-executor==0.0.0', 'console_scripts', 'executor')())
  File "/root/ros2_ws/install/multi3_executor/lib/python3.10/site-packages/multi3_executor/nodes/executor.py", line 236, in main
    rclpy.shutdown()
  File "/opt/ros/humble/local/lib/python3.10/dist-packages/rclpy/__init__.py", line 130, in shutdown
    _shutdown(context=context)
  File "/opt/ros/humble/local/lib/python3.10/dist-packages/rclpy/utilities.py", line 58, in shutdown
    return context.shutdown()
  File "/opt/ros/humble/local/lib/python3.10/dist-packages/rclpy/context.py", line 102, in shutdown
    self.__context.shutdown()
rclpy._rclpy_pybind11.RCLError: failed to shutdown: rcl_shutdown already called on the given context, at ./src/rcl/init.c:241
