=== Test: spec: robots=2, missions=[1, 3, 4], strategy=baseline


--- coordinator.log ---
[INFO] [1787686015.310810664] [multi3_coordinator_node]: Assignment strategy parameter: baseline
[INFO] [1787686015.311734146] [multi3_coordinator_node]: Using assignment strategy: baseline
[INFO] [1787686015.317936247] [multi3_coordinator_node]: Coordinator node started.
[INFO] [1787686018.300555068] [multi3_coordinator_node]: Received new robot info: {'name': 'robot1', 'operational_state': 'idle', 'capabilities': ['pick', 'scan', 'transport', 'pack'], 'state': {'position': {'x': 0.0, 'y': 0.0, 'z': 0.0}, 'docked': True, 'battery': 100.0, 'conditions': []}, 'last_heartbeat': 1787686018}
[INFO] [1787686020.287165476] [multi3_coordinator_node]: Received new robot info: {'name': 'robot2', 'operational_state': 'idle', 'capabilities': ['pick', 'scan', 'transport', 'pack'], 'state': {'position': {'x': 0.0, 'y': 0.0, 'z': 0.0}, 'docked': True, 'battery': 100.0, 'conditions': []}, 'last_heartbeat': 1787686020}
[INFO] [1787686022.159395705] [multi3_coordinator_node]: Received mission: {'mission': 'm1', 'priority': 1, 'fragments': [{'id': 'f1-1', 'wait': [], 'tasks': [{'name': 'pick', 'params': {'x': 5, 'y': 8, 'weight': 8}}], 'postconditions': ['picked-o1-1'], 'segment': 's1'}, {'id': 'f1-2', 'wait': ['m1/s1/pick'], 'tasks': [{'name': 'scan', 'params': {'x': 5, 'y': 8}}], 'segment': 's1'}, {'id': 'f1-3', 'wait': ['m1/s1/scan'], 'tasks': [{'name': 'transport', 'params': {'x': 11, 'y': 6}}], 'preconditions': ['picked-o1-1'], 'segment': 's1'}, {'id': 'f1-4', 'wait': ['m1/s1/transport'], 'tasks': [{'name': 'pack', 'params': {'x': 11, 'y': 6, 'items': 1}}], 'segment': ''}]}
[INFO] [1787686022.161353912] [multi3_coordinator_node]: Fragment f1-1 is now executable because all signal messages were received.
[INFO] [1787686022.974096733] [multi3_coordinator_node]: Received mission: {'mission': 'm3', 'priority': 1, 'fragments': [{'id': 'f3-1', 'wait': [], 'tasks': [{'name': 'pick', 'params': {'weight': 3, 'x': 7, 'y': 3}}], 'postconditions': ['picked-o1-3'], 'segment': 's1'}, {'id': 'f3-2', 'wait': ['m3/s1/pick'], 'tasks': [{'name': 'scan', 'params': {'x': 7, 'y': 3}}], 'segment': 's1'}, {'id': 'f3-3', 'wait': ['m3/s1/scan'], 'tasks': [{'name': 'transport', 'params': {'x': 11, 'y': 6}}], 'preconditions': ['picked-o1-3'], 'segment': 's1'}, {'id': 'f3-4', 'wait': [], 'tasks': [{'name': 'pick', 'params': {'weight': 5, 'x': 2, 'y': 3}}], 'postconditions': ['picked-o2-3'], 'segment': 's2'}, {'id': 'f3-5', 'wait': ['m3/s2/pick'], 'tasks': [{'name': 'scan', 'params': {'x': 2, 'y': 3}}], 'segment': 's2'}, {'id': 'f3-6', 'wait': ['m3/s2/scan'], 'tasks': [{'name': 'transport', 'params': {'x': 11, 'y': 6}}], 'preconditions': ['picked-o2-3'], 'segment': 's2'}, {'id': 'f3-7', 'wait': [], 'tasks': [{'name': 'pick', 'params': {'weight': 2, 'x': 1, 'y': 9}}], 'postconditions': ['picked-o3-3'], 'segment': 's3'}, {'id': 'f3-8', 'wait': ['m3/s3/pick'], 'tasks': [{'name': 'scan', 'params': {'x': 1, 'y': 9}}], 'segment': 's3'}, {'id': 'f3-9', 'wait': ['m3/s3/scan'], 'tasks': [{'name': 'transport', 'params': {'x': 11, 'y': 6}}], 'preconditions': ['picked-o3-3'], 'segment': 's3'}, {'id': 'f3-10', 'wait': ['m3/s1/transport', 'm3/s2/transport', 'm3/s3/transport'], 'tasks': [{'name': 'pack', 'params': {'x': 2, 'y': 3, 'items': 3}}], 'segment': ''}]}
[INFO] [1787686022.975411934] [multi3_coordinator_node]: Fragment f3-1 is now executable because all signal messages were received.
[INFO] [1787686022.976664452] [multi3_coordinator_node]: Fragment f3-4 is now executable because all signal messages were received.
[INFO] [1787686022.977781581] [multi3_coordinator_node]: Fragment f3-7 is now executable because all signal messages were received.
[INFO] [1787686023.785044223] [multi3_coordinator_node]: Received mission: {'mission': 'm4', 'priority': 1, 'fragments': [{'id': 'f4-1', 'wait': [], 'tasks': [{'name': 'pick', 'params': {'weight': 5, 'x': 2, 'y': 8}}], 'postconditions': ['picked-o1-4'], 'segment': 's1'}, {'id': 'f4-2', 'wait': ['m4/s1/pick'], 'tasks': [{'name': 'scan', 'params': {'x': 2, 'y': 8}}], 'segment': 's1'}, {'id': 'f4-3', 'wait': ['m4/s1/scan'], 'tasks': [{'name': 'transport', 'params': {'x': 11, 'y': 6}}], 'preconditions': ['picked-o1-4'], 'segment': 's1'}, {'id': 'f4-4', 'wait': [], 'tasks': [{'name': 'pick', 'params': {'weight': 7, 'x': 10, 'y': 4}}], 'postconditions': ['picked-o2-4'], 'segment': 's2'}, {'id': 'f4-5', 'wait': ['m4/s2/pick'], 'tasks': [{'name': 'scan', 'params': {'x': 10, 'y': 4}}], 'segment': 's2'}, {'id': 'f4-6', 'wait': ['m4/s2/scan'], 'tasks': [{'name': 'transport', 'params': {'x': 11, 'y': 6}}], 'preconditions': ['picked-o2-4'], 'segment': 's2'}, {'id': 'f4-7', 'wait': [], 'tasks': [{'name': 'pick', 'params': {'weight': 2, 'x': 9, 'y': 1}}], 'postconditions': ['picked-o3-4'], 'segment': 's3'}, {'id': 'f4-8', 'wait': ['m4/s3/pick'], 'tasks': [{'name': 'scan', 'params': {'x': 9, 'y': 1}}], 'segment': 's3'}, {'id': 'f4-9', 'wait': ['m4/s3/scan'], 'tasks': [{'name': 'transport', 'params': {'x': 11, 'y': 6}}], 'preconditions': ['picked-o3-4'], 'segment': 's3'}, {'id': "f4-10'", 'wait': [], 'tasks': [{'name': 'pick', 'params': {'weight': 1, 'x': 2, 'y': 4}}], 'postconditions': ['picked-o4-4'], 'segment': 's4'}, {'id': 'f4-11', 'wait': ['m4/s4/pick'], 'tasks': [{'name': 'scan', 'params': {'x': 2, 'y': 4}}], 'segment': 's4'}, {'id': 'f4-12', 'wait': ['m4/s4/scan'], 'tasks': [{'name': 'transport', 'params': {'x': 11, 'y': 6}}], 'preconditions': ['picked-o4-4'], 'segment': 's4'}, {'id': 'f4-13', 'wait': ['m4/s1/transport', 'm4/s2/transport', 'm4/s3/transport', 'm4/s4/transport'], 'tasks': [{'name': 'pack', 'params': {'x': 11, 'y': 6, 'items': 4}}], 'segment': ''}]}
[INFO] [1787686023.788223334] [multi3_coordinator_node]: Fragment f4-1 is now executable because all signal messages were received.
[INFO] [1787686023.789851543] [multi3_coordinator_node]: Fragment f4-4 is now executable because all signal messages were received.
[INFO] [1787686023.791272184] [multi3_coordinator_node]: Fragment f4-7 is now executable because all signal messages were received.
[INFO] [1787686023.792843737] [multi3_coordinator_node]: Fragment f4-10' is now executable because all signal messages were received.
[INFO] [1787686024.098171007] [multi3_coordinator_node]: Execution start signal received. Starting fragment assignment.
[INFO] [1787686025.100511996] [multi3_coordinator_node]: Assigned fragment f1-1 to robot robot2.
[INFO] [1787686025.105943587] [multi3_coordinator_node]: Assigned fragment f3-1 to robot robot1.
[INFO] [1787686025.107216041] [multi3_coordinator_node]: Received robot state update: {'operational_state': 'working', 'current_assigned_fragment': 'f1-1', 'conditions': [], 'state': {'position': {'x': 0.0, 'y': 0.0, 'z': 0.0}, 'docked': True, 'battery': 100.0, 'conditions': []}}
[INFO] [1787686025.110994896] [multi3_coordinator_node]: Received robot state update: {'operational_state': 'working', 'current_assigned_fragment': 'f3-1', 'conditions': [], 'state': {'position': {'x': 0.0, 'y': 0.0, 'z': 0.0}, 'docked': True, 'battery': 100.0, 'conditions': []}}
[INFO] [1787686047.360722176] [multi3_coordinator_node]: Fragment f3-2 is now executable because all signal messages were received.
[INFO] [1787686047.362408722] [multi3_coordinator_node]: Received coordination message: {'robot_name': 'robot1', 'completed_task': 'm3/s1/pick'}
[INFO] [1787686047.364793347] [multi3_coordinator_node]: Received robot state update: {'operational_state': 'idle', 'current_assigned_fragment': None, 'conditions': ['picked-o1-3'], 'state': {'position': {'x': 7, 'y': 3, 'z': 0.0}, 'docked': False, 'battery': 100.0, 'conditions': ['picked-o1-3']}}
[INFO] [1787686047.366342434] [multi3_coordinator_node]: Received coordination message: {'robot_name': 'robot1', 'completed_fragment': 'f3-1', 'state': {'position': {'x': 7, 'y': 3, 'z': 0.0}, 'docked': False, 'battery': 100.0, 'conditions': ['picked-o1-3']}}
[INFO] [1787686048.100716783] [multi3_coordinator_node]: Assigned fragment f3-2 to robot robot1.
[INFO] [1787686048.109098596] [multi3_coordinator_node]: Received robot state update: {'operational_state': 'working', 'current_assigned_fragment': 'f3-2', 'conditions': ['picked-o1-3'], 'state': {'position': {'x': 7, 'y': 3, 'z': 0.0}, 'docked': False, 'battery': 100.0, 'conditions': ['picked-o1-3']}}
[INFO] [1787686053.122177678] [multi3_coordinator_node]: Fragment f3-3 is now executable because all signal messages were received.
[INFO] [1787686053.123684429] [multi3_coordinator_node]: Received coordination message: {'robot_name': 'robot1', 'completed_task': 'm3/s1/scan'}
[INFO] [1787686053.125931159] [multi3_coordinator_node]: Received robot state update: {'operational_state': 'idle', 'current_assigned_fragment': None, 'conditions': ['picked-o1-3'], 'state': {'position': {'x': 7, 'y': 3, 'z': 0.0}, 'docked': False, 'battery': 100.0, 'conditions': ['picked-o1-3']}}
[INFO] [1787686053.127364165] [multi3_coordinator_node]: Received coordination message: {'robot_name': 'robot1', 'completed_fragment': 'f3-2', 'state': {'position': {'x': 7, 'y': 3, 'z': 0.0}, 'docked': False, 'battery': 100.0, 'conditions': ['picked-o1-3']}}
[INFO] [1787686054.102362048] [multi3_coordinator_node]: Assigned fragment f3-3 to robot robot1.
[INFO] [1787686054.111264459] [multi3_coordinator_node]: Received robot state update: {'operational_state': 'working', 'current_assigned_fragment': 'f3-3', 'conditions': ['picked-o1-3'], 'state': {'position': {'x': 7, 'y': 3, 'z': 0.0}, 'docked': False, 'battery': 100.0, 'conditions': ['picked-o1-3']}}
[INFO] [1787686056.003798685] [multi3_coordinator_node]: Fragment f1-2 is now executable because all signal messages were received.
[INFO] [1787686056.005631184] [multi3_coordinator_node]: Received coordination message: {'robot_name': 'robot2', 'completed_task': 'm1/s1/pick'}
[INFO] [1787686056.007894691] [multi3_coordinator_node]: Received robot state update: {'operational_state': 'idle', 'current_assigned_fragment': None, 'conditions': ['picked-o1-1'], 'state': {'position': {'x': 5, 'y': 8, 'z': 0.0}, 'docked': False, 'battery': 100.0, 'conditions': ['picked-o1-1']}}
[INFO] [1787686056.009258046] [multi3_coordinator_node]: Received coordination message: {'robot_name': 'robot2', 'completed_fragment': 'f1-1', 'state': {'position': {'x': 5, 'y': 8, 'z': 0.0}, 'docked': False, 'battery': 100.0, 'conditions': ['picked-o1-1']}}
[INFO] [1787686056.103618992] [multi3_coordinator_node]: Assigned fragment f1-2 to robot robot2.
[INFO] [1787686056.118540609] [multi3_coordinator_node]: Received robot state update: {'operational_state': 'working', 'current_assigned_fragment': 'f1-2', 'conditions': ['picked-o1-1'], 'state': {'position': {'x': 5, 'y': 8, 'z': 0.0}, 'docked': False, 'battery': 100.0, 'conditions': ['picked-o1-1']}}
[INFO] [1787686061.133122090] [multi3_coordinator_node]: Fragment f1-3 is now executable because all signal messages were received.
[INFO] [1787686061.134834366] [multi3_coordinator_node]: Received coordination message: {'robot_name': 'robot2', 'completed_task': 'm1/s1/scan'}
[INFO] [1787686061.136935636] [multi3_coordinator_node]: Received robot state update: {'operational_state': 'idle', 'current_assigned_fragment': None, 'conditions': ['picked-o1-1'], 'state': {'position': {'x': 5, 'y': 8, 'z': 0.0}, 'docked': False, 'battery': 100.0, 'conditions': ['picked-o1-1']}}
[INFO] [1787686061.138439698] [multi3_coordinator_node]: Received coordination message: {'robot_name': 'robot2', 'completed_fragment': 'f1-2', 'state': {'position': {'x': 5, 'y': 8, 'z': 0.0}, 'docked': False, 'battery': 100.0, 'conditions': ['picked-o1-1']}}
[INFO] [1787686062.101528904] [multi3_coordinator_node]: Assigned fragment f1-3 to robot robot2.
[INFO] [1787686062.112118684] [multi3_coordinator_node]: Received robot state update: {'operational_state': 'working', 'current_assigned_fragment': 'f1-3', 'conditions': ['picked-o1-1'], 'state': {'position': {'x': 5, 'y': 8, 'z': 0.0}, 'docked': False, 'battery': 100.0, 'conditions': ['picked-o1-1']}}
[INFO] [1787686072.373799630] [multi3_coordinator_node]: Received coordination message: {'robot_name': 'robot1', 'completed_task': 'm3/s1/transport'}
[INFO] [1787686072.375208324] [multi3_coordinator_node]: Received robot state update: {'operational_state': 'idle', 'current_assigned_fragment': None, 'conditions': ['picked-o1-3'], 'state': {'position': {'x': 11, 'y': 6, 'z': 0.0}, 'docked': False, 'battery': 100.0, 'conditions': ['picked-o1-3']}}
[INFO] [1787686072.376610797] [multi3_coordinator_node]: Received coordination message: {'robot_name': 'robot1', 'completed_fragment': 'f3-3', 'state': {'position': {'x': 11, 'y': 6, 'z': 0.0}, 'docked': False, 'battery': 100.0, 'conditions': ['picked-o1-3']}}
[INFO] [1787686073.100756046] [multi3_coordinator_node]: Assigned fragment f3-4 to robot robot1.
[INFO] [1787686073.135178802] [multi3_coordinator_node]: Received robot state update: {'operational_state': 'working', 'current_assigned_fragment': 'f3-4', 'conditions': ['picked-o1-3'], 'state': {'position': {'x': 11, 'y': 6, 'z': 0.0}, 'docked': False, 'battery': 100.0, 'conditions': ['picked-o1-3']}}
[INFO] [1787686084.298987125] [multi3_coordinator_node]: Fragment f1-4 is now executable because all signal messages were received.
[INFO] [1787686084.300230730] [multi3_coordinator_node]: Received coordination message: {'robot_name': 'robot2', 'completed_task': 'm1/s1/transport'}
[INFO] [1787686084.301712494] [multi3_coordinator_node]: Received robot state update: {'operational_state': 'idle', 'current_assigned_fragment': None, 'conditions': ['picked-o1-1'], 'state': {'position': {'x': 11, 'y': 6, 'z': 0.0}, 'docked': False, 'battery': 100.0, 'conditions': ['picked-o1-1']}}
[INFO] [1787686084.302640327] [multi3_coordinator_node]: Received coordination message: {'robot_name': 'robot2', 'completed_fragment': 'f1-3', 'state': {'position': {'x': 11, 'y': 6, 'z': 0.0}, 'docked': False, 'battery': 100.0, 'conditions': ['picked-o1-1']}}
[INFO] [1787686085.101167998] [multi3_coordinator_node]: Assigned fragment f1-4 to robot robot2.
[INFO] [1787686085.112506372] [multi3_coordinator_node]: Received robot state update: {'operational_state': 'working', 'current_assigned_fragment': 'f1-4', 'conditions': ['picked-o1-1'], 'state': {'position': {'x': 11, 'y': 6, 'z': 0.0}, 'docked': False, 'battery': 100.0, 'conditions': ['picked-o1-1']}}
[INFO] [1787686093.130330496] [multi3_coordinator_node]: Received coordination message: {'robot_name': 'robot2', 'completed_task': 'm1//pack'}
[INFO] [1787686093.132907446] [multi3_coordinator_node]: Received robot state update: {'operational_state': 'idle', 'current_assigned_fragment': None, 'conditions': ['picked-o1-1'], 'state': {'position': {'x': 11, 'y': 6, 'z': 0.0}, 'docked': False, 'battery': 100.0, 'conditions': ['picked-o1-1']}}
[INFO] [1787686093.135020732] [multi3_coordinator_node]: Received coordination message: {'robot_name': 'robot2', 'completed_fragment': 'f1-4', 'state': {'position': {'x': 11, 'y': 6, 'z': 0.0}, 'docked': False, 'battery': 100.0, 'conditions': ['picked-o1-1']}}
[INFO] [1787686094.102841663] [multi3_coordinator_node]: Assigned fragment f3-7 to robot robot2.
[INFO] [1787686094.110646425] [multi3_coordinator_node]: Received robot state update: {'operational_state': 'working', 'current_assigned_fragment': 'f3-7', 'conditions': ['picked-o1-1'], 'state': {'position': {'x': 11, 'y': 6, 'z': 0.0}, 'docked': False, 'battery': 100.0, 'conditions': ['picked-o1-1']}}
[INFO] [1787686102.236985593] [multi3_coordinator_node]: Fragment f3-5 is now executable because all signal messages were received.
[INFO] [1787686102.237905391] [multi3_coordinator_node]: Received coordination message: {'robot_name': 'robot1', 'completed_task': 'm3/s2/pick'}
[INFO] [1787686102.238913947] [multi3_coordinator_node]: Received robot state update: {'operational_state': 'idle', 'current_assigned_fragment': None, 'conditions': ['picked-o1-3', 'picked-o2-3'], 'state': {'position': {'x': 2, 'y': 3, 'z': 0.0}, 'docked': False, 'battery': 100.0, 'conditions': ['picked-o1-3', 'picked-o2-3']}}
[INFO] [1787686102.239640182] [multi3_coordinator_node]: Received coordination message: {'robot_name': 'robot1', 'completed_fragment': 'f3-4', 'state': {'position': {'x': 2, 'y': 3, 'z': 0.0}, 'docked': False, 'battery': 100.0, 'conditions': ['picked-o1-3', 'picked-o2-3']}}
[INFO] [1787686103.101913489] [multi3_coordinator_node]: Assigned fragment f3-5 to robot robot1.
[INFO] [1787686103.115719057] [multi3_coordinator_node]: Received robot state update: {'operational_state': 'working', 'current_assigned_fragment': 'f3-5', 'conditions': ['picked-o1-3', 'picked-o2-3'], 'state': {'position': {'x': 2, 'y': 3, 'z': 0.0}, 'docked': False, 'battery': 100.0, 'conditions': ['picked-o1-3', 'picked-o2-3']}}
[INFO] [1787686108.120251115] [multi3_coordinator_node]: Fragment f3-6 is now executable because all signal messages were received.
[INFO] [1787686108.121214219] [multi3_coordinator_node]: Received coordination message: {'robot_name': 'robot1', 'completed_task': 'm3/s2/scan'}
[INFO] [1787686108.123022816] [multi3_coordinator_node]: Received robot state update: {'operational_state': 'idle', 'current_assigned_fragment': None, 'conditions': ['picked-o1-3', 'picked-o2-3'], 'state': {'position': {'x': 2, 'y': 3, 'z': 0.0}, 'docked': False, 'battery': 100.0, 'conditions': ['picked-o1-3', 'picked-o2-3']}}
[INFO] [1787686108.124241717] [multi3_coordinator_node]: Received coordination message: {'robot_name': 'robot1', 'completed_fragment': 'f3-5', 'state': {'position': {'x': 2, 'y': 3, 'z': 0.0}, 'docked': False, 'battery': 100.0, 'conditions': ['picked-o1-3', 'picked-o2-3']}}
[INFO] [1787686109.104938668] [multi3_coordinator_node]: Assigned fragment f3-6 to robot robot1.
[INFO] [1787686109.127250402] [multi3_coordinator_node]: Received robot state update: {'operational_state': 'working', 'current_assigned_fragment': 'f3-6', 'conditions': ['picked-o1-3', 'picked-o2-3'], 'state': {'position': {'x': 2, 'y': 3, 'z': 0.0}, 'docked': False, 'battery': 100.0, 'conditions': ['picked-o1-3', 'picked-o2-3']}}
[INFO] [1787686116.516008567] [multi3_coordinator_node]: Fragment f3-8 is now executable because all signal messages were received.
[INFO] [1787686116.517439464] [multi3_coordinator_node]: Received coordination message: {'robot_name': 'robot2', 'completed_task': 'm3/s3/pick'}
[INFO] [1787686116.519618179] [multi3_coordinator_node]: Received robot state update: {'operational_state': 'idle', 'current_assigned_fragment': None, 'conditions': ['picked-o1-1', 'picked-o3-3'], 'state': {'position': {'x': 1, 'y': 9, 'z': 0.0}, 'docked': False, 'battery': 100.0, 'conditions': ['picked-o1-1', 'picked-o3-3']}}
[INFO] [1787686116.521319935] [multi3_coordinator_node]: Received coordination message: {'robot_name': 'robot2', 'completed_fragment': 'f3-7', 'state': {'position': {'x': 1, 'y': 9, 'z': 0.0}, 'docked': False, 'battery': 100.0, 'conditions': ['picked-o1-1', 'picked-o3-3']}}
[INFO] [1787686117.101099656] [multi3_coordinator_node]: Assigned fragment f3-8 to robot robot2.
[INFO] [1787686117.108363975] [multi3_coordinator_node]: Received robot state update: {'operational_state': 'working', 'current_assigned_fragment': 'f3-8', 'conditions': ['picked-o1-1', 'picked-o3-3'], 'state': {'position': {'x': 1, 'y': 9, 'z': 0.0}, 'docked': False, 'battery': 100.0, 'conditions': ['picked-o1-1', 'picked-o3-3']}}
[INFO] [1787686122.123669960] [multi3_coordinator_node]: Fragment f3-9 is now executable because all signal messages were received.
[INFO] [1787686122.125444098] [multi3_coordinator_node]: Received coordination message: {'robot_name': 'robot2', 'completed_task': 'm3/s3/scan'}
[INFO] [1787686122.129014398] [multi3_coordinator_node]: Received robot state update: {'operational_state': 'idle', 'current_assigned_fragment': None, 'conditions': ['picked-o1-1', 'picked-o3-3'], 'state': {'position': {'x': 1, 'y': 9, 'z': 0.0}, 'docked': False, 'battery': 100.0, 'conditions': ['picked-o1-1', 'picked-o3-3']}}
[INFO] [1787686122.130468279] [multi3_coordinator_node]: Received coordination message: {'robot_name': 'robot2', 'completed_fragment': 'f3-8', 'state': {'position': {'x': 1, 'y': 9, 'z': 0.0}, 'docked': False, 'battery': 100.0, 'conditions': ['picked-o1-1', 'picked-o3-3']}}
[INFO] [1787686123.102472789] [multi3_coordinator_node]: Assigned fragment f3-9 to robot robot2.
[INFO] [1787686123.132806595] [multi3_coordinator_node]: Received robot state update: {'operational_state': 'working', 'current_assigned_fragment': 'f3-9', 'conditions': ['picked-o1-1', 'picked-o3-3'], 'state': {'position': {'x': 1, 'y': 9, 'z': 0.0}, 'docked': False, 'battery': 100.0, 'conditions': ['picked-o1-1', 'picked-o3-3']}}
[INFO] [1787686140.841389940] [multi3_coordinator_node]: Received coordination message: {'robot_name': 'robot1', 'completed_task': 'm3/s2/transport'}
[INFO] [1787686140.844073880] [multi3_coordinator_node]: Received robot state update: {'operational_state': 'idle', 'current_assigned_fragment': None, 'conditions': ['picked-o1-3', 'picked-o2-3'], 'state': {'position': {'x': 11, 'y': 6, 'z': 0.0}, 'docked': False, 'battery': 100.0, 'conditions': ['picked-o1-3', 'picked-o2-3']}}
[INFO] [1787686140.845715408] [multi3_coordinator_node]: Received coordination message: {'robot_name': 'robot1', 'completed_fragment': 'f3-6', 'state': {'position': {'x': 11, 'y': 6, 'z': 0.0}, 'docked': False, 'battery': 100.0, 'conditions': ['picked-o1-3', 'picked-o2-3']}}
[INFO] [1787686141.101629794] [multi3_coordinator_node]: Assigned fragment f4-1 to robot robot1.
[INFO] [1787686141.108044419] [multi3_coordinator_node]: Received robot state update: {'operational_state': 'working', 'current_assigned_fragment': 'f4-1', 'conditions': ['picked-o1-3', 'picked-o2-3'], 'state': {'position': {'x': 11, 'y': 6, 'z': 0.0}, 'docked': False, 'battery': 100.0, 'conditions': ['picked-o1-3', 'picked-o2-3']}}
[INFO] [1787686157.505018575] [multi3_coordinator_node]: Fragment f3-10 is now executable because all signal messages were received.
[INFO] [1787686157.507416445] [multi3_coordinator_node]: Received coordination message: {'robot_name': 'robot2', 'completed_task': 'm3/s3/transport'}
[INFO] [1787686157.509630206] [multi3_coordinator_node]: Received robot state update: {'operational_state': 'idle', 'current_assigned_fragment': None, 'conditions': ['picked-o1-1', 'picked-o3-3'], 'state': {'position': {'x': 11, 'y': 6, 'z': 0.0}, 'docked': False, 'battery': 100.0, 'conditions': ['picked-o1-1', 'picked-o3-3']}}
[INFO] [1787686157.511231701] [multi3_coordinator_node]: Received coordination message: {'robot_name': 'robot2', 'completed_fragment': 'f3-9', 'state': {'position': {'x': 11, 'y': 6, 'z': 0.0}, 'docked': False, 'battery': 100.0, 'conditions': ['picked-o1-1', 'picked-o3-3']}}
[INFO] [1787686158.101445844] [multi3_coordinator_node]: Assigned fragment f3-10 to robot robot2.
[INFO] [1787686158.105887430] [multi3_coordinator_node]: Received robot state update: {'operational_state': 'working', 'current_assigned_fragment': 'f3-10', 'conditions': ['picked-o1-1', 'picked-o3-3'], 'state': {'position': {'x': 11, 'y': 6, 'z': 0.0}, 'docked': False, 'battery': 100.0, 'conditions': ['picked-o1-1', 'picked-o3-3']}}
[INFO] [1787686165.092700414] [multi3_coordinator_node]: Fragment f4-2 is now executable because all signal messages were received.
[INFO] [1787686165.093618209] [multi3_coordinator_node]: Received coordination message: {'robot_name': 'robot1', 'completed_task': 'm4/s1/pick'}
[INFO] [1787686165.094901918] [multi3_coordinator_node]: Received robot state update: {'operational_state': 'idle', 'current_assigned_fragment': None, 'conditions': ['picked-o1-3', 'picked-o2-3', 'picked-o1-4'], 'state': {'position': {'x': 2, 'y': 8, 'z': 0.0}, 'docked': False, 'battery': 100.0, 'conditions': ['picked-o1-3', 'picked-o2-3', 'picked-o1-4']}}
[INFO] [1787686165.095822008] [multi3_coordinator_node]: Received coordination message: {'robot_name': 'robot1', 'completed_fragment': 'f4-1', 'state': {'position': {'x': 2, 'y': 8, 'z': 0.0}, 'docked': False, 'battery': 100.0, 'conditions': ['picked-o1-3', 'picked-o2-3', 'picked-o1-4']}}
[INFO] [1787686165.101269491] [multi3_coordinator_node]: Assigned fragment f4-2 to robot robot1.
[INFO] [1787686165.118500605] [multi3_coordinator_node]: Received robot state update: {'operational_state': 'working', 'current_assigned_fragment': 'f4-2', 'conditions': ['picked-o1-3', 'picked-o2-3', 'picked-o1-4'], 'state': {'position': {'x': 2, 'y': 8, 'z': 0.0}, 'docked': False, 'battery': 100.0, 'conditions': ['picked-o1-3', 'picked-o2-3', 'picked-o1-4']}}
[INFO] [1787686170.130018725] [multi3_coordinator_node]: Fragment f4-3 is now executable because all signal messages were received.
[INFO] [1787686170.131470124] [multi3_coordinator_node]: Received coordination message: {'robot_name': 'robot1', 'completed_task': 'm4/s1/scan'}
[INFO] [1787686170.133275592] [multi3_coordinator_node]: Received robot state update: {'operational_state': 'idle', 'current_assigned_fragment': None, 'conditions': ['picked-o1-3', 'picked-o2-3', 'picked-o1-4'], 'state': {'position': {'x': 2, 'y': 8, 'z': 0.0}, 'docked': False, 'battery': 100.0, 'conditions': ['picked-o1-3', 'picked-o2-3', 'picked-o1-4']}}
[INFO] [1787686170.134577553] [multi3_coordinator_node]: Received coordination message: {'robot_name': 'robot1', 'completed_fragment': 'f4-2', 'state': {'position': {'x': 2, 'y': 8, 'z': 0.0}, 'docked': False, 'battery': 100.0, 'conditions': ['picked-o1-3', 'picked-o2-3', 'picked-o1-4']}}
[INFO] [1787686171.101004676] [multi3_coordinator_node]: Assigned fragment f4-3 to robot robot1.
[INFO] [1787686171.111719577] [multi3_coordinator_node]: Received robot state update: {'operational_state': 'working', 'current_assigned_fragment': 'f4-3', 'conditions': ['picked-o1-3', 'picked-o2-3', 'picked-o1-4'], 'state': {'position': {'x': 2, 'y': 8, 'z': 0.0}, 'docked': False, 'battery': 100.0, 'conditions': ['picked-o1-3', 'picked-o2-3', 'picked-o1-4']}}
[INFO] [1787686202.211503690] [multi3_coordinator_node]: Received coordination message: {'robot_name': 'robot2', 'completed_task': 'm3//pack'}
[INFO] [1787686202.213248666] [multi3_coordinator_node]: Received robot state update: {'operational_state': 'idle', 'current_assigned_fragment': None, 'conditions': ['picked-o1-1', 'picked-o3-3'], 'state': {'position': {'x': 2, 'y': 3, 'z': 0.0}, 'docked': False, 'battery': 100.0, 'conditions': ['picked-o1-1', 'picked-o3-3']}}
[INFO] [1787686202.214554956] [multi3_coordinator_node]: Received coordination message: {'robot_name': 'robot2', 'completed_fragment': 'f3-10', 'state': {'position': {'x': 2, 'y': 3, 'z': 0.0}, 'docked': False, 'battery': 100.0, 'conditions': ['picked-o1-1', 'picked-o3-3']}}
[INFO] [1787686202.824244933] [multi3_coordinator_node]: Received coordination message: {'robot_name': 'robot1', 'completed_task': 'm4/s1/transport'}
[INFO] [1787686202.825389862] [multi3_coordinator_node]: Received robot state update: {'operational_state': 'idle', 'current_assigned_fragment': None, 'conditions': ['picked-o1-3', 'picked-o2-3', 'picked-o1-4'], 'state': {'position': {'x': 11, 'y': 6, 'z': 0.0}, 'docked': False, 'battery': 100.0, 'conditions': ['picked-o1-3', 'picked-o2-3', 'picked-o1-4']}}
[INFO] [1787686202.826167001] [multi3_coordinator_node]: Received coordination message: {'robot_name': 'robot1', 'completed_fragment': 'f4-3', 'state': {'position': {'x': 11, 'y': 6, 'z': 0.0}, 'docked': False, 'battery': 100.0, 'conditions': ['picked-o1-3', 'picked-o2-3', 'picked-o1-4']}}
[INFO] [1787686203.100708849] [multi3_coordinator_node]: Assigned fragment f4-4 to robot robot2.
[INFO] [1787686203.102185041] [multi3_coordinator_node]: Assigned fragment f4-7 to robot robot1.
[INFO] [1787686203.116393919] [multi3_coordinator_node]: Received robot state update: {'operational_state': 'working', 'current_assigned_fragment': 'f4-4', 'conditions': ['picked-o1-1', 'picked-o3-3'], 'state': {'position': {'x': 2, 'y': 3, 'z': 0.0}, 'docked': False, 'battery': 100.0, 'conditions': ['picked-o1-1', 'picked-o3-3']}}
[INFO] [1787686203.117981367] [multi3_coordinator_node]: Received robot state update: {'operational_state': 'working', 'current_assigned_fragment': 'f4-7', 'conditions': ['picked-o1-3', 'picked-o2-3', 'picked-o1-4'], 'state': {'position': {'x': 11, 'y': 6, 'z': 0.0}, 'docked': False, 'battery': 100.0, 'conditions': ['picked-o1-3', 'picked-o2-3', 'picked-o1-4']}}
[INFO] [1787686225.525145125] [multi3_coordinator_node]: Fragment f4-8 is now executable because all signal messages were received.
[INFO] [1787686225.526076411] [multi3_coordinator_node]: Received coordination message: {'robot_name': 'robot1', 'completed_task': 'm4/s3/pick'}
[INFO] [1787686225.527820719] [multi3_coordinator_node]: Received robot state update: {'operational_state': 'idle', 'current_assigned_fragment': None, 'conditions': ['picked-o1-3', 'picked-o2-3', 'picked-o1-4', 'picked-o3-4'], 'state': {'position': {'x': 9, 'y': 1, 'z': 0.0}, 'docked': False, 'battery': 100.0, 'conditions': ['picked-o1-3', 'picked-o2-3', 'picked-o1-4', 'picked-o3-4']}}
[INFO] [1787686225.528650554] [multi3_coordinator_node]: Received coordination message: {'robot_name': 'robot1', 'completed_fragment': 'f4-7', 'state': {'position': {'x': 9, 'y': 1, 'z': 0.0}, 'docked': False, 'battery': 100.0, 'conditions': ['picked-o1-3', 'picked-o2-3', 'picked-o1-4', 'picked-o3-4']}}
[INFO] [1787686226.104229765] [multi3_coordinator_node]: Assigned fragment f4-8 to robot robot1.
[INFO] [1787686226.134505658] [multi3_coordinator_node]: Received robot state update: {'operational_state': 'working', 'current_assigned_fragment': 'f4-8', 'conditions': ['picked-o1-3', 'picked-o2-3', 'picked-o1-4', 'picked-o3-4'], 'state': {'position': {'x': 9, 'y': 1, 'z': 0.0}, 'docked': False, 'battery': 100.0, 'conditions': ['picked-o1-3', 'picked-o2-3', 'picked-o1-4', 'picked-o3-4']}}
[INFO] [1787686226.624815532] [multi3_coordinator_node]: Fragment f4-5 is now executable because all signal messages were received.
[INFO] [1787686226.626759871] [multi3_coordinator_node]: Received coordination message: {'robot_name': 'robot2', 'completed_task': 'm4/s2/pick'}
[INFO] [1787686226.628783645] [multi3_coordinator_node]: Received robot state update: {'operational_state': 'idle', 'current_assigned_fragment': None, 'conditions': ['picked-o1-1', 'picked-o3-3', 'picked-o2-4'], 'state': {'position': {'x': 10, 'y': 4, 'z': 0.0}, 'docked': False, 'battery': 100.0, 'conditions': ['picked-o1-1', 'picked-o3-3', 'picked-o2-4']}}
[INFO] [1787686226.630407659] [multi3_coordinator_node]: Received coordination message: {'robot_name': 'robot2', 'completed_fragment': 'f4-4', 'state': {'position': {'x': 10, 'y': 4, 'z': 0.0}, 'docked': False, 'battery': 100.0, 'conditions': ['picked-o1-1', 'picked-o3-3', 'picked-o2-4']}}
[INFO] [1787686227.104211572] [multi3_coordinator_node]: Assigned fragment f4-5 to robot robot2.
[INFO] [1787686227.146786374] [multi3_coordinator_node]: Received robot state update: {'operational_state': 'working', 'current_assigned_fragment': 'f4-5', 'conditions': ['picked-o1-1', 'picked-o3-3', 'picked-o2-4'], 'state': {'position': {'x': 10, 'y': 4, 'z': 0.0}, 'docked': False, 'battery': 100.0, 'conditions': ['picked-o1-1', 'picked-o3-3', 'picked-o2-4']}}
[INFO] [1787686231.148062209] [multi3_coordinator_node]: Fragment f4-9 is now executable because all signal messages were received.
[INFO] [1787686231.148639429] [multi3_coordinator_node]: Received coordination message: {'robot_name': 'robot1', 'completed_task': 'm4/s3/scan'}
[INFO] [1787686231.149844148] [multi3_coordinator_node]: Received robot state update: {'operational_state': 'idle', 'current_assigned_fragment': None, 'conditions': ['picked-o1-3', 'picked-o2-3', 'picked-o1-4', 'picked-o3-4'], 'state': {'position': {'x': 9, 'y': 1, 'z': 0.0}, 'docked': False, 'battery': 100.0, 'conditions': ['picked-o1-3', 'picked-o2-3', 'picked-o1-4', 'picked-o3-4']}}
[INFO] [1787686231.150721860] [multi3_coordinator_node]: Received coordination message: {'robot_name': 'robot1', 'completed_fragment': 'f4-8', 'state': {'position': {'x': 9, 'y': 1, 'z': 0.0}, 'docked': False, 'battery': 100.0, 'conditions': ['picked-o1-3', 'picked-o2-3', 'picked-o1-4', 'picked-o3-4']}}
[INFO] [1787686232.104745734] [multi3_coordinator_node]: Assigned fragment f4-9 to robot robot1.
[INFO] [1787686232.113736612] [multi3_coordinator_node]: Received robot state update: {'operational_state': 'working', 'current_assigned_fragment': 'f4-9', 'conditions': ['picked-o1-3', 'picked-o2-3', 'picked-o1-4', 'picked-o3-4'], 'state': {'position': {'x': 9, 'y': 1, 'z': 0.0}, 'docked': False, 'battery': 100.0, 'conditions': ['picked-o1-3', 'picked-o2-3', 'picked-o1-4', 'picked-o3-4']}}
[INFO] [1787686232.161249763] [multi3_coordinator_node]: Fragment f4-6 is now executable because all signal messages were received.
[INFO] [1787686232.163577972] [multi3_coordinator_node]: Received coordination message: {'robot_name': 'robot2', 'completed_task': 'm4/s2/scan'}
[INFO] [1787686232.165985644] [multi3_coordinator_node]: Received robot state update: {'operational_state': 'idle', 'current_assigned_fragment': None, 'conditions': ['picked-o1-1', 'picked-o3-3', 'picked-o2-4'], 'state': {'position': {'x': 10, 'y': 4, 'z': 0.0}, 'docked': False, 'battery': 100.0, 'conditions': ['picked-o1-1', 'picked-o3-3', 'picked-o2-4']}}
[INFO] [1787686232.167552075] [multi3_coordinator_node]: Received coordination message: {'robot_name': 'robot2', 'completed_fragment': 'f4-5', 'state': {'position': {'x': 10, 'y': 4, 'z': 0.0}, 'docked': False, 'battery': 100.0, 'conditions': ['picked-o1-1', 'picked-o3-3', 'picked-o2-4']}}
[INFO] [1787686233.101888147] [multi3_coordinator_node]: Assigned fragment f4-6 to robot robot2.
[INFO] [1787686233.106815455] [multi3_coordinator_node]: Received robot state update: {'operational_state': 'working', 'current_assigned_fragment': 'f4-6', 'conditions': ['picked-o1-1', 'picked-o3-3', 'picked-o2-4'], 'state': {'position': {'x': 10, 'y': 4, 'z': 0.0}, 'docked': False, 'battery': 100.0, 'conditions': ['picked-o1-1', 'picked-o3-3', 'picked-o2-4']}}
[INFO] [1787686249.386660586] [multi3_coordinator_node]: Received coordination message: {'robot_name': 'robot1', 'completed_task': 'm4/s3/transport'}
[INFO] [1787686249.388535925] [multi3_coordinator_node]: Received robot state update: {'operational_state': 'idle', 'current_assigned_fragment': None, 'conditions': ['picked-o1-3', 'picked-o2-3', 'picked-o1-4', 'picked-o3-4'], 'state': {'position': {'x': 11, 'y': 6, 'z': 0.0}, 'docked': False, 'battery': 100.0, 'conditions': ['picked-o1-3', 'picked-o2-3', 'picked-o1-4', 'picked-o3-4']}}
[INFO] [1787686249.390800862] [multi3_coordinator_node]: Received coordination message: {'robot_name': 'robot1', 'completed_fragment': 'f4-9', 'state': {'position': {'x': 11, 'y': 6, 'z': 0.0}, 'docked': False, 'battery': 100.0, 'conditions': ['picked-o1-3', 'picked-o2-3', 'picked-o1-4', 'picked-o3-4']}}
[INFO] [1787686250.102003604] [multi3_coordinator_node]: Assigned fragment f4-10' to robot robot1.
[INFO] [1787686250.130858418] [multi3_coordinator_node]: Received robot state update: {'operational_state': 'working', 'current_assigned_fragment': "f4-10'", 'conditions': ['picked-o1-3', 'picked-o2-3', 'picked-o1-4', 'picked-o3-4'], 'state': {'position': {'x': 11, 'y': 6, 'z': 0.0}, 'docked': False, 'battery': 100.0, 'conditions': ['picked-o1-3', 'picked-o2-3', 'picked-o1-4', 'picked-o3-4']}}
[INFO] [1787686253.371225450] [multi3_coordinator_node]: Received coordination message: {'robot_name': 'robot2', 'completed_task': 'm4/s2/transport'}
[INFO] [1787686253.373412978] [multi3_coordinator_node]: Received robot state update: {'operational_state': 'idle', 'current_assigned_fragment': None, 'conditions': ['picked-o1-1', 'picked-o3-3', 'picked-o2-4'], 'state': {'position': {'x': 11, 'y': 6, 'z': 0.0}, 'docked': False, 'battery': 100.0, 'conditions': ['picked-o1-1', 'picked-o3-3', 'picked-o2-4']}}
[INFO] [1787686253.374750483] [multi3_coordinator_node]: Received coordination message: {'robot_name': 'robot2', 'completed_fragment': 'f4-6', 'state': {'position': {'x': 11, 'y': 6, 'z': 0.0}, 'docked': False, 'battery': 100.0, 'conditions': ['picked-o1-1', 'picked-o3-3', 'picked-o2-4']}}
[INFO] [1787686273.949309302] [multi3_coordinator_node]: Fragment f4-11 is now executable because all signal messages were received.
[INFO] [1787686273.950204058] [multi3_coordinator_node]: Received coordination message: {'robot_name': 'robot1', 'completed_task': 'm4/s4/pick'}
[INFO] [1787686273.951445936] [multi3_coordinator_node]: Received robot state update: {'operational_state': 'idle', 'current_assigned_fragment': None, 'conditions': ['picked-o1-3', 'picked-o2-3', 'picked-o1-4', 'picked-o3-4', 'picked-o4-4'], 'state': {'position': {'x': 2, 'y': 4, 'z': 0.0}, 'docked': False, 'battery': 100.0, 'conditions': ['picked-o1-3', 'picked-o2-3', 'picked-o1-4', 'picked-o3-4', 'picked-o4-4']}}
[INFO] [1787686273.952707468] [multi3_coordinator_node]: Received coordination message: {'robot_name': 'robot1', 'completed_fragment': "f4-10'", 'state': {'position': {'x': 2, 'y': 4, 'z': 0.0}, 'docked': False, 'battery': 100.0, 'conditions': ['picked-o1-3', 'picked-o2-3', 'picked-o1-4', 'picked-o3-4', 'picked-o4-4']}}
[INFO] [1787686274.102013220] [multi3_coordinator_node]: Assigned fragment f4-11 to robot robot1.
[INFO] [1787686274.107502657] [multi3_coordinator_node]: Received robot state update: {'operational_state': 'working', 'current_assigned_fragment': 'f4-11', 'conditions': ['picked-o1-3', 'picked-o2-3', 'picked-o1-4', 'picked-o3-4', 'picked-o4-4'], 'state': {'position': {'x': 2, 'y': 4, 'z': 0.0}, 'docked': False, 'battery': 100.0, 'conditions': ['picked-o1-3', 'picked-o2-3', 'picked-o1-4', 'picked-o3-4', 'picked-o4-4']}}
[INFO] [1787686279.129295433] [multi3_coordinator_node]: Fragment f4-12 is now executable because all signal messages were received.
[INFO] [1787686279.131066440] [multi3_coordinator_node]: Received coordination message: {'robot_name': 'robot1', 'completed_task': 'm4/s4/scan'}
[INFO] [1787686279.133833638] [multi3_coordinator_node]: Received robot state update: {'operational_state': 'idle', 'current_assigned_fragment': None, 'conditions': ['picked-o1-3', 'picked-o2-3', 'picked-o1-4', 'picked-o3-4', 'picked-o4-4'], 'state': {'position': {'x': 2, 'y': 4, 'z': 0.0}, 'docked': False, 'battery': 100.0, 'conditions': ['picked-o1-3', 'picked-o2-3', 'picked-o1-4', 'picked-o3-4', 'picked-o4-4']}}
[INFO] [1787686279.135883259] [multi3_coordinator_node]: Received coordination message: {'robot_name': 'robot1', 'completed_fragment': 'f4-11', 'state': {'position': {'x': 2, 'y': 4, 'z': 0.0}, 'docked': False, 'battery': 100.0, 'conditions': ['picked-o1-3', 'picked-o2-3', 'picked-o1-4', 'picked-o3-4', 'picked-o4-4']}}
[INFO] [1787686280.100554744] [multi3_coordinator_node]: Assigned fragment f4-12 to robot robot1.
[INFO] [1787686280.113335983] [multi3_coordinator_node]: Received robot state update: {'operational_state': 'working', 'current_assigned_fragment': 'f4-12', 'conditions': ['picked-o1-3', 'picked-o2-3', 'picked-o1-4', 'picked-o3-4', 'picked-o4-4'], 'state': {'position': {'x': 2, 'y': 4, 'z': 0.0}, 'docked': False, 'battery': 100.0, 'conditions': ['picked-o1-3', 'picked-o2-3', 'picked-o1-4', 'picked-o3-4', 'picked-o4-4']}}
[INFO] [1787686309.822734033] [multi3_coordinator_node]: Fragment f4-13 is now executable because all signal messages were received.
[INFO] [1787686309.823766523] [multi3_coordinator_node]: Received coordination message: {'robot_name': 'robot1', 'completed_task': 'm4/s4/transport'}
[INFO] [1787686309.825121599] [multi3_coordinator_node]: Received robot state update: {'operational_state': 'idle', 'current_assigned_fragment': None, 'conditions': ['picked-o1-3', 'picked-o2-3', 'picked-o1-4', 'picked-o3-4', 'picked-o4-4'], 'state': {'position': {'x': 11, 'y': 6, 'z': 0.0}, 'docked': False, 'battery': 100.0, 'conditions': ['picked-o1-3', 'picked-o2-3', 'picked-o1-4', 'picked-o3-4', 'picked-o4-4']}}
[INFO] [1787686309.826062867] [multi3_coordinator_node]: Received coordination message: {'robot_name': 'robot1', 'completed_fragment': 'f4-12', 'state': {'position': {'x': 11, 'y': 6, 'z': 0.0}, 'docked': False, 'battery': 100.0, 'conditions': ['picked-o1-3', 'picked-o2-3', 'picked-o1-4', 'picked-o3-4', 'picked-o4-4']}}
[INFO] [1787686310.104153693] [multi3_coordinator_node]: Assigned fragment f4-13 to robot robot1.
[INFO] [1787686310.119487090] [multi3_coordinator_node]: Received robot state update: {'operational_state': 'working', 'current_assigned_fragment': 'f4-13', 'conditions': ['picked-o1-3', 'picked-o2-3', 'picked-o1-4', 'picked-o3-4', 'picked-o4-4'], 'state': {'position': {'x': 11, 'y': 6, 'z': 0.0}, 'docked': False, 'battery': 100.0, 'conditions': ['picked-o1-3', 'picked-o2-3', 'picked-o1-4', 'picked-o3-4', 'picked-o4-4']}}
[INFO] [1787686336.132196246] [multi3_coordinator_node]: Received coordination message: {'robot_name': 'robot1', 'completed_task': 'm4//pack'}
[INFO] [1787686336.133948116] [multi3_coordinator_node]: Received robot state update: {'operational_state': 'idle', 'current_assigned_fragment': None, 'conditions': ['picked-o1-3', 'picked-o2-3', 'picked-o1-4', 'picked-o3-4', 'picked-o4-4'], 'state': {'position': {'x': 11, 'y': 6, 'z': 0.0}, 'docked': False, 'battery': 100.0, 'conditions': ['picked-o1-3', 'picked-o2-3', 'picked-o1-4', 'picked-o3-4', 'picked-o4-4']}}
[INFO] [1787686336.135573110] [multi3_coordinator_node]: Received coordination message: {'robot_name': 'robot1', 'completed_fragment': 'f4-13', 'state': {'position': {'x': 11, 'y': 6, 'z': 0.0}, 'docked': False, 'battery': 100.0, 'conditions': ['picked-o1-3', 'picked-o2-3', 'picked-o1-4', 'picked-o3-4', 'picked-o4-4']}}
Traceback (most recent call last):
  File "/root/ros2_ws/install/multi3_coordinator/lib/python3.10/site-packages/nodes/coordinator.py", line 294, in main
    rclpy.spin(node)
  File "/opt/ros/humble/local/lib/python3.10/dist-packages/rclpy/__init__.py", line 229, in spin
    executor.spin_once()
  File "/opt/ros/humble/local/lib/python3.10/dist-packages/rclpy/executors.py", line 808, in spin_once
    self._spin_once_impl(timeout_sec)
  File "/opt/ros/humble/local/lib/python3.10/dist-packages/rclpy/executors.py", line 797, in _spin_once_impl
    handler, entity, node = self.wait_for_ready_callbacks(timeout_sec=timeout_sec)
  File "/opt/ros/humble/local/lib/python3.10/dist-packages/rclpy/executors.py", line 780, in wait_for_ready_callbacks
    return next(self._cb_iter)
  File "/opt/ros/humble/local/lib/python3.10/dist-packages/rclpy/executors.py", line 681, in _wait_for_ready_callbacks
    raise ExternalShutdownException()
rclpy.executors.ExternalShutdownException

During handling of the above exception, another exception occurred:

Traceback (most recent call last):
  File "/root/ros2_ws/install/multi3_coordinator/lib/multi3_coordinator/coordinator", line 33, in <module>
    sys.exit(load_entry_point('multi3-coordinator==0.0.0', 'console_scripts', 'coordinator')())
  File "/root/ros2_ws/install/multi3_coordinator/lib/python3.10/site-packages/nodes/coordinator.py", line 299, in main
    rclpy.shutdown()
  File "/opt/ros/humble/local/lib/python3.10/dist-packages/rclpy/__init__.py", line 130, in shutdown
    _shutdown(context=context)
  File "/opt/ros/humble/local/lib/python3.10/dist-packages/rclpy/utilities.py", line 58, in shutdown
    return context.shutdown()
  File "/opt/ros/humble/local/lib/python3.10/dist-packages/rclpy/context.py", line 102, in shutdown
    self.__context.shutdown()
rclpy._rclpy_pybind11.RCLError: failed to shutdown: rcl_shutdown already called on the given context, at ./src/rcl/init.c:241

--- executor_robot1.log ---
[INFO] [1787686018.284850616] [robot1.fragment_exec_node]: Setting up skill: PickSkill
[INFO] [1787686018.286416982] [robot1.fragment_exec_node]: Setting up skill: ScanSkill
[INFO] [1787686018.287815308] [robot1.fragment_exec_node]: Setting up skill: NavigateSkill
[INFO] [1787686018.288769544] [robot1.fragment_exec_node]: Setting up skill: NavigateSkill
[INFO] [1787686018.290379571] [robot1.fragment_exec_node]: Setting up skill: DockSkill
[INFO] [1787686018.291781414] [robot1.fragment_exec_node]: Setting up skill: UndockSkill
[INFO] [1787686018.292765449] [robot1.fragment_exec_node]: Setting up skill: PackSkill
[INFO] [1787686018.300785061] [robot1.fragment_exec_node]: Published robot registration: {'name': 'robot1', 'operational_state': 'idle', 'capabilities': ['pick', 'scan', 'transport', 'pack'], 'state': {'position': {'x': 0.0, 'y': 0.0, 'z': 0.0}, 'docked': True, 'battery': 100.0, 'conditions': []}}
[INFO] [1787686025.108069700] [robot1.fragment_exec_node]: Received fragment: {'robot': 'robot1', 'fragment': {'id': 'f3-1', 'mission': 'm3', 'state': 'assigned', 'wait': [], 'tasks': [{'name': 'pick', 'params': {'weight': 3, 'x': 7, 'y': 3}}], 'arrive_timestamp': 1787686022, 'priority': 1, 'segment': 's1', 'preconditions': [], 'postconditions': ['picked-o1-3']}}
[INFO] [1787686025.108773871] [robot1.fragment_exec_node]: Received fragment: {'robot': 'robot2', 'fragment': {'id': 'f1-1', 'mission': 'm1', 'state': 'assigned', 'wait': [], 'tasks': [{'name': 'pick', 'params': {'x': 5, 'y': 8, 'weight': 8}}], 'arrive_timestamp': 1787686022, 'priority': 1, 'segment': 's1', 'preconditions': [], 'postconditions': ['picked-o1-1']}}
[INFO] [1787686025.109799935] [robot1.fragment_exec_node]: Received fragment assignment: f3-1. Starting execution.
[INFO] [1787686025.110669958] [robot1.fragment_exec_node]: Executing task pick. Params: {'weight': 3, 'x': 7, 'y': 3}, Virtual state: {'position': {'x': 0.0, 'y': 0.0, 'z': 0.0}, 'docked': True, 'battery': 100.0, 'conditions': []}
[INFO] [1787686025.111414607] [robot1.fragment_exec_node]: EventType: Control (Task: pick), Activity: undock, Robot: robot1, Mission: m3, Segment: s1, Start: 12041.897734345
[INFO] [1787686025.112006315] [robot1.fragment_exec_node]: Simulating undock skill...
[INFO] [1787686029.113140980] [robot1.fragment_exec_node]: Undock completed!
[INFO] [1787686029.113884751] [robot1.fragment_exec_node]: EventType: Control (Task: pick), Activity: undock, Robot: robot1, Mission: m3, Segment: s1, End: 12045.900392846
[INFO] [1787686029.114563881] [robot1.fragment_exec_node]: EventType: Control (Task: pick), Activity: navigate, Robot: robot1, Mission: m3, Segment: s1, Start: 12045.901062841
[INFO] [1787686029.115224308] [robot1.fragment_exec_node]: Simulating navigate skill from position (0.0, 0.0) to (7, 3) (15.231546211727817 seconds)...
[INFO] [1787686044.348067785] [robot1.fragment_exec_node]: Navigation completed!
[INFO] [1787686044.349098971] [robot1.fragment_exec_node]: EventType: Control (Task: pick), Activity: navigate, Robot: robot1, Mission: m3, Segment: s1, End: 12061.135520103
[INFO] [1787686044.349896568] [robot1.fragment_exec_node]: EventType: Task, Activity: pick, Robot: robot1, Mission: m3, Segment: s1, Start: 12061.136320569
[INFO] [1787686044.350673242] [robot1.fragment_exec_node]: Simulating pick skill...
[INFO] [1787686047.354048805] [robot1.fragment_exec_node]: Pick completed!
[INFO] [1787686047.357102222] [robot1.fragment_exec_node]: EventType: Task, Activity: pick, Robot: robot1, Mission: m3, Segment: s1, End: 12064.141985991
[INFO] [1787686047.360238082] [robot1.fragment_exec_node]: Execution of fragment f3-1 completed!
[INFO] [1787686048.106431976] [robot1.fragment_exec_node]: Received fragment: {'robot': 'robot1', 'fragment': {'id': 'f3-2', 'mission': 'm3', 'state': 'assigned', 'wait': ['m3/s1/pick'], 'tasks': [{'name': 'scan', 'params': {'x': 7, 'y': 3}}], 'arrive_timestamp': 1787686022, 'priority': 1, 'segment': 's1', 'preconditions': [], 'postconditions': []}}
[INFO] [1787686048.107405981] [robot1.fragment_exec_node]: Received fragment assignment: f3-2. Starting execution.
[INFO] [1787686048.108748512] [robot1.fragment_exec_node]: Waiting for coordination messages before executing fragment f3-2: ['m3/s1/pick']
[INFO] [1787686050.112277360] [robot1.fragment_exec_node]: Executing task scan. Params: {'x': 7, 'y': 3}, Virtual state: {'position': {'x': 7, 'y': 3, 'z': 0.0}, 'docked': False, 'battery': 100.0, 'conditions': ['picked-o1-3']}
[INFO] [1787686050.113240714] [robot1.fragment_exec_node]: EventType: Task, Activity: scan, Robot: robot1, Mission: m3, Segment: s1, Start: 12066.899506643
[INFO] [1787686050.114068075] [robot1.fragment_exec_node]: Simulating scan skill...
[INFO] [1787686053.116962976] [robot1.fragment_exec_node]: Scan completed!
[INFO] [1787686053.118959332] [robot1.fragment_exec_node]: EventType: Task, Activity: scan, Robot: robot1, Mission: m3, Segment: s1, End: 12069.904582806
[INFO] [1787686053.121327686] [robot1.fragment_exec_node]: Execution of fragment f3-2 completed!
[INFO] [1787686054.106948010] [robot1.fragment_exec_node]: Received fragment: {'robot': 'robot1', 'fragment': {'id': 'f3-3', 'mission': 'm3', 'state': 'assigned', 'wait': ['m3/s1/scan'], 'tasks': [{'name': 'transport', 'params': {'x': 11, 'y': 6}}], 'arrive_timestamp': 1787686022, 'priority': 1, 'segment': 's1', 'preconditions': ['picked-o1-3'], 'postconditions': []}}
[INFO] [1787686054.108614817] [robot1.fragment_exec_node]: Received fragment assignment: f3-3. Starting execution.
[INFO] [1787686054.110706591] [robot1.fragment_exec_node]: Executing task transport. Params: {'x': 11, 'y': 6}, Virtual state: {'position': {'x': 7, 'y': 3, 'z': 0.0}, 'docked': False, 'battery': 100.0, 'conditions': ['picked-o1-3']}
[INFO] [1787686054.112029242] [robot1.fragment_exec_node]: EventType: Control (Task: transport), Activity: navigate, Robot: robot1, Mission: m3, Segment: s1, Start: 12070.897988049
[INFO] [1787686054.113265008] [robot1.fragment_exec_node]: Simulating navigate skill from position (7, 3) to (11, 6) (8.246211251235321 seconds)...
[INFO] [1787686056.107803386] [robot1.fragment_exec_node]: Received fragment: {'robot': 'robot2', 'fragment': {'id': 'f1-2', 'mission': 'm1', 'state': 'assigned', 'wait': ['m1/s1/pick'], 'tasks': [{'name': 'scan', 'params': {'x': 5, 'y': 8}}], 'arrive_timestamp': 1787686022, 'priority': 1, 'segment': 's1', 'preconditions': [], 'postconditions': []}}
[INFO] [1787686062.105254989] [robot1.fragment_exec_node]: Received fragment: {'robot': 'robot2', 'fragment': {'id': 'f1-3', 'mission': 'm1', 'state': 'assigned', 'wait': ['m1/s1/scan'], 'tasks': [{'name': 'transport', 'params': {'x': 11, 'y': 6}}], 'arrive_timestamp': 1787686022, 'priority': 1, 'segment': 's1', 'preconditions': ['picked-o1-1'], 'postconditions': []}}
[INFO] [1787686062.362720942] [robot1.fragment_exec_node]: Navigation completed!
[INFO] [1787686062.365096606] [robot1.fragment_exec_node]: EventType: Control (Task: transport), Activity: navigate, Robot: robot1, Mission: m3, Segment: s1, End: 12079.150567856
[INFO] [1787686062.366836285] [robot1.fragment_exec_node]: EventType: Task, Activity: transport, Robot: robot1, Mission: m3, Segment: s1, Start: 12079.152504353
[INFO] [1787686062.368582774] [robot1.fragment_exec_node]: Simulating navigate skill from position (11, 6) to (11, 6) (10.0 seconds)...
[INFO] [1787686072.371033621] [robot1.fragment_exec_node]: Navigation completed!
[INFO] [1787686072.372032780] [robot1.fragment_exec_node]: EventType: Task, Activity: transport, Robot: robot1, Mission: m3, Segment: s1, End: 12089.158299398
[INFO] [1787686072.373335388] [robot1.fragment_exec_node]: Execution of fragment f3-3 completed!
[INFO] [1787686073.133033595] [robot1.fragment_exec_node]: Received fragment: {'robot': 'robot1', 'fragment': {'id': 'f3-4', 'mission': 'm3', 'state': 'assigned', 'wait': [], 'tasks': [{'name': 'pick', 'params': {'weight': 5, 'x': 2, 'y': 3}}], 'arrive_timestamp': 1787686022, 'priority': 1, 'segment': 's2', 'preconditions': [], 'postconditions': ['picked-o2-3']}}
[INFO] [1787686073.133688008] [robot1.fragment_exec_node]: Received fragment assignment: f3-4. Starting execution.
[INFO] [1787686073.134862836] [robot1.fragment_exec_node]: Executing task pick. Params: {'weight': 5, 'x': 2, 'y': 3}, Virtual state: {'position': {'x': 11, 'y': 6, 'z': 0.0}, 'docked': False, 'battery': 100.0, 'conditions': ['picked-o1-3']}
[INFO] [1787686073.135378271] [robot1.fragment_exec_node]: EventType: Control (Task: pick), Activity: navigate, Robot: robot1, Mission: m3, Segment: s2, Start: 12089.921873635
[INFO] [1787686073.135877722] [robot1.fragment_exec_node]: Simulating navigate skill from position (11, 6) to (2, 3) (24.08318915758459 seconds)...
[INFO] [1787686085.104221916] [robot1.fragment_exec_node]: Received fragment: {'robot': 'robot2', 'fragment': {'id': 'f1-4', 'mission': 'm1', 'state': 'assigned', 'wait': ['m1/s1/transport'], 'tasks': [{'name': 'pack', 'params': {'x': 11, 'y': 6, 'items': 1}}], 'arrive_timestamp': 1787686022, 'priority': 1, 'segment': '', 'preconditions': [], 'postconditions': []}}
[INFO] [1787686094.134849202] [robot1.fragment_exec_node]: Received fragment: {'robot': 'robot2', 'fragment': {'id': 'f3-7', 'mission': 'm3', 'state': 'assigned', 'wait': [], 'tasks': [{'name': 'pick', 'params': {'weight': 2, 'x': 1, 'y': 9}}], 'arrive_timestamp': 1787686022, 'priority': 1, 'segment': 's3', 'preconditions': [], 'postconditions': ['picked-o3-3']}}
[INFO] [1787686097.223150419] [robot1.fragment_exec_node]: Navigation completed!
[INFO] [1787686097.226412132] [robot1.fragment_exec_node]: EventType: Control (Task: pick), Activity: navigate, Robot: robot1, Mission: m3, Segment: s2, End: 12114.01132862
[INFO] [1787686097.228910537] [robot1.fragment_exec_node]: EventType: Task, Activity: pick, Robot: robot1, Mission: m3, Segment: s2, Start: 12114.014590127
[INFO] [1787686097.231168305] [robot1.fragment_exec_node]: Simulating pick skill...
[INFO] [1787686102.232812066] [robot1.fragment_exec_node]: Pick completed!
[INFO] [1787686102.235415810] [robot1.fragment_exec_node]: EventType: Task, Activity: pick, Robot: robot1, Mission: m3, Segment: s2, End: 12119.022118978
[INFO] [1787686102.237008999] [robot1.fragment_exec_node]: Execution of fragment f3-4 completed!
[INFO] [1787686103.113526796] [robot1.fragment_exec_node]: Received fragment: {'robot': 'robot1', 'fragment': {'id': 'f3-5', 'mission': 'm3', 'state': 'assigned', 'wait': ['m3/s2/pick'], 'tasks': [{'name': 'scan', 'params': {'x': 2, 'y': 3}}], 'arrive_timestamp': 1787686022, 'priority': 1, 'segment': 's2', 'preconditions': [], 'postconditions': []}}
[INFO] [1787686103.114338490] [robot1.fragment_exec_node]: Received fragment assignment: f3-5. Starting execution.
[INFO] [1787686103.115307597] [robot1.fragment_exec_node]: Waiting for coordination messages before executing fragment f3-5: ['m3/s2/pick']
[INFO] [1787686105.118752630] [robot1.fragment_exec_node]: Executing task scan. Params: {'x': 2, 'y': 3}, Virtual state: {'position': {'x': 2, 'y': 3, 'z': 0.0}, 'docked': False, 'battery': 100.0, 'conditions': ['picked-o1-3', 'picked-o2-3']}
[INFO] [1787686105.119558264] [robot1.fragment_exec_node]: EventType: Task, Activity: scan, Robot: robot1, Mission: m3, Segment: s2, Start: 12121.906236542
[INFO] [1787686105.120599918] [robot1.fragment_exec_node]: Simulating scan skill...
[INFO] [1787686108.116686483] [robot1.fragment_exec_node]: Scan completed!
[INFO] [1787686108.117884653] [robot1.fragment_exec_node]: EventType: Task, Activity: scan, Robot: robot1, Mission: m3, Segment: s2, End: 12124.910818763
[INFO] [1787686108.119547779] [robot1.fragment_exec_node]: Execution of fragment f3-5 completed!
[INFO] [1787686109.124213752] [robot1.fragment_exec_node]: Received fragment: {'robot': 'robot1', 'fragment': {'id': 'f3-6', 'mission': 'm3', 'state': 'assigned', 'wait': ['m3/s2/scan'], 'tasks': [{'name': 'transport', 'params': {'x': 11, 'y': 6}}], 'arrive_timestamp': 1787686022, 'priority': 1, 'segment': 's2', 'preconditions': ['picked-o2-3'], 'postconditions': []}}
[INFO] [1787686109.125207971] [robot1.fragment_exec_node]: Received fragment assignment: f3-6. Starting execution.
[INFO] [1787686109.126307954] [robot1.fragment_exec_node]: Waiting for coordination messages before executing fragment f3-6: ['m3/s2/scan']
[INFO] [1787686111.132325822] [robot1.fragment_exec_node]: Executing task transport. Params: {'x': 11, 'y': 6}, Virtual state: {'position': {'x': 2, 'y': 3, 'z': 0.0}, 'docked': False, 'battery': 100.0, 'conditions': ['picked-o1-3', 'picked-o2-3']}
[INFO] [1787686111.135311376] [robot1.fragment_exec_node]: EventType: Control (Task: transport), Activity: navigate, Robot: robot1, Mission: m3, Segment: s2, Start: 12127.927020394
[INFO] [1787686111.137588311] [robot1.fragment_exec_node]: Simulating navigate skill from position (2, 3) to (11, 6) (19.697715603592208 seconds)...
[INFO] [1787686117.111131946] [robot1.fragment_exec_node]: Received fragment: {'robot': 'robot2', 'fragment': {'id': 'f3-8', 'mission': 'm3', 'state': 'assigned', 'wait': ['m3/s3/pick'], 'tasks': [{'name': 'scan', 'params': {'x': 1, 'y': 9}}], 'arrive_timestamp': 1787686022, 'priority': 1, 'segment': 's3', 'preconditions': [], 'postconditions': []}}
[INFO] [1787686123.106258843] [robot1.fragment_exec_node]: Received fragment: {'robot': 'robot2', 'fragment': {'id': 'f3-9', 'mission': 'm3', 'state': 'assigned', 'wait': ['m3/s3/scan'], 'tasks': [{'name': 'transport', 'params': {'x': 11, 'y': 6}}], 'arrive_timestamp': 1787686022, 'priority': 1, 'segment': 's3', 'preconditions': ['picked-o3-3'], 'postconditions': []}}
[INFO] [1787686130.838868782] [robot1.fragment_exec_node]: Navigation completed!
[INFO] [1787686130.840595659] [robot1.fragment_exec_node]: EventType: Control (Task: transport), Activity: navigate, Robot: robot1, Mission: m3, Segment: s2, End: 12147.63322448
[INFO] [1787686130.842603476] [robot1.fragment_exec_node]: EventType: Task, Activity: transport, Robot: robot1, Mission: m3, Segment: s2, Start: 12147.634888254
[INFO] [1787686130.844626110] [robot1.fragment_exec_node]: Simulating navigate skill from position (11, 6) to (11, 6) (10.0 seconds)...
[INFO] [1787686140.835216980] [robot1.fragment_exec_node]: Navigation completed!
[INFO] [1787686140.837585616] [robot1.fragment_exec_node]: EventType: Task, Activity: transport, Robot: robot1, Mission: m3, Segment: s2, End: 12157.64269274
[INFO] [1787686140.841160939] [robot1.fragment_exec_node]: Execution of fragment f3-6 completed!
[INFO] [1787686141.104790790] [robot1.fragment_exec_node]: Received fragment: {'robot': 'robot1', 'fragment': {'id': 'f4-1', 'mission': 'm4', 'state': 'assigned', 'wait': [], 'tasks': [{'name': 'pick', 'params': {'weight': 5, 'x': 2, 'y': 8}}], 'arrive_timestamp': 1787686023, 'priority': 1, 'segment': 's1', 'preconditions': [], 'postconditions': ['picked-o1-4']}}
[INFO] [1787686141.105873790] [robot1.fragment_exec_node]: Received fragment assignment: f4-1. Starting execution.
[INFO] [1787686141.107268621] [robot1.fragment_exec_node]: Executing task pick. Params: {'weight': 5, 'x': 2, 'y': 8}, Virtual state: {'position': {'x': 11, 'y': 6, 'z': 0.0}, 'docked': False, 'battery': 100.0, 'conditions': ['picked-o1-3', 'picked-o2-3']}
[INFO] [1787686141.108565914] [robot1.fragment_exec_node]: EventType: Control (Task: pick), Activity: navigate, Robot: robot1, Mission: m4, Segment: s1, Start: 12157.914197035
[INFO] [1787686141.109752152] [robot1.fragment_exec_node]: Simulating navigate skill from position (11, 6) to (2, 8) (18.973665961010276 seconds)...
[INFO] [1787686158.105554251] [robot1.fragment_exec_node]: Received fragment: {'robot': 'robot2', 'fragment': {'id': 'f3-10', 'mission': 'm3', 'state': 'assigned', 'wait': ['m3/s1/transport', 'm3/s2/transport', 'm3/s3/transport'], 'tasks': [{'name': 'pack', 'params': {'x': 2, 'y': 3, 'items': 3}}], 'arrive_timestamp': 1787686022, 'priority': 1, 'segment': '', 'preconditions': [], 'postconditions': []}}
[INFO] [1787686160.085586075] [robot1.fragment_exec_node]: Navigation completed!
[INFO] [1787686160.086369804] [robot1.fragment_exec_node]: EventType: Control (Task: pick), Activity: navigate, Robot: robot1, Mission: m4, Segment: s1, End: 12176.892374002
[INFO] [1787686160.087069085] [robot1.fragment_exec_node]: EventType: Task, Activity: pick, Robot: robot1, Mission: m4, Segment: s1, Start: 12176.892989587
[INFO] [1787686160.087902579] [robot1.fragment_exec_node]: Simulating pick skill...
[INFO] [1787686165.089747668] [robot1.fragment_exec_node]: Pick completed!
[INFO] [1787686165.091046047] [robot1.fragment_exec_node]: EventType: Task, Activity: pick, Robot: robot1, Mission: m4, Segment: s1, End: 12181.896627827
[INFO] [1787686165.092634880] [robot1.fragment_exec_node]: Execution of fragment f4-1 completed!
[INFO] [1787686165.116101931] [robot1.fragment_exec_node]: Received fragment: {'robot': 'robot1', 'fragment': {'id': 'f4-2', 'mission': 'm4', 'state': 'assigned', 'wait': ['m4/s1/pick'], 'tasks': [{'name': 'scan', 'params': {'x': 2, 'y': 8}}], 'arrive_timestamp': 1787686023, 'priority': 1, 'segment': 's1', 'preconditions': [], 'postconditions': []}}
[INFO] [1787686165.117062731] [robot1.fragment_exec_node]: Received fragment assignment: f4-2. Starting execution.
[INFO] [1787686165.118095755] [robot1.fragment_exec_node]: Waiting for coordination messages before executing fragment f4-2: ['m4/s1/pick']
[INFO] [1787686167.122050136] [robot1.fragment_exec_node]: Executing task scan. Params: {'x': 2, 'y': 8}, Virtual state: {'position': {'x': 2, 'y': 8, 'z': 0.0}, 'docked': False, 'battery': 100.0, 'conditions': ['picked-o1-3', 'picked-o2-3', 'picked-o1-4']}
[INFO] [1787686167.123687337] [robot1.fragment_exec_node]: EventType: Task, Activity: scan, Robot: robot1, Mission: m4, Segment: s1, Start: 12183.929226794
[INFO] [1787686167.125155524] [robot1.fragment_exec_node]: Simulating scan skill...
[INFO] [1787686170.126318931] [robot1.fragment_exec_node]: Scan completed!
[INFO] [1787686170.127698080] [robot1.fragment_exec_node]: EventType: Task, Activity: scan, Robot: robot1, Mission: m4, Segment: s1, End: 12186.935325848
[INFO] [1787686170.129403369] [robot1.fragment_exec_node]: Execution of fragment f4-2 completed!
[INFO] [1787686171.109226238] [robot1.fragment_exec_node]: Received fragment: {'robot': 'robot1', 'fragment': {'id': 'f4-3', 'mission': 'm4', 'state': 'assigned', 'wait': ['m4/s1/scan'], 'tasks': [{'name': 'transport', 'params': {'x': 11, 'y': 6}}], 'arrive_timestamp': 1787686023, 'priority': 1, 'segment': 's1', 'preconditions': ['picked-o1-4'], 'postconditions': []}}
[INFO] [1787686171.110065845] [robot1.fragment_exec_node]: Received fragment assignment: f4-3. Starting execution.
[INFO] [1787686171.111215148] [robot1.fragment_exec_node]: Waiting for coordination messages before executing fragment f4-3: ['m4/s1/scan']
[INFO] [1787686173.115767798] [robot1.fragment_exec_node]: Executing task transport. Params: {'x': 11, 'y': 6}, Virtual state: {'position': {'x': 2, 'y': 8, 'z': 0.0}, 'docked': False, 'battery': 100.0, 'conditions': ['picked-o1-3', 'picked-o2-3', 'picked-o1-4']}
[INFO] [1787686173.116648776] [robot1.fragment_exec_node]: EventType: Control (Task: transport), Activity: navigate, Robot: robot1, Mission: m4, Segment: s1, Start: 12189.92456171
[INFO] [1787686173.117432442] [robot1.fragment_exec_node]: Simulating navigate skill from position (2, 8) to (11, 6) (19.697715603592208 seconds)...
[INFO] [1787686192.817091753] [robot1.fragment_exec_node]: Navigation completed!
[INFO] [1787686192.818325999] [robot1.fragment_exec_node]: EventType: Control (Task: transport), Activity: navigate, Robot: robot1, Mission: m4, Segment: s1, End: 12209.626036284
[INFO] [1787686192.819323194] [robot1.fragment_exec_node]: EventType: Task, Activity: transport, Robot: robot1, Mission: m4, Segment: s1, Start: 12209.627173013
[INFO] [1787686192.820257358] [robot1.fragment_exec_node]: Simulating navigate skill from position (11, 6) to (11, 6) (10.0 seconds)...
[INFO] [1787686202.821680640] [robot1.fragment_exec_node]: Navigation completed!
[INFO] [1787686202.822656884] [robot1.fragment_exec_node]: EventType: Task, Activity: transport, Robot: robot1, Mission: m4, Segment: s1, End: 12219.63153759
[INFO] [1787686202.823747142] [robot1.fragment_exec_node]: Execution of fragment f4-3 completed!
[INFO] [1787686203.112937211] [robot1.fragment_exec_node]: Received fragment: {'robot': 'robot2', 'fragment': {'id': 'f4-4', 'mission': 'm4', 'state': 'assigned', 'wait': [], 'tasks': [{'name': 'pick', 'params': {'weight': 7, 'x': 10, 'y': 4}}], 'arrive_timestamp': 1787686023, 'priority': 1, 'segment': 's2', 'preconditions': [], 'postconditions': ['picked-o2-4']}}
[INFO] [1787686203.114304195] [robot1.fragment_exec_node]: Received fragment: {'robot': 'robot1', 'fragment': {'id': 'f4-7', 'mission': 'm4', 'state': 'assigned', 'wait': [], 'tasks': [{'name': 'pick', 'params': {'weight': 2, 'x': 9, 'y': 1}}], 'arrive_timestamp': 1787686023, 'priority': 1, 'segment': 's3', 'preconditions': [], 'postconditions': ['picked-o3-4']}}
[INFO] [1787686203.115612800] [robot1.fragment_exec_node]: Received fragment assignment: f4-7. Starting execution.
[INFO] [1787686203.117030267] [robot1.fragment_exec_node]: Executing task pick. Params: {'weight': 2, 'x': 9, 'y': 1}, Virtual state: {'position': {'x': 11, 'y': 6, 'z': 0.0}, 'docked': False, 'battery': 100.0, 'conditions': ['picked-o1-3', 'picked-o2-3', 'picked-o1-4']}
[INFO] [1787686203.117917031] [robot1.fragment_exec_node]: EventType: Control (Task: pick), Activity: navigate, Robot: robot1, Mission: m4, Segment: s3, Start: 12219.926704962
[INFO] [1787686203.119129253] [robot1.fragment_exec_node]: Simulating navigate skill from position (11, 6) to (9, 1) (20.396078054371138 seconds)...
[INFO] [1787686223.517638691] [robot1.fragment_exec_node]: Navigation completed!
[INFO] [1787686223.518435189] [robot1.fragment_exec_node]: EventType: Control (Task: pick), Activity: navigate, Robot: robot1, Mission: m4, Segment: s3, End: 12240.3273854
[INFO] [1787686223.519054706] [robot1.fragment_exec_node]: EventType: Task, Activity: pick, Robot: robot1, Mission: m4, Segment: s3, Start: 12240.328054454
[INFO] [1787686223.520483883] [robot1.fragment_exec_node]: Simulating pick skill...
[INFO] [1787686225.522471459] [robot1.fragment_exec_node]: Pick completed!
[INFO] [1787686225.523314490] [robot1.fragment_exec_node]: EventType: Task, Activity: pick, Robot: robot1, Mission: m4, Segment: s3, End: 12242.332239569
[INFO] [1787686225.524496157] [robot1.fragment_exec_node]: Execution of fragment f4-7 completed!
[INFO] [1787686226.132047505] [robot1.fragment_exec_node]: Received fragment: {'robot': 'robot1', 'fragment': {'id': 'f4-8', 'mission': 'm4', 'state': 'assigned', 'wait': ['m4/s3/pick'], 'tasks': [{'name': 'scan', 'params': {'x': 9, 'y': 1}}], 'arrive_timestamp': 1787686023, 'priority': 1, 'segment': 's3', 'preconditions': [], 'postconditions': []}}
[INFO] [1787686226.132883507] [robot1.fragment_exec_node]: Received fragment assignment: f4-8. Starting execution.
[INFO] [1787686226.134013363] [robot1.fragment_exec_node]: Waiting for coordination messages before executing fragment f4-8: ['m4/s3/pick']
[INFO] [1787686227.119995219] [robot1.fragment_exec_node]: Received fragment: {'robot': 'robot2', 'fragment': {'id': 'f4-5', 'mission': 'm4', 'state': 'assigned', 'wait': ['m4/s2/pick'], 'tasks': [{'name': 'scan', 'params': {'x': 10, 'y': 4}}], 'arrive_timestamp': 1787686023, 'priority': 1, 'segment': 's2', 'preconditions': [], 'postconditions': []}}
[INFO] [1787686228.139725678] [robot1.fragment_exec_node]: Executing task scan. Params: {'x': 9, 'y': 1}, Virtual state: {'position': {'x': 9, 'y': 1, 'z': 0.0}, 'docked': False, 'battery': 100.0, 'conditions': ['picked-o1-3', 'picked-o2-3', 'picked-o1-4', 'picked-o3-4']}
[INFO] [1787686228.142412457] [robot1.fragment_exec_node]: EventType: Task, Activity: scan, Robot: robot1, Mission: m4, Segment: s3, Start: 12244.949912501
[INFO] [1787686228.144157379] [robot1.fragment_exec_node]: Simulating scan skill...
[INFO] [1787686231.146061349] [robot1.fragment_exec_node]: Scan completed!
[INFO] [1787686231.146739060] [robot1.fragment_exec_node]: EventType: Task, Activity: scan, Robot: robot1, Mission: m4, Segment: s3, End: 12247.95545781
[INFO] [1787686231.147669614] [robot1.fragment_exec_node]: Execution of fragment f4-8 completed!
[INFO] [1787686232.108640824] [robot1.fragment_exec_node]: Received fragment: {'robot': 'robot1', 'fragment': {'id': 'f4-9', 'mission': 'm4', 'state': 'assigned', 'wait': ['m4/s3/scan'], 'tasks': [{'name': 'transport', 'params': {'x': 11, 'y': 6}}], 'arrive_timestamp': 1787686023, 'priority': 1, 'segment': 's3', 'preconditions': ['picked-o3-4'], 'postconditions': []}}
[INFO] [1787686232.111281912] [robot1.fragment_exec_node]: Received fragment assignment: f4-9. Starting execution.
[INFO] [1787686232.113032959] [robot1.fragment_exec_node]: Executing task transport. Params: {'x': 11, 'y': 6}, Virtual state: {'position': {'x': 9, 'y': 1, 'z': 0.0}, 'docked': False, 'battery': 100.0, 'conditions': ['picked-o1-3', 'picked-o2-3', 'picked-o1-4', 'picked-o3-4']}
[INFO] [1787686232.114442101] [robot1.fragment_exec_node]: EventType: Control (Task: transport), Activity: navigate, Robot: robot1, Mission: m4, Segment: s3, Start: 12248.92266069
[INFO] [1787686232.115886397] [robot1.fragment_exec_node]: Simulating navigate skill from position (9, 1) to (11, 6) (7.211102550927978 seconds)...
[INFO] [1787686233.105655806] [robot1.fragment_exec_node]: Received fragment: {'robot': 'robot2', 'fragment': {'id': 'f4-6', 'mission': 'm4', 'state': 'assigned', 'wait': ['m4/s2/scan'], 'tasks': [{'name': 'transport', 'params': {'x': 11, 'y': 6}}], 'arrive_timestamp': 1787686023, 'priority': 1, 'segment': 's2', 'preconditions': ['picked-o2-4'], 'postconditions': []}}
[INFO] [1787686239.378943317] [robot1.fragment_exec_node]: Navigation completed!
[INFO] [1787686239.379601229] [robot1.fragment_exec_node]: EventType: Control (Task: transport), Activity: navigate, Robot: robot1, Mission: m4, Segment: s3, End: 12256.188359603
[INFO] [1787686239.380183964] [robot1.fragment_exec_node]: EventType: Task, Activity: transport, Robot: robot1, Mission: m4, Segment: s3, Start: 12256.188891083
[INFO] [1787686239.380645266] [robot1.fragment_exec_node]: Simulating navigate skill from position (11, 6) to (11, 6) (10.0 seconds)...
[INFO] [1787686249.382638943] [robot1.fragment_exec_node]: Navigation completed!
[INFO] [1787686249.384268045] [robot1.fragment_exec_node]: EventType: Task, Activity: transport, Robot: robot1, Mission: m4, Segment: s3, End: 12266.192586363
[INFO] [1787686249.386585661] [robot1.fragment_exec_node]: Execution of fragment f4-9 completed!
[INFO] [1787686250.128962933] [robot1.fragment_exec_node]: Received fragment: {'robot': 'robot1', 'fragment': {'id': "f4-10'", 'mission': 'm4', 'state': 'assigned', 'wait': [], 'tasks': [{'name': 'pick', 'params': {'weight': 1, 'x': 2, 'y': 4}}], 'arrive_timestamp': 1787686023, 'priority': 1, 'segment': 's4', 'preconditions': [], 'postconditions': ['picked-o4-4']}}
[INFO] [1787686250.129601228] [robot1.fragment_exec_node]: Received fragment assignment: f4-10'. Starting execution.
[INFO] [1787686250.130420154] [robot1.fragment_exec_node]: Executing task pick. Params: {'weight': 1, 'x': 2, 'y': 4}, Virtual state: {'position': {'x': 11, 'y': 6, 'z': 0.0}, 'docked': False, 'battery': 100.0, 'conditions': ['picked-o1-3', 'picked-o2-3', 'picked-o1-4', 'picked-o3-4']}
[INFO] [1787686250.130929873] [robot1.fragment_exec_node]: EventType: Control (Task: pick), Activity: navigate, Robot: robot1, Mission: m4, Segment: s4, Start: 12266.939733599
[INFO] [1787686250.131392885] [robot1.fragment_exec_node]: Simulating navigate skill from position (11, 6) to (2, 4) (22.80350850198276 seconds)...
[INFO] [1787686272.938390601] [robot1.fragment_exec_node]: Navigation completed!
[INFO] [1787686272.940610813] [robot1.fragment_exec_node]: EventType: Control (Task: pick), Activity: navigate, Robot: robot1, Mission: m4, Segment: s4, End: 12289.749275249
[INFO] [1787686272.942373208] [robot1.fragment_exec_node]: EventType: Task, Activity: pick, Robot: robot1, Mission: m4, Segment: s4, Start: 12289.750856288
[INFO] [1787686272.944204198] [robot1.fragment_exec_node]: Simulating pick skill...
[INFO] [1787686273.946603711] [robot1.fragment_exec_node]: Pick completed!
[INFO] [1787686273.947781228] [robot1.fragment_exec_node]: EventType: Task, Activity: pick, Robot: robot1, Mission: m4, Segment: s4, End: 12290.756805773
[INFO] [1787686273.949022561] [robot1.fragment_exec_node]: Execution of fragment f4-10' completed!
[INFO] [1787686274.103908233] [robot1.fragment_exec_node]: Received fragment: {'robot': 'robot1', 'fragment': {'id': 'f4-11', 'mission': 'm4', 'state': 'assigned', 'wait': ['m4/s4/pick'], 'tasks': [{'name': 'scan', 'params': {'x': 2, 'y': 4}}], 'arrive_timestamp': 1787686023, 'priority': 1, 'segment': 's4', 'preconditions': [], 'postconditions': []}}
[INFO] [1787686274.105806307] [robot1.fragment_exec_node]: Received fragment assignment: f4-11. Starting execution.
[INFO] [1787686274.107372241] [robot1.fragment_exec_node]: Waiting for coordination messages before executing fragment f4-11: ['m4/s4/pick']
[INFO] [1787686276.113074855] [robot1.fragment_exec_node]: Executing task scan. Params: {'x': 2, 'y': 4}, Virtual state: {'position': {'x': 2, 'y': 4, 'z': 0.0}, 'docked': False, 'battery': 100.0, 'conditions': ['picked-o1-3', 'picked-o2-3', 'picked-o1-4', 'picked-o3-4', 'picked-o4-4']}
[INFO] [1787686276.114750302] [robot1.fragment_exec_node]: EventType: Task, Activity: scan, Robot: robot1, Mission: m4, Segment: s4, Start: 12292.923470529
[INFO] [1787686276.116615784] [robot1.fragment_exec_node]: Simulating scan skill...
[INFO] [1787686279.121109191] [robot1.fragment_exec_node]: Scan completed!
[INFO] [1787686279.124599804] [robot1.fragment_exec_node]: EventType: Task, Activity: scan, Robot: robot1, Mission: m4, Segment: s4, End: 12295.931846203
[INFO] [1787686279.128806957] [robot1.fragment_exec_node]: Execution of fragment f4-11 completed!
[INFO] [1787686280.111343894] [robot1.fragment_exec_node]: Received fragment: {'robot': 'robot1', 'fragment': {'id': 'f4-12', 'mission': 'm4', 'state': 'assigned', 'wait': ['m4/s4/scan'], 'tasks': [{'name': 'transport', 'params': {'x': 11, 'y': 6}}], 'arrive_timestamp': 1787686023, 'priority': 1, 'segment': 's4', 'preconditions': ['picked-o4-4'], 'postconditions': []}}
[INFO] [1787686280.111948313] [robot1.fragment_exec_node]: Received fragment assignment: f4-12. Starting execution.
[INFO] [1787686280.112874123] [robot1.fragment_exec_node]: Executing task transport. Params: {'x': 11, 'y': 6}, Virtual state: {'position': {'x': 2, 'y': 4, 'z': 0.0}, 'docked': False, 'battery': 100.0, 'conditions': ['picked-o1-3', 'picked-o2-3', 'picked-o1-4', 'picked-o3-4', 'picked-o4-4']}
[INFO] [1787686280.113543971] [robot1.fragment_exec_node]: EventType: Control (Task: transport), Activity: navigate, Robot: robot1, Mission: m4, Segment: s4, Start: 12296.922767002
[INFO] [1787686280.114124527] [robot1.fragment_exec_node]: Simulating navigate skill from position (2, 4) to (11, 6) (19.697715603592208 seconds)...
[INFO] [1787686299.815117317] [robot1.fragment_exec_node]: Navigation completed!
[INFO] [1787686299.816536236] [robot1.fragment_exec_node]: EventType: Control (Task: transport), Activity: navigate, Robot: robot1, Mission: m4, Segment: s4, End: 12316.624541181
[INFO] [1787686299.817543286] [robot1.fragment_exec_node]: EventType: Task, Activity: transport, Robot: robot1, Mission: m4, Segment: s4, Start: 12316.625645959
[INFO] [1787686299.818469567] [robot1.fragment_exec_node]: Simulating navigate skill from position (11, 6) to (11, 6) (10.0 seconds)...
[INFO] [1787686309.820415749] [robot1.fragment_exec_node]: Navigation completed!
[INFO] [1787686309.821302048] [robot1.fragment_exec_node]: EventType: Task, Activity: transport, Robot: robot1, Mission: m4, Segment: s4, End: 12326.629696383
[INFO] [1787686309.822251243] [robot1.fragment_exec_node]: Execution of fragment f4-12 completed!
[INFO] [1787686310.115060703] [robot1.fragment_exec_node]: Received fragment: {'robot': 'robot1', 'fragment': {'id': 'f4-13', 'mission': 'm4', 'state': 'assigned', 'wait': ['m4/s1/transport', 'm4/s2/transport', 'm4/s3/transport', 'm4/s4/transport'], 'tasks': [{'name': 'pack', 'params': {'x': 11, 'y': 6, 'items': 4}}], 'arrive_timestamp': 1787686023, 'priority': 1, 'segment': '', 'preconditions': [], 'postconditions': []}}
[INFO] [1787686310.116770157] [robot1.fragment_exec_node]: Received fragment assignment: f4-13. Starting execution.
[INFO] [1787686310.118922962] [robot1.fragment_exec_node]: Waiting for coordination messages before executing fragment f4-13: ['m4/s1/transport', 'm4/s2/transport', 'm4/s3/transport', 'm4/s4/transport']
[INFO] [1787686312.124509677] [robot1.fragment_exec_node]: Executing task pack. Params: {'x': 11, 'y': 6, 'items': 4}, Virtual state: {'position': {'x': 11, 'y': 6, 'z': 0.0}, 'docked': False, 'battery': 100.0, 'conditions': ['picked-o1-3', 'picked-o2-3', 'picked-o1-4', 'picked-o3-4', 'picked-o4-4']}
[INFO] [1787686312.126529233] [robot1.fragment_exec_node]: EventType: Task, Activity: pack, Robot: robot1, Mission: m4, Segment: , Start: 12328.934028996
[INFO] [1787686312.128166055] [robot1.fragment_exec_node]: Simulating pack skill...
[INFO] [1787686336.129797631] [robot1.fragment_exec_node]: Packing completed!
[INFO] [1787686336.130661945] [robot1.fragment_exec_node]: EventType: Task, Activity: pack, Robot: robot1, Mission: m4, Segment: , End: 12352.939357246
[INFO] [1787686336.131689238] [robot1.fragment_exec_node]: Execution of fragment f4-13 completed!
Traceback (most recent call last):
  File "/root/ros2_ws/install/multi3_executor/lib/multi3_executor/executor", line 33, in <module>
    sys.exit(load_entry_point('multi3-executor==0.0.0', 'console_scripts', 'executor')())
  File "/root/ros2_ws/install/multi3_executor/lib/python3.10/site-packages/multi3_executor/nodes/executor.py", line 236, in main
    rclpy.shutdown()
  File "/opt/ros/humble/local/lib/python3.10/dist-packages/rclpy/__init__.py", line 130, in shutdown
    _shutdown(context=context)
  File "/opt/ros/humble/local/lib/python3.10/dist-packages/rclpy/utilities.py", line 58, in shutdown
    return context.shutdown()
  File "/opt/ros/humble/local/lib/python3.10/dist-packages/rclpy/context.py", line 102, in shutdown
    self.__context.shutdown()
rclpy._rclpy_pybind11.RCLError: failed to shutdown: rcl_shutdown already called on the given context, at ./src/rcl/init.c:241

--- executor_robot2.log ---
[INFO] [1787686020.275709394] [robot2.fragment_exec_node]: Setting up skill: PickSkill
[INFO] [1787686020.276899956] [robot2.fragment_exec_node]: Setting up skill: ScanSkill
[INFO] [1787686020.277817899] [robot2.fragment_exec_node]: Setting up skill: NavigateSkill
[INFO] [1787686020.278575947] [robot2.fragment_exec_node]: Setting up skill: NavigateSkill
[INFO] [1787686020.279492913] [robot2.fragment_exec_node]: Setting up skill: DockSkill
[INFO] [1787686020.280392285] [robot2.fragment_exec_node]: Setting up skill: UndockSkill
[INFO] [1787686020.280984595] [robot2.fragment_exec_node]: Setting up skill: PackSkill
[INFO] [1787686020.286972691] [robot2.fragment_exec_node]: Published robot registration: {'name': 'robot2', 'operational_state': 'idle', 'capabilities': ['pick', 'scan', 'transport', 'pack'], 'state': {'position': {'x': 0.0, 'y': 0.0, 'z': 0.0}, 'docked': True, 'battery': 100.0, 'conditions': []}}
[INFO] [1787686025.104134074] [robot2.fragment_exec_node]: Received fragment: {'robot': 'robot2', 'fragment': {'id': 'f1-1', 'mission': 'm1', 'state': 'assigned', 'wait': [], 'tasks': [{'name': 'pick', 'params': {'x': 5, 'y': 8, 'weight': 8}}], 'arrive_timestamp': 1787686022, 'priority': 1, 'segment': 's1', 'preconditions': [], 'postconditions': ['picked-o1-1']}}
[INFO] [1787686025.105842183] [robot2.fragment_exec_node]: Received fragment assignment: f1-1. Starting execution.
[INFO] [1787686025.109316368] [robot2.fragment_exec_node]: Received fragment: {'robot': 'robot1', 'fragment': {'id': 'f3-1', 'mission': 'm3', 'state': 'assigned', 'wait': [], 'tasks': [{'name': 'pick', 'params': {'weight': 3, 'x': 7, 'y': 3}}], 'arrive_timestamp': 1787686022, 'priority': 1, 'segment': 's1', 'preconditions': [], 'postconditions': ['picked-o1-3']}}
[INFO] [1787686025.110174433] [robot2.fragment_exec_node]: Executing task pick. Params: {'x': 5, 'y': 8, 'weight': 8}, Virtual state: {'position': {'x': 0.0, 'y': 0.0, 'z': 0.0}, 'docked': True, 'battery': 100.0, 'conditions': []}
[INFO] [1787686025.111074380] [robot2.fragment_exec_node]: EventType: Control (Task: pick), Activity: undock, Robot: robot2, Mission: m1, Segment: s1, Start: 12041.897330562
[INFO] [1787686025.111737789] [robot2.fragment_exec_node]: Simulating undock skill...
[INFO] [1787686029.113139642] [robot2.fragment_exec_node]: Undock completed!
[INFO] [1787686029.113897539] [robot2.fragment_exec_node]: EventType: Control (Task: pick), Activity: undock, Robot: robot2, Mission: m1, Segment: s1, End: 12045.900392859
[INFO] [1787686029.114563875] [robot2.fragment_exec_node]: EventType: Control (Task: pick), Activity: navigate, Robot: robot2, Mission: m1, Segment: s1, Start: 12045.901074397
[INFO] [1787686029.115199680] [robot2.fragment_exec_node]: Simulating navigate skill from position (0.0, 0.0) to (5, 8) (18.867962264113206 seconds)...
[INFO] [1787686047.988289522] [robot2.fragment_exec_node]: Navigation completed!
[INFO] [1787686047.991035386] [robot2.fragment_exec_node]: EventType: Control (Task: pick), Activity: navigate, Robot: robot2, Mission: m1, Segment: s1, End: 12064.776557423
[INFO] [1787686047.992924979] [robot2.fragment_exec_node]: EventType: Task, Activity: pick, Robot: robot2, Mission: m1, Segment: s1, Start: 12064.778494321
[INFO] [1787686047.994458793] [robot2.fragment_exec_node]: Simulating pick skill...
[INFO] [1787686048.125180866] [robot2.fragment_exec_node]: Received fragment: {'robot': 'robot1', 'fragment': {'id': 'f3-2', 'mission': 'm3', 'state': 'assigned', 'wait': ['m3/s1/pick'], 'tasks': [{'name': 'scan', 'params': {'x': 7, 'y': 3}}], 'arrive_timestamp': 1787686022, 'priority': 1, 'segment': 's1', 'preconditions': [], 'postconditions': []}}
[INFO] [1787686054.113270710] [robot2.fragment_exec_node]: Received fragment: {'robot': 'robot1', 'fragment': {'id': 'f3-3', 'mission': 'm3', 'state': 'assigned', 'wait': ['m3/s1/scan'], 'tasks': [{'name': 'transport', 'params': {'x': 11, 'y': 6}}], 'arrive_timestamp': 1787686022, 'priority': 1, 'segment': 's1', 'preconditions': ['picked-o1-3'], 'postconditions': []}}
[INFO] [1787686055.997798492] [robot2.fragment_exec_node]: Pick completed!
[INFO] [1787686056.000340205] [robot2.fragment_exec_node]: EventType: Task, Activity: pick, Robot: robot2, Mission: m1, Segment: s1, End: 12072.785922369
[INFO] [1787686056.003186579] [robot2.fragment_exec_node]: Execution of fragment f1-1 completed!
[INFO] [1787686056.115181069] [robot2.fragment_exec_node]: Received fragment: {'robot': 'robot2', 'fragment': {'id': 'f1-2', 'mission': 'm1', 'state': 'assigned', 'wait': ['m1/s1/pick'], 'tasks': [{'name': 'scan', 'params': {'x': 5, 'y': 8}}], 'arrive_timestamp': 1787686022, 'priority': 1, 'segment': 's1', 'preconditions': [], 'postconditions': []}}
[INFO] [1787686056.116284048] [robot2.fragment_exec_node]: Received fragment assignment: f1-2. Starting execution.
[INFO] [1787686056.117808093] [robot2.fragment_exec_node]: Waiting for coordination messages before executing fragment f1-2: ['m1/s1/pick']
[INFO] [1787686058.122004900] [robot2.fragment_exec_node]: Executing task scan. Params: {'x': 5, 'y': 8}, Virtual state: {'position': {'x': 5, 'y': 8, 'z': 0.0}, 'docked': False, 'battery': 100.0, 'conditions': ['picked-o1-1']}
[INFO] [1787686058.122972583] [robot2.fragment_exec_node]: EventType: Task, Activity: scan, Robot: robot2, Mission: m1, Segment: s1, Start: 12074.909260664
[INFO] [1787686058.123831792] [robot2.fragment_exec_node]: Simulating scan skill...
[INFO] [1787686061.127256824] [robot2.fragment_exec_node]: Scan completed!
[INFO] [1787686061.130096391] [robot2.fragment_exec_node]: EventType: Task, Activity: scan, Robot: robot2, Mission: m1, Segment: s1, End: 12077.915242045
[INFO] [1787686061.132903714] [robot2.fragment_exec_node]: Execution of fragment f1-2 completed!
[INFO] [1787686062.108845852] [robot2.fragment_exec_node]: Received fragment: {'robot': 'robot2', 'fragment': {'id': 'f1-3', 'mission': 'm1', 'state': 'assigned', 'wait': ['m1/s1/scan'], 'tasks': [{'name': 'transport', 'params': {'x': 11, 'y': 6}}], 'arrive_timestamp': 1787686022, 'priority': 1, 'segment': 's1', 'preconditions': ['picked-o1-1'], 'postconditions': []}}
[INFO] [1787686062.110063804] [robot2.fragment_exec_node]: Received fragment assignment: f1-3. Starting execution.
[INFO] [1787686062.111543084] [robot2.fragment_exec_node]: Executing task transport. Params: {'x': 11, 'y': 6}, Virtual state: {'position': {'x': 5, 'y': 8, 'z': 0.0}, 'docked': False, 'battery': 100.0, 'conditions': ['picked-o1-1']}
[INFO] [1787686062.112685961] [robot2.fragment_exec_node]: EventType: Control (Task: transport), Activity: navigate, Robot: robot2, Mission: m1, Segment: s1, Start: 12078.898781669
[INFO] [1787686062.113678055] [robot2.fragment_exec_node]: Simulating navigate skill from position (5, 8) to (11, 6) (12.165525060596439 seconds)...
[INFO] [1787686073.132395568] [robot2.fragment_exec_node]: Received fragment: {'robot': 'robot1', 'fragment': {'id': 'f3-4', 'mission': 'm3', 'state': 'assigned', 'wait': [], 'tasks': [{'name': 'pick', 'params': {'weight': 5, 'x': 2, 'y': 3}}], 'arrive_timestamp': 1787686022, 'priority': 1, 'segment': 's2', 'preconditions': [], 'postconditions': ['picked-o2-3']}}
[INFO] [1787686074.282919142] [robot2.fragment_exec_node]: Navigation completed!
[INFO] [1787686074.285684366] [robot2.fragment_exec_node]: EventType: Control (Task: transport), Activity: navigate, Robot: robot2, Mission: m1, Segment: s1, End: 12091.070739045
[INFO] [1787686074.287647310] [robot2.fragment_exec_node]: EventType: Task, Activity: transport, Robot: robot2, Mission: m1, Segment: s1, Start: 12091.07327593
[INFO] [1787686074.294348603] [robot2.fragment_exec_node]: Simulating navigate skill from position (11, 6) to (11, 6) (10.0 seconds)...
[INFO] [1787686084.295876466] [robot2.fragment_exec_node]: Navigation completed!
[INFO] [1787686084.296943334] [robot2.fragment_exec_node]: EventType: Task, Activity: transport, Robot: robot2, Mission: m1, Segment: s1, End: 12101.083511674
[INFO] [1787686084.298443676] [robot2.fragment_exec_node]: Execution of fragment f1-3 completed!
[INFO] [1787686085.110039492] [robot2.fragment_exec_node]: Received fragment: {'robot': 'robot2', 'fragment': {'id': 'f1-4', 'mission': 'm1', 'state': 'assigned', 'wait': ['m1/s1/transport'], 'tasks': [{'name': 'pack', 'params': {'x': 11, 'y': 6, 'items': 1}}], 'arrive_timestamp': 1787686022, 'priority': 1, 'segment': '', 'preconditions': [], 'postconditions': []}}
[INFO] [1787686085.111234289] [robot2.fragment_exec_node]: Received fragment assignment: f1-4. Starting execution.
[INFO] [1787686085.112145311] [robot2.fragment_exec_node]: Waiting for coordination messages before executing fragment f1-4: ['m1/s1/transport']
[INFO] [1787686087.116677547] [robot2.fragment_exec_node]: Executing task pack. Params: {'x': 11, 'y': 6, 'items': 1}, Virtual state: {'position': {'x': 11, 'y': 6, 'z': 0.0}, 'docked': False, 'battery': 100.0, 'conditions': ['picked-o1-1']}
[INFO] [1787686087.118586343] [robot2.fragment_exec_node]: EventType: Task, Activity: pack, Robot: robot2, Mission: m1, Segment: , Start: 12103.904690284
[INFO] [1787686087.119954087] [robot2.fragment_exec_node]: Simulating pack skill...
[INFO] [1787686093.123451931] [robot2.fragment_exec_node]: Packing completed!
[INFO] [1787686093.126475507] [robot2.fragment_exec_node]: EventType: Task, Activity: pack, Robot: robot2, Mission: m1, Segment: , End: 12109.911625808
[INFO] [1787686093.129893873] [robot2.fragment_exec_node]: Execution of fragment f1-4 completed!
[INFO] [1787686094.107149635] [robot2.fragment_exec_node]: Received fragment: {'robot': 'robot2', 'fragment': {'id': 'f3-7', 'mission': 'm3', 'state': 'assigned', 'wait': [], 'tasks': [{'name': 'pick', 'params': {'weight': 2, 'x': 1, 'y': 9}}], 'arrive_timestamp': 1787686022, 'priority': 1, 'segment': 's3', 'preconditions': [], 'postconditions': ['picked-o3-3']}}
[INFO] [1787686094.108328520] [robot2.fragment_exec_node]: Received fragment assignment: f3-7. Starting execution.
[INFO] [1787686094.110368099] [robot2.fragment_exec_node]: Executing task pick. Params: {'weight': 2, 'x': 1, 'y': 9}, Virtual state: {'position': {'x': 11, 'y': 6, 'z': 0.0}, 'docked': False, 'battery': 100.0, 'conditions': ['picked-o1-1']}
[INFO] [1787686094.111809705] [robot2.fragment_exec_node]: EventType: Control (Task: pick), Activity: navigate, Robot: robot2, Mission: m3, Segment: s3, Start: 12110.898149586
[INFO] [1787686094.112821245] [robot2.fragment_exec_node]: Simulating navigate skill from position (11, 6) to (1, 9) (20.396078054371138 seconds)...
[INFO] [1787686103.109066307] [robot2.fragment_exec_node]: Received fragment: {'robot': 'robot1', 'fragment': {'id': 'f3-5', 'mission': 'm3', 'state': 'assigned', 'wait': ['m3/s2/pick'], 'tasks': [{'name': 'scan', 'params': {'x': 2, 'y': 3}}], 'arrive_timestamp': 1787686022, 'priority': 1, 'segment': 's2', 'preconditions': [], 'postconditions': []}}
[INFO] [1787686109.128896320] [robot2.fragment_exec_node]: Received fragment: {'robot': 'robot1', 'fragment': {'id': 'f3-6', 'mission': 'm3', 'state': 'assigned', 'wait': ['m3/s2/scan'], 'tasks': [{'name': 'transport', 'params': {'x': 11, 'y': 6}}], 'arrive_timestamp': 1787686022, 'priority': 1, 'segment': 's2', 'preconditions': ['picked-o2-3'], 'postconditions': []}}
[INFO] [1787686114.503985729] [robot2.fragment_exec_node]: Navigation completed!
[INFO] [1787686114.505094509] [robot2.fragment_exec_node]: EventType: Control (Task: pick), Activity: navigate, Robot: robot2, Mission: m3, Segment: s3, End: 12131.298141529
[INFO] [1787686114.506027067] [robot2.fragment_exec_node]: EventType: Task, Activity: pick, Robot: robot2, Mission: m3, Segment: s3, Start: 12131.299104848
[INFO] [1787686114.507049783] [robot2.fragment_exec_node]: Simulating pick skill...
[INFO] [1787686116.510608970] [robot2.fragment_exec_node]: Pick completed!
[INFO] [1787686116.512532667] [robot2.fragment_exec_node]: EventType: Task, Activity: pick, Robot: robot2, Mission: m3, Segment: s3, End: 12133.305001942
[INFO] [1787686116.515302982] [robot2.fragment_exec_node]: Execution of fragment f3-7 completed!
[INFO] [1787686117.105719851] [robot2.fragment_exec_node]: Received fragment: {'robot': 'robot2', 'fragment': {'id': 'f3-8', 'mission': 'm3', 'state': 'assigned', 'wait': ['m3/s3/pick'], 'tasks': [{'name': 'scan', 'params': {'x': 1, 'y': 9}}], 'arrive_timestamp': 1787686022, 'priority': 1, 'segment': 's3', 'preconditions': [], 'postconditions': []}}
[INFO] [1787686117.106780766] [robot2.fragment_exec_node]: Received fragment assignment: f3-8. Starting execution.
[INFO] [1787686117.107895853] [robot2.fragment_exec_node]: Waiting for coordination messages before executing fragment f3-8: ['m3/s3/pick']
[INFO] [1787686119.111853156] [robot2.fragment_exec_node]: Executing task scan. Params: {'x': 1, 'y': 9}, Virtual state: {'position': {'x': 1, 'y': 9, 'z': 0.0}, 'docked': False, 'battery': 100.0, 'conditions': ['picked-o1-1', 'picked-o3-3']}
[INFO] [1787686119.112820340] [robot2.fragment_exec_node]: EventType: Task, Activity: scan, Robot: robot2, Mission: m3, Segment: s3, Start: 12135.905847729
[INFO] [1787686119.113649447] [robot2.fragment_exec_node]: Simulating scan skill...
[INFO] [1787686122.117143360] [robot2.fragment_exec_node]: Scan completed!
[INFO] [1787686122.120123825] [robot2.fragment_exec_node]: EventType: Task, Activity: scan, Robot: robot2, Mission: m3, Segment: s3, End: 12138.911800362
[INFO] [1787686122.123277334] [robot2.fragment_exec_node]: Execution of fragment f3-8 completed!
[INFO] [1787686123.130826019] [robot2.fragment_exec_node]: Received fragment: {'robot': 'robot2', 'fragment': {'id': 'f3-9', 'mission': 'm3', 'state': 'assigned', 'wait': ['m3/s3/scan'], 'tasks': [{'name': 'transport', 'params': {'x': 11, 'y': 6}}], 'arrive_timestamp': 1787686022, 'priority': 1, 'segment': 's3', 'preconditions': ['picked-o3-3'], 'postconditions': []}}
[INFO] [1787686123.131406327] [robot2.fragment_exec_node]: Received fragment assignment: f3-9. Starting execution.
[INFO] [1787686123.132304154] [robot2.fragment_exec_node]: Waiting for coordination messages before executing fragment f3-9: ['m3/s3/scan']
[INFO] [1787686125.138246755] [robot2.fragment_exec_node]: Executing task transport. Params: {'x': 11, 'y': 6}, Virtual state: {'position': {'x': 1, 'y': 9, 'z': 0.0}, 'docked': False, 'battery': 100.0, 'conditions': ['picked-o1-1', 'picked-o3-3']}
[INFO] [1787686125.140574008] [robot2.fragment_exec_node]: EventType: Control (Task: transport), Activity: navigate, Robot: robot2, Mission: m3, Segment: s3, Start: 12141.932867772
[INFO] [1787686125.142198695] [robot2.fragment_exec_node]: Simulating navigate skill from position (1, 9) to (11, 6) (22.360679774997898 seconds)...
[INFO] [1787686141.113503254] [robot2.fragment_exec_node]: Received fragment: {'robot': 'robot1', 'fragment': {'id': 'f4-1', 'mission': 'm4', 'state': 'assigned', 'wait': [], 'tasks': [{'name': 'pick', 'params': {'weight': 5, 'x': 2, 'y': 8}}], 'arrive_timestamp': 1787686023, 'priority': 1, 'segment': 's1', 'preconditions': [], 'postconditions': ['picked-o1-4']}}
[INFO] [1787686147.492009927] [robot2.fragment_exec_node]: Navigation completed!
[INFO] [1787686147.493084869] [robot2.fragment_exec_node]: EventType: Control (Task: transport), Activity: navigate, Robot: robot2, Mission: m3, Segment: s3, End: 12164.298790029
[INFO] [1787686147.494198074] [robot2.fragment_exec_node]: EventType: Task, Activity: transport, Robot: robot2, Mission: m3, Segment: s3, Start: 12164.29976555
[INFO] [1787686147.495081261] [robot2.fragment_exec_node]: Simulating navigate skill from position (11, 6) to (11, 6) (10.0 seconds)...
[INFO] [1787686157.498054256] [robot2.fragment_exec_node]: Navigation completed!
[INFO] [1787686157.501829255] [robot2.fragment_exec_node]: EventType: Task, Activity: transport, Robot: robot2, Mission: m3, Segment: s3, End: 12174.305518984
[INFO] [1787686157.504389810] [robot2.fragment_exec_node]: Execution of fragment f3-9 completed!
[INFO] [1787686158.103281904] [robot2.fragment_exec_node]: Received fragment: {'robot': 'robot2', 'fragment': {'id': 'f3-10', 'mission': 'm3', 'state': 'assigned', 'wait': ['m3/s1/transport', 'm3/s2/transport', 'm3/s3/transport'], 'tasks': [{'name': 'pack', 'params': {'x': 2, 'y': 3, 'items': 3}}], 'arrive_timestamp': 1787686022, 'priority': 1, 'segment': '', 'preconditions': [], 'postconditions': []}}
[INFO] [1787686158.104257252] [robot2.fragment_exec_node]: Received fragment assignment: f3-10. Starting execution.
[INFO] [1787686158.105350578] [robot2.fragment_exec_node]: Waiting for coordination messages before executing fragment f3-10: ['m3/s1/transport', 'm3/s2/transport', 'm3/s3/transport']
[INFO] [1787686160.111392427] [robot2.fragment_exec_node]: Executing task pack. Params: {'x': 2, 'y': 3, 'items': 3}, Virtual state: {'position': {'x': 11, 'y': 6, 'z': 0.0}, 'docked': False, 'battery': 100.0, 'conditions': ['picked-o1-1', 'picked-o3-3']}
[INFO] [1787686160.115533441] [robot2.fragment_exec_node]: EventType: Control (Task: pack), Activity: navigate, Robot: robot2, Mission: m3, Segment: , Start: 12176.91889997
[INFO] [1787686160.118419724] [robot2.fragment_exec_node]: Simulating navigate skill from position (11, 6) to (2, 3) (24.08318915758459 seconds)...
[INFO] [1787686165.105685587] [robot2.fragment_exec_node]: Received fragment: {'robot': 'robot1', 'fragment': {'id': 'f4-2', 'mission': 'm4', 'state': 'assigned', 'wait': ['m4/s1/pick'], 'tasks': [{'name': 'scan', 'params': {'x': 2, 'y': 8}}], 'arrive_timestamp': 1787686023, 'priority': 1, 'segment': 's1', 'preconditions': [], 'postconditions': []}}
[INFO] [1787686171.105007917] [robot2.fragment_exec_node]: Received fragment: {'robot': 'robot1', 'fragment': {'id': 'f4-3', 'mission': 'm4', 'state': 'assigned', 'wait': ['m4/s1/scan'], 'tasks': [{'name': 'transport', 'params': {'x': 11, 'y': 6}}], 'arrive_timestamp': 1787686023, 'priority': 1, 'segment': 's1', 'preconditions': ['picked-o1-4'], 'postconditions': []}}
[INFO] [1787686184.202800488] [robot2.fragment_exec_node]: Navigation completed!
[INFO] [1787686184.204540702] [robot2.fragment_exec_node]: EventType: Control (Task: pack), Activity: navigate, Robot: robot2, Mission: m3, Segment: , End: 12201.011999644
[INFO] [1787686184.206218447] [robot2.fragment_exec_node]: EventType: Task, Activity: pack, Robot: robot2, Mission: m3, Segment: , Start: 12201.013521928
[INFO] [1787686184.207488234] [robot2.fragment_exec_node]: Simulating pack skill...
[INFO] [1787686202.208937290] [robot2.fragment_exec_node]: Packing completed!
[INFO] [1787686202.209929985] [robot2.fragment_exec_node]: EventType: Task, Activity: pack, Robot: robot2, Mission: m3, Segment: , End: 12219.018757905
[INFO] [1787686202.211153860] [robot2.fragment_exec_node]: Execution of fragment f3-10 completed!
[INFO] [1787686203.112149612] [robot2.fragment_exec_node]: Received fragment: {'robot': 'robot1', 'fragment': {'id': 'f4-7', 'mission': 'm4', 'state': 'assigned', 'wait': [], 'tasks': [{'name': 'pick', 'params': {'weight': 2, 'x': 9, 'y': 1}}], 'arrive_timestamp': 1787686023, 'priority': 1, 'segment': 's3', 'preconditions': [], 'postconditions': ['picked-o3-4']}}
[INFO] [1787686203.113502958] [robot2.fragment_exec_node]: Received fragment: {'robot': 'robot2', 'fragment': {'id': 'f4-4', 'mission': 'm4', 'state': 'assigned', 'wait': [], 'tasks': [{'name': 'pick', 'params': {'weight': 7, 'x': 10, 'y': 4}}], 'arrive_timestamp': 1787686023, 'priority': 1, 'segment': 's2', 'preconditions': [], 'postconditions': ['picked-o2-4']}}
[INFO] [1787686203.114301966] [robot2.fragment_exec_node]: Received fragment assignment: f4-4. Starting execution.
[INFO] [1787686203.115648375] [robot2.fragment_exec_node]: Executing task pick. Params: {'weight': 7, 'x': 10, 'y': 4}, Virtual state: {'position': {'x': 2, 'y': 3, 'z': 0.0}, 'docked': False, 'battery': 100.0, 'conditions': ['picked-o1-1', 'picked-o3-3']}
[INFO] [1787686203.116606650] [robot2.fragment_exec_node]: EventType: Control (Task: pick), Activity: navigate, Robot: robot2, Mission: m4, Segment: s2, Start: 12219.925408216
[INFO] [1787686203.117381773] [robot2.fragment_exec_node]: Simulating navigate skill from position (2, 3) to (10, 4) (16.492422502470642 seconds)...
[INFO] [1787686219.611805385] [robot2.fragment_exec_node]: Navigation completed!
[INFO] [1787686219.613238928] [robot2.fragment_exec_node]: EventType: Control (Task: pick), Activity: navigate, Robot: robot2, Mission: m4, Segment: s2, End: 12236.421797064
[INFO] [1787686219.614573336] [robot2.fragment_exec_node]: EventType: Task, Activity: pick, Robot: robot2, Mission: m4, Segment: s2, Start: 12236.423421176
[INFO] [1787686219.615450015] [robot2.fragment_exec_node]: Simulating pick skill...
[INFO] [1787686226.109315270] [robot2.fragment_exec_node]: Received fragment: {'robot': 'robot1', 'fragment': {'id': 'f4-8', 'mission': 'm4', 'state': 'assigned', 'wait': ['m4/s3/pick'], 'tasks': [{'name': 'scan', 'params': {'x': 9, 'y': 1}}], 'arrive_timestamp': 1787686023, 'priority': 1, 'segment': 's3', 'preconditions': [], 'postconditions': []}}
[INFO] [1787686226.618903836] [robot2.fragment_exec_node]: Pick completed!
[INFO] [1787686226.621469235] [robot2.fragment_exec_node]: EventType: Task, Activity: pick, Robot: robot2, Mission: m4, Segment: s2, End: 12243.429343365
[INFO] [1787686226.624582422] [robot2.fragment_exec_node]: Execution of fragment f4-4 completed!
[INFO] [1787686227.145034751] [robot2.fragment_exec_node]: Received fragment: {'robot': 'robot2', 'fragment': {'id': 'f4-5', 'mission': 'm4', 'state': 'assigned', 'wait': ['m4/s2/pick'], 'tasks': [{'name': 'scan', 'params': {'x': 10, 'y': 4}}], 'arrive_timestamp': 1787686023, 'priority': 1, 'segment': 's2', 'preconditions': [], 'postconditions': []}}
[INFO] [1787686227.145654139] [robot2.fragment_exec_node]: Received fragment assignment: f4-5. Starting execution.
[INFO] [1787686227.146339075] [robot2.fragment_exec_node]: Waiting for coordination messages before executing fragment f4-5: ['m4/s2/pick']
[INFO] [1787686229.150138743] [robot2.fragment_exec_node]: Executing task scan. Params: {'x': 10, 'y': 4}, Virtual state: {'position': {'x': 10, 'y': 4, 'z': 0.0}, 'docked': False, 'battery': 100.0, 'conditions': ['picked-o1-1', 'picked-o3-3', 'picked-o2-4']}
[INFO] [1787686229.151072071] [robot2.fragment_exec_node]: EventType: Task, Activity: scan, Robot: robot2, Mission: m4, Segment: s2, Start: 12245.959689002
[INFO] [1787686229.151850283] [robot2.fragment_exec_node]: Simulating scan skill...
[INFO] [1787686232.108784475] [robot2.fragment_exec_node]: Received fragment: {'robot': 'robot1', 'fragment': {'id': 'f4-9', 'mission': 'm4', 'state': 'assigned', 'wait': ['m4/s3/scan'], 'tasks': [{'name': 'transport', 'params': {'x': 11, 'y': 6}}], 'arrive_timestamp': 1787686023, 'priority': 1, 'segment': 's3', 'preconditions': ['picked-o3-4'], 'postconditions': []}}
[INFO] [1787686232.155040755] [robot2.fragment_exec_node]: Scan completed!
[INFO] [1787686232.157664544] [robot2.fragment_exec_node]: EventType: Task, Activity: scan, Robot: robot2, Mission: m4, Segment: s2, End: 12248.964957627
[INFO] [1787686232.160689111] [robot2.fragment_exec_node]: Execution of fragment f4-5 completed!
[INFO] [1787686233.104779735] [robot2.fragment_exec_node]: Received fragment: {'robot': 'robot2', 'fragment': {'id': 'f4-6', 'mission': 'm4', 'state': 'assigned', 'wait': ['m4/s2/scan'], 'tasks': [{'name': 'transport', 'params': {'x': 11, 'y': 6}}], 'arrive_timestamp': 1787686023, 'priority': 1, 'segment': 's2', 'preconditions': ['picked-o2-4'], 'postconditions': []}}
[INFO] [1787686233.105531685] [robot2.fragment_exec_node]: Received fragment assignment: f4-6. Starting execution.
[INFO] [1787686233.106337149] [robot2.fragment_exec_node]: Waiting for coordination messages before executing fragment f4-6: ['m4/s2/scan']
[INFO] [1787686235.111656320] [robot2.fragment_exec_node]: Executing task transport. Params: {'x': 11, 'y': 6}, Virtual state: {'position': {'x': 10, 'y': 4, 'z': 0.0}, 'docked': False, 'battery': 100.0, 'conditions': ['picked-o1-1', 'picked-o3-3', 'picked-o2-4']}
[INFO] [1787686235.113842616] [robot2.fragment_exec_node]: EventType: Control (Task: transport), Activity: navigate, Robot: robot2, Mission: m4, Segment: s2, Start: 12251.921599395
[INFO] [1787686235.115752671] [robot2.fragment_exec_node]: Simulating navigate skill from position (10, 4) to (11, 6) (8.246211251235321 seconds)...
[INFO] [1787686243.363826677] [robot2.fragment_exec_node]: Navigation completed!
[INFO] [1787686243.364731521] [robot2.fragment_exec_node]: EventType: Control (Task: transport), Activity: navigate, Robot: robot2, Mission: m4, Segment: s2, End: 12260.173372426
[INFO] [1787686243.365770771] [robot2.fragment_exec_node]: EventType: Task, Activity: transport, Robot: robot2, Mission: m4, Segment: s2, Start: 12260.174535426
[INFO] [1787686243.366497969] [robot2.fragment_exec_node]: Simulating navigate skill from position (11, 6) to (11, 6) (10.0 seconds)...
[INFO] [1787686250.107605526] [robot2.fragment_exec_node]: Received fragment: {'robot': 'robot1', 'fragment': {'id': "f4-10'", 'mission': 'm4', 'state': 'assigned', 'wait': [], 'tasks': [{'name': 'pick', 'params': {'weight': 1, 'x': 2, 'y': 4}}], 'arrive_timestamp': 1787686023, 'priority': 1, 'segment': 's4', 'preconditions': [], 'postconditions': ['picked-o4-4']}}
[INFO] [1787686253.368630762] [robot2.fragment_exec_node]: Navigation completed!
[INFO] [1787686253.369443042] [robot2.fragment_exec_node]: EventType: Task, Activity: transport, Robot: robot2, Mission: m4, Segment: s2, End: 12270.178144253
[INFO] [1787686253.370542755] [robot2.fragment_exec_node]: Execution of fragment f4-6 completed!
[INFO] [1787686274.107896759] [robot2.fragment_exec_node]: Received fragment: {'robot': 'robot1', 'fragment': {'id': 'f4-11', 'mission': 'm4', 'state': 'assigned', 'wait': ['m4/s4/pick'], 'tasks': [{'name': 'scan', 'params': {'x': 2, 'y': 4}}], 'arrive_timestamp': 1787686023, 'priority': 1, 'segment': 's4', 'preconditions': [], 'postconditions': []}}
[INFO] [1787686280.103659728] [robot2.fragment_exec_node]: Received fragment: {'robot': 'robot1', 'fragment': {'id': 'f4-12', 'mission': 'm4', 'state': 'assigned', 'wait': ['m4/s4/scan'], 'tasks': [{'name': 'transport', 'params': {'x': 11, 'y': 6}}], 'arrive_timestamp': 1787686023, 'priority': 1, 'segment': 's4', 'preconditions': ['picked-o4-4'], 'postconditions': []}}
[INFO] [1787686310.121085205] [robot2.fragment_exec_node]: Received fragment: {'robot': 'robot1', 'fragment': {'id': 'f4-13', 'mission': 'm4', 'state': 'assigned', 'wait': ['m4/s1/transport', 'm4/s2/transport', 'm4/s3/transport', 'm4/s4/transport'], 'tasks': [{'name': 'pack', 'params': {'x': 11, 'y': 6, 'items': 4}}], 'arrive_timestamp': 1787686023, 'priority': 1, 'segment': '', 'preconditions': [], 'postconditions': []}}
Traceback (most recent call last):
  File "/root/ros2_ws/install/multi3_executor/lib/multi3_executor/executor", line 33, in <module>
    sys.exit(load_entry_point('multi3-executor==0.0.0', 'console_scripts', 'executor')())
  File "/root/ros2_ws/install/multi3_executor/lib/python3.10/site-packages/multi3_executor/nodes/executor.py", line 236, in main
    rclpy.shutdown()
  File "/opt/ros/humble/local/lib/python3.10/dist-packages/rclpy/__init__.py", line 130, in shutdown
    _shutdown(context=context)
  File "/opt/ros/humble/local/lib/python3.10/dist-packages/rclpy/utilities.py", line 58, in shutdown
    return context.shutdown()
  File "/opt/ros/humble/local/lib/python3.10/dist-packages/rclpy/context.py", line 102, in shutdown
    self.__context.shutdown()
rclpy._rclpy_pybind11.RCLError: failed to shutdown: rcl_shutdown already called on the given context, at ./src/rcl/init.c:241
