=== Test: spec: robots=6, missions=[1, 2, 3, 4], strategy=baseline


--- coordinator.log ---
[INFO] [1787696709.987556223] [multi3_coordinator_node]: Assignment strategy parameter: baseline
[INFO] [1787696709.988505215] [multi3_coordinator_node]: Using assignment strategy: baseline
[INFO] [1787696709.994705296] [multi3_coordinator_node]: Coordinator node started.
[INFO] [1787696713.079168660] [multi3_coordinator_node]: Received new robot info: {'name': 'robot1', 'operational_state': 'idle', 'capabilities': ['pick', 'scan', 'transport', 'pack'], 'state': {'position': {'x': 0.0, 'y': 0.0, 'z': 0.0}, 'docked': True, 'battery': 100.0, 'conditions': []}, 'last_heartbeat': 1787696713}
[INFO] [1787696715.520590548] [multi3_coordinator_node]: Received new robot info: {'name': 'robot2', 'operational_state': 'idle', 'capabilities': ['pick', 'scan', 'transport', 'pack'], 'state': {'position': {'x': 0.0, 'y': 0.0, 'z': 0.0}, 'docked': True, 'battery': 100.0, 'conditions': []}, 'last_heartbeat': 1787696715}
[INFO] [1787696716.973574335] [multi3_coordinator_node]: Received new robot info: {'name': 'robot3', 'operational_state': 'idle', 'capabilities': ['pick', 'scan', 'transport', 'pack'], 'state': {'position': {'x': 0.0, 'y': 0.0, 'z': 0.0}, 'docked': True, 'battery': 100.0, 'conditions': []}, 'last_heartbeat': 1787696716}
[INFO] [1787696719.334934333] [multi3_coordinator_node]: Received new robot info: {'name': 'robot4', 'operational_state': 'idle', 'capabilities': ['pick', 'scan', 'transport', 'pack'], 'state': {'position': {'x': 0.0, 'y': 0.0, 'z': 0.0}, 'docked': True, 'battery': 100.0, 'conditions': []}, 'last_heartbeat': 1787696719}
[INFO] [1787696721.434241483] [multi3_coordinator_node]: Received new robot info: {'name': 'robot5', 'operational_state': 'idle', 'capabilities': ['pick', 'scan', 'transport', 'pack'], 'state': {'position': {'x': 0.0, 'y': 0.0, 'z': 0.0}, 'docked': True, 'battery': 100.0, 'conditions': []}, 'last_heartbeat': 1787696721}
[INFO] [1787696723.375274289] [multi3_coordinator_node]: Received new robot info: {'name': 'robot6', 'operational_state': 'idle', 'capabilities': ['pick', 'scan', 'transport', 'pack'], 'state': {'position': {'x': 0.0, 'y': 0.0, 'z': 0.0}, 'docked': True, 'battery': 100.0, 'conditions': []}, 'last_heartbeat': 1787696723}
[INFO] [1787696725.226330283] [multi3_coordinator_node]: Received mission: {'mission': 'm1', 'priority': 1, 'fragments': [{'id': 'f1-1', 'wait': [], 'tasks': [{'name': 'pick', 'params': {'x': 5, 'y': 8, 'weight': 8}}], 'postconditions': ['picked-o1-1'], 'segment': 's1'}, {'id': 'f1-2', 'wait': ['m1/s1/pick'], 'tasks': [{'name': 'scan', 'params': {'x': 5, 'y': 8}}], 'segment': 's1'}, {'id': 'f1-3', 'wait': ['m1/s1/scan'], 'tasks': [{'name': 'transport', 'params': {'x': 11, 'y': 6}}], 'preconditions': ['picked-o1-1'], 'segment': 's1'}, {'id': 'f1-4', 'wait': ['m1/s1/transport'], 'tasks': [{'name': 'pack', 'params': {'x': 11, 'y': 6, 'items': 1}}], 'segment': ''}]}
[INFO] [1787696725.228675632] [multi3_coordinator_node]: Fragment f1-1 is now executable because all signal messages were received.
[INFO] [1787696726.044370663] [multi3_coordinator_node]: Received mission: {'mission': 'm2', 'priority': 1, 'fragments': [{'id': 'f2-1', 'wait': [], 'tasks': [{'name': 'pick', 'params': {'weight': 5, 'x': 2, 'y': 3}}], 'postconditions': ['picked-o1-2'], 'segment': 's1'}, {'id': 'f2-2', 'wait': ['m2/s1/pick'], 'tasks': [{'name': 'scan', 'params': {'x': 2, 'y': 3}}], 'segment': 's1'}, {'id': 'f2-3', 'wait': ['m2/s1/scan'], 'tasks': [{'name': 'transport', 'params': {'x': 11, 'y': 6}}], 'segment': 's1'}, {'id': 'f2-4', 'wait': [], 'tasks': [{'name': 'pick', 'params': {'weight': 7, 'x': 9, 'y': 5}}], 'postconditions': ['picked-o2-2'], 'segment': 's2'}, {'id': 'f2-5', 'wait': ['m2/s2/pick'], 'tasks': [{'name': 'scan', 'params': {'x': 9, 'y': 5}}], 'segment': 's2'}, {'id': 'f2-6', 'wait': ['m2/s2/scan'], 'tasks': [{'name': 'transport', 'params': {'x': 11, 'y': 6}}], 'preconditions': ['picked-o2-2'], 'segment': 's2'}, {'id': 'f2-7', 'wait': ['m2/s1/transport', 'm2/s2/transport'], 'tasks': [{'name': 'pack', 'params': {'x': 11, 'y': 6, 'items': 2}}], 'segment': ''}]}
[INFO] [1787696726.046278401] [multi3_coordinator_node]: Fragment f2-1 is now executable because all signal messages were received.
[INFO] [1787696726.048508907] [multi3_coordinator_node]: Fragment f2-4 is now executable because all signal messages were received.
[INFO] [1787696726.865900162] [multi3_coordinator_node]: Received mission: {'mission': 'm3', 'priority': 1, 'fragments': [{'id': 'f3-1', 'wait': [], 'tasks': [{'name': 'pick', 'params': {'weight': 3, 'x': 7, 'y': 3}}], 'postconditions': ['picked-o1-3'], 'segment': 's1'}, {'id': 'f3-2', 'wait': ['m3/s1/pick'], 'tasks': [{'name': 'scan', 'params': {'x': 7, 'y': 3}}], 'segment': 's1'}, {'id': 'f3-3', 'wait': ['m3/s1/scan'], 'tasks': [{'name': 'transport', 'params': {'x': 11, 'y': 6}}], 'preconditions': ['picked-o1-3'], 'segment': 's1'}, {'id': 'f3-4', 'wait': [], 'tasks': [{'name': 'pick', 'params': {'weight': 5, 'x': 2, 'y': 3}}], 'postconditions': ['picked-o2-3'], 'segment': 's2'}, {'id': 'f3-5', 'wait': ['m3/s2/pick'], 'tasks': [{'name': 'scan', 'params': {'x': 2, 'y': 3}}], 'segment': 's2'}, {'id': 'f3-6', 'wait': ['m3/s2/scan'], 'tasks': [{'name': 'transport', 'params': {'x': 11, 'y': 6}}], 'preconditions': ['picked-o2-3'], 'segment': 's2'}, {'id': 'f3-7', 'wait': [], 'tasks': [{'name': 'pick', 'params': {'weight': 2, 'x': 1, 'y': 9}}], 'postconditions': ['picked-o3-3'], 'segment': 's3'}, {'id': 'f3-8', 'wait': ['m3/s3/pick'], 'tasks': [{'name': 'scan', 'params': {'x': 1, 'y': 9}}], 'segment': 's3'}, {'id': 'f3-9', 'wait': ['m3/s3/scan'], 'tasks': [{'name': 'transport', 'params': {'x': 11, 'y': 6}}], 'preconditions': ['picked-o3-3'], 'segment': 's3'}, {'id': 'f3-10', 'wait': ['m3/s1/transport', 'm3/s2/transport', 'm3/s3/transport'], 'tasks': [{'name': 'pack', 'params': {'x': 2, 'y': 3, 'items': 3}}], 'segment': ''}]}
[INFO] [1787696726.868127172] [multi3_coordinator_node]: Fragment f3-1 is now executable because all signal messages were received.
[INFO] [1787696726.869570764] [multi3_coordinator_node]: Fragment f3-4 is now executable because all signal messages were received.
[INFO] [1787696726.871310615] [multi3_coordinator_node]: Fragment f3-7 is now executable because all signal messages were received.
[INFO] [1787696727.684517355] [multi3_coordinator_node]: Received mission: {'mission': 'm4', 'priority': 1, 'fragments': [{'id': 'f4-1', 'wait': [], 'tasks': [{'name': 'pick', 'params': {'weight': 5, 'x': 2, 'y': 8}}], 'postconditions': ['picked-o1-4'], 'segment': 's1'}, {'id': 'f4-2', 'wait': ['m4/s1/pick'], 'tasks': [{'name': 'scan', 'params': {'x': 2, 'y': 8}}], 'segment': 's1'}, {'id': 'f4-3', 'wait': ['m4/s1/scan'], 'tasks': [{'name': 'transport', 'params': {'x': 11, 'y': 6}}], 'preconditions': ['picked-o1-4'], 'segment': 's1'}, {'id': 'f4-4', 'wait': [], 'tasks': [{'name': 'pick', 'params': {'weight': 7, 'x': 10, 'y': 4}}], 'postconditions': ['picked-o2-4'], 'segment': 's2'}, {'id': 'f4-5', 'wait': ['m4/s2/pick'], 'tasks': [{'name': 'scan', 'params': {'x': 10, 'y': 4}}], 'segment': 's2'}, {'id': 'f4-6', 'wait': ['m4/s2/scan'], 'tasks': [{'name': 'transport', 'params': {'x': 11, 'y': 6}}], 'preconditions': ['picked-o2-4'], 'segment': 's2'}, {'id': 'f4-7', 'wait': [], 'tasks': [{'name': 'pick', 'params': {'weight': 2, 'x': 9, 'y': 1}}], 'postconditions': ['picked-o3-4'], 'segment': 's3'}, {'id': 'f4-8', 'wait': ['m4/s3/pick'], 'tasks': [{'name': 'scan', 'params': {'x': 9, 'y': 1}}], 'segment': 's3'}, {'id': 'f4-9', 'wait': ['m4/s3/scan'], 'tasks': [{'name': 'transport', 'params': {'x': 11, 'y': 6}}], 'preconditions': ['picked-o3-4'], 'segment': 's3'}, {'id': "f4-10'", 'wait': [], 'tasks': [{'name': 'pick', 'params': {'weight': 1, 'x': 2, 'y': 4}}], 'postconditions': ['picked-o4-4'], 'segment': 's4'}, {'id': 'f4-11', 'wait': ['m4/s4/pick'], 'tasks': [{'name': 'scan', 'params': {'x': 2, 'y': 4}}], 'segment': 's4'}, {'id': 'f4-12', 'wait': ['m4/s4/scan'], 'tasks': [{'name': 'transport', 'params': {'x': 11, 'y': 6}}], 'preconditions': ['picked-o4-4'], 'segment': 's4'}, {'id': 'f4-13', 'wait': ['m4/s1/transport', 'm4/s2/transport', 'm4/s3/transport', 'm4/s4/transport'], 'tasks': [{'name': 'pack', 'params': {'x': 11, 'y': 6, 'items': 4}}], 'segment': ''}]}
[INFO] [1787696727.687335715] [multi3_coordinator_node]: Fragment f4-1 is now executable because all signal messages were received.
[INFO] [1787696727.688810270] [multi3_coordinator_node]: Fragment f4-4 is now executable because all signal messages were received.
[INFO] [1787696727.690461453] [multi3_coordinator_node]: Fragment f4-7 is now executable because all signal messages were received.
[INFO] [1787696727.692137138] [multi3_coordinator_node]: Fragment f4-10' is now executable because all signal messages were received.
[INFO] [1787696728.000545819] [multi3_coordinator_node]: Execution start signal received. Starting fragment assignment.
[INFO] [1787696729.007120637] [multi3_coordinator_node]: Assigned fragment f1-1 to robot robot1.
[INFO] [1787696729.010450916] [multi3_coordinator_node]: Assigned fragment f2-1 to robot robot3.
[INFO] [1787696729.013179068] [multi3_coordinator_node]: Assigned fragment f2-4 to robot robot5.
[INFO] [1787696729.016357450] [multi3_coordinator_node]: Assigned fragment f3-1 to robot robot4.
[INFO] [1787696729.018535849] [multi3_coordinator_node]: Assigned fragment f3-4 to robot robot6.
[INFO] [1787696729.021166109] [multi3_coordinator_node]: Assigned fragment f3-7 to robot robot2.
[INFO] [1787696729.024160367] [multi3_coordinator_node]: Received robot state update: {'operational_state': 'working', 'current_assigned_fragment': 'f1-1', 'conditions': [], 'state': {'position': {'x': 0.0, 'y': 0.0, 'z': 0.0}, 'docked': True, 'battery': 100.0, 'conditions': []}}
[INFO] [1787696729.035816370] [multi3_coordinator_node]: Received robot state update: {'operational_state': 'working', 'current_assigned_fragment': 'f2-4', 'conditions': [], 'state': {'position': {'x': 0.0, 'y': 0.0, 'z': 0.0}, 'docked': True, 'battery': 100.0, 'conditions': []}}
[INFO] [1787696729.045104842] [multi3_coordinator_node]: Received robot state update: {'operational_state': 'working', 'current_assigned_fragment': 'f2-1', 'conditions': [], 'state': {'position': {'x': 0.0, 'y': 0.0, 'z': 0.0}, 'docked': True, 'battery': 100.0, 'conditions': []}}
[INFO] [1787696729.046892838] [multi3_coordinator_node]: Received robot state update: {'operational_state': 'working', 'current_assigned_fragment': 'f3-7', 'conditions': [], 'state': {'position': {'x': 0.0, 'y': 0.0, 'z': 0.0}, 'docked': True, 'battery': 100.0, 'conditions': []}}
[INFO] [1787696729.050169614] [multi3_coordinator_node]: Received robot state update: {'operational_state': 'working', 'current_assigned_fragment': 'f3-1', 'conditions': [], 'state': {'position': {'x': 0.0, 'y': 0.0, 'z': 0.0}, 'docked': True, 'battery': 100.0, 'conditions': []}}
[INFO] [1787696729.051178017] [multi3_coordinator_node]: Received robot state update: {'operational_state': 'working', 'current_assigned_fragment': 'f3-4', 'conditions': [], 'state': {'position': {'x': 0.0, 'y': 0.0, 'z': 0.0}, 'docked': True, 'battery': 100.0, 'conditions': []}}
[INFO] [1787696745.287228925] [multi3_coordinator_node]: Fragment f2-2 is now executable because all signal messages were received.
[INFO] [1787696745.289314574] [multi3_coordinator_node]: Received coordination message: {'robot_name': 'robot3', 'completed_task': 'm2/s1/pick'}
[INFO] [1787696745.291388289] [multi3_coordinator_node]: Received robot state update: {'operational_state': 'idle', 'current_assigned_fragment': None, 'conditions': ['picked-o1-2'], 'state': {'position': {'x': 2, 'y': 3, 'z': 0.0}, 'docked': False, 'battery': 100.0, 'conditions': ['picked-o1-2']}}
[INFO] [1787696745.292989233] [multi3_coordinator_node]: Received coordination message: {'robot_name': 'robot3', 'completed_fragment': 'f2-1', 'state': {'position': {'x': 2, 'y': 3, 'z': 0.0}, 'docked': False, 'battery': 100.0, 'conditions': ['picked-o1-2']}}
[INFO] [1787696745.295132156] [multi3_coordinator_node]: Received robot state update: {'operational_state': 'idle', 'current_assigned_fragment': None, 'conditions': ['picked-o2-3'], 'state': {'position': {'x': 2, 'y': 3, 'z': 0.0}, 'docked': False, 'battery': 100.0, 'conditions': ['picked-o2-3']}}
[INFO] [1787696745.297253271] [multi3_coordinator_node]: Fragment f3-5 is now executable because all signal messages were received.
[INFO] [1787696745.298493082] [multi3_coordinator_node]: Received coordination message: {'robot_name': 'robot6', 'completed_task': 'm3/s2/pick'}
[INFO] [1787696745.300141804] [multi3_coordinator_node]: Received coordination message: {'robot_name': 'robot6', 'completed_fragment': 'f3-4', 'state': {'position': {'x': 2, 'y': 3, 'z': 0.0}, 'docked': False, 'battery': 100.0, 'conditions': ['picked-o2-3']}}
[INFO] [1787696746.005209965] [multi3_coordinator_node]: Assigned fragment f2-2 to robot robot6.
[INFO] [1787696746.008272986] [multi3_coordinator_node]: Assigned fragment f3-5 to robot robot3.
[INFO] [1787696746.023650689] [multi3_coordinator_node]: Received robot state update: {'operational_state': 'working', 'current_assigned_fragment': 'f2-2', 'conditions': ['picked-o2-3'], 'state': {'position': {'x': 2, 'y': 3, 'z': 0.0}, 'docked': False, 'battery': 100.0, 'conditions': ['picked-o2-3']}}
[INFO] [1787696746.025102003] [multi3_coordinator_node]: Received robot state update: {'operational_state': 'working', 'current_assigned_fragment': 'f3-5', 'conditions': ['picked-o1-2'], 'state': {'position': {'x': 2, 'y': 3, 'z': 0.0}, 'docked': False, 'battery': 100.0, 'conditions': ['picked-o1-2']}}
[INFO] [1787696749.030324903] [multi3_coordinator_node]: Fragment f2-3 is now executable because all signal messages were received.
[INFO] [1787696749.031771595] [multi3_coordinator_node]: Received coordination message: {'robot_name': 'robot6', 'completed_task': 'm2/s1/scan'}
[INFO] [1787696749.033052002] [multi3_coordinator_node]: Received robot state update: {'operational_state': 'idle', 'current_assigned_fragment': None, 'conditions': ['picked-o2-3'], 'state': {'position': {'x': 2, 'y': 3, 'z': 0.0}, 'docked': False, 'battery': 100.0, 'conditions': ['picked-o2-3']}}
[INFO] [1787696749.033974843] [multi3_coordinator_node]: Received coordination message: {'robot_name': 'robot6', 'completed_fragment': 'f2-2', 'state': {'position': {'x': 2, 'y': 3, 'z': 0.0}, 'docked': False, 'battery': 100.0, 'conditions': ['picked-o2-3']}}
[INFO] [1787696749.035132660] [multi3_coordinator_node]: Received robot state update: {'operational_state': 'idle', 'current_assigned_fragment': None, 'conditions': ['picked-o1-2'], 'state': {'position': {'x': 2, 'y': 3, 'z': 0.0}, 'docked': False, 'battery': 100.0, 'conditions': ['picked-o1-2']}}
[INFO] [1787696749.035865932] [multi3_coordinator_node]: Fragment f3-6 is now executable because all signal messages were received.
[INFO] [1787696749.036457603] [multi3_coordinator_node]: Received coordination message: {'robot_name': 'robot3', 'completed_task': 'm3/s2/scan'}
[INFO] [1787696749.037461527] [multi3_coordinator_node]: Received coordination message: {'robot_name': 'robot3', 'completed_fragment': 'f3-5', 'state': {'position': {'x': 2, 'y': 3, 'z': 0.0}, 'docked': False, 'battery': 100.0, 'conditions': ['picked-o1-2']}}
[INFO] [1787696750.006226120] [multi3_coordinator_node]: Assigned fragment f2-3 to robot robot6.
[INFO] [1787696750.009262059] [multi3_coordinator_node]: Assigned fragment f4-1 to robot robot3.
[INFO] [1787696750.032974622] [multi3_coordinator_node]: Received robot state update: {'operational_state': 'working', 'current_assigned_fragment': 'f2-3', 'conditions': ['picked-o2-3'], 'state': {'position': {'x': 2, 'y': 3, 'z': 0.0}, 'docked': False, 'battery': 100.0, 'conditions': ['picked-o2-3']}}
[INFO] [1787696750.034881194] [multi3_coordinator_node]: Received robot state update: {'operational_state': 'working', 'current_assigned_fragment': 'f4-1', 'conditions': ['picked-o1-2'], 'state': {'position': {'x': 2, 'y': 3, 'z': 0.0}, 'docked': False, 'battery': 100.0, 'conditions': ['picked-o1-2']}}
[INFO] [1787696751.312102033] [multi3_coordinator_node]: Fragment f3-2 is now executable because all signal messages were received.
[INFO] [1787696751.313963616] [multi3_coordinator_node]: Received coordination message: {'robot_name': 'robot4', 'completed_task': 'm3/s1/pick'}
[INFO] [1787696751.316885321] [multi3_coordinator_node]: Received robot state update: {'operational_state': 'idle', 'current_assigned_fragment': None, 'conditions': ['picked-o1-3'], 'state': {'position': {'x': 7, 'y': 3, 'z': 0.0}, 'docked': False, 'battery': 100.0, 'conditions': ['picked-o1-3']}}
[INFO] [1787696751.318417584] [multi3_coordinator_node]: Received coordination message: {'robot_name': 'robot4', 'completed_fragment': 'f3-1', 'state': {'position': {'x': 7, 'y': 3, 'z': 0.0}, 'docked': False, 'battery': 100.0, 'conditions': ['picked-o1-3']}}
[INFO] [1787696752.004364920] [multi3_coordinator_node]: Assigned fragment f3-2 to robot robot4.
[INFO] [1787696752.019536845] [multi3_coordinator_node]: Received robot state update: {'operational_state': 'working', 'current_assigned_fragment': 'f3-2', 'conditions': ['picked-o1-3'], 'state': {'position': {'x': 7, 'y': 3, 'z': 0.0}, 'docked': False, 'battery': 100.0, 'conditions': ['picked-o1-3']}}
[INFO] [1787696753.189267034] [multi3_coordinator_node]: Fragment f3-8 is now executable because all signal messages were received.
[INFO] [1787696753.191150197] [multi3_coordinator_node]: Received coordination message: {'robot_name': 'robot2', 'completed_task': 'm3/s3/pick'}
[INFO] [1787696753.193640355] [multi3_coordinator_node]: Received robot state update: {'operational_state': 'idle', 'current_assigned_fragment': None, 'conditions': ['picked-o3-3'], 'state': {'position': {'x': 1, 'y': 9, 'z': 0.0}, 'docked': False, 'battery': 100.0, 'conditions': ['picked-o3-3']}}
[INFO] [1787696753.195301156] [multi3_coordinator_node]: Received coordination message: {'robot_name': 'robot2', 'completed_fragment': 'f3-7', 'state': {'position': {'x': 1, 'y': 9, 'z': 0.0}, 'docked': False, 'battery': 100.0, 'conditions': ['picked-o3-3']}}
[INFO] [1787696754.006055096] [multi3_coordinator_node]: Assigned fragment f3-8 to robot robot2.
[INFO] [1787696754.022362550] [multi3_coordinator_node]: Received robot state update: {'operational_state': 'working', 'current_assigned_fragment': 'f3-8', 'conditions': ['picked-o3-3'], 'state': {'position': {'x': 1, 'y': 9, 'z': 0.0}, 'docked': False, 'battery': 100.0, 'conditions': ['picked-o3-3']}}
[INFO] [1787696755.028198970] [multi3_coordinator_node]: Fragment f3-3 is now executable because all signal messages were received.
[INFO] [1787696755.029382504] [multi3_coordinator_node]: Received coordination message: {'robot_name': 'robot4', 'completed_task': 'm3/s1/scan'}
[INFO] [1787696755.031463201] [multi3_coordinator_node]: Received robot state update: {'operational_state': 'idle', 'current_assigned_fragment': None, 'conditions': ['picked-o1-3'], 'state': {'position': {'x': 7, 'y': 3, 'z': 0.0}, 'docked': False, 'battery': 100.0, 'conditions': ['picked-o1-3']}}
[INFO] [1787696755.032994427] [multi3_coordinator_node]: Received coordination message: {'robot_name': 'robot4', 'completed_fragment': 'f3-2', 'state': {'position': {'x': 7, 'y': 3, 'z': 0.0}, 'docked': False, 'battery': 100.0, 'conditions': ['picked-o1-3']}}
[INFO] [1787696756.004666353] [multi3_coordinator_node]: Assigned fragment f3-3 to robot robot4.
[INFO] [1787696756.017850284] [multi3_coordinator_node]: Received robot state update: {'operational_state': 'working', 'current_assigned_fragment': 'f3-3', 'conditions': ['picked-o1-3'], 'state': {'position': {'x': 7, 'y': 3, 'z': 0.0}, 'docked': False, 'battery': 100.0, 'conditions': ['picked-o1-3']}}
[INFO] [1787696757.033114509] [multi3_coordinator_node]: Fragment f3-9 is now executable because all signal messages were received.
[INFO] [1787696757.034740367] [multi3_coordinator_node]: Received coordination message: {'robot_name': 'robot2', 'completed_task': 'm3/s3/scan'}
[INFO] [1787696757.037078197] [multi3_coordinator_node]: Received robot state update: {'operational_state': 'idle', 'current_assigned_fragment': None, 'conditions': ['picked-o3-3'], 'state': {'position': {'x': 1, 'y': 9, 'z': 0.0}, 'docked': False, 'battery': 100.0, 'conditions': ['picked-o3-3']}}
[INFO] [1787696757.038570099] [multi3_coordinator_node]: Received coordination message: {'robot_name': 'robot2', 'completed_fragment': 'f3-8', 'state': {'position': {'x': 1, 'y': 9, 'z': 0.0}, 'docked': False, 'battery': 100.0, 'conditions': ['picked-o3-3']}}
[INFO] [1787696758.006687226] [multi3_coordinator_node]: Assigned fragment f3-9 to robot robot2.
[INFO] [1787696758.014419076] [multi3_coordinator_node]: Received robot state update: {'operational_state': 'working', 'current_assigned_fragment': 'f3-9', 'conditions': ['picked-o3-3'], 'state': {'position': {'x': 1, 'y': 9, 'z': 0.0}, 'docked': False, 'battery': 100.0, 'conditions': ['picked-o3-3']}}
[INFO] [1787696759.941546330] [multi3_coordinator_node]: Fragment f1-2 is now executable because all signal messages were received.
[INFO] [1787696759.943181253] [multi3_coordinator_node]: Received coordination message: {'robot_name': 'robot1', 'completed_task': 'm1/s1/pick'}
[INFO] [1787696759.946216188] [multi3_coordinator_node]: Received robot state update: {'operational_state': 'idle', 'current_assigned_fragment': None, 'conditions': ['picked-o1-1'], 'state': {'position': {'x': 5, 'y': 8, 'z': 0.0}, 'docked': False, 'battery': 100.0, 'conditions': ['picked-o1-1']}}
[INFO] [1787696759.947928032] [multi3_coordinator_node]: Received coordination message: {'robot_name': 'robot1', 'completed_fragment': 'f1-1', 'state': {'position': {'x': 5, 'y': 8, 'z': 0.0}, 'docked': False, 'battery': 100.0, 'conditions': ['picked-o1-1']}}
[INFO] [1787696760.003453981] [multi3_coordinator_node]: Assigned fragment f1-2 to robot robot1.
[INFO] [1787696760.007962428] [multi3_coordinator_node]: Received robot state update: {'operational_state': 'working', 'current_assigned_fragment': 'f1-2', 'conditions': ['picked-o1-1'], 'state': {'position': {'x': 5, 'y': 8, 'z': 0.0}, 'docked': False, 'battery': 100.0, 'conditions': ['picked-o1-1']}}
[INFO] [1787696760.662321030] [multi3_coordinator_node]: Fragment f2-5 is now executable because all signal messages were received.
[INFO] [1787696760.664032565] [multi3_coordinator_node]: Received coordination message: {'robot_name': 'robot5', 'completed_task': 'm2/s2/pick'}
[INFO] [1787696760.666262775] [multi3_coordinator_node]: Received robot state update: {'operational_state': 'idle', 'current_assigned_fragment': None, 'conditions': ['picked-o2-2'], 'state': {'position': {'x': 9, 'y': 5, 'z': 0.0}, 'docked': False, 'battery': 100.0, 'conditions': ['picked-o2-2']}}
[INFO] [1787696760.667671285] [multi3_coordinator_node]: Received coordination message: {'robot_name': 'robot5', 'completed_fragment': 'f2-4', 'state': {'position': {'x': 9, 'y': 5, 'z': 0.0}, 'docked': False, 'battery': 100.0, 'conditions': ['picked-o2-2']}}
[INFO] [1787696761.009242866] [multi3_coordinator_node]: Assigned fragment f2-5 to robot robot5.
[INFO] [1787696761.020627888] [multi3_coordinator_node]: Received robot state update: {'operational_state': 'working', 'current_assigned_fragment': 'f2-5', 'conditions': ['picked-o2-2'], 'state': {'position': {'x': 9, 'y': 5, 'z': 0.0}, 'docked': False, 'battery': 100.0, 'conditions': ['picked-o2-2']}}
[INFO] [1787696763.020363150] [multi3_coordinator_node]: Fragment f1-3 is now executable because all signal messages were received.
[INFO] [1787696763.022195098] [multi3_coordinator_node]: Received coordination message: {'robot_name': 'robot1', 'completed_task': 'm1/s1/scan'}
[INFO] [1787696763.024564374] [multi3_coordinator_node]: Received robot state update: {'operational_state': 'idle', 'current_assigned_fragment': None, 'conditions': ['picked-o1-1'], 'state': {'position': {'x': 5, 'y': 8, 'z': 0.0}, 'docked': False, 'battery': 100.0, 'conditions': ['picked-o1-1']}}
[INFO] [1787696763.026715827] [multi3_coordinator_node]: Received coordination message: {'robot_name': 'robot1', 'completed_fragment': 'f1-2', 'state': {'position': {'x': 5, 'y': 8, 'z': 0.0}, 'docked': False, 'battery': 100.0, 'conditions': ['picked-o1-1']}}
[INFO] [1787696764.005854044] [multi3_coordinator_node]: Assigned fragment f1-3 to robot robot1.
[INFO] [1787696764.016187390] [multi3_coordinator_node]: Received robot state update: {'operational_state': 'working', 'current_assigned_fragment': 'f1-3', 'conditions': ['picked-o1-1'], 'state': {'position': {'x': 5, 'y': 8, 'z': 0.0}, 'docked': False, 'battery': 100.0, 'conditions': ['picked-o1-1']}}
[INFO] [1787696766.033336364] [multi3_coordinator_node]: Fragment f2-6 is now executable because all signal messages were received.
[INFO] [1787696766.034400743] [multi3_coordinator_node]: Received coordination message: {'robot_name': 'robot5', 'completed_task': 'm2/s2/scan'}
[INFO] [1787696766.036055318] [multi3_coordinator_node]: Received robot state update: {'operational_state': 'idle', 'current_assigned_fragment': None, 'conditions': ['picked-o2-2'], 'state': {'position': {'x': 9, 'y': 5, 'z': 0.0}, 'docked': False, 'battery': 100.0, 'conditions': ['picked-o2-2']}}
[INFO] [1787696766.037256634] [multi3_coordinator_node]: Received coordination message: {'robot_name': 'robot5', 'completed_fragment': 'f2-5', 'state': {'position': {'x': 9, 'y': 5, 'z': 0.0}, 'docked': False, 'battery': 100.0, 'conditions': ['picked-o2-2']}}
[INFO] [1787696767.008164199] [multi3_coordinator_node]: Assigned fragment f2-6 to robot robot5.
[INFO] [1787696767.032032598] [multi3_coordinator_node]: Received robot state update: {'operational_state': 'working', 'current_assigned_fragment': 'f2-6', 'conditions': ['picked-o2-2'], 'state': {'position': {'x': 9, 'y': 5, 'z': 0.0}, 'docked': False, 'battery': 100.0, 'conditions': ['picked-o2-2']}}
[INFO] [1787696767.052074513] [multi3_coordinator_node]: Fragment f4-2 is now executable because all signal messages were received.
[INFO] [1787696767.052970373] [multi3_coordinator_node]: Received coordination message: {'robot_name': 'robot3', 'completed_task': 'm4/s1/pick'}
[INFO] [1787696767.054193790] [multi3_coordinator_node]: Received robot state update: {'operational_state': 'idle', 'current_assigned_fragment': None, 'conditions': ['picked-o1-2', 'picked-o1-4'], 'state': {'position': {'x': 2, 'y': 8, 'z': 0.0}, 'docked': False, 'battery': 100.0, 'conditions': ['picked-o1-2', 'picked-o1-4']}}
[INFO] [1787696767.055082510] [multi3_coordinator_node]: Received coordination message: {'robot_name': 'robot3', 'completed_fragment': 'f4-1', 'state': {'position': {'x': 2, 'y': 8, 'z': 0.0}, 'docked': False, 'battery': 100.0, 'conditions': ['picked-o1-2', 'picked-o1-4']}}
[INFO] [1787696768.005011843] [multi3_coordinator_node]: Assigned fragment f4-2 to robot robot3.
[INFO] [1787696768.014959416] [multi3_coordinator_node]: Received robot state update: {'operational_state': 'working', 'current_assigned_fragment': 'f4-2', 'conditions': ['picked-o1-2', 'picked-o1-4'], 'state': {'position': {'x': 2, 'y': 8, 'z': 0.0}, 'docked': False, 'battery': 100.0, 'conditions': ['picked-o1-2', 'picked-o1-4']}}
[INFO] [1787696771.024192858] [multi3_coordinator_node]: Fragment f4-3 is now executable because all signal messages were received.
[INFO] [1787696771.025851946] [multi3_coordinator_node]: Received coordination message: {'robot_name': 'robot3', 'completed_task': 'm4/s1/scan'}
[INFO] [1787696771.027943064] [multi3_coordinator_node]: Received robot state update: {'operational_state': 'idle', 'current_assigned_fragment': None, 'conditions': ['picked-o1-2', 'picked-o1-4'], 'state': {'position': {'x': 2, 'y': 8, 'z': 0.0}, 'docked': False, 'battery': 100.0, 'conditions': ['picked-o1-2', 'picked-o1-4']}}
[INFO] [1787696771.029222068] [multi3_coordinator_node]: Received coordination message: {'robot_name': 'robot3', 'completed_fragment': 'f4-2', 'state': {'position': {'x': 2, 'y': 8, 'z': 0.0}, 'docked': False, 'battery': 100.0, 'conditions': ['picked-o1-2', 'picked-o1-4']}}
[INFO] [1787696772.004697463] [multi3_coordinator_node]: Assigned fragment f4-3 to robot robot3.
[INFO] [1787696772.015166461] [multi3_coordinator_node]: Received robot state update: {'operational_state': 'working', 'current_assigned_fragment': 'f4-3', 'conditions': ['picked-o1-2', 'picked-o1-4'], 'state': {'position': {'x': 2, 'y': 8, 'z': 0.0}, 'docked': False, 'battery': 100.0, 'conditions': ['picked-o1-2', 'picked-o1-4']}}
[INFO] [1787696774.282360891] [multi3_coordinator_node]: Received coordination message: {'robot_name': 'robot4', 'completed_task': 'm3/s1/transport'}
[INFO] [1787696774.285413375] [multi3_coordinator_node]: Received robot state update: {'operational_state': 'idle', 'current_assigned_fragment': None, 'conditions': ['picked-o1-3'], 'state': {'position': {'x': 11, 'y': 6, 'z': 0.0}, 'docked': False, 'battery': 100.0, 'conditions': ['picked-o1-3']}}
[INFO] [1787696774.286996791] [multi3_coordinator_node]: Received coordination message: {'robot_name': 'robot4', 'completed_fragment': 'f3-3', 'state': {'position': {'x': 11, 'y': 6, 'z': 0.0}, 'docked': False, 'battery': 100.0, 'conditions': ['picked-o1-3']}}
[INFO] [1787696775.006919883] [multi3_coordinator_node]: Assigned fragment f4-4 to robot robot4.
[INFO] [1787696775.017560370] [multi3_coordinator_node]: Received robot state update: {'operational_state': 'working', 'current_assigned_fragment': 'f4-4', 'conditions': ['picked-o1-3'], 'state': {'position': {'x': 11, 'y': 6, 'z': 0.0}, 'docked': False, 'battery': 100.0, 'conditions': ['picked-o1-3']}}
[INFO] [1787696779.752254630] [multi3_coordinator_node]: Received coordination message: {'robot_name': 'robot6', 'completed_task': 'm2/s1/transport'}
[INFO] [1787696779.754575115] [multi3_coordinator_node]: Received robot state update: {'operational_state': 'idle', 'current_assigned_fragment': None, 'conditions': ['picked-o2-3'], 'state': {'position': {'x': 11, 'y': 6, 'z': 0.0}, 'docked': False, 'battery': 100.0, 'conditions': ['picked-o2-3']}}
[INFO] [1787696779.756438043] [multi3_coordinator_node]: Received coordination message: {'robot_name': 'robot6', 'completed_fragment': 'f2-3', 'state': {'position': {'x': 11, 'y': 6, 'z': 0.0}, 'docked': False, 'battery': 100.0, 'conditions': ['picked-o2-3']}}
[INFO] [1787696780.005835010] [multi3_coordinator_node]: Assigned fragment f3-6 to robot robot6.
[INFO] [1787696780.014108213] [multi3_coordinator_node]: Received robot state update: {'operational_state': 'working', 'current_assigned_fragment': 'f3-6', 'conditions': ['picked-o2-3'], 'state': {'position': {'x': 11, 'y': 6, 'z': 0.0}, 'docked': False, 'battery': 100.0, 'conditions': ['picked-o2-3']}}
[INFO] [1787696786.205360461] [multi3_coordinator_node]: Fragment f1-4 is now executable because all signal messages were received.
[INFO] [1787696786.206936762] [multi3_coordinator_node]: Received coordination message: {'robot_name': 'robot1', 'completed_task': 'm1/s1/transport'}
[INFO] [1787696786.209218492] [multi3_coordinator_node]: Received robot state update: {'operational_state': 'idle', 'current_assigned_fragment': None, 'conditions': ['picked-o1-1'], 'state': {'position': {'x': 11, 'y': 6, 'z': 0.0}, 'docked': False, 'battery': 100.0, 'conditions': ['picked-o1-1']}}
[INFO] [1787696786.210643675] [multi3_coordinator_node]: Received coordination message: {'robot_name': 'robot1', 'completed_fragment': 'f1-3', 'state': {'position': {'x': 11, 'y': 6, 'z': 0.0}, 'docked': False, 'battery': 100.0, 'conditions': ['picked-o1-1']}}
[INFO] [1787696786.272732411] [multi3_coordinator_node]: Fragment f2-7 is now executable because all signal messages were received.
[INFO] [1787696786.274539015] [multi3_coordinator_node]: Received coordination message: {'robot_name': 'robot5', 'completed_task': 'm2/s2/transport'}
[INFO] [1787696786.276916712] [multi3_coordinator_node]: Received robot state update: {'operational_state': 'idle', 'current_assigned_fragment': None, 'conditions': ['picked-o2-2'], 'state': {'position': {'x': 11, 'y': 6, 'z': 0.0}, 'docked': False, 'battery': 100.0, 'conditions': ['picked-o2-2']}}
[INFO] [1787696786.278431055] [multi3_coordinator_node]: Received coordination message: {'robot_name': 'robot5', 'completed_fragment': 'f2-6', 'state': {'position': {'x': 11, 'y': 6, 'z': 0.0}, 'docked': False, 'battery': 100.0, 'conditions': ['picked-o2-2']}}
[INFO] [1787696787.008203374] [multi3_coordinator_node]: Assigned fragment f1-4 to robot robot5.
[INFO] [1787696787.011398931] [multi3_coordinator_node]: Assigned fragment f2-7 to robot robot1.
[INFO] [1787696787.024303196] [multi3_coordinator_node]: Received robot state update: {'operational_state': 'working', 'current_assigned_fragment': 'f2-7', 'conditions': ['picked-o1-1'], 'state': {'position': {'x': 11, 'y': 6, 'z': 0.0}, 'docked': False, 'battery': 100.0, 'conditions': ['picked-o1-1']}}
[INFO] [1787696787.028719852] [multi3_coordinator_node]: Received robot state update: {'operational_state': 'working', 'current_assigned_fragment': 'f1-4', 'conditions': ['picked-o2-2'], 'state': {'position': {'x': 11, 'y': 6, 'z': 0.0}, 'docked': False, 'battery': 100.0, 'conditions': ['picked-o2-2']}}
[INFO] [1787696790.032650026] [multi3_coordinator_node]: Received coordination message: {'robot_name': 'robot6', 'completed_task': 'm3/s2/transport'}
[INFO] [1787696790.033779524] [multi3_coordinator_node]: Received robot state update: {'operational_state': 'idle', 'current_assigned_fragment': None, 'conditions': ['picked-o2-3'], 'state': {'position': {'x': 11, 'y': 6, 'z': 0.0}, 'docked': False, 'battery': 100.0, 'conditions': ['picked-o2-3']}}
[INFO] [1787696790.034555512] [multi3_coordinator_node]: Received coordination message: {'robot_name': 'robot6', 'completed_fragment': 'f3-6', 'state': {'position': {'x': 11, 'y': 6, 'z': 0.0}, 'docked': False, 'battery': 100.0, 'conditions': ['picked-o2-3']}}
[INFO] [1787696790.384963271] [multi3_coordinator_node]: Fragment f3-10 is now executable because all signal messages were received.
[INFO] [1787696790.385659724] [multi3_coordinator_node]: Received coordination message: {'robot_name': 'robot2', 'completed_task': 'm3/s3/transport'}
[INFO] [1787696790.386637638] [multi3_coordinator_node]: Received robot state update: {'operational_state': 'idle', 'current_assigned_fragment': None, 'conditions': ['picked-o3-3'], 'state': {'position': {'x': 11, 'y': 6, 'z': 0.0}, 'docked': False, 'battery': 100.0, 'conditions': ['picked-o3-3']}}
[INFO] [1787696790.387451492] [multi3_coordinator_node]: Received coordination message: {'robot_name': 'robot2', 'completed_fragment': 'f3-9', 'state': {'position': {'x': 11, 'y': 6, 'z': 0.0}, 'docked': False, 'battery': 100.0, 'conditions': ['picked-o3-3']}}
[INFO] [1787696791.007431470] [multi3_coordinator_node]: Assigned fragment f3-10 to robot robot6.
[INFO] [1787696791.013936232] [multi3_coordinator_node]: Assigned fragment f4-7 to robot robot2.
[INFO] [1787696791.039441263] [multi3_coordinator_node]: Received robot state update: {'operational_state': 'working', 'current_assigned_fragment': 'f3-10', 'conditions': ['picked-o2-3'], 'state': {'position': {'x': 11, 'y': 6, 'z': 0.0}, 'docked': False, 'battery': 100.0, 'conditions': ['picked-o2-3']}}
[INFO] [1787696791.040689258] [multi3_coordinator_node]: Received robot state update: {'operational_state': 'working', 'current_assigned_fragment': 'f4-7', 'conditions': ['picked-o3-3'], 'state': {'position': {'x': 11, 'y': 6, 'z': 0.0}, 'docked': False, 'battery': 100.0, 'conditions': ['picked-o3-3']}}
[INFO] [1787696795.044795636] [multi3_coordinator_node]: Received coordination message: {'robot_name': 'robot5', 'completed_task': 'm1//pack'}
[INFO] [1787696795.047532093] [multi3_coordinator_node]: Received robot state update: {'operational_state': 'idle', 'current_assigned_fragment': None, 'conditions': ['picked-o2-2'], 'state': {'position': {'x': 11, 'y': 6, 'z': 0.0}, 'docked': False, 'battery': 100.0, 'conditions': ['picked-o2-2']}}
[INFO] [1787696795.049070004] [multi3_coordinator_node]: Received coordination message: {'robot_name': 'robot5', 'completed_fragment': 'f1-4', 'state': {'position': {'x': 11, 'y': 6, 'z': 0.0}, 'docked': False, 'battery': 100.0, 'conditions': ['picked-o2-2']}}
[INFO] [1787696796.006041640] [multi3_coordinator_node]: Assigned fragment f4-10' to robot robot5.
[INFO] [1787696796.023311258] [multi3_coordinator_node]: Received robot state update: {'operational_state': 'working', 'current_assigned_fragment': "f4-10'", 'conditions': ['picked-o2-2'], 'state': {'position': {'x': 11, 'y': 6, 'z': 0.0}, 'docked': False, 'battery': 100.0, 'conditions': ['picked-o2-2']}}
[INFO] [1787696796.180555178] [multi3_coordinator_node]: Fragment f4-5 is now executable because all signal messages were received.
[INFO] [1787696796.182678637] [multi3_coordinator_node]: Received coordination message: {'robot_name': 'robot4', 'completed_task': 'm4/s2/pick'}
[INFO] [1787696796.184798343] [multi3_coordinator_node]: Received robot state update: {'operational_state': 'idle', 'current_assigned_fragment': None, 'conditions': ['picked-o1-3', 'picked-o2-4'], 'state': {'position': {'x': 10, 'y': 4, 'z': 0.0}, 'docked': False, 'battery': 100.0, 'conditions': ['picked-o1-3', 'picked-o2-4']}}
[INFO] [1787696796.186201245] [multi3_coordinator_node]: Received coordination message: {'robot_name': 'robot4', 'completed_fragment': 'f4-4', 'state': {'position': {'x': 10, 'y': 4, 'z': 0.0}, 'docked': False, 'battery': 100.0, 'conditions': ['picked-o1-3', 'picked-o2-4']}}
[INFO] [1787696797.007793514] [multi3_coordinator_node]: Assigned fragment f4-5 to robot robot4.
[INFO] [1787696797.043836333] [multi3_coordinator_node]: Received robot state update: {'operational_state': 'working', 'current_assigned_fragment': 'f4-5', 'conditions': ['picked-o1-3', 'picked-o2-4'], 'state': {'position': {'x': 10, 'y': 4, 'z': 0.0}, 'docked': False, 'battery': 100.0, 'conditions': ['picked-o1-3', 'picked-o2-4']}}
[INFO] [1787696801.044631868] [multi3_coordinator_node]: Received coordination message: {'robot_name': 'robot1', 'completed_task': 'm2//pack'}
[INFO] [1787696801.047166558] [multi3_coordinator_node]: Received robot state update: {'operational_state': 'idle', 'current_assigned_fragment': None, 'conditions': ['picked-o1-1'], 'state': {'position': {'x': 11, 'y': 6, 'z': 0.0}, 'docked': False, 'battery': 100.0, 'conditions': ['picked-o1-1']}}
[INFO] [1787696801.048972110] [multi3_coordinator_node]: Received coordination message: {'robot_name': 'robot1', 'completed_fragment': 'f2-7', 'state': {'position': {'x': 11, 'y': 6, 'z': 0.0}, 'docked': False, 'battery': 100.0, 'conditions': ['picked-o1-1']}}
[INFO] [1787696801.733813826] [multi3_coordinator_node]: Received coordination message: {'robot_name': 'robot3', 'completed_task': 'm4/s1/transport'}
[INFO] [1787696801.736572066] [multi3_coordinator_node]: Received robot state update: {'operational_state': 'idle', 'current_assigned_fragment': None, 'conditions': ['picked-o1-2', 'picked-o1-4'], 'state': {'position': {'x': 11, 'y': 6, 'z': 0.0}, 'docked': False, 'battery': 100.0, 'conditions': ['picked-o1-2', 'picked-o1-4']}}
[INFO] [1787696801.738140807] [multi3_coordinator_node]: Received coordination message: {'robot_name': 'robot3', 'completed_fragment': 'f4-3', 'state': {'position': {'x': 11, 'y': 6, 'z': 0.0}, 'docked': False, 'battery': 100.0, 'conditions': ['picked-o1-2', 'picked-o1-4']}}
[INFO] [1787696802.063628739] [multi3_coordinator_node]: Fragment f4-6 is now executable because all signal messages were received.
[INFO] [1787696802.065205628] [multi3_coordinator_node]: Received coordination message: {'robot_name': 'robot4', 'completed_task': 'm4/s2/scan'}
[INFO] [1787696802.067529461] [multi3_coordinator_node]: Received robot state update: {'operational_state': 'idle', 'current_assigned_fragment': None, 'conditions': ['picked-o1-3', 'picked-o2-4'], 'state': {'position': {'x': 10, 'y': 4, 'z': 0.0}, 'docked': False, 'battery': 100.0, 'conditions': ['picked-o1-3', 'picked-o2-4']}}
[INFO] [1787696802.069080353] [multi3_coordinator_node]: Received coordination message: {'robot_name': 'robot4', 'completed_fragment': 'f4-5', 'state': {'position': {'x': 10, 'y': 4, 'z': 0.0}, 'docked': False, 'battery': 100.0, 'conditions': ['picked-o1-3', 'picked-o2-4']}}
[INFO] [1787696803.007317608] [multi3_coordinator_node]: Assigned fragment f4-6 to robot robot4.
[INFO] [1787696803.020572544] [multi3_coordinator_node]: Received robot state update: {'operational_state': 'working', 'current_assigned_fragment': 'f4-6', 'conditions': ['picked-o1-3', 'picked-o2-4'], 'state': {'position': {'x': 10, 'y': 4, 'z': 0.0}, 'docked': False, 'battery': 100.0, 'conditions': ['picked-o1-3', 'picked-o2-4']}}
[INFO] [1787696813.448422586] [multi3_coordinator_node]: Fragment f4-8 is now executable because all signal messages were received.
[INFO] [1787696813.449589213] [multi3_coordinator_node]: Received coordination message: {'robot_name': 'robot2', 'completed_task': 'm4/s3/pick'}
[INFO] [1787696813.450494868] [multi3_coordinator_node]: Received robot state update: {'operational_state': 'idle', 'current_assigned_fragment': None, 'conditions': ['picked-o3-3', 'picked-o3-4'], 'state': {'position': {'x': 9, 'y': 1, 'z': 0.0}, 'docked': False, 'battery': 100.0, 'conditions': ['picked-o3-3', 'picked-o3-4']}}
[INFO] [1787696813.452267158] [multi3_coordinator_node]: Received coordination message: {'robot_name': 'robot2', 'completed_fragment': 'f4-7', 'state': {'position': {'x': 9, 'y': 1, 'z': 0.0}, 'docked': False, 'battery': 100.0, 'conditions': ['picked-o3-3', 'picked-o3-4']}}
[INFO] [1787696814.004306499] [multi3_coordinator_node]: Assigned fragment f4-8 to robot robot2.
[INFO] [1787696814.011993610] [multi3_coordinator_node]: Received robot state update: {'operational_state': 'working', 'current_assigned_fragment': 'f4-8', 'conditions': ['picked-o3-3', 'picked-o3-4'], 'state': {'position': {'x': 9, 'y': 1, 'z': 0.0}, 'docked': False, 'battery': 100.0, 'conditions': ['picked-o3-3', 'picked-o3-4']}}
[INFO] [1787696817.022976135] [multi3_coordinator_node]: Fragment f4-9 is now executable because all signal messages were received.
[INFO] [1787696817.023710026] [multi3_coordinator_node]: Received coordination message: {'robot_name': 'robot2', 'completed_task': 'm4/s3/scan'}
[INFO] [1787696817.024952725] [multi3_coordinator_node]: Received robot state update: {'operational_state': 'idle', 'current_assigned_fragment': None, 'conditions': ['picked-o3-3', 'picked-o3-4'], 'state': {'position': {'x': 9, 'y': 1, 'z': 0.0}, 'docked': False, 'battery': 100.0, 'conditions': ['picked-o3-3', 'picked-o3-4']}}
[INFO] [1787696817.026032460] [multi3_coordinator_node]: Received coordination message: {'robot_name': 'robot2', 'completed_fragment': 'f4-8', 'state': {'position': {'x': 9, 'y': 1, 'z': 0.0}, 'docked': False, 'battery': 100.0, 'conditions': ['picked-o3-3', 'picked-o3-4']}}
[INFO] [1787696818.005802485] [multi3_coordinator_node]: Assigned fragment f4-9 to robot robot2.
[INFO] [1787696818.016023943] [multi3_coordinator_node]: Received robot state update: {'operational_state': 'working', 'current_assigned_fragment': 'f4-9', 'conditions': ['picked-o3-3', 'picked-o3-4'], 'state': {'position': {'x': 9, 'y': 1, 'z': 0.0}, 'docked': False, 'battery': 100.0, 'conditions': ['picked-o3-3', 'picked-o3-4']}}
[INFO] [1787696819.845833321] [multi3_coordinator_node]: Fragment f4-11 is now executable because all signal messages were received.
[INFO] [1787696819.846799568] [multi3_coordinator_node]: Received coordination message: {'robot_name': 'robot5', 'completed_task': 'm4/s4/pick'}
[INFO] [1787696819.849191908] [multi3_coordinator_node]: Received robot state update: {'operational_state': 'idle', 'current_assigned_fragment': None, 'conditions': ['picked-o2-2', 'picked-o4-4'], 'state': {'position': {'x': 2, 'y': 4, 'z': 0.0}, 'docked': False, 'battery': 100.0, 'conditions': ['picked-o2-2', 'picked-o4-4']}}
[INFO] [1787696819.850544327] [multi3_coordinator_node]: Received coordination message: {'robot_name': 'robot5', 'completed_fragment': "f4-10'", 'state': {'position': {'x': 2, 'y': 4, 'z': 0.0}, 'docked': False, 'battery': 100.0, 'conditions': ['picked-o2-2', 'picked-o4-4']}}
[INFO] [1787696820.006489876] [multi3_coordinator_node]: Assigned fragment f4-11 to robot robot5.
[INFO] [1787696820.024165964] [multi3_coordinator_node]: Received robot state update: {'operational_state': 'working', 'current_assigned_fragment': 'f4-11', 'conditions': ['picked-o2-2', 'picked-o4-4'], 'state': {'position': {'x': 2, 'y': 4, 'z': 0.0}, 'docked': False, 'battery': 100.0, 'conditions': ['picked-o2-2', 'picked-o4-4']}}
[INFO] [1787696823.032269551] [multi3_coordinator_node]: Fragment f4-12 is now executable because all signal messages were received.
[INFO] [1787696823.033890522] [multi3_coordinator_node]: Received coordination message: {'robot_name': 'robot5', 'completed_task': 'm4/s4/scan'}
[INFO] [1787696823.036064951] [multi3_coordinator_node]: Received robot state update: {'operational_state': 'idle', 'current_assigned_fragment': None, 'conditions': ['picked-o2-2', 'picked-o4-4'], 'state': {'position': {'x': 2, 'y': 4, 'z': 0.0}, 'docked': False, 'battery': 100.0, 'conditions': ['picked-o2-2', 'picked-o4-4']}}
[INFO] [1787696823.037715601] [multi3_coordinator_node]: Received coordination message: {'robot_name': 'robot5', 'completed_fragment': 'f4-11', 'state': {'position': {'x': 2, 'y': 4, 'z': 0.0}, 'docked': False, 'battery': 100.0, 'conditions': ['picked-o2-2', 'picked-o4-4']}}
[INFO] [1787696823.286454210] [multi3_coordinator_node]: Received coordination message: {'robot_name': 'robot4', 'completed_task': 'm4/s2/transport'}
[INFO] [1787696823.287562602] [multi3_coordinator_node]: Received robot state update: {'operational_state': 'idle', 'current_assigned_fragment': None, 'conditions': ['picked-o1-3', 'picked-o2-4'], 'state': {'position': {'x': 11, 'y': 6, 'z': 0.0}, 'docked': False, 'battery': 100.0, 'conditions': ['picked-o1-3', 'picked-o2-4']}}
[INFO] [1787696823.288455464] [multi3_coordinator_node]: Received coordination message: {'robot_name': 'robot4', 'completed_fragment': 'f4-6', 'state': {'position': {'x': 11, 'y': 6, 'z': 0.0}, 'docked': False, 'battery': 100.0, 'conditions': ['picked-o1-3', 'picked-o2-4']}}
[INFO] [1787696824.003334878] [multi3_coordinator_node]: Assigned fragment f4-12 to robot robot5.
[INFO] [1787696824.016364643] [multi3_coordinator_node]: Received robot state update: {'operational_state': 'working', 'current_assigned_fragment': 'f4-12', 'conditions': ['picked-o2-2', 'picked-o4-4'], 'state': {'position': {'x': 2, 'y': 4, 'z': 0.0}, 'docked': False, 'battery': 100.0, 'conditions': ['picked-o2-2', 'picked-o4-4']}}
[INFO] [1787696835.150652354] [multi3_coordinator_node]: Received coordination message: {'robot_name': 'robot6', 'completed_task': 'm3//pack'}
[INFO] [1787696835.153188414] [multi3_coordinator_node]: Received robot state update: {'operational_state': 'idle', 'current_assigned_fragment': None, 'conditions': ['picked-o2-3'], 'state': {'position': {'x': 2, 'y': 3, 'z': 0.0}, 'docked': False, 'battery': 100.0, 'conditions': ['picked-o2-3']}}
[INFO] [1787696835.154601978] [multi3_coordinator_node]: Received coordination message: {'robot_name': 'robot6', 'completed_fragment': 'f3-10', 'state': {'position': {'x': 2, 'y': 3, 'z': 0.0}, 'docked': False, 'battery': 100.0, 'conditions': ['picked-o2-3']}}
[INFO] [1787696835.245029956] [multi3_coordinator_node]: Received coordination message: {'robot_name': 'robot2', 'completed_task': 'm4/s3/transport'}
[INFO] [1787696835.246972862] [multi3_coordinator_node]: Received robot state update: {'operational_state': 'idle', 'current_assigned_fragment': None, 'conditions': ['picked-o3-3', 'picked-o3-4'], 'state': {'position': {'x': 11, 'y': 6, 'z': 0.0}, 'docked': False, 'battery': 100.0, 'conditions': ['picked-o3-3', 'picked-o3-4']}}
[INFO] [1787696835.248971895] [multi3_coordinator_node]: Received coordination message: {'robot_name': 'robot2', 'completed_fragment': 'f4-9', 'state': {'position': {'x': 11, 'y': 6, 'z': 0.0}, 'docked': False, 'battery': 100.0, 'conditions': ['picked-o3-3', 'picked-o3-4']}}
[INFO] [1787696853.747374153] [multi3_coordinator_node]: Fragment f4-13 is now executable because all signal messages were received.
[INFO] [1787696853.749426737] [multi3_coordinator_node]: Received coordination message: {'robot_name': 'robot5', 'completed_task': 'm4/s4/transport'}
[INFO] [1787696853.751492450] [multi3_coordinator_node]: Received robot state update: {'operational_state': 'idle', 'current_assigned_fragment': None, 'conditions': ['picked-o2-2', 'picked-o4-4'], 'state': {'position': {'x': 11, 'y': 6, 'z': 0.0}, 'docked': False, 'battery': 100.0, 'conditions': ['picked-o2-2', 'picked-o4-4']}}
[INFO] [1787696853.752998179] [multi3_coordinator_node]: Received coordination message: {'robot_name': 'robot5', 'completed_fragment': 'f4-12', 'state': {'position': {'x': 11, 'y': 6, 'z': 0.0}, 'docked': False, 'battery': 100.0, 'conditions': ['picked-o2-2', 'picked-o4-4']}}
[INFO] [1787696854.005176139] [multi3_coordinator_node]: Assigned fragment f4-13 to robot robot3.
[INFO] [1787696854.016993048] [multi3_coordinator_node]: Received robot state update: {'operational_state': 'working', 'current_assigned_fragment': 'f4-13', 'conditions': ['picked-o1-2', 'picked-o1-4'], 'state': {'position': {'x': 11, 'y': 6, 'z': 0.0}, 'docked': False, 'battery': 100.0, 'conditions': ['picked-o1-2', 'picked-o1-4']}}
[INFO] [1787696878.022519539] [multi3_coordinator_node]: Received coordination message: {'robot_name': 'robot3', 'completed_task': 'm4//pack'}
[INFO] [1787696878.024366820] [multi3_coordinator_node]: Received robot state update: {'operational_state': 'idle', 'current_assigned_fragment': None, 'conditions': ['picked-o1-2', 'picked-o1-4'], 'state': {'position': {'x': 11, 'y': 6, 'z': 0.0}, 'docked': False, 'battery': 100.0, 'conditions': ['picked-o1-2', 'picked-o1-4']}}
[INFO] [1787696878.025380142] [multi3_coordinator_node]: Received coordination message: {'robot_name': 'robot3', 'completed_fragment': 'f4-13', 'state': {'position': {'x': 11, 'y': 6, 'z': 0.0}, 'docked': False, 'battery': 100.0, 'conditions': ['picked-o1-2', 'picked-o1-4']}}
Traceback (most recent call last):
  File "/root/ros2_ws/install/multi3_coordinator/lib/python3.10/site-packages/nodes/coordinator.py", line 294, in main
    rclpy.spin(node)
  File "/opt/ros/humble/local/lib/python3.10/dist-packages/rclpy/__init__.py", line 229, in spin
    executor.spin_once()
  File "/opt/ros/humble/local/lib/python3.10/dist-packages/rclpy/executors.py", line 808, in spin_once
    self._spin_once_impl(timeout_sec)
  File "/opt/ros/humble/local/lib/python3.10/dist-packages/rclpy/executors.py", line 797, in _spin_once_impl
    handler, entity, node = self.wait_for_ready_callbacks(timeout_sec=timeout_sec)
  File "/opt/ros/humble/local/lib/python3.10/dist-packages/rclpy/executors.py", line 780, in wait_for_ready_callbacks
    return next(self._cb_iter)
  File "/opt/ros/humble/local/lib/python3.10/dist-packages/rclpy/executors.py", line 681, in _wait_for_ready_callbacks
    raise ExternalShutdownException()
rclpy.executors.ExternalShutdownException

During handling of the above exception, another exception occurred:

Traceback (most recent call last):
  File "/root/ros2_ws/install/multi3_coordinator/lib/multi3_coordinator/coordinator", line 33, in <module>
    sys.exit(load_entry_point('multi3-coordinator==0.0.0', 'console_scripts', 'coordinator')())
  File "/root/ros2_ws/install/multi3_coordinator/lib/python3.10/site-packages/nodes/coordinator.py", line 299, in main
    rclpy.shutdown()
  File "/opt/ros/humble/local/lib/python3.10/dist-packages/rclpy/__init__.py", line 130, in shutdown
    _shutdown(context=context)
  File "/opt/ros/humble/local/lib/python3.10/dist-packages/rclpy/utilities.py", line 58, in shutdown
    return context.shutdown()
  File "/opt/ros/humble/local/lib/python3.10/dist-packages/rclpy/context.py", line 102, in shutdown
    self.__context.shutdown()
rclpy._rclpy_pybind11.RCLError: failed to shutdown: rcl_shutdown already called on the given context, at ./src/rcl/init.c:241

--- executor_robot1.log ---
[INFO] [1787696713.068381992] [robot1.fragment_exec_node]: Setting up skill: PickSkill
[INFO] [1787696713.069784878] [robot1.fragment_exec_node]: Setting up skill: ScanSkill
[INFO] [1787696713.070627524] [robot1.fragment_exec_node]: Setting up skill: NavigateSkill
[INFO] [1787696713.071261255] [robot1.fragment_exec_node]: Setting up skill: NavigateSkill
[INFO] [1787696713.071881966] [robot1.fragment_exec_node]: Setting up skill: DockSkill
[INFO] [1787696713.072548790] [robot1.fragment_exec_node]: Setting up skill: UndockSkill
[INFO] [1787696713.073328410] [robot1.fragment_exec_node]: Setting up skill: PackSkill
[INFO] [1787696713.079058305] [robot1.fragment_exec_node]: Published robot registration: {'name': 'robot1', 'operational_state': 'idle', 'capabilities': ['pick', 'scan', 'transport', 'pack'], 'state': {'position': {'x': 0.0, 'y': 0.0, 'z': 0.0}, 'docked': True, 'battery': 100.0, 'conditions': []}}
[INFO] [1787696729.011640797] [robot1.fragment_exec_node]: Received fragment: {'robot': 'robot1', 'fragment': {'id': 'f1-1', 'mission': 'm1', 'state': 'assigned', 'wait': [], 'tasks': [{'name': 'pick', 'params': {'x': 5, 'y': 8, 'weight': 8}}], 'arrive_timestamp': 1787696725, 'priority': 1, 'segment': 's1', 'preconditions': [], 'postconditions': ['picked-o1-1']}}
[INFO] [1787696729.014885066] [robot1.fragment_exec_node]: Received fragment assignment: f1-1. Starting execution.
[INFO] [1787696729.023551255] [robot1.fragment_exec_node]: Executing task pick. Params: {'x': 5, 'y': 8, 'weight': 8}, Virtual state: {'position': {'x': 0.0, 'y': 0.0, 'z': 0.0}, 'docked': True, 'battery': 100.0, 'conditions': []}
[INFO] [1787696729.031505814] [robot1.fragment_exec_node]: Received fragment: {'robot': 'robot4', 'fragment': {'id': 'f3-1', 'mission': 'm3', 'state': 'assigned', 'wait': [], 'tasks': [{'name': 'pick', 'params': {'weight': 3, 'x': 7, 'y': 3}}], 'arrive_timestamp': 1787696726, 'priority': 1, 'segment': 's1', 'preconditions': [], 'postconditions': ['picked-o1-3']}}
[INFO] [1787696729.035722268] [robot1.fragment_exec_node]: Received fragment: {'robot': 'robot5', 'fragment': {'id': 'f2-4', 'mission': 'm2', 'state': 'assigned', 'wait': [], 'tasks': [{'name': 'pick', 'params': {'weight': 7, 'x': 9, 'y': 5}}], 'arrive_timestamp': 1787696726, 'priority': 1, 'segment': 's2', 'preconditions': [], 'postconditions': ['picked-o2-2']}}
[INFO] [1787696729.036805821] [robot1.fragment_exec_node]: Received fragment: {'robot': 'robot3', 'fragment': {'id': 'f2-1', 'mission': 'm2', 'state': 'assigned', 'wait': [], 'tasks': [{'name': 'pick', 'params': {'weight': 5, 'x': 2, 'y': 3}}], 'arrive_timestamp': 1787696726, 'priority': 1, 'segment': 's1', 'preconditions': [], 'postconditions': ['picked-o1-2']}}
[INFO] [1787696729.039217937] [robot1.fragment_exec_node]: EventType: Control (Task: pick), Activity: undock, Robot: robot1, Mission: m1, Segment: s1, Start: 22746.04475515
[INFO] [1787696729.042243965] [robot1.fragment_exec_node]: Received fragment: {'robot': 'robot2', 'fragment': {'id': 'f3-7', 'mission': 'm3', 'state': 'assigned', 'wait': [], 'tasks': [{'name': 'pick', 'params': {'weight': 2, 'x': 1, 'y': 9}}], 'arrive_timestamp': 1787696726, 'priority': 1, 'segment': 's3', 'preconditions': [], 'postconditions': ['picked-o3-3']}}
[INFO] [1787696729.043449874] [robot1.fragment_exec_node]: Simulating undock skill...
[INFO] [1787696729.045293723] [robot1.fragment_exec_node]: Received fragment: {'robot': 'robot6', 'fragment': {'id': 'f3-4', 'mission': 'm3', 'state': 'assigned', 'wait': [], 'tasks': [{'name': 'pick', 'params': {'weight': 5, 'x': 2, 'y': 3}}], 'arrive_timestamp': 1787696726, 'priority': 1, 'segment': 's2', 'preconditions': [], 'postconditions': ['picked-o2-3']}}
[INFO] [1787696733.047328622] [robot1.fragment_exec_node]: Undock completed!
[INFO] [1787696733.049387588] [robot1.fragment_exec_node]: EventType: Control (Task: pick), Activity: undock, Robot: robot1, Mission: m1, Segment: s1, End: 22750.067680669
[INFO] [1787696733.052316755] [robot1.fragment_exec_node]: EventType: Control (Task: pick), Activity: navigate, Robot: robot1, Mission: m1, Segment: s1, Start: 22750.070572269
[INFO] [1787696733.054370086] [robot1.fragment_exec_node]: Simulating navigate skill from position (0.0, 0.0) to (5, 8) (18.867962264113206 seconds)...
[INFO] [1787696746.009961702] [robot1.fragment_exec_node]: Received fragment: {'robot': 'robot6', 'fragment': {'id': 'f2-2', 'mission': 'm2', 'state': 'assigned', 'wait': ['m2/s1/pick'], 'tasks': [{'name': 'scan', 'params': {'x': 2, 'y': 3}}], 'arrive_timestamp': 1787696726, 'priority': 1, 'segment': 's1', 'preconditions': [], 'postconditions': []}}
[INFO] [1787696746.013238190] [robot1.fragment_exec_node]: Received fragment: {'robot': 'robot3', 'fragment': {'id': 'f3-5', 'mission': 'm3', 'state': 'assigned', 'wait': ['m3/s2/pick'], 'tasks': [{'name': 'scan', 'params': {'x': 2, 'y': 3}}], 'arrive_timestamp': 1787696726, 'priority': 1, 'segment': 's2', 'preconditions': [], 'postconditions': []}}
[INFO] [1787696750.030099916] [robot1.fragment_exec_node]: Received fragment: {'robot': 'robot6', 'fragment': {'id': 'f2-3', 'mission': 'm2', 'state': 'assigned', 'wait': ['m2/s1/scan'], 'tasks': [{'name': 'transport', 'params': {'x': 11, 'y': 6}}], 'arrive_timestamp': 1787696726, 'priority': 1, 'segment': 's1', 'preconditions': [], 'postconditions': []}}
[INFO] [1787696750.035329338] [robot1.fragment_exec_node]: Received fragment: {'robot': 'robot3', 'fragment': {'id': 'f4-1', 'mission': 'm4', 'state': 'assigned', 'wait': [], 'tasks': [{'name': 'pick', 'params': {'weight': 5, 'x': 2, 'y': 8}}], 'arrive_timestamp': 1787696727, 'priority': 1, 'segment': 's1', 'preconditions': [], 'postconditions': ['picked-o1-4']}}
[INFO] [1787696751.926270049] [robot1.fragment_exec_node]: Navigation completed!
[INFO] [1787696751.929062449] [robot1.fragment_exec_node]: EventType: Control (Task: pick), Activity: navigate, Robot: robot1, Mission: m1, Segment: s1, End: 22768.947033101
[INFO] [1787696751.930675739] [robot1.fragment_exec_node]: EventType: Task, Activity: pick, Robot: robot1, Mission: m1, Segment: s1, Start: 22768.94942307
[INFO] [1787696751.932318880] [robot1.fragment_exec_node]: Simulating pick skill...
[INFO] [1787696752.009772277] [robot1.fragment_exec_node]: Received fragment: {'robot': 'robot4', 'fragment': {'id': 'f3-2', 'mission': 'm3', 'state': 'assigned', 'wait': ['m3/s1/pick'], 'tasks': [{'name': 'scan', 'params': {'x': 7, 'y': 3}}], 'arrive_timestamp': 1787696726, 'priority': 1, 'segment': 's1', 'preconditions': [], 'postconditions': []}}
[INFO] [1787696754.018576277] [robot1.fragment_exec_node]: Received fragment: {'robot': 'robot2', 'fragment': {'id': 'f3-8', 'mission': 'm3', 'state': 'assigned', 'wait': ['m3/s3/pick'], 'tasks': [{'name': 'scan', 'params': {'x': 1, 'y': 9}}], 'arrive_timestamp': 1787696726, 'priority': 1, 'segment': 's3', 'preconditions': [], 'postconditions': []}}
[INFO] [1787696756.010865052] [robot1.fragment_exec_node]: Received fragment: {'robot': 'robot4', 'fragment': {'id': 'f3-3', 'mission': 'm3', 'state': 'assigned', 'wait': ['m3/s1/scan'], 'tasks': [{'name': 'transport', 'params': {'x': 11, 'y': 6}}], 'arrive_timestamp': 1787696726, 'priority': 1, 'segment': 's1', 'preconditions': ['picked-o1-3'], 'postconditions': []}}
[INFO] [1787696758.013387706] [robot1.fragment_exec_node]: Received fragment: {'robot': 'robot2', 'fragment': {'id': 'f3-9', 'mission': 'm3', 'state': 'assigned', 'wait': ['m3/s3/scan'], 'tasks': [{'name': 'transport', 'params': {'x': 11, 'y': 6}}], 'arrive_timestamp': 1787696726, 'priority': 1, 'segment': 's3', 'preconditions': ['picked-o3-3'], 'postconditions': []}}
[INFO] [1787696759.936026794] [robot1.fragment_exec_node]: Pick completed!
[INFO] [1787696759.938582947] [robot1.fragment_exec_node]: EventType: Task, Activity: pick, Robot: robot1, Mission: m1, Segment: s1, End: 22776.956716758
[INFO] [1787696759.941172461] [robot1.fragment_exec_node]: Execution of fragment f1-1 completed!
[INFO] [1787696760.004812652] [robot1.fragment_exec_node]: Received fragment: {'robot': 'robot1', 'fragment': {'id': 'f1-2', 'mission': 'm1', 'state': 'assigned', 'wait': ['m1/s1/pick'], 'tasks': [{'name': 'scan', 'params': {'x': 5, 'y': 8}}], 'arrive_timestamp': 1787696725, 'priority': 1, 'segment': 's1', 'preconditions': [], 'postconditions': []}}
[INFO] [1787696760.006254364] [robot1.fragment_exec_node]: Received fragment assignment: f1-2. Starting execution.
[INFO] [1787696760.007472296] [robot1.fragment_exec_node]: Executing task scan. Params: {'x': 5, 'y': 8}, Virtual state: {'position': {'x': 5, 'y': 8, 'z': 0.0}, 'docked': False, 'battery': 100.0, 'conditions': ['picked-o1-1']}
[INFO] [1787696760.008298347] [robot1.fragment_exec_node]: EventType: Task, Activity: scan, Robot: robot1, Mission: m1, Segment: s1, Start: 22777.027254465
[INFO] [1787696760.009299555] [robot1.fragment_exec_node]: Simulating scan skill...
[INFO] [1787696761.012699853] [robot1.fragment_exec_node]: Received fragment: {'robot': 'robot5', 'fragment': {'id': 'f2-5', 'mission': 'm2', 'state': 'assigned', 'wait': ['m2/s2/pick'], 'tasks': [{'name': 'scan', 'params': {'x': 9, 'y': 5}}], 'arrive_timestamp': 1787696726, 'priority': 1, 'segment': 's2', 'preconditions': [], 'postconditions': []}}
[INFO] [1787696763.013215452] [robot1.fragment_exec_node]: Scan completed!
[INFO] [1787696763.015879754] [robot1.fragment_exec_node]: EventType: Task, Activity: scan, Robot: robot1, Mission: m1, Segment: s1, End: 22780.033554379
[INFO] [1787696763.019613033] [robot1.fragment_exec_node]: Execution of fragment f1-2 completed!
[INFO] [1787696764.010173357] [robot1.fragment_exec_node]: Received fragment: {'robot': 'robot1', 'fragment': {'id': 'f1-3', 'mission': 'm1', 'state': 'assigned', 'wait': ['m1/s1/scan'], 'tasks': [{'name': 'transport', 'params': {'x': 11, 'y': 6}}], 'arrive_timestamp': 1787696725, 'priority': 1, 'segment': 's1', 'preconditions': ['picked-o1-1'], 'postconditions': []}}
[INFO] [1787696764.013148225] [robot1.fragment_exec_node]: Received fragment assignment: f1-3. Starting execution.
[INFO] [1787696764.015302207] [robot1.fragment_exec_node]: Executing task transport. Params: {'x': 11, 'y': 6}, Virtual state: {'position': {'x': 5, 'y': 8, 'z': 0.0}, 'docked': False, 'battery': 100.0, 'conditions': ['picked-o1-1']}
[INFO] [1787696764.016861817] [robot1.fragment_exec_node]: EventType: Control (Task: transport), Activity: navigate, Robot: robot1, Mission: m1, Segment: s1, Start: 22781.035345168
[INFO] [1787696764.018199894] [robot1.fragment_exec_node]: Simulating navigate skill from position (5, 8) to (11, 6) (12.165525060596439 seconds)...
[INFO] [1787696767.015599675] [robot1.fragment_exec_node]: Received fragment: {'robot': 'robot5', 'fragment': {'id': 'f2-6', 'mission': 'm2', 'state': 'assigned', 'wait': ['m2/s2/scan'], 'tasks': [{'name': 'transport', 'params': {'x': 11, 'y': 6}}], 'arrive_timestamp': 1787696726, 'priority': 1, 'segment': 's2', 'preconditions': ['picked-o2-2'], 'postconditions': []}}
[INFO] [1787696768.008133923] [robot1.fragment_exec_node]: Received fragment: {'robot': 'robot3', 'fragment': {'id': 'f4-2', 'mission': 'm4', 'state': 'assigned', 'wait': ['m4/s1/pick'], 'tasks': [{'name': 'scan', 'params': {'x': 2, 'y': 8}}], 'arrive_timestamp': 1787696727, 'priority': 1, 'segment': 's1', 'preconditions': [], 'postconditions': []}}
[INFO] [1787696772.007107485] [robot1.fragment_exec_node]: Received fragment: {'robot': 'robot3', 'fragment': {'id': 'f4-3', 'mission': 'm4', 'state': 'assigned', 'wait': ['m4/s1/scan'], 'tasks': [{'name': 'transport', 'params': {'x': 11, 'y': 6}}], 'arrive_timestamp': 1787696727, 'priority': 1, 'segment': 's1', 'preconditions': ['picked-o1-4'], 'postconditions': []}}
[INFO] [1787696775.063800548] [robot1.fragment_exec_node]: Received fragment: {'robot': 'robot4', 'fragment': {'id': 'f4-4', 'mission': 'm4', 'state': 'assigned', 'wait': [], 'tasks': [{'name': 'pick', 'params': {'weight': 7, 'x': 10, 'y': 4}}], 'arrive_timestamp': 1787696727, 'priority': 1, 'segment': 's2', 'preconditions': [], 'postconditions': ['picked-o2-4']}}
[INFO] [1787696776.187333417] [robot1.fragment_exec_node]: Navigation completed!
[INFO] [1787696776.190321432] [robot1.fragment_exec_node]: EventType: Control (Task: transport), Activity: navigate, Robot: robot1, Mission: m1, Segment: s1, End: 22793.207975593
[INFO] [1787696776.193992170] [robot1.fragment_exec_node]: EventType: Task, Activity: transport, Robot: robot1, Mission: m1, Segment: s1, Start: 22793.211654943
[INFO] [1787696776.196359451] [robot1.fragment_exec_node]: Simulating navigate skill from position (11, 6) to (11, 6) (10.0 seconds)...
[INFO] [1787696780.013349127] [robot1.fragment_exec_node]: Received fragment: {'robot': 'robot6', 'fragment': {'id': 'f3-6', 'mission': 'm3', 'state': 'assigned', 'wait': ['m3/s2/scan'], 'tasks': [{'name': 'transport', 'params': {'x': 11, 'y': 6}}], 'arrive_timestamp': 1787696726, 'priority': 1, 'segment': 's2', 'preconditions': ['picked-o2-3'], 'postconditions': []}}
[INFO] [1787696786.199826040] [robot1.fragment_exec_node]: Navigation completed!
[INFO] [1787696786.202309795] [robot1.fragment_exec_node]: EventType: Task, Activity: transport, Robot: robot1, Mission: m1, Segment: s1, End: 22803.220539709
[INFO] [1787696786.204664919] [robot1.fragment_exec_node]: Execution of fragment f1-3 completed!
[INFO] [1787696787.017398204] [robot1.fragment_exec_node]: Received fragment: {'robot': 'robot5', 'fragment': {'id': 'f1-4', 'mission': 'm1', 'state': 'assigned', 'wait': ['m1/s1/transport'], 'tasks': [{'name': 'pack', 'params': {'x': 11, 'y': 6, 'items': 1}}], 'arrive_timestamp': 1787696725, 'priority': 1, 'segment': '', 'preconditions': [], 'postconditions': []}}
[INFO] [1787696787.020076688] [robot1.fragment_exec_node]: Received fragment: {'robot': 'robot1', 'fragment': {'id': 'f2-7', 'mission': 'm2', 'state': 'assigned', 'wait': ['m2/s1/transport', 'm2/s2/transport'], 'tasks': [{'name': 'pack', 'params': {'x': 11, 'y': 6, 'items': 2}}], 'arrive_timestamp': 1787696726, 'priority': 1, 'segment': '', 'preconditions': [], 'postconditions': []}}
[INFO] [1787696787.021397944] [robot1.fragment_exec_node]: Received fragment assignment: f2-7. Starting execution.
[INFO] [1787696787.023006591] [robot1.fragment_exec_node]: Waiting for coordination messages before executing fragment f2-7: ['m2/s1/transport', 'm2/s2/transport']
[INFO] [1787696789.029155199] [robot1.fragment_exec_node]: Executing task pack. Params: {'x': 11, 'y': 6, 'items': 2}, Virtual state: {'position': {'x': 11, 'y': 6, 'z': 0.0}, 'docked': False, 'battery': 100.0, 'conditions': ['picked-o1-1']}
[INFO] [1787696789.032238698] [robot1.fragment_exec_node]: EventType: Task, Activity: pack, Robot: robot1, Mission: m2, Segment: , Start: 22806.04987074
[INFO] [1787696789.034340204] [robot1.fragment_exec_node]: Simulating pack skill...
[INFO] [1787696791.012943040] [robot1.fragment_exec_node]: Received fragment: {'robot': 'robot6', 'fragment': {'id': 'f3-10', 'mission': 'm3', 'state': 'assigned', 'wait': ['m3/s1/transport', 'm3/s2/transport', 'm3/s3/transport'], 'tasks': [{'name': 'pack', 'params': {'x': 2, 'y': 3, 'items': 3}}], 'arrive_timestamp': 1787696726, 'priority': 1, 'segment': '', 'preconditions': [], 'postconditions': []}}
[INFO] [1787696791.038934993] [robot1.fragment_exec_node]: Received fragment: {'robot': 'robot2', 'fragment': {'id': 'f4-7', 'mission': 'm4', 'state': 'assigned', 'wait': [], 'tasks': [{'name': 'pick', 'params': {'weight': 2, 'x': 9, 'y': 1}}], 'arrive_timestamp': 1787696727, 'priority': 1, 'segment': 's3', 'preconditions': [], 'postconditions': ['picked-o3-4']}}
[INFO] [1787696796.010529239] [robot1.fragment_exec_node]: Received fragment: {'robot': 'robot5', 'fragment': {'id': "f4-10'", 'mission': 'm4', 'state': 'assigned', 'wait': [], 'tasks': [{'name': 'pick', 'params': {'weight': 1, 'x': 2, 'y': 4}}], 'arrive_timestamp': 1787696727, 'priority': 1, 'segment': 's4', 'preconditions': [], 'postconditions': ['picked-o4-4']}}
[INFO] [1787696797.015593308] [robot1.fragment_exec_node]: Received fragment: {'robot': 'robot4', 'fragment': {'id': 'f4-5', 'mission': 'm4', 'state': 'assigned', 'wait': ['m4/s2/pick'], 'tasks': [{'name': 'scan', 'params': {'x': 10, 'y': 4}}], 'arrive_timestamp': 1787696727, 'priority': 1, 'segment': 's2', 'preconditions': [], 'postconditions': []}}
[INFO] [1787696801.038361746] [robot1.fragment_exec_node]: Packing completed!
[INFO] [1787696801.041197251] [robot1.fragment_exec_node]: EventType: Task, Activity: pack, Robot: robot1, Mission: m2, Segment: , End: 22818.059233674
[INFO] [1787696801.043855115] [robot1.fragment_exec_node]: Execution of fragment f2-7 completed!
[INFO] [1787696803.011905126] [robot1.fragment_exec_node]: Received fragment: {'robot': 'robot4', 'fragment': {'id': 'f4-6', 'mission': 'm4', 'state': 'assigned', 'wait': ['m4/s2/scan'], 'tasks': [{'name': 'transport', 'params': {'x': 11, 'y': 6}}], 'arrive_timestamp': 1787696727, 'priority': 1, 'segment': 's2', 'preconditions': ['picked-o2-4'], 'postconditions': []}}
[INFO] [1787696814.008931423] [robot1.fragment_exec_node]: Received fragment: {'robot': 'robot2', 'fragment': {'id': 'f4-8', 'mission': 'm4', 'state': 'assigned', 'wait': ['m4/s3/pick'], 'tasks': [{'name': 'scan', 'params': {'x': 9, 'y': 1}}], 'arrive_timestamp': 1787696727, 'priority': 1, 'segment': 's3', 'preconditions': [], 'postconditions': []}}
[INFO] [1787696818.011187138] [robot1.fragment_exec_node]: Received fragment: {'robot': 'robot2', 'fragment': {'id': 'f4-9', 'mission': 'm4', 'state': 'assigned', 'wait': ['m4/s3/scan'], 'tasks': [{'name': 'transport', 'params': {'x': 11, 'y': 6}}], 'arrive_timestamp': 1787696727, 'priority': 1, 'segment': 's3', 'preconditions': ['picked-o3-4'], 'postconditions': []}}
[INFO] [1787696820.009859904] [robot1.fragment_exec_node]: Received fragment: {'robot': 'robot5', 'fragment': {'id': 'f4-11', 'mission': 'm4', 'state': 'assigned', 'wait': ['m4/s4/pick'], 'tasks': [{'name': 'scan', 'params': {'x': 2, 'y': 4}}], 'arrive_timestamp': 1787696727, 'priority': 1, 'segment': 's4', 'preconditions': [], 'postconditions': []}}
[INFO] [1787696824.011481584] [robot1.fragment_exec_node]: Received fragment: {'robot': 'robot5', 'fragment': {'id': 'f4-12', 'mission': 'm4', 'state': 'assigned', 'wait': ['m4/s4/scan'], 'tasks': [{'name': 'transport', 'params': {'x': 11, 'y': 6}}], 'arrive_timestamp': 1787696727, 'priority': 1, 'segment': 's4', 'preconditions': ['picked-o4-4'], 'postconditions': []}}
[INFO] [1787696854.012464036] [robot1.fragment_exec_node]: Received fragment: {'robot': 'robot3', 'fragment': {'id': 'f4-13', 'mission': 'm4', 'state': 'assigned', 'wait': ['m4/s1/transport', 'm4/s2/transport', 'm4/s3/transport', 'm4/s4/transport'], 'tasks': [{'name': 'pack', 'params': {'x': 11, 'y': 6, 'items': 4}}], 'arrive_timestamp': 1787696727, 'priority': 1, 'segment': '', 'preconditions': [], 'postconditions': []}}
Traceback (most recent call last):
  File "/root/ros2_ws/install/multi3_executor/lib/multi3_executor/executor", line 33, in <module>
    sys.exit(load_entry_point('multi3-executor==0.0.0', 'console_scripts', 'executor')())
  File "/root/ros2_ws/install/multi3_executor/lib/python3.10/site-packages/multi3_executor/nodes/executor.py", line 236, in main
    rclpy.shutdown()
  File "/opt/ros/humble/local/lib/python3.10/dist-packages/rclpy/__init__.py", line 130, in shutdown
    _shutdown(context=context)
  File "/opt/ros/humble/local/lib/python3.10/dist-packages/rclpy/utilities.py", line 58, in shutdown
    return context.shutdown()
  File "/opt/ros/humble/local/lib/python3.10/dist-packages/rclpy/context.py", line 102, in shutdown
    self.__context.shutdown()
rclpy._rclpy_pybind11.RCLError: failed to shutdown: rcl_shutdown already called on the given context, at ./src/rcl/init.c:241

--- executor_robot2.log ---
[INFO] [1787696715.504912484] [robot2.fragment_exec_node]: Setting up skill: PickSkill
[INFO] [1787696715.506251866] [robot2.fragment_exec_node]: Setting up skill: ScanSkill
[INFO] [1787696715.507268522] [robot2.fragment_exec_node]: Setting up skill: NavigateSkill
[INFO] [1787696715.508138522] [robot2.fragment_exec_node]: Setting up skill: NavigateSkill
[INFO] [1787696715.509087679] [robot2.fragment_exec_node]: Setting up skill: DockSkill
[INFO] [1787696715.510053623] [robot2.fragment_exec_node]: Setting up skill: UndockSkill
[INFO] [1787696715.511070655] [robot2.fragment_exec_node]: Setting up skill: PackSkill
[INFO] [1787696715.520424794] [robot2.fragment_exec_node]: Published robot registration: {'name': 'robot2', 'operational_state': 'idle', 'capabilities': ['pick', 'scan', 'transport', 'pack'], 'state': {'position': {'x': 0.0, 'y': 0.0, 'z': 0.0}, 'docked': True, 'battery': 100.0, 'conditions': []}}
[INFO] [1787696729.026364066] [robot2.fragment_exec_node]: Received fragment: {'robot': 'robot1', 'fragment': {'id': 'f1-1', 'mission': 'm1', 'state': 'assigned', 'wait': [], 'tasks': [{'name': 'pick', 'params': {'x': 5, 'y': 8, 'weight': 8}}], 'arrive_timestamp': 1787696725, 'priority': 1, 'segment': 's1', 'preconditions': [], 'postconditions': ['picked-o1-1']}}
[INFO] [1787696729.030229506] [robot2.fragment_exec_node]: Received fragment: {'robot': 'robot3', 'fragment': {'id': 'f2-1', 'mission': 'm2', 'state': 'assigned', 'wait': [], 'tasks': [{'name': 'pick', 'params': {'weight': 5, 'x': 2, 'y': 3}}], 'arrive_timestamp': 1787696726, 'priority': 1, 'segment': 's1', 'preconditions': [], 'postconditions': ['picked-o1-2']}}
[INFO] [1787696729.032462616] [robot2.fragment_exec_node]: Received fragment: {'robot': 'robot5', 'fragment': {'id': 'f2-4', 'mission': 'm2', 'state': 'assigned', 'wait': [], 'tasks': [{'name': 'pick', 'params': {'weight': 7, 'x': 9, 'y': 5}}], 'arrive_timestamp': 1787696726, 'priority': 1, 'segment': 's2', 'preconditions': [], 'postconditions': ['picked-o2-2']}}
[INFO] [1787696729.040185038] [robot2.fragment_exec_node]: Received fragment: {'robot': 'robot4', 'fragment': {'id': 'f3-1', 'mission': 'm3', 'state': 'assigned', 'wait': [], 'tasks': [{'name': 'pick', 'params': {'weight': 3, 'x': 7, 'y': 3}}], 'arrive_timestamp': 1787696726, 'priority': 1, 'segment': 's1', 'preconditions': [], 'postconditions': ['picked-o1-3']}}
[INFO] [1787696729.042058121] [robot2.fragment_exec_node]: Received fragment: {'robot': 'robot6', 'fragment': {'id': 'f3-4', 'mission': 'm3', 'state': 'assigned', 'wait': [], 'tasks': [{'name': 'pick', 'params': {'weight': 5, 'x': 2, 'y': 3}}], 'arrive_timestamp': 1787696726, 'priority': 1, 'segment': 's2', 'preconditions': [], 'postconditions': ['picked-o2-3']}}
[INFO] [1787696729.043851191] [robot2.fragment_exec_node]: Received fragment: {'robot': 'robot2', 'fragment': {'id': 'f3-7', 'mission': 'm3', 'state': 'assigned', 'wait': [], 'tasks': [{'name': 'pick', 'params': {'weight': 2, 'x': 1, 'y': 9}}], 'arrive_timestamp': 1787696726, 'priority': 1, 'segment': 's3', 'preconditions': [], 'postconditions': ['picked-o3-3']}}
[INFO] [1787696729.044918700] [robot2.fragment_exec_node]: Received fragment assignment: f3-7. Starting execution.
[INFO] [1787696729.046324719] [robot2.fragment_exec_node]: Executing task pick. Params: {'weight': 2, 'x': 1, 'y': 9}, Virtual state: {'position': {'x': 0.0, 'y': 0.0, 'z': 0.0}, 'docked': True, 'battery': 100.0, 'conditions': []}
[INFO] [1787696729.047221267] [robot2.fragment_exec_node]: EventType: Control (Task: pick), Activity: undock, Robot: robot2, Mission: m3, Segment: s3, Start: 22746.067002255
[INFO] [1787696729.047963335] [robot2.fragment_exec_node]: Simulating undock skill...
[INFO] [1787696733.051896853] [robot2.fragment_exec_node]: Undock completed!
[INFO] [1787696733.053290918] [robot2.fragment_exec_node]: EventType: Control (Task: pick), Activity: undock, Robot: robot2, Mission: m3, Segment: s3, End: 22750.072047078
[INFO] [1787696733.055203157] [robot2.fragment_exec_node]: EventType: Control (Task: pick), Activity: navigate, Robot: robot2, Mission: m3, Segment: s3, Start: 22750.073431096
[INFO] [1787696733.057845302] [robot2.fragment_exec_node]: Simulating navigate skill from position (0.0, 0.0) to (1, 9) (18.110770276274835 seconds)...
[INFO] [1787696746.013061549] [robot2.fragment_exec_node]: Received fragment: {'robot': 'robot6', 'fragment': {'id': 'f2-2', 'mission': 'm2', 'state': 'assigned', 'wait': ['m2/s1/pick'], 'tasks': [{'name': 'scan', 'params': {'x': 2, 'y': 3}}], 'arrive_timestamp': 1787696726, 'priority': 1, 'segment': 's1', 'preconditions': [], 'postconditions': []}}
[INFO] [1787696746.015443635] [robot2.fragment_exec_node]: Received fragment: {'robot': 'robot3', 'fragment': {'id': 'f3-5', 'mission': 'm3', 'state': 'assigned', 'wait': ['m3/s2/pick'], 'tasks': [{'name': 'scan', 'params': {'x': 2, 'y': 3}}], 'arrive_timestamp': 1787696726, 'priority': 1, 'segment': 's2', 'preconditions': [], 'postconditions': []}}
[INFO] [1787696750.014615600] [robot2.fragment_exec_node]: Received fragment: {'robot': 'robot6', 'fragment': {'id': 'f2-3', 'mission': 'm2', 'state': 'assigned', 'wait': ['m2/s1/scan'], 'tasks': [{'name': 'transport', 'params': {'x': 11, 'y': 6}}], 'arrive_timestamp': 1787696726, 'priority': 1, 'segment': 's1', 'preconditions': [], 'postconditions': []}}
[INFO] [1787696750.028920947] [robot2.fragment_exec_node]: Received fragment: {'robot': 'robot3', 'fragment': {'id': 'f4-1', 'mission': 'm4', 'state': 'assigned', 'wait': [], 'tasks': [{'name': 'pick', 'params': {'weight': 5, 'x': 2, 'y': 8}}], 'arrive_timestamp': 1787696727, 'priority': 1, 'segment': 's1', 'preconditions': [], 'postconditions': ['picked-o1-4']}}
[INFO] [1787696751.172392069] [robot2.fragment_exec_node]: Navigation completed!
[INFO] [1787696751.175298449] [robot2.fragment_exec_node]: EventType: Control (Task: pick), Activity: navigate, Robot: robot2, Mission: m3, Segment: s3, End: 22768.193423884
[INFO] [1787696751.177090922] [robot2.fragment_exec_node]: EventType: Task, Activity: pick, Robot: robot2, Mission: m3, Segment: s3, Start: 22768.19556818
[INFO] [1787696751.178615478] [robot2.fragment_exec_node]: Simulating pick skill...
[INFO] [1787696752.006804765] [robot2.fragment_exec_node]: Received fragment: {'robot': 'robot4', 'fragment': {'id': 'f3-2', 'mission': 'm3', 'state': 'assigned', 'wait': ['m3/s1/pick'], 'tasks': [{'name': 'scan', 'params': {'x': 7, 'y': 3}}], 'arrive_timestamp': 1787696726, 'priority': 1, 'segment': 's1', 'preconditions': [], 'postconditions': []}}
[INFO] [1787696753.182256146] [robot2.fragment_exec_node]: Pick completed!
[INFO] [1787696753.185258351] [robot2.fragment_exec_node]: EventType: Task, Activity: pick, Robot: robot2, Mission: m3, Segment: s3, End: 22770.202973278
[INFO] [1787696753.188501389] [robot2.fragment_exec_node]: Execution of fragment f3-7 completed!
[INFO] [1787696754.019758639] [robot2.fragment_exec_node]: Received fragment: {'robot': 'robot2', 'fragment': {'id': 'f3-8', 'mission': 'm3', 'state': 'assigned', 'wait': ['m3/s3/pick'], 'tasks': [{'name': 'scan', 'params': {'x': 1, 'y': 9}}], 'arrive_timestamp': 1787696726, 'priority': 1, 'segment': 's3', 'preconditions': [], 'postconditions': []}}
[INFO] [1787696754.020665343] [robot2.fragment_exec_node]: Received fragment assignment: f3-8. Starting execution.
[INFO] [1787696754.022030500] [robot2.fragment_exec_node]: Executing task scan. Params: {'x': 1, 'y': 9}, Virtual state: {'position': {'x': 1, 'y': 9, 'z': 0.0}, 'docked': False, 'battery': 100.0, 'conditions': ['picked-o3-3']}
[INFO] [1787696754.023031095] [robot2.fragment_exec_node]: EventType: Task, Activity: scan, Robot: robot2, Mission: m3, Segment: s3, Start: 22771.042143111
[INFO] [1787696754.023911322] [robot2.fragment_exec_node]: Simulating scan skill...
[INFO] [1787696756.011513429] [robot2.fragment_exec_node]: Received fragment: {'robot': 'robot4', 'fragment': {'id': 'f3-3', 'mission': 'm3', 'state': 'assigned', 'wait': ['m3/s1/scan'], 'tasks': [{'name': 'transport', 'params': {'x': 11, 'y': 6}}], 'arrive_timestamp': 1787696726, 'priority': 1, 'segment': 's1', 'preconditions': ['picked-o1-3'], 'postconditions': []}}
[INFO] [1787696757.027198497] [robot2.fragment_exec_node]: Scan completed!
[INFO] [1787696757.029974022] [robot2.fragment_exec_node]: EventType: Task, Activity: scan, Robot: robot2, Mission: m3, Segment: s3, End: 22774.047958698
[INFO] [1787696757.032202360] [robot2.fragment_exec_node]: Execution of fragment f3-8 completed!
[INFO] [1787696758.010388392] [robot2.fragment_exec_node]: Received fragment: {'robot': 'robot2', 'fragment': {'id': 'f3-9', 'mission': 'm3', 'state': 'assigned', 'wait': ['m3/s3/scan'], 'tasks': [{'name': 'transport', 'params': {'x': 11, 'y': 6}}], 'arrive_timestamp': 1787696726, 'priority': 1, 'segment': 's3', 'preconditions': ['picked-o3-3'], 'postconditions': []}}
[INFO] [1787696758.012201062] [robot2.fragment_exec_node]: Received fragment assignment: f3-9. Starting execution.
[INFO] [1787696758.014343435] [robot2.fragment_exec_node]: Executing task transport. Params: {'x': 11, 'y': 6}, Virtual state: {'position': {'x': 1, 'y': 9, 'z': 0.0}, 'docked': False, 'battery': 100.0, 'conditions': ['picked-o3-3']}
[INFO] [1787696758.015212405] [robot2.fragment_exec_node]: EventType: Control (Task: transport), Activity: navigate, Robot: robot2, Mission: m3, Segment: s3, Start: 22775.034258247
[INFO] [1787696758.016113283] [robot2.fragment_exec_node]: Simulating navigate skill from position (1, 9) to (11, 6) (22.360679774997898 seconds)...
[INFO] [1787696760.011309742] [robot2.fragment_exec_node]: Received fragment: {'robot': 'robot1', 'fragment': {'id': 'f1-2', 'mission': 'm1', 'state': 'assigned', 'wait': ['m1/s1/pick'], 'tasks': [{'name': 'scan', 'params': {'x': 5, 'y': 8}}], 'arrive_timestamp': 1787696725, 'priority': 1, 'segment': 's1', 'preconditions': [], 'postconditions': []}}
[INFO] [1787696761.019762037] [robot2.fragment_exec_node]: Received fragment: {'robot': 'robot5', 'fragment': {'id': 'f2-5', 'mission': 'm2', 'state': 'assigned', 'wait': ['m2/s2/pick'], 'tasks': [{'name': 'scan', 'params': {'x': 9, 'y': 5}}], 'arrive_timestamp': 1787696726, 'priority': 1, 'segment': 's2', 'preconditions': [], 'postconditions': []}}
[INFO] [1787696764.018933533] [robot2.fragment_exec_node]: Received fragment: {'robot': 'robot1', 'fragment': {'id': 'f1-3', 'mission': 'm1', 'state': 'assigned', 'wait': ['m1/s1/scan'], 'tasks': [{'name': 'transport', 'params': {'x': 11, 'y': 6}}], 'arrive_timestamp': 1787696725, 'priority': 1, 'segment': 's1', 'preconditions': ['picked-o1-1'], 'postconditions': []}}
[INFO] [1787696767.019277334] [robot2.fragment_exec_node]: Received fragment: {'robot': 'robot5', 'fragment': {'id': 'f2-6', 'mission': 'm2', 'state': 'assigned', 'wait': ['m2/s2/scan'], 'tasks': [{'name': 'transport', 'params': {'x': 11, 'y': 6}}], 'arrive_timestamp': 1787696726, 'priority': 1, 'segment': 's2', 'preconditions': ['picked-o2-2'], 'postconditions': []}}
[INFO] [1787696768.009766546] [robot2.fragment_exec_node]: Received fragment: {'robot': 'robot3', 'fragment': {'id': 'f4-2', 'mission': 'm4', 'state': 'assigned', 'wait': ['m4/s1/pick'], 'tasks': [{'name': 'scan', 'params': {'x': 2, 'y': 8}}], 'arrive_timestamp': 1787696727, 'priority': 1, 'segment': 's1', 'preconditions': [], 'postconditions': []}}
[INFO] [1787696772.017283968] [robot2.fragment_exec_node]: Received fragment: {'robot': 'robot3', 'fragment': {'id': 'f4-3', 'mission': 'm4', 'state': 'assigned', 'wait': ['m4/s1/scan'], 'tasks': [{'name': 'transport', 'params': {'x': 11, 'y': 6}}], 'arrive_timestamp': 1787696727, 'priority': 1, 'segment': 's1', 'preconditions': ['picked-o1-4'], 'postconditions': []}}
[INFO] [1787696775.012324681] [robot2.fragment_exec_node]: Received fragment: {'robot': 'robot4', 'fragment': {'id': 'f4-4', 'mission': 'm4', 'state': 'assigned', 'wait': [], 'tasks': [{'name': 'pick', 'params': {'weight': 7, 'x': 10, 'y': 4}}], 'arrive_timestamp': 1787696727, 'priority': 1, 'segment': 's2', 'preconditions': [], 'postconditions': ['picked-o2-4']}}
[INFO] [1787696780.013296763] [robot2.fragment_exec_node]: Received fragment: {'robot': 'robot6', 'fragment': {'id': 'f3-6', 'mission': 'm3', 'state': 'assigned', 'wait': ['m3/s2/scan'], 'tasks': [{'name': 'transport', 'params': {'x': 11, 'y': 6}}], 'arrive_timestamp': 1787696726, 'priority': 1, 'segment': 's2', 'preconditions': ['picked-o2-3'], 'postconditions': []}}
[INFO] [1787696780.378409786] [robot2.fragment_exec_node]: Navigation completed!
[INFO] [1787696780.379503175] [robot2.fragment_exec_node]: EventType: Control (Task: transport), Activity: navigate, Robot: robot2, Mission: m3, Segment: s3, End: 22797.398443872
[INFO] [1787696780.380514258] [robot2.fragment_exec_node]: EventType: Task, Activity: transport, Robot: robot2, Mission: m3, Segment: s3, Start: 22797.399472035
[INFO] [1787696780.381492678] [robot2.fragment_exec_node]: Simulating navigate skill from position (11, 6) to (11, 6) (10.0 seconds)...
[INFO] [1787696787.019965783] [robot2.fragment_exec_node]: Received fragment: {'robot': 'robot5', 'fragment': {'id': 'f1-4', 'mission': 'm1', 'state': 'assigned', 'wait': ['m1/s1/transport'], 'tasks': [{'name': 'pack', 'params': {'x': 11, 'y': 6, 'items': 1}}], 'arrive_timestamp': 1787696725, 'priority': 1, 'segment': '', 'preconditions': [], 'postconditions': []}}
[INFO] [1787696787.021023292] [robot2.fragment_exec_node]: Received fragment: {'robot': 'robot1', 'fragment': {'id': 'f2-7', 'mission': 'm2', 'state': 'assigned', 'wait': ['m2/s1/transport', 'm2/s2/transport'], 'tasks': [{'name': 'pack', 'params': {'x': 11, 'y': 6, 'items': 2}}], 'arrive_timestamp': 1787696726, 'priority': 1, 'segment': '', 'preconditions': [], 'postconditions': []}}
[INFO] [1787696790.382892375] [robot2.fragment_exec_node]: Navigation completed!
[INFO] [1787696790.383733393] [robot2.fragment_exec_node]: EventType: Task, Activity: transport, Robot: robot2, Mission: m3, Segment: s3, End: 22807.403259197
[INFO] [1787696790.384683911] [robot2.fragment_exec_node]: Execution of fragment f3-9 completed!
[INFO] [1787696791.025950286] [robot2.fragment_exec_node]: Received fragment: {'robot': 'robot2', 'fragment': {'id': 'f4-7', 'mission': 'm4', 'state': 'assigned', 'wait': [], 'tasks': [{'name': 'pick', 'params': {'weight': 2, 'x': 9, 'y': 1}}], 'arrive_timestamp': 1787696727, 'priority': 1, 'segment': 's3', 'preconditions': [], 'postconditions': ['picked-o3-4']}}
[INFO] [1787696791.032903206] [robot2.fragment_exec_node]: Received fragment: {'robot': 'robot6', 'fragment': {'id': 'f3-10', 'mission': 'm3', 'state': 'assigned', 'wait': ['m3/s1/transport', 'm3/s2/transport', 'm3/s3/transport'], 'tasks': [{'name': 'pack', 'params': {'x': 2, 'y': 3, 'items': 3}}], 'arrive_timestamp': 1787696726, 'priority': 1, 'segment': '', 'preconditions': [], 'postconditions': []}}
[INFO] [1787696791.038369347] [robot2.fragment_exec_node]: Received fragment assignment: f4-7. Starting execution.
[INFO] [1787696791.039911878] [robot2.fragment_exec_node]: Executing task pick. Params: {'weight': 2, 'x': 9, 'y': 1}, Virtual state: {'position': {'x': 11, 'y': 6, 'z': 0.0}, 'docked': False, 'battery': 100.0, 'conditions': ['picked-o3-3']}
[INFO] [1787696791.040600054] [robot2.fragment_exec_node]: EventType: Control (Task: pick), Activity: navigate, Robot: robot2, Mission: m4, Segment: s3, Start: 22808.060171576
[INFO] [1787696791.041350452] [robot2.fragment_exec_node]: Simulating navigate skill from position (11, 6) to (9, 1) (20.396078054371138 seconds)...
[INFO] [1787696796.029050975] [robot2.fragment_exec_node]: Received fragment: {'robot': 'robot5', 'fragment': {'id': "f4-10'", 'mission': 'm4', 'state': 'assigned', 'wait': [], 'tasks': [{'name': 'pick', 'params': {'weight': 1, 'x': 2, 'y': 4}}], 'arrive_timestamp': 1787696727, 'priority': 1, 'segment': 's4', 'preconditions': [], 'postconditions': ['picked-o4-4']}}
[INFO] [1787696797.015748645] [robot2.fragment_exec_node]: Received fragment: {'robot': 'robot4', 'fragment': {'id': 'f4-5', 'mission': 'm4', 'state': 'assigned', 'wait': ['m4/s2/pick'], 'tasks': [{'name': 'scan', 'params': {'x': 10, 'y': 4}}], 'arrive_timestamp': 1787696727, 'priority': 1, 'segment': 's2', 'preconditions': [], 'postconditions': []}}
[INFO] [1787696803.013088228] [robot2.fragment_exec_node]: Received fragment: {'robot': 'robot4', 'fragment': {'id': 'f4-6', 'mission': 'm4', 'state': 'assigned', 'wait': ['m4/s2/scan'], 'tasks': [{'name': 'transport', 'params': {'x': 11, 'y': 6}}], 'arrive_timestamp': 1787696727, 'priority': 1, 'segment': 's2', 'preconditions': ['picked-o2-4'], 'postconditions': []}}
[INFO] [1787696811.439572324] [robot2.fragment_exec_node]: Navigation completed!
[INFO] [1787696811.440863013] [robot2.fragment_exec_node]: EventType: Control (Task: pick), Activity: navigate, Robot: robot2, Mission: m4, Segment: s3, End: 22828.460026262
[INFO] [1787696811.442468358] [robot2.fragment_exec_node]: EventType: Task, Activity: pick, Robot: robot2, Mission: m4, Segment: s3, Start: 22828.461181799
[INFO] [1787696811.443609246] [robot2.fragment_exec_node]: Simulating pick skill...
[INFO] [1787696813.445253328] [robot2.fragment_exec_node]: Pick completed!
[INFO] [1787696813.446424260] [robot2.fragment_exec_node]: EventType: Task, Activity: pick, Robot: robot2, Mission: m4, Segment: s3, End: 22830.465653532
[INFO] [1787696813.447974273] [robot2.fragment_exec_node]: Execution of fragment f4-7 completed!
[INFO] [1787696814.006671240] [robot2.fragment_exec_node]: Received fragment: {'robot': 'robot2', 'fragment': {'id': 'f4-8', 'mission': 'm4', 'state': 'assigned', 'wait': ['m4/s3/pick'], 'tasks': [{'name': 'scan', 'params': {'x': 9, 'y': 1}}], 'arrive_timestamp': 1787696727, 'priority': 1, 'segment': 's3', 'preconditions': [], 'postconditions': []}}
[INFO] [1787696814.008079075] [robot2.fragment_exec_node]: Received fragment assignment: f4-8. Starting execution.
[INFO] [1787696814.012227541] [robot2.fragment_exec_node]: Executing task scan. Params: {'x': 9, 'y': 1}, Virtual state: {'position': {'x': 9, 'y': 1, 'z': 0.0}, 'docked': False, 'battery': 100.0, 'conditions': ['picked-o3-3', 'picked-o3-4']}
[INFO] [1787696814.017827715] [robot2.fragment_exec_node]: EventType: Task, Activity: scan, Robot: robot2, Mission: m4, Segment: s3, Start: 22831.037434626
[INFO] [1787696814.018353889] [robot2.fragment_exec_node]: Simulating scan skill...
[INFO] [1787696817.019787319] [robot2.fragment_exec_node]: Scan completed!
[INFO] [1787696817.020840547] [robot2.fragment_exec_node]: EventType: Task, Activity: scan, Robot: robot2, Mission: m4, Segment: s3, End: 22834.04039404
[INFO] [1787696817.022124290] [robot2.fragment_exec_node]: Execution of fragment f4-8 completed!
[INFO] [1787696818.007833119] [robot2.fragment_exec_node]: Received fragment: {'robot': 'robot2', 'fragment': {'id': 'f4-9', 'mission': 'm4', 'state': 'assigned', 'wait': ['m4/s3/scan'], 'tasks': [{'name': 'transport', 'params': {'x': 11, 'y': 6}}], 'arrive_timestamp': 1787696727, 'priority': 1, 'segment': 's3', 'preconditions': ['picked-o3-4'], 'postconditions': []}}
[INFO] [1787696818.011734720] [robot2.fragment_exec_node]: Received fragment assignment: f4-9. Starting execution.
[INFO] [1787696818.014002558] [robot2.fragment_exec_node]: Executing task transport. Params: {'x': 11, 'y': 6}, Virtual state: {'position': {'x': 9, 'y': 1, 'z': 0.0}, 'docked': False, 'battery': 100.0, 'conditions': ['picked-o3-3', 'picked-o3-4']}
[INFO] [1787696818.016793972] [robot2.fragment_exec_node]: EventType: Control (Task: transport), Activity: navigate, Robot: robot2, Mission: m4, Segment: s3, Start: 22835.035086286
[INFO] [1787696818.019816449] [robot2.fragment_exec_node]: Simulating navigate skill from position (9, 1) to (11, 6) (7.211102550927978 seconds)...
[INFO] [1787696820.019046072] [robot2.fragment_exec_node]: Received fragment: {'robot': 'robot5', 'fragment': {'id': 'f4-11', 'mission': 'm4', 'state': 'assigned', 'wait': ['m4/s4/pick'], 'tasks': [{'name': 'scan', 'params': {'x': 2, 'y': 4}}], 'arrive_timestamp': 1787696727, 'priority': 1, 'segment': 's4', 'preconditions': [], 'postconditions': []}}
[INFO] [1787696824.020138738] [robot2.fragment_exec_node]: Received fragment: {'robot': 'robot5', 'fragment': {'id': 'f4-12', 'mission': 'm4', 'state': 'assigned', 'wait': ['m4/s4/scan'], 'tasks': [{'name': 'transport', 'params': {'x': 11, 'y': 6}}], 'arrive_timestamp': 1787696727, 'priority': 1, 'segment': 's4', 'preconditions': ['picked-o4-4'], 'postconditions': []}}
[INFO] [1787696825.233269634] [robot2.fragment_exec_node]: Navigation completed!
[INFO] [1787696825.235165393] [robot2.fragment_exec_node]: EventType: Control (Task: transport), Activity: navigate, Robot: robot2, Mission: m4, Segment: s3, End: 22842.255521612
[INFO] [1787696825.236807602] [robot2.fragment_exec_node]: EventType: Task, Activity: transport, Robot: robot2, Mission: m4, Segment: s3, Start: 22842.257306917
[INFO] [1787696825.238239423] [robot2.fragment_exec_node]: Simulating navigate skill from position (11, 6) to (11, 6) (10.0 seconds)...
[INFO] [1787696835.240746766] [robot2.fragment_exec_node]: Navigation completed!
[INFO] [1787696835.242253429] [robot2.fragment_exec_node]: EventType: Task, Activity: transport, Robot: robot2, Mission: m4, Segment: s3, End: 22852.262833363
[INFO] [1787696835.244596835] [robot2.fragment_exec_node]: Execution of fragment f4-9 completed!
[INFO] [1787696854.028855549] [robot2.fragment_exec_node]: Received fragment: {'robot': 'robot3', 'fragment': {'id': 'f4-13', 'mission': 'm4', 'state': 'assigned', 'wait': ['m4/s1/transport', 'm4/s2/transport', 'm4/s3/transport', 'm4/s4/transport'], 'tasks': [{'name': 'pack', 'params': {'x': 11, 'y': 6, 'items': 4}}], 'arrive_timestamp': 1787696727, 'priority': 1, 'segment': '', 'preconditions': [], 'postconditions': []}}
Traceback (most recent call last):
  File "/root/ros2_ws/install/multi3_executor/lib/multi3_executor/executor", line 33, in <module>
    sys.exit(load_entry_point('multi3-executor==0.0.0', 'console_scripts', 'executor')())
  File "/root/ros2_ws/install/multi3_executor/lib/python3.10/site-packages/multi3_executor/nodes/executor.py", line 236, in main
    rclpy.shutdown()
  File "/opt/ros/humble/local/lib/python3.10/dist-packages/rclpy/__init__.py", line 130, in shutdown
    _shutdown(context=context)
  File "/opt/ros/humble/local/lib/python3.10/dist-packages/rclpy/utilities.py", line 58, in shutdown
    return context.shutdown()
  File "/opt/ros/humble/local/lib/python3.10/dist-packages/rclpy/context.py", line 102, in shutdown
    self.__context.shutdown()
rclpy._rclpy_pybind11.RCLError: failed to shutdown: rcl_shutdown already called on the given context, at ./src/rcl/init.c:241

--- executor_robot3.log ---
[INFO] [1787696716.961025675] [robot3.fragment_exec_node]: Setting up skill: PickSkill
[INFO] [1787696716.962090297] [robot3.fragment_exec_node]: Setting up skill: ScanSkill
[INFO] [1787696716.963002656] [robot3.fragment_exec_node]: Setting up skill: NavigateSkill
[INFO] [1787696716.963736127] [robot3.fragment_exec_node]: Setting up skill: NavigateSkill
[INFO] [1787696716.964718745] [robot3.fragment_exec_node]: Setting up skill: DockSkill
[INFO] [1787696716.965462629] [robot3.fragment_exec_node]: Setting up skill: UndockSkill
[INFO] [1787696716.966266688] [robot3.fragment_exec_node]: Setting up skill: PackSkill
[INFO] [1787696716.973394614] [robot3.fragment_exec_node]: Published robot registration: {'name': 'robot3', 'operational_state': 'idle', 'capabilities': ['pick', 'scan', 'transport', 'pack'], 'state': {'position': {'x': 0.0, 'y': 0.0, 'z': 0.0}, 'docked': True, 'battery': 100.0, 'conditions': []}}
[INFO] [1787696729.023984233] [robot3.fragment_exec_node]: Received fragment: {'robot': 'robot1', 'fragment': {'id': 'f1-1', 'mission': 'm1', 'state': 'assigned', 'wait': [], 'tasks': [{'name': 'pick', 'params': {'x': 5, 'y': 8, 'weight': 8}}], 'arrive_timestamp': 1787696725, 'priority': 1, 'segment': 's1', 'preconditions': [], 'postconditions': ['picked-o1-1']}}
[INFO] [1787696729.028017429] [robot3.fragment_exec_node]: Received fragment: {'robot': 'robot3', 'fragment': {'id': 'f2-1', 'mission': 'm2', 'state': 'assigned', 'wait': [], 'tasks': [{'name': 'pick', 'params': {'weight': 5, 'x': 2, 'y': 3}}], 'arrive_timestamp': 1787696726, 'priority': 1, 'segment': 's1', 'preconditions': [], 'postconditions': ['picked-o1-2']}}
[INFO] [1787696729.032077579] [robot3.fragment_exec_node]: Received fragment: {'robot': 'robot5', 'fragment': {'id': 'f2-4', 'mission': 'm2', 'state': 'assigned', 'wait': [], 'tasks': [{'name': 'pick', 'params': {'weight': 7, 'x': 9, 'y': 5}}], 'arrive_timestamp': 1787696726, 'priority': 1, 'segment': 's2', 'preconditions': [], 'postconditions': ['picked-o2-2']}}
[INFO] [1787696729.040318465] [robot3.fragment_exec_node]: Received fragment: {'robot': 'robot6', 'fragment': {'id': 'f3-4', 'mission': 'm3', 'state': 'assigned', 'wait': [], 'tasks': [{'name': 'pick', 'params': {'weight': 5, 'x': 2, 'y': 3}}], 'arrive_timestamp': 1787696726, 'priority': 1, 'segment': 's2', 'preconditions': [], 'postconditions': ['picked-o2-3']}}
[INFO] [1787696729.041101844] [robot3.fragment_exec_node]: Received fragment: {'robot': 'robot4', 'fragment': {'id': 'f3-1', 'mission': 'm3', 'state': 'assigned', 'wait': [], 'tasks': [{'name': 'pick', 'params': {'weight': 3, 'x': 7, 'y': 3}}], 'arrive_timestamp': 1787696726, 'priority': 1, 'segment': 's1', 'preconditions': [], 'postconditions': ['picked-o1-3']}}
[INFO] [1787696729.042628886] [robot3.fragment_exec_node]: Received fragment: {'robot': 'robot2', 'fragment': {'id': 'f3-7', 'mission': 'm3', 'state': 'assigned', 'wait': [], 'tasks': [{'name': 'pick', 'params': {'weight': 2, 'x': 1, 'y': 9}}], 'arrive_timestamp': 1787696726, 'priority': 1, 'segment': 's3', 'preconditions': [], 'postconditions': ['picked-o3-3']}}
[INFO] [1787696729.043817473] [robot3.fragment_exec_node]: Received fragment assignment: f2-1. Starting execution.
[INFO] [1787696729.045034208] [robot3.fragment_exec_node]: Executing task pick. Params: {'weight': 5, 'x': 2, 'y': 3}, Virtual state: {'position': {'x': 0.0, 'y': 0.0, 'z': 0.0}, 'docked': True, 'battery': 100.0, 'conditions': []}
[INFO] [1787696729.046055862] [robot3.fragment_exec_node]: EventType: Control (Task: pick), Activity: undock, Robot: robot3, Mission: m2, Segment: s1, Start: 22746.06587657
[INFO] [1787696729.047076153] [robot3.fragment_exec_node]: Simulating undock skill...
[INFO] [1787696733.051083590] [robot3.fragment_exec_node]: Undock completed!
[INFO] [1787696733.052893434] [robot3.fragment_exec_node]: EventType: Control (Task: pick), Activity: undock, Robot: robot3, Mission: m2, Segment: s1, End: 22750.071512104
[INFO] [1787696733.054271383] [robot3.fragment_exec_node]: EventType: Control (Task: pick), Activity: navigate, Robot: robot3, Mission: m2, Segment: s1, Start: 22750.072973316
[INFO] [1787696733.056360689] [robot3.fragment_exec_node]: Simulating navigate skill from position (0.0, 0.0) to (2, 3) (7.211102550927978 seconds)...
[INFO] [1787696740.271153645] [robot3.fragment_exec_node]: Navigation completed!
[INFO] [1787696740.274143908] [robot3.fragment_exec_node]: EventType: Control (Task: pick), Activity: navigate, Robot: robot3, Mission: m2, Segment: s1, End: 22757.291855664
[INFO] [1787696740.275880631] [robot3.fragment_exec_node]: EventType: Task, Activity: pick, Robot: robot3, Mission: m2, Segment: s1, Start: 22757.294426278
[INFO] [1787696740.277539634] [robot3.fragment_exec_node]: Simulating pick skill...
[INFO] [1787696745.280880322] [robot3.fragment_exec_node]: Pick completed!
[INFO] [1787696745.283450686] [robot3.fragment_exec_node]: EventType: Task, Activity: pick, Robot: robot3, Mission: m2, Segment: s1, End: 22762.30157431
[INFO] [1787696745.286368914] [robot3.fragment_exec_node]: Execution of fragment f2-1 completed!
[INFO] [1787696746.020714262] [robot3.fragment_exec_node]: Received fragment: {'robot': 'robot6', 'fragment': {'id': 'f2-2', 'mission': 'm2', 'state': 'assigned', 'wait': ['m2/s1/pick'], 'tasks': [{'name': 'scan', 'params': {'x': 2, 'y': 3}}], 'arrive_timestamp': 1787696726, 'priority': 1, 'segment': 's1', 'preconditions': [], 'postconditions': []}}
[INFO] [1787696746.022160136] [robot3.fragment_exec_node]: Received fragment: {'robot': 'robot3', 'fragment': {'id': 'f3-5', 'mission': 'm3', 'state': 'assigned', 'wait': ['m3/s2/pick'], 'tasks': [{'name': 'scan', 'params': {'x': 2, 'y': 3}}], 'arrive_timestamp': 1787696726, 'priority': 1, 'segment': 's2', 'preconditions': [], 'postconditions': []}}
[INFO] [1787696746.023224563] [robot3.fragment_exec_node]: Received fragment assignment: f3-5. Starting execution.
[INFO] [1787696746.024435453] [robot3.fragment_exec_node]: Executing task scan. Params: {'x': 2, 'y': 3}, Virtual state: {'position': {'x': 2, 'y': 3, 'z': 0.0}, 'docked': False, 'battery': 100.0, 'conditions': ['picked-o1-2']}
[INFO] [1787696746.025218199] [robot3.fragment_exec_node]: EventType: Task, Activity: scan, Robot: robot3, Mission: m3, Segment: s2, Start: 22763.044382749
[INFO] [1787696746.026032704] [robot3.fragment_exec_node]: Simulating scan skill...
[INFO] [1787696749.028317859] [robot3.fragment_exec_node]: Scan completed!
[INFO] [1787696749.029198571] [robot3.fragment_exec_node]: EventType: Task, Activity: scan, Robot: robot3, Mission: m3, Segment: s2, End: 22766.048222968
[INFO] [1787696749.030619109] [robot3.fragment_exec_node]: Execution of fragment f3-5 completed!
[INFO] [1787696750.011404214] [robot3.fragment_exec_node]: Received fragment: {'robot': 'robot6', 'fragment': {'id': 'f2-3', 'mission': 'm2', 'state': 'assigned', 'wait': ['m2/s1/scan'], 'tasks': [{'name': 'transport', 'params': {'x': 11, 'y': 6}}], 'arrive_timestamp': 1787696726, 'priority': 1, 'segment': 's1', 'preconditions': [], 'postconditions': []}}
[INFO] [1787696750.031003850] [robot3.fragment_exec_node]: Received fragment: {'robot': 'robot3', 'fragment': {'id': 'f4-1', 'mission': 'm4', 'state': 'assigned', 'wait': [], 'tasks': [{'name': 'pick', 'params': {'weight': 5, 'x': 2, 'y': 8}}], 'arrive_timestamp': 1787696727, 'priority': 1, 'segment': 's1', 'preconditions': [], 'postconditions': ['picked-o1-4']}}
[INFO] [1787696750.032254671] [robot3.fragment_exec_node]: Received fragment assignment: f4-1. Starting execution.
[INFO] [1787696750.034029516] [robot3.fragment_exec_node]: Executing task pick. Params: {'weight': 5, 'x': 2, 'y': 8}, Virtual state: {'position': {'x': 2, 'y': 3, 'z': 0.0}, 'docked': False, 'battery': 100.0, 'conditions': ['picked-o1-2']}
[INFO] [1787696750.035085637] [robot3.fragment_exec_node]: EventType: Control (Task: pick), Activity: navigate, Robot: robot3, Mission: m4, Segment: s1, Start: 22767.053999413
[INFO] [1787696750.036104637] [robot3.fragment_exec_node]: Simulating navigate skill from position (2, 3) to (2, 8) (12.0 seconds)...
[INFO] [1787696752.011912598] [robot3.fragment_exec_node]: Received fragment: {'robot': 'robot4', 'fragment': {'id': 'f3-2', 'mission': 'm3', 'state': 'assigned', 'wait': ['m3/s1/pick'], 'tasks': [{'name': 'scan', 'params': {'x': 7, 'y': 3}}], 'arrive_timestamp': 1787696726, 'priority': 1, 'segment': 's1', 'preconditions': [], 'postconditions': []}}
[INFO] [1787696754.053875147] [robot3.fragment_exec_node]: Received fragment: {'robot': 'robot2', 'fragment': {'id': 'f3-8', 'mission': 'm3', 'state': 'assigned', 'wait': ['m3/s3/pick'], 'tasks': [{'name': 'scan', 'params': {'x': 1, 'y': 9}}], 'arrive_timestamp': 1787696726, 'priority': 1, 'segment': 's3', 'preconditions': [], 'postconditions': []}}
[INFO] [1787696756.015103018] [robot3.fragment_exec_node]: Received fragment: {'robot': 'robot4', 'fragment': {'id': 'f3-3', 'mission': 'm3', 'state': 'assigned', 'wait': ['m3/s1/scan'], 'tasks': [{'name': 'transport', 'params': {'x': 11, 'y': 6}}], 'arrive_timestamp': 1787696726, 'priority': 1, 'segment': 's1', 'preconditions': ['picked-o1-3'], 'postconditions': []}}
[INFO] [1787696758.012752614] [robot3.fragment_exec_node]: Received fragment: {'robot': 'robot2', 'fragment': {'id': 'f3-9', 'mission': 'm3', 'state': 'assigned', 'wait': ['m3/s3/scan'], 'tasks': [{'name': 'transport', 'params': {'x': 11, 'y': 6}}], 'arrive_timestamp': 1787696726, 'priority': 1, 'segment': 's3', 'preconditions': ['picked-o3-3'], 'postconditions': []}}
[INFO] [1787696760.029207178] [robot3.fragment_exec_node]: Received fragment: {'robot': 'robot1', 'fragment': {'id': 'f1-2', 'mission': 'm1', 'state': 'assigned', 'wait': ['m1/s1/pick'], 'tasks': [{'name': 'scan', 'params': {'x': 5, 'y': 8}}], 'arrive_timestamp': 1787696725, 'priority': 1, 'segment': 's1', 'preconditions': [], 'postconditions': []}}
[INFO] [1787696761.014017084] [robot3.fragment_exec_node]: Received fragment: {'robot': 'robot5', 'fragment': {'id': 'f2-5', 'mission': 'm2', 'state': 'assigned', 'wait': ['m2/s2/pick'], 'tasks': [{'name': 'scan', 'params': {'x': 9, 'y': 5}}], 'arrive_timestamp': 1787696726, 'priority': 1, 'segment': 's2', 'preconditions': [], 'postconditions': []}}
[INFO] [1787696762.040461141] [robot3.fragment_exec_node]: Navigation completed!
[INFO] [1787696762.043141715] [robot3.fragment_exec_node]: EventType: Control (Task: pick), Activity: navigate, Robot: robot3, Mission: m4, Segment: s1, End: 22779.061127272
[INFO] [1787696762.044671859] [robot3.fragment_exec_node]: EventType: Task, Activity: pick, Robot: robot3, Mission: m4, Segment: s1, Start: 22779.063351614
[INFO] [1787696762.046338890] [robot3.fragment_exec_node]: Simulating pick skill...
[INFO] [1787696764.033910871] [robot3.fragment_exec_node]: Received fragment: {'robot': 'robot1', 'fragment': {'id': 'f1-3', 'mission': 'm1', 'state': 'assigned', 'wait': ['m1/s1/scan'], 'tasks': [{'name': 'transport', 'params': {'x': 11, 'y': 6}}], 'arrive_timestamp': 1787696725, 'priority': 1, 'segment': 's1', 'preconditions': ['picked-o1-1'], 'postconditions': []}}
[INFO] [1787696767.013401664] [robot3.fragment_exec_node]: Received fragment: {'robot': 'robot5', 'fragment': {'id': 'f2-6', 'mission': 'm2', 'state': 'assigned', 'wait': ['m2/s2/scan'], 'tasks': [{'name': 'transport', 'params': {'x': 11, 'y': 6}}], 'arrive_timestamp': 1787696726, 'priority': 1, 'segment': 's2', 'preconditions': ['picked-o2-2'], 'postconditions': []}}
[INFO] [1787696767.049253256] [robot3.fragment_exec_node]: Pick completed!
[INFO] [1787696767.050319476] [robot3.fragment_exec_node]: EventType: Task, Activity: pick, Robot: robot3, Mission: m4, Segment: s1, End: 22784.069318453
[INFO] [1787696767.051475279] [robot3.fragment_exec_node]: Execution of fragment f4-1 completed!
[INFO] [1787696768.011082846] [robot3.fragment_exec_node]: Received fragment: {'robot': 'robot3', 'fragment': {'id': 'f4-2', 'mission': 'm4', 'state': 'assigned', 'wait': ['m4/s1/pick'], 'tasks': [{'name': 'scan', 'params': {'x': 2, 'y': 8}}], 'arrive_timestamp': 1787696727, 'priority': 1, 'segment': 's1', 'preconditions': [], 'postconditions': []}}
[INFO] [1787696768.012792359] [robot3.fragment_exec_node]: Received fragment assignment: f4-2. Starting execution.
[INFO] [1787696768.014306459] [robot3.fragment_exec_node]: Executing task scan. Params: {'x': 2, 'y': 8}, Virtual state: {'position': {'x': 2, 'y': 8, 'z': 0.0}, 'docked': False, 'battery': 100.0, 'conditions': ['picked-o1-2', 'picked-o1-4']}
[INFO] [1787696768.015445725] [robot3.fragment_exec_node]: EventType: Task, Activity: scan, Robot: robot3, Mission: m4, Segment: s1, Start: 22785.034413868
[INFO] [1787696768.016472580] [robot3.fragment_exec_node]: Simulating scan skill...
[INFO] [1787696771.019440129] [robot3.fragment_exec_node]: Scan completed!
[INFO] [1787696771.021646486] [robot3.fragment_exec_node]: EventType: Task, Activity: scan, Robot: robot3, Mission: m4, Segment: s1, End: 22788.039639279
[INFO] [1787696771.024042255] [robot3.fragment_exec_node]: Execution of fragment f4-2 completed!
[INFO] [1787696772.012114701] [robot3.fragment_exec_node]: Received fragment: {'robot': 'robot3', 'fragment': {'id': 'f4-3', 'mission': 'm4', 'state': 'assigned', 'wait': ['m4/s1/scan'], 'tasks': [{'name': 'transport', 'params': {'x': 11, 'y': 6}}], 'arrive_timestamp': 1787696727, 'priority': 1, 'segment': 's1', 'preconditions': ['picked-o1-4'], 'postconditions': []}}
[INFO] [1787696772.013142872] [robot3.fragment_exec_node]: Received fragment assignment: f4-3. Starting execution.
[INFO] [1787696772.014451116] [robot3.fragment_exec_node]: Executing task transport. Params: {'x': 11, 'y': 6}, Virtual state: {'position': {'x': 2, 'y': 8, 'z': 0.0}, 'docked': False, 'battery': 100.0, 'conditions': ['picked-o1-2', 'picked-o1-4']}
[INFO] [1787696772.015591910] [robot3.fragment_exec_node]: EventType: Control (Task: transport), Activity: navigate, Robot: robot3, Mission: m4, Segment: s1, Start: 22789.034512896
[INFO] [1787696772.016929436] [robot3.fragment_exec_node]: Simulating navigate skill from position (2, 8) to (11, 6) (19.697715603592208 seconds)...
[INFO] [1787696775.010486266] [robot3.fragment_exec_node]: Received fragment: {'robot': 'robot4', 'fragment': {'id': 'f4-4', 'mission': 'm4', 'state': 'assigned', 'wait': [], 'tasks': [{'name': 'pick', 'params': {'weight': 7, 'x': 10, 'y': 4}}], 'arrive_timestamp': 1787696727, 'priority': 1, 'segment': 's2', 'preconditions': [], 'postconditions': ['picked-o2-4']}}
[INFO] [1787696780.016046310] [robot3.fragment_exec_node]: Received fragment: {'robot': 'robot6', 'fragment': {'id': 'f3-6', 'mission': 'm3', 'state': 'assigned', 'wait': ['m3/s2/scan'], 'tasks': [{'name': 'transport', 'params': {'x': 11, 'y': 6}}], 'arrive_timestamp': 1787696726, 'priority': 1, 'segment': 's2', 'preconditions': ['picked-o2-3'], 'postconditions': []}}
[INFO] [1787696787.024379472] [robot3.fragment_exec_node]: Received fragment: {'robot': 'robot5', 'fragment': {'id': 'f1-4', 'mission': 'm1', 'state': 'assigned', 'wait': ['m1/s1/transport'], 'tasks': [{'name': 'pack', 'params': {'x': 11, 'y': 6, 'items': 1}}], 'arrive_timestamp': 1787696725, 'priority': 1, 'segment': '', 'preconditions': [], 'postconditions': []}}
[INFO] [1787696787.025895053] [robot3.fragment_exec_node]: Received fragment: {'robot': 'robot1', 'fragment': {'id': 'f2-7', 'mission': 'm2', 'state': 'assigned', 'wait': ['m2/s1/transport', 'm2/s2/transport'], 'tasks': [{'name': 'pack', 'params': {'x': 11, 'y': 6, 'items': 2}}], 'arrive_timestamp': 1787696726, 'priority': 1, 'segment': '', 'preconditions': [], 'postconditions': []}}
[INFO] [1787696791.038211763] [robot3.fragment_exec_node]: Received fragment: {'robot': 'robot6', 'fragment': {'id': 'f3-10', 'mission': 'm3', 'state': 'assigned', 'wait': ['m3/s1/transport', 'm3/s2/transport', 'm3/s3/transport'], 'tasks': [{'name': 'pack', 'params': {'x': 2, 'y': 3, 'items': 3}}], 'arrive_timestamp': 1787696726, 'priority': 1, 'segment': '', 'preconditions': [], 'postconditions': []}}
[INFO] [1787696791.039362195] [robot3.fragment_exec_node]: Received fragment: {'robot': 'robot2', 'fragment': {'id': 'f4-7', 'mission': 'm4', 'state': 'assigned', 'wait': [], 'tasks': [{'name': 'pick', 'params': {'weight': 2, 'x': 9, 'y': 1}}], 'arrive_timestamp': 1787696727, 'priority': 1, 'segment': 's3', 'preconditions': [], 'postconditions': ['picked-o3-4']}}
[INFO] [1787696791.718092174] [robot3.fragment_exec_node]: Navigation completed!
[INFO] [1787696791.720774124] [robot3.fragment_exec_node]: EventType: Control (Task: transport), Activity: navigate, Robot: robot3, Mission: m4, Segment: s1, End: 22808.739400917
[INFO] [1787696791.722247097] [robot3.fragment_exec_node]: EventType: Task, Activity: transport, Robot: robot3, Mission: m4, Segment: s1, Start: 22808.741333558
[INFO] [1787696791.723957963] [robot3.fragment_exec_node]: Simulating navigate skill from position (11, 6) to (11, 6) (10.0 seconds)...
[INFO] [1787696796.011782573] [robot3.fragment_exec_node]: Received fragment: {'robot': 'robot5', 'fragment': {'id': "f4-10'", 'mission': 'm4', 'state': 'assigned', 'wait': [], 'tasks': [{'name': 'pick', 'params': {'weight': 1, 'x': 2, 'y': 4}}], 'arrive_timestamp': 1787696727, 'priority': 1, 'segment': 's4', 'preconditions': [], 'postconditions': ['picked-o4-4']}}
[INFO] [1787696797.013440428] [robot3.fragment_exec_node]: Received fragment: {'robot': 'robot4', 'fragment': {'id': 'f4-5', 'mission': 'm4', 'state': 'assigned', 'wait': ['m4/s2/pick'], 'tasks': [{'name': 'scan', 'params': {'x': 10, 'y': 4}}], 'arrive_timestamp': 1787696727, 'priority': 1, 'segment': 's2', 'preconditions': [], 'postconditions': []}}
[INFO] [1787696801.727788192] [robot3.fragment_exec_node]: Navigation completed!
[INFO] [1787696801.730666671] [robot3.fragment_exec_node]: EventType: Task, Activity: transport, Robot: robot3, Mission: m4, Segment: s1, End: 22818.748818098
[INFO] [1787696801.733078043] [robot3.fragment_exec_node]: Execution of fragment f4-3 completed!
[INFO] [1787696803.018905013] [robot3.fragment_exec_node]: Received fragment: {'robot': 'robot4', 'fragment': {'id': 'f4-6', 'mission': 'm4', 'state': 'assigned', 'wait': ['m4/s2/scan'], 'tasks': [{'name': 'transport', 'params': {'x': 11, 'y': 6}}], 'arrive_timestamp': 1787696727, 'priority': 1, 'segment': 's2', 'preconditions': ['picked-o2-4'], 'postconditions': []}}
[INFO] [1787696814.007797887] [robot3.fragment_exec_node]: Received fragment: {'robot': 'robot2', 'fragment': {'id': 'f4-8', 'mission': 'm4', 'state': 'assigned', 'wait': ['m4/s3/pick'], 'tasks': [{'name': 'scan', 'params': {'x': 9, 'y': 1}}], 'arrive_timestamp': 1787696727, 'priority': 1, 'segment': 's3', 'preconditions': [], 'postconditions': []}}
[INFO] [1787696818.018272377] [robot3.fragment_exec_node]: Received fragment: {'robot': 'robot2', 'fragment': {'id': 'f4-9', 'mission': 'm4', 'state': 'assigned', 'wait': ['m4/s3/scan'], 'tasks': [{'name': 'transport', 'params': {'x': 11, 'y': 6}}], 'arrive_timestamp': 1787696727, 'priority': 1, 'segment': 's3', 'preconditions': ['picked-o3-4'], 'postconditions': []}}
[INFO] [1787696820.017401407] [robot3.fragment_exec_node]: Received fragment: {'robot': 'robot5', 'fragment': {'id': 'f4-11', 'mission': 'm4', 'state': 'assigned', 'wait': ['m4/s4/pick'], 'tasks': [{'name': 'scan', 'params': {'x': 2, 'y': 4}}], 'arrive_timestamp': 1787696727, 'priority': 1, 'segment': 's4', 'preconditions': [], 'postconditions': []}}
[INFO] [1787696824.037369377] [robot3.fragment_exec_node]: Received fragment: {'robot': 'robot5', 'fragment': {'id': 'f4-12', 'mission': 'm4', 'state': 'assigned', 'wait': ['m4/s4/scan'], 'tasks': [{'name': 'transport', 'params': {'x': 11, 'y': 6}}], 'arrive_timestamp': 1787696727, 'priority': 1, 'segment': 's4', 'preconditions': ['picked-o4-4'], 'postconditions': []}}
[INFO] [1787696854.011565599] [robot3.fragment_exec_node]: Received fragment: {'robot': 'robot3', 'fragment': {'id': 'f4-13', 'mission': 'm4', 'state': 'assigned', 'wait': ['m4/s1/transport', 'm4/s2/transport', 'm4/s3/transport', 'm4/s4/transport'], 'tasks': [{'name': 'pack', 'params': {'x': 11, 'y': 6, 'items': 4}}], 'arrive_timestamp': 1787696727, 'priority': 1, 'segment': '', 'preconditions': [], 'postconditions': []}}
[INFO] [1787696854.013754328] [robot3.fragment_exec_node]: Received fragment assignment: f4-13. Starting execution.
[INFO] [1787696854.015802435] [robot3.fragment_exec_node]: Executing task pack. Params: {'x': 11, 'y': 6, 'items': 4}, Virtual state: {'position': {'x': 11, 'y': 6, 'z': 0.0}, 'docked': False, 'battery': 100.0, 'conditions': ['picked-o1-2', 'picked-o1-4']}
[INFO] [1787696854.017640402] [robot3.fragment_exec_node]: EventType: Task, Activity: pack, Robot: robot3, Mission: m4, Segment: , Start: 22871.036825191
[INFO] [1787696854.018407334] [robot3.fragment_exec_node]: Simulating pack skill...
[INFO] [1787696878.019758612] [robot3.fragment_exec_node]: Packing completed!
[INFO] [1787696878.020755277] [robot3.fragment_exec_node]: EventType: Task, Activity: pack, Robot: robot3, Mission: m4, Segment: , End: 22895.040356299
[INFO] [1787696878.022214636] [robot3.fragment_exec_node]: Execution of fragment f4-13 completed!
Traceback (most recent call last):
  File "/root/ros2_ws/install/multi3_executor/lib/multi3_executor/executor", line 33, in <module>
    sys.exit(load_entry_point('multi3-executor==0.0.0', 'console_scripts', 'executor')())
  File "/root/ros2_ws/install/multi3_executor/lib/python3.10/site-packages/multi3_executor/nodes/executor.py", line 236, in main
    rclpy.shutdown()
  File "/opt/ros/humble/local/lib/python3.10/dist-packages/rclpy/__init__.py", line 130, in shutdown
    _shutdown(context=context)
  File "/opt/ros/humble/local/lib/python3.10/dist-packages/rclpy/utilities.py", line 58, in shutdown
    return context.shutdown()
  File "/opt/ros/humble/local/lib/python3.10/dist-packages/rclpy/context.py", line 102, in shutdown
    self.__context.shutdown()
rclpy._rclpy_pybind11.RCLError: failed to shutdown: rcl_shutdown already called on the given context, at ./src/rcl/init.c:241

--- executor_robot4.log ---
[INFO] [1787696719.292178191] [robot4.fragment_exec_node]: Setting up skill: PickSkill
[INFO] [1787696719.293735923] [robot4.fragment_exec_node]: Setting up skill: ScanSkill
[INFO] [1787696719.295323607] [robot4.fragment_exec_node]: Setting up skill: NavigateSkill
[INFO] [1787696719.297054788] [robot4.fragment_exec_node]: Setting up skill: NavigateSkill
[INFO] [1787696719.298198538] [robot4.fragment_exec_node]: Setting up skill: DockSkill
[INFO] [1787696719.299303049] [robot4.fragment_exec_node]: Setting up skill: UndockSkill
[INFO] [1787696719.301558935] [robot4.fragment_exec_node]: Setting up skill: PackSkill
[INFO] [1787696719.334421943] [robot4.fragment_exec_node]: Published robot registration: {'name': 'robot4', 'operational_state': 'idle', 'capabilities': ['pick', 'scan', 'transport', 'pack'], 'state': {'position': {'x': 0.0, 'y': 0.0, 'z': 0.0}, 'docked': True, 'battery': 100.0, 'conditions': []}}
[INFO] [1787696729.040476408] [robot4.fragment_exec_node]: Received fragment: {'robot': 'robot4', 'fragment': {'id': 'f3-1', 'mission': 'm3', 'state': 'assigned', 'wait': [], 'tasks': [{'name': 'pick', 'params': {'weight': 3, 'x': 7, 'y': 3}}], 'arrive_timestamp': 1787696726, 'priority': 1, 'segment': 's1', 'preconditions': [], 'postconditions': ['picked-o1-3']}}
[INFO] [1787696729.041223396] [robot4.fragment_exec_node]: Received fragment: {'robot': 'robot1', 'fragment': {'id': 'f1-1', 'mission': 'm1', 'state': 'assigned', 'wait': [], 'tasks': [{'name': 'pick', 'params': {'x': 5, 'y': 8, 'weight': 8}}], 'arrive_timestamp': 1787696725, 'priority': 1, 'segment': 's1', 'preconditions': [], 'postconditions': ['picked-o1-1']}}
[INFO] [1787696729.044228543] [robot4.fragment_exec_node]: Received fragment: {'robot': 'robot5', 'fragment': {'id': 'f2-4', 'mission': 'm2', 'state': 'assigned', 'wait': [], 'tasks': [{'name': 'pick', 'params': {'weight': 7, 'x': 9, 'y': 5}}], 'arrive_timestamp': 1787696726, 'priority': 1, 'segment': 's2', 'preconditions': [], 'postconditions': ['picked-o2-2']}}
[INFO] [1787696729.045805852] [robot4.fragment_exec_node]: Received fragment: {'robot': 'robot3', 'fragment': {'id': 'f2-1', 'mission': 'm2', 'state': 'assigned', 'wait': [], 'tasks': [{'name': 'pick', 'params': {'weight': 5, 'x': 2, 'y': 3}}], 'arrive_timestamp': 1787696726, 'priority': 1, 'segment': 's1', 'preconditions': [], 'postconditions': ['picked-o1-2']}}
[INFO] [1787696729.047160209] [robot4.fragment_exec_node]: Received fragment: {'robot': 'robot6', 'fragment': {'id': 'f3-4', 'mission': 'm3', 'state': 'assigned', 'wait': [], 'tasks': [{'name': 'pick', 'params': {'weight': 5, 'x': 2, 'y': 3}}], 'arrive_timestamp': 1787696726, 'priority': 1, 'segment': 's2', 'preconditions': [], 'postconditions': ['picked-o2-3']}}
[INFO] [1787696729.048887655] [robot4.fragment_exec_node]: Received fragment assignment: f3-1. Starting execution.
[INFO] [1787696729.049806378] [robot4.fragment_exec_node]: Received fragment: {'robot': 'robot2', 'fragment': {'id': 'f3-7', 'mission': 'm3', 'state': 'assigned', 'wait': [], 'tasks': [{'name': 'pick', 'params': {'weight': 2, 'x': 1, 'y': 9}}], 'arrive_timestamp': 1787696726, 'priority': 1, 'segment': 's3', 'preconditions': [], 'postconditions': ['picked-o3-3']}}
[INFO] [1787696729.050885690] [robot4.fragment_exec_node]: Executing task pick. Params: {'weight': 3, 'x': 7, 'y': 3}, Virtual state: {'position': {'x': 0.0, 'y': 0.0, 'z': 0.0}, 'docked': True, 'battery': 100.0, 'conditions': []}
[INFO] [1787696729.051425686] [robot4.fragment_exec_node]: EventType: Control (Task: pick), Activity: undock, Robot: robot4, Mission: m3, Segment: s1, Start: 22746.07162293
[INFO] [1787696729.051971446] [robot4.fragment_exec_node]: Simulating undock skill...
[INFO] [1787696733.055890672] [robot4.fragment_exec_node]: Undock completed!
[INFO] [1787696733.057315184] [robot4.fragment_exec_node]: EventType: Control (Task: pick), Activity: undock, Robot: robot4, Mission: m3, Segment: s1, End: 22750.075991001
[INFO] [1787696733.058778979] [robot4.fragment_exec_node]: EventType: Control (Task: pick), Activity: navigate, Robot: robot4, Mission: m3, Segment: s1, Start: 22750.077489851
[INFO] [1787696733.060423464] [robot4.fragment_exec_node]: Simulating navigate skill from position (0.0, 0.0) to (7, 3) (15.231546211727817 seconds)...
[INFO] [1787696746.017970202] [robot4.fragment_exec_node]: Received fragment: {'robot': 'robot6', 'fragment': {'id': 'f2-2', 'mission': 'm2', 'state': 'assigned', 'wait': ['m2/s1/pick'], 'tasks': [{'name': 'scan', 'params': {'x': 2, 'y': 3}}], 'arrive_timestamp': 1787696726, 'priority': 1, 'segment': 's1', 'preconditions': [], 'postconditions': []}}
[INFO] [1787696746.019944550] [robot4.fragment_exec_node]: Received fragment: {'robot': 'robot3', 'fragment': {'id': 'f3-5', 'mission': 'm3', 'state': 'assigned', 'wait': ['m3/s2/pick'], 'tasks': [{'name': 'scan', 'params': {'x': 2, 'y': 3}}], 'arrive_timestamp': 1787696726, 'priority': 1, 'segment': 's2', 'preconditions': [], 'postconditions': []}}
[INFO] [1787696748.296175614] [robot4.fragment_exec_node]: Navigation completed!
[INFO] [1787696748.298845263] [robot4.fragment_exec_node]: EventType: Control (Task: pick), Activity: navigate, Robot: robot4, Mission: m3, Segment: s1, End: 22765.316931102
[INFO] [1787696748.300529324] [robot4.fragment_exec_node]: EventType: Task, Activity: pick, Robot: robot4, Mission: m3, Segment: s1, Start: 22765.319214259
[INFO] [1787696748.302446983] [robot4.fragment_exec_node]: Simulating pick skill...
[INFO] [1787696750.015722340] [robot4.fragment_exec_node]: Received fragment: {'robot': 'robot6', 'fragment': {'id': 'f2-3', 'mission': 'm2', 'state': 'assigned', 'wait': ['m2/s1/scan'], 'tasks': [{'name': 'transport', 'params': {'x': 11, 'y': 6}}], 'arrive_timestamp': 1787696726, 'priority': 1, 'segment': 's1', 'preconditions': [], 'postconditions': []}}
[INFO] [1787696750.028630968] [robot4.fragment_exec_node]: Received fragment: {'robot': 'robot3', 'fragment': {'id': 'f4-1', 'mission': 'm4', 'state': 'assigned', 'wait': [], 'tasks': [{'name': 'pick', 'params': {'weight': 5, 'x': 2, 'y': 8}}], 'arrive_timestamp': 1787696727, 'priority': 1, 'segment': 's1', 'preconditions': [], 'postconditions': ['picked-o1-4']}}
[INFO] [1787696751.305868430] [robot4.fragment_exec_node]: Pick completed!
[INFO] [1787696751.308803531] [robot4.fragment_exec_node]: EventType: Task, Activity: pick, Robot: robot4, Mission: m3, Segment: s1, End: 22768.326586142
[INFO] [1787696751.311233590] [robot4.fragment_exec_node]: Execution of fragment f3-1 completed!
[INFO] [1787696752.017664034] [robot4.fragment_exec_node]: Received fragment: {'robot': 'robot4', 'fragment': {'id': 'f3-2', 'mission': 'm3', 'state': 'assigned', 'wait': ['m3/s1/pick'], 'tasks': [{'name': 'scan', 'params': {'x': 7, 'y': 3}}], 'arrive_timestamp': 1787696726, 'priority': 1, 'segment': 's1', 'preconditions': [], 'postconditions': []}}
[INFO] [1787696752.018312461] [robot4.fragment_exec_node]: Received fragment assignment: f3-2. Starting execution.
[INFO] [1787696752.019064273] [robot4.fragment_exec_node]: Executing task scan. Params: {'x': 7, 'y': 3}, Virtual state: {'position': {'x': 7, 'y': 3, 'z': 0.0}, 'docked': False, 'battery': 100.0, 'conditions': ['picked-o1-3']}
[INFO] [1787696752.019696617] [robot4.fragment_exec_node]: EventType: Task, Activity: scan, Robot: robot4, Mission: m3, Segment: s1, Start: 22769.038933169
[INFO] [1787696752.020270116] [robot4.fragment_exec_node]: Simulating scan skill...
[INFO] [1787696754.012408186] [robot4.fragment_exec_node]: Received fragment: {'robot': 'robot2', 'fragment': {'id': 'f3-8', 'mission': 'm3', 'state': 'assigned', 'wait': ['m3/s3/pick'], 'tasks': [{'name': 'scan', 'params': {'x': 1, 'y': 9}}], 'arrive_timestamp': 1787696726, 'priority': 1, 'segment': 's3', 'preconditions': [], 'postconditions': []}}
[INFO] [1787696755.023324838] [robot4.fragment_exec_node]: Scan completed!
[INFO] [1787696755.025207536] [robot4.fragment_exec_node]: EventType: Task, Activity: scan, Robot: robot4, Mission: m3, Segment: s1, End: 22772.043711331
[INFO] [1787696755.027620938] [robot4.fragment_exec_node]: Execution of fragment f3-2 completed!
[INFO] [1787696756.013107682] [robot4.fragment_exec_node]: Received fragment: {'robot': 'robot4', 'fragment': {'id': 'f3-3', 'mission': 'm3', 'state': 'assigned', 'wait': ['m3/s1/scan'], 'tasks': [{'name': 'transport', 'params': {'x': 11, 'y': 6}}], 'arrive_timestamp': 1787696726, 'priority': 1, 'segment': 's1', 'preconditions': ['picked-o1-3'], 'postconditions': []}}
[INFO] [1787696756.015433610] [robot4.fragment_exec_node]: Received fragment assignment: f3-3. Starting execution.
[INFO] [1787696756.017130114] [robot4.fragment_exec_node]: Executing task transport. Params: {'x': 11, 'y': 6}, Virtual state: {'position': {'x': 7, 'y': 3, 'z': 0.0}, 'docked': False, 'battery': 100.0, 'conditions': ['picked-o1-3']}
[INFO] [1787696756.018047688] [robot4.fragment_exec_node]: EventType: Control (Task: transport), Activity: navigate, Robot: robot4, Mission: m3, Segment: s1, Start: 22773.037167933
[INFO] [1787696756.019016903] [robot4.fragment_exec_node]: Simulating navigate skill from position (7, 3) to (11, 6) (8.246211251235321 seconds)...
[INFO] [1787696758.010388107] [robot4.fragment_exec_node]: Received fragment: {'robot': 'robot2', 'fragment': {'id': 'f3-9', 'mission': 'm3', 'state': 'assigned', 'wait': ['m3/s3/scan'], 'tasks': [{'name': 'transport', 'params': {'x': 11, 'y': 6}}], 'arrive_timestamp': 1787696726, 'priority': 1, 'segment': 's3', 'preconditions': ['picked-o3-3'], 'postconditions': []}}
[INFO] [1787696760.009544900] [robot4.fragment_exec_node]: Received fragment: {'robot': 'robot1', 'fragment': {'id': 'f1-2', 'mission': 'm1', 'state': 'assigned', 'wait': ['m1/s1/pick'], 'tasks': [{'name': 'scan', 'params': {'x': 5, 'y': 8}}], 'arrive_timestamp': 1787696725, 'priority': 1, 'segment': 's1', 'preconditions': [], 'postconditions': []}}
[INFO] [1787696761.016763431] [robot4.fragment_exec_node]: Received fragment: {'robot': 'robot5', 'fragment': {'id': 'f2-5', 'mission': 'm2', 'state': 'assigned', 'wait': ['m2/s2/pick'], 'tasks': [{'name': 'scan', 'params': {'x': 9, 'y': 5}}], 'arrive_timestamp': 1787696726, 'priority': 1, 'segment': 's2', 'preconditions': [], 'postconditions': []}}
[INFO] [1787696764.014086549] [robot4.fragment_exec_node]: Received fragment: {'robot': 'robot1', 'fragment': {'id': 'f1-3', 'mission': 'm1', 'state': 'assigned', 'wait': ['m1/s1/scan'], 'tasks': [{'name': 'transport', 'params': {'x': 11, 'y': 6}}], 'arrive_timestamp': 1787696725, 'priority': 1, 'segment': 's1', 'preconditions': ['picked-o1-1'], 'postconditions': []}}
[INFO] [1787696764.268175396] [robot4.fragment_exec_node]: Navigation completed!
[INFO] [1787696764.270447931] [robot4.fragment_exec_node]: EventType: Control (Task: transport), Activity: navigate, Robot: robot4, Mission: m3, Segment: s1, End: 22781.288425957
[INFO] [1787696764.271571925] [robot4.fragment_exec_node]: EventType: Task, Activity: transport, Robot: robot4, Mission: m3, Segment: s1, Start: 22781.290534342
[INFO] [1787696764.272632259] [robot4.fragment_exec_node]: Simulating navigate skill from position (11, 6) to (11, 6) (10.0 seconds)...
[INFO] [1787696767.031837255] [robot4.fragment_exec_node]: Received fragment: {'robot': 'robot5', 'fragment': {'id': 'f2-6', 'mission': 'm2', 'state': 'assigned', 'wait': ['m2/s2/scan'], 'tasks': [{'name': 'transport', 'params': {'x': 11, 'y': 6}}], 'arrive_timestamp': 1787696726, 'priority': 1, 'segment': 's2', 'preconditions': ['picked-o2-2'], 'postconditions': []}}
[INFO] [1787696768.033480736] [robot4.fragment_exec_node]: Received fragment: {'robot': 'robot3', 'fragment': {'id': 'f4-2', 'mission': 'm4', 'state': 'assigned', 'wait': ['m4/s1/pick'], 'tasks': [{'name': 'scan', 'params': {'x': 2, 'y': 8}}], 'arrive_timestamp': 1787696727, 'priority': 1, 'segment': 's1', 'preconditions': [], 'postconditions': []}}
[INFO] [1787696772.030711942] [robot4.fragment_exec_node]: Received fragment: {'robot': 'robot3', 'fragment': {'id': 'f4-3', 'mission': 'm4', 'state': 'assigned', 'wait': ['m4/s1/scan'], 'tasks': [{'name': 'transport', 'params': {'x': 11, 'y': 6}}], 'arrive_timestamp': 1787696727, 'priority': 1, 'segment': 's1', 'preconditions': ['picked-o1-4'], 'postconditions': []}}
[INFO] [1787696774.276372174] [robot4.fragment_exec_node]: Navigation completed!
[INFO] [1787696774.279192625] [robot4.fragment_exec_node]: EventType: Task, Activity: transport, Robot: robot4, Mission: m3, Segment: s1, End: 22791.297035193
[INFO] [1787696774.281463713] [robot4.fragment_exec_node]: Execution of fragment f3-3 completed!
[INFO] [1787696775.013231834] [robot4.fragment_exec_node]: Received fragment: {'robot': 'robot4', 'fragment': {'id': 'f4-4', 'mission': 'm4', 'state': 'assigned', 'wait': [], 'tasks': [{'name': 'pick', 'params': {'weight': 7, 'x': 10, 'y': 4}}], 'arrive_timestamp': 1787696727, 'priority': 1, 'segment': 's2', 'preconditions': [], 'postconditions': ['picked-o2-4']}}
[INFO] [1787696775.015147304] [robot4.fragment_exec_node]: Received fragment assignment: f4-4. Starting execution.
[INFO] [1787696775.017002321] [robot4.fragment_exec_node]: Executing task pick. Params: {'weight': 7, 'x': 10, 'y': 4}, Virtual state: {'position': {'x': 11, 'y': 6, 'z': 0.0}, 'docked': False, 'battery': 100.0, 'conditions': ['picked-o1-3']}
[INFO] [1787696775.018456672] [robot4.fragment_exec_node]: EventType: Control (Task: pick), Activity: navigate, Robot: robot4, Mission: m4, Segment: s2, Start: 22792.037076442
[INFO] [1787696775.019445397] [robot4.fragment_exec_node]: Simulating navigate skill from position (11, 6) to (10, 4) (14.142135623730951 seconds)...
[INFO] [1787696780.012151529] [robot4.fragment_exec_node]: Received fragment: {'robot': 'robot6', 'fragment': {'id': 'f3-6', 'mission': 'm3', 'state': 'assigned', 'wait': ['m3/s2/scan'], 'tasks': [{'name': 'transport', 'params': {'x': 11, 'y': 6}}], 'arrive_timestamp': 1787696726, 'priority': 1, 'segment': 's2', 'preconditions': ['picked-o2-3'], 'postconditions': []}}
[INFO] [1787696787.020633225] [robot4.fragment_exec_node]: Received fragment: {'robot': 'robot1', 'fragment': {'id': 'f2-7', 'mission': 'm2', 'state': 'assigned', 'wait': ['m2/s1/transport', 'm2/s2/transport'], 'tasks': [{'name': 'pack', 'params': {'x': 11, 'y': 6, 'items': 2}}], 'arrive_timestamp': 1787696726, 'priority': 1, 'segment': '', 'preconditions': [], 'postconditions': []}}
[INFO] [1787696787.023147678] [robot4.fragment_exec_node]: Received fragment: {'robot': 'robot5', 'fragment': {'id': 'f1-4', 'mission': 'm1', 'state': 'assigned', 'wait': ['m1/s1/transport'], 'tasks': [{'name': 'pack', 'params': {'x': 11, 'y': 6, 'items': 1}}], 'arrive_timestamp': 1787696725, 'priority': 1, 'segment': '', 'preconditions': [], 'postconditions': []}}
[INFO] [1787696789.165295965] [robot4.fragment_exec_node]: Navigation completed!
[INFO] [1787696789.168308285] [robot4.fragment_exec_node]: EventType: Control (Task: pick), Activity: navigate, Robot: robot4, Mission: m4, Segment: s2, End: 22806.185964867
[INFO] [1787696789.170036239] [robot4.fragment_exec_node]: EventType: Task, Activity: pick, Robot: robot4, Mission: m4, Segment: s2, Start: 22806.18847547
[INFO] [1787696789.171747437] [robot4.fragment_exec_node]: Simulating pick skill...
[INFO] [1787696791.027667520] [robot4.fragment_exec_node]: Received fragment: {'robot': 'robot6', 'fragment': {'id': 'f3-10', 'mission': 'm3', 'state': 'assigned', 'wait': ['m3/s1/transport', 'm3/s2/transport', 'm3/s3/transport'], 'tasks': [{'name': 'pack', 'params': {'x': 2, 'y': 3, 'items': 3}}], 'arrive_timestamp': 1787696726, 'priority': 1, 'segment': '', 'preconditions': [], 'postconditions': []}}
[INFO] [1787696791.033013421] [robot4.fragment_exec_node]: Received fragment: {'robot': 'robot2', 'fragment': {'id': 'f4-7', 'mission': 'm4', 'state': 'assigned', 'wait': [], 'tasks': [{'name': 'pick', 'params': {'weight': 2, 'x': 9, 'y': 1}}], 'arrive_timestamp': 1787696727, 'priority': 1, 'segment': 's3', 'preconditions': [], 'postconditions': ['picked-o3-4']}}
[INFO] [1787696796.016819733] [robot4.fragment_exec_node]: Received fragment: {'robot': 'robot5', 'fragment': {'id': "f4-10'", 'mission': 'm4', 'state': 'assigned', 'wait': [], 'tasks': [{'name': 'pick', 'params': {'weight': 1, 'x': 2, 'y': 4}}], 'arrive_timestamp': 1787696727, 'priority': 1, 'segment': 's4', 'preconditions': [], 'postconditions': ['picked-o4-4']}}
[INFO] [1787696796.174871516] [robot4.fragment_exec_node]: Pick completed!
[INFO] [1787696796.177541348] [robot4.fragment_exec_node]: EventType: Task, Activity: pick, Robot: robot4, Mission: m4, Segment: s2, End: 22813.195846366
[INFO] [1787696796.179838132] [robot4.fragment_exec_node]: Execution of fragment f4-4 completed!
[INFO] [1787696797.042053589] [robot4.fragment_exec_node]: Received fragment: {'robot': 'robot4', 'fragment': {'id': 'f4-5', 'mission': 'm4', 'state': 'assigned', 'wait': ['m4/s2/pick'], 'tasks': [{'name': 'scan', 'params': {'x': 10, 'y': 4}}], 'arrive_timestamp': 1787696727, 'priority': 1, 'segment': 's2', 'preconditions': [], 'postconditions': []}}
[INFO] [1787696797.042683787] [robot4.fragment_exec_node]: Received fragment assignment: f4-5. Starting execution.
[INFO] [1787696797.043494281] [robot4.fragment_exec_node]: Waiting for coordination messages before executing fragment f4-5: ['m4/s2/pick']
[INFO] [1787696799.048893293] [robot4.fragment_exec_node]: Executing task scan. Params: {'x': 10, 'y': 4}, Virtual state: {'position': {'x': 10, 'y': 4, 'z': 0.0}, 'docked': False, 'battery': 100.0, 'conditions': ['picked-o1-3', 'picked-o2-4']}
[INFO] [1787696799.051889318] [robot4.fragment_exec_node]: EventType: Task, Activity: scan, Robot: robot4, Mission: m4, Segment: s2, Start: 22816.069987508
[INFO] [1787696799.053624404] [robot4.fragment_exec_node]: Simulating scan skill...
[INFO] [1787696802.057741968] [robot4.fragment_exec_node]: Scan completed!
[INFO] [1787696802.060162193] [robot4.fragment_exec_node]: EventType: Task, Activity: scan, Robot: robot4, Mission: m4, Segment: s2, End: 22819.078744744
[INFO] [1787696802.063049199] [robot4.fragment_exec_node]: Execution of fragment f4-5 completed!
[INFO] [1787696803.013480510] [robot4.fragment_exec_node]: Received fragment: {'robot': 'robot4', 'fragment': {'id': 'f4-6', 'mission': 'm4', 'state': 'assigned', 'wait': ['m4/s2/scan'], 'tasks': [{'name': 'transport', 'params': {'x': 11, 'y': 6}}], 'arrive_timestamp': 1787696727, 'priority': 1, 'segment': 's2', 'preconditions': ['picked-o2-4'], 'postconditions': []}}
[INFO] [1787696803.018507570] [robot4.fragment_exec_node]: Received fragment assignment: f4-6. Starting execution.
[INFO] [1787696803.019910743] [robot4.fragment_exec_node]: Waiting for coordination messages before executing fragment f4-6: ['m4/s2/scan']
[INFO] [1787696805.025543833] [robot4.fragment_exec_node]: Executing task transport. Params: {'x': 11, 'y': 6}, Virtual state: {'position': {'x': 10, 'y': 4, 'z': 0.0}, 'docked': False, 'battery': 100.0, 'conditions': ['picked-o1-3', 'picked-o2-4']}
[INFO] [1787696805.028093433] [robot4.fragment_exec_node]: EventType: Control (Task: transport), Activity: navigate, Robot: robot4, Mission: m4, Segment: s2, Start: 22822.046314652
[INFO] [1787696805.030354236] [robot4.fragment_exec_node]: Simulating navigate skill from position (10, 4) to (11, 6) (8.246211251235321 seconds)...
[INFO] [1787696813.279360736] [robot4.fragment_exec_node]: Navigation completed!
[INFO] [1787696813.280978389] [robot4.fragment_exec_node]: EventType: Control (Task: transport), Activity: navigate, Robot: robot4, Mission: m4, Segment: s2, End: 22830.300469223
[INFO] [1787696813.281745064] [robot4.fragment_exec_node]: EventType: Task, Activity: transport, Robot: robot4, Mission: m4, Segment: s2, Start: 22830.301198726
[INFO] [1787696813.282802866] [robot4.fragment_exec_node]: Simulating navigate skill from position (11, 6) to (11, 6) (10.0 seconds)...
[INFO] [1787696814.054852186] [robot4.fragment_exec_node]: Received fragment: {'robot': 'robot2', 'fragment': {'id': 'f4-8', 'mission': 'm4', 'state': 'assigned', 'wait': ['m4/s3/pick'], 'tasks': [{'name': 'scan', 'params': {'x': 9, 'y': 1}}], 'arrive_timestamp': 1787696727, 'priority': 1, 'segment': 's3', 'preconditions': [], 'postconditions': []}}
[INFO] [1787696818.018065504] [robot4.fragment_exec_node]: Received fragment: {'robot': 'robot2', 'fragment': {'id': 'f4-9', 'mission': 'm4', 'state': 'assigned', 'wait': ['m4/s3/scan'], 'tasks': [{'name': 'transport', 'params': {'x': 11, 'y': 6}}], 'arrive_timestamp': 1787696727, 'priority': 1, 'segment': 's3', 'preconditions': ['picked-o3-4'], 'postconditions': []}}
[INFO] [1787696820.016527820] [robot4.fragment_exec_node]: Received fragment: {'robot': 'robot5', 'fragment': {'id': 'f4-11', 'mission': 'm4', 'state': 'assigned', 'wait': ['m4/s4/pick'], 'tasks': [{'name': 'scan', 'params': {'x': 2, 'y': 4}}], 'arrive_timestamp': 1787696727, 'priority': 1, 'segment': 's4', 'preconditions': [], 'postconditions': []}}
[INFO] [1787696823.283401986] [robot4.fragment_exec_node]: Navigation completed!
[INFO] [1787696823.284650861] [robot4.fragment_exec_node]: EventType: Task, Activity: transport, Robot: robot4, Mission: m4, Segment: s2, End: 22840.305363428
[INFO] [1787696823.285930729] [robot4.fragment_exec_node]: Execution of fragment f4-6 completed!
[INFO] [1787696824.024927681] [robot4.fragment_exec_node]: Received fragment: {'robot': 'robot5', 'fragment': {'id': 'f4-12', 'mission': 'm4', 'state': 'assigned', 'wait': ['m4/s4/scan'], 'tasks': [{'name': 'transport', 'params': {'x': 11, 'y': 6}}], 'arrive_timestamp': 1787696727, 'priority': 1, 'segment': 's4', 'preconditions': ['picked-o4-4'], 'postconditions': []}}
[INFO] [1787696854.014278014] [robot4.fragment_exec_node]: Received fragment: {'robot': 'robot3', 'fragment': {'id': 'f4-13', 'mission': 'm4', 'state': 'assigned', 'wait': ['m4/s1/transport', 'm4/s2/transport', 'm4/s3/transport', 'm4/s4/transport'], 'tasks': [{'name': 'pack', 'params': {'x': 11, 'y': 6, 'items': 4}}], 'arrive_timestamp': 1787696727, 'priority': 1, 'segment': '', 'preconditions': [], 'postconditions': []}}
Traceback (most recent call last):
  File "/root/ros2_ws/install/multi3_executor/lib/multi3_executor/executor", line 33, in <module>
    sys.exit(load_entry_point('multi3-executor==0.0.0', 'console_scripts', 'executor')())
  File "/root/ros2_ws/install/multi3_executor/lib/python3.10/site-packages/multi3_executor/nodes/executor.py", line 236, in main
    rclpy.shutdown()
  File "/opt/ros/humble/local/lib/python3.10/dist-packages/rclpy/__init__.py", line 130, in shutdown
    _shutdown(context=context)
  File "/opt/ros/humble/local/lib/python3.10/dist-packages/rclpy/utilities.py", line 58, in shutdown
    return context.shutdown()
  File "/opt/ros/humble/local/lib/python3.10/dist-packages/rclpy/context.py", line 102, in shutdown
    self.__context.shutdown()
rclpy._rclpy_pybind11.RCLError: failed to shutdown: rcl_shutdown already called on the given context, at ./src/rcl/init.c:241

--- executor_robot5.log ---
[INFO] [1787696721.419464076] [robot5.fragment_exec_node]: Setting up skill: PickSkill
[INFO] [1787696721.420583307] [robot5.fragment_exec_node]: Setting up skill: ScanSkill
[INFO] [1787696721.421362019] [robot5.fragment_exec_node]: Setting up skill: NavigateSkill
[INFO] [1787696721.422076277] [robot5.fragment_exec_node]: Setting up skill: NavigateSkill
[INFO] [1787696721.422965567] [robot5.fragment_exec_node]: Setting up skill: DockSkill
[INFO] [1787696721.423645682] [robot5.fragment_exec_node]: Setting up skill: UndockSkill
[INFO] [1787696721.424272084] [robot5.fragment_exec_node]: Setting up skill: PackSkill
[INFO] [1787696721.433961038] [robot5.fragment_exec_node]: Published robot registration: {'name': 'robot5', 'operational_state': 'idle', 'capabilities': ['pick', 'scan', 'transport', 'pack'], 'state': {'position': {'x': 0.0, 'y': 0.0, 'z': 0.0}, 'docked': True, 'battery': 100.0, 'conditions': []}}
[INFO] [1787696729.016024556] [robot5.fragment_exec_node]: Received fragment: {'robot': 'robot1', 'fragment': {'id': 'f1-1', 'mission': 'm1', 'state': 'assigned', 'wait': [], 'tasks': [{'name': 'pick', 'params': {'x': 5, 'y': 8, 'weight': 8}}], 'arrive_timestamp': 1787696725, 'priority': 1, 'segment': 's1', 'preconditions': [], 'postconditions': ['picked-o1-1']}}
[INFO] [1787696729.022292775] [robot5.fragment_exec_node]: Received fragment: {'robot': 'robot3', 'fragment': {'id': 'f2-1', 'mission': 'm2', 'state': 'assigned', 'wait': [], 'tasks': [{'name': 'pick', 'params': {'weight': 5, 'x': 2, 'y': 3}}], 'arrive_timestamp': 1787696726, 'priority': 1, 'segment': 's1', 'preconditions': [], 'postconditions': ['picked-o1-2']}}
[INFO] [1787696729.025667326] [robot5.fragment_exec_node]: Received fragment: {'robot': 'robot4', 'fragment': {'id': 'f3-1', 'mission': 'm3', 'state': 'assigned', 'wait': [], 'tasks': [{'name': 'pick', 'params': {'weight': 3, 'x': 7, 'y': 3}}], 'arrive_timestamp': 1787696726, 'priority': 1, 'segment': 's1', 'preconditions': [], 'postconditions': ['picked-o1-3']}}
[INFO] [1787696729.029191825] [robot5.fragment_exec_node]: Received fragment: {'robot': 'robot6', 'fragment': {'id': 'f3-4', 'mission': 'm3', 'state': 'assigned', 'wait': [], 'tasks': [{'name': 'pick', 'params': {'weight': 5, 'x': 2, 'y': 3}}], 'arrive_timestamp': 1787696726, 'priority': 1, 'segment': 's2', 'preconditions': [], 'postconditions': ['picked-o2-3']}}
[INFO] [1787696729.030190084] [robot5.fragment_exec_node]: Received fragment: {'robot': 'robot5', 'fragment': {'id': 'f2-4', 'mission': 'm2', 'state': 'assigned', 'wait': [], 'tasks': [{'name': 'pick', 'params': {'weight': 7, 'x': 9, 'y': 5}}], 'arrive_timestamp': 1787696726, 'priority': 1, 'segment': 's2', 'preconditions': [], 'postconditions': ['picked-o2-2']}}
[INFO] [1787696729.032393577] [robot5.fragment_exec_node]: Received fragment assignment: f2-4. Starting execution.
[INFO] [1787696729.034168070] [robot5.fragment_exec_node]: Executing task pick. Params: {'weight': 7, 'x': 9, 'y': 5}, Virtual state: {'position': {'x': 0.0, 'y': 0.0, 'z': 0.0}, 'docked': True, 'battery': 100.0, 'conditions': []}
[INFO] [1787696729.035737822] [robot5.fragment_exec_node]: Received fragment: {'robot': 'robot2', 'fragment': {'id': 'f3-7', 'mission': 'm3', 'state': 'assigned', 'wait': [], 'tasks': [{'name': 'pick', 'params': {'weight': 2, 'x': 1, 'y': 9}}], 'arrive_timestamp': 1787696726, 'priority': 1, 'segment': 's3', 'preconditions': [], 'postconditions': ['picked-o3-3']}}
[INFO] [1787696729.037874709] [robot5.fragment_exec_node]: EventType: Control (Task: pick), Activity: undock, Robot: robot5, Mission: m2, Segment: s2, Start: 22746.054953983
[INFO] [1787696729.039134575] [robot5.fragment_exec_node]: Simulating undock skill...
[INFO] [1787696733.043921964] [robot5.fragment_exec_node]: Undock completed!
[INFO] [1787696733.046230816] [robot5.fragment_exec_node]: EventType: Control (Task: pick), Activity: undock, Robot: robot5, Mission: m2, Segment: s2, End: 22750.064577294
[INFO] [1787696733.048141048] [robot5.fragment_exec_node]: EventType: Control (Task: pick), Activity: navigate, Robot: robot5, Mission: m2, Segment: s2, Start: 22750.06659292
[INFO] [1787696733.050745071] [robot5.fragment_exec_node]: Simulating navigate skill from position (0.0, 0.0) to (9, 5) (20.591260281974 seconds)...
[INFO] [1787696746.014969704] [robot5.fragment_exec_node]: Received fragment: {'robot': 'robot3', 'fragment': {'id': 'f3-5', 'mission': 'm3', 'state': 'assigned', 'wait': ['m3/s2/pick'], 'tasks': [{'name': 'scan', 'params': {'x': 2, 'y': 3}}], 'arrive_timestamp': 1787696726, 'priority': 1, 'segment': 's2', 'preconditions': [], 'postconditions': []}}
[INFO] [1787696746.015807696] [robot5.fragment_exec_node]: Received fragment: {'robot': 'robot6', 'fragment': {'id': 'f2-2', 'mission': 'm2', 'state': 'assigned', 'wait': ['m2/s1/pick'], 'tasks': [{'name': 'scan', 'params': {'x': 2, 'y': 3}}], 'arrive_timestamp': 1787696726, 'priority': 1, 'segment': 's1', 'preconditions': [], 'postconditions': []}}
[INFO] [1787696750.020351868] [robot5.fragment_exec_node]: Received fragment: {'robot': 'robot3', 'fragment': {'id': 'f4-1', 'mission': 'm4', 'state': 'assigned', 'wait': [], 'tasks': [{'name': 'pick', 'params': {'weight': 5, 'x': 2, 'y': 8}}], 'arrive_timestamp': 1787696727, 'priority': 1, 'segment': 's1', 'preconditions': [], 'postconditions': ['picked-o1-4']}}
[INFO] [1787696750.028676651] [robot5.fragment_exec_node]: Received fragment: {'robot': 'robot6', 'fragment': {'id': 'f2-3', 'mission': 'm2', 'state': 'assigned', 'wait': ['m2/s1/scan'], 'tasks': [{'name': 'transport', 'params': {'x': 11, 'y': 6}}], 'arrive_timestamp': 1787696726, 'priority': 1, 'segment': 's1', 'preconditions': [], 'postconditions': []}}
[INFO] [1787696752.012769676] [robot5.fragment_exec_node]: Received fragment: {'robot': 'robot4', 'fragment': {'id': 'f3-2', 'mission': 'm3', 'state': 'assigned', 'wait': ['m3/s1/pick'], 'tasks': [{'name': 'scan', 'params': {'x': 7, 'y': 3}}], 'arrive_timestamp': 1787696726, 'priority': 1, 'segment': 's1', 'preconditions': [], 'postconditions': []}}
[INFO] [1787696753.646112867] [robot5.fragment_exec_node]: Navigation completed!
[INFO] [1787696753.648815400] [robot5.fragment_exec_node]: EventType: Control (Task: pick), Activity: navigate, Robot: robot5, Mission: m2, Segment: s2, End: 22770.66686864
[INFO] [1787696753.650477760] [robot5.fragment_exec_node]: EventType: Task, Activity: pick, Robot: robot5, Mission: m2, Segment: s2, Start: 22770.669037908
[INFO] [1787696753.652212304] [robot5.fragment_exec_node]: Simulating pick skill...
[INFO] [1787696754.008797337] [robot5.fragment_exec_node]: Received fragment: {'robot': 'robot2', 'fragment': {'id': 'f3-8', 'mission': 'm3', 'state': 'assigned', 'wait': ['m3/s3/pick'], 'tasks': [{'name': 'scan', 'params': {'x': 1, 'y': 9}}], 'arrive_timestamp': 1787696726, 'priority': 1, 'segment': 's3', 'preconditions': [], 'postconditions': []}}
[INFO] [1787696756.013566076] [robot5.fragment_exec_node]: Received fragment: {'robot': 'robot4', 'fragment': {'id': 'f3-3', 'mission': 'm3', 'state': 'assigned', 'wait': ['m3/s1/scan'], 'tasks': [{'name': 'transport', 'params': {'x': 11, 'y': 6}}], 'arrive_timestamp': 1787696726, 'priority': 1, 'segment': 's1', 'preconditions': ['picked-o1-3'], 'postconditions': []}}
[INFO] [1787696758.015984180] [robot5.fragment_exec_node]: Received fragment: {'robot': 'robot2', 'fragment': {'id': 'f3-9', 'mission': 'm3', 'state': 'assigned', 'wait': ['m3/s3/scan'], 'tasks': [{'name': 'transport', 'params': {'x': 11, 'y': 6}}], 'arrive_timestamp': 1787696726, 'priority': 1, 'segment': 's3', 'preconditions': ['picked-o3-3'], 'postconditions': []}}
[INFO] [1787696760.006124892] [robot5.fragment_exec_node]: Received fragment: {'robot': 'robot1', 'fragment': {'id': 'f1-2', 'mission': 'm1', 'state': 'assigned', 'wait': ['m1/s1/pick'], 'tasks': [{'name': 'scan', 'params': {'x': 5, 'y': 8}}], 'arrive_timestamp': 1787696725, 'priority': 1, 'segment': 's1', 'preconditions': [], 'postconditions': []}}
[INFO] [1787696760.656299071] [robot5.fragment_exec_node]: Pick completed!
[INFO] [1787696760.659092943] [robot5.fragment_exec_node]: EventType: Task, Activity: pick, Robot: robot5, Mission: m2, Segment: s2, End: 22777.676933362
[INFO] [1787696760.662078243] [robot5.fragment_exec_node]: Execution of fragment f2-4 completed!
[INFO] [1787696761.016033718] [robot5.fragment_exec_node]: Received fragment: {'robot': 'robot5', 'fragment': {'id': 'f2-5', 'mission': 'm2', 'state': 'assigned', 'wait': ['m2/s2/pick'], 'tasks': [{'name': 'scan', 'params': {'x': 9, 'y': 5}}], 'arrive_timestamp': 1787696726, 'priority': 1, 'segment': 's2', 'preconditions': [], 'postconditions': []}}
[INFO] [1787696761.017846181] [robot5.fragment_exec_node]: Received fragment assignment: f2-5. Starting execution.
[INFO] [1787696761.019742800] [robot5.fragment_exec_node]: Waiting for coordination messages before executing fragment f2-5: ['m2/s2/pick']
[INFO] [1787696763.024139828] [robot5.fragment_exec_node]: Executing task scan. Params: {'x': 9, 'y': 5}, Virtual state: {'position': {'x': 9, 'y': 5, 'z': 0.0}, 'docked': False, 'battery': 100.0, 'conditions': ['picked-o2-2']}
[INFO] [1787696763.025691213] [robot5.fragment_exec_node]: EventType: Task, Activity: scan, Robot: robot5, Mission: m2, Segment: s2, Start: 22780.044341561
[INFO] [1787696763.027152186] [robot5.fragment_exec_node]: Simulating scan skill...
[INFO] [1787696764.013821273] [robot5.fragment_exec_node]: Received fragment: {'robot': 'robot1', 'fragment': {'id': 'f1-3', 'mission': 'm1', 'state': 'assigned', 'wait': ['m1/s1/scan'], 'tasks': [{'name': 'transport', 'params': {'x': 11, 'y': 6}}], 'arrive_timestamp': 1787696725, 'priority': 1, 'segment': 's1', 'preconditions': ['picked-o1-1'], 'postconditions': []}}
[INFO] [1787696766.030153984] [robot5.fragment_exec_node]: Scan completed!
[INFO] [1787696766.031282124] [robot5.fragment_exec_node]: EventType: Task, Activity: scan, Robot: robot5, Mission: m2, Segment: s2, End: 22783.050216975
[INFO] [1787696766.032798991] [robot5.fragment_exec_node]: Execution of fragment f2-5 completed!
[INFO] [1787696767.028984243] [robot5.fragment_exec_node]: Received fragment: {'robot': 'robot5', 'fragment': {'id': 'f2-6', 'mission': 'm2', 'state': 'assigned', 'wait': ['m2/s2/scan'], 'tasks': [{'name': 'transport', 'params': {'x': 11, 'y': 6}}], 'arrive_timestamp': 1787696726, 'priority': 1, 'segment': 's2', 'preconditions': ['picked-o2-2'], 'postconditions': []}}
[INFO] [1787696767.030034778] [robot5.fragment_exec_node]: Received fragment assignment: f2-6. Starting execution.
[INFO] [1787696767.031434134] [robot5.fragment_exec_node]: Waiting for coordination messages before executing fragment f2-6: ['m2/s2/scan']
[INFO] [1787696768.012060659] [robot5.fragment_exec_node]: Received fragment: {'robot': 'robot3', 'fragment': {'id': 'f4-2', 'mission': 'm4', 'state': 'assigned', 'wait': ['m4/s1/pick'], 'tasks': [{'name': 'scan', 'params': {'x': 2, 'y': 8}}], 'arrive_timestamp': 1787696727, 'priority': 1, 'segment': 's1', 'preconditions': [], 'postconditions': []}}
[INFO] [1787696769.037236760] [robot5.fragment_exec_node]: Executing task transport. Params: {'x': 11, 'y': 6}, Virtual state: {'position': {'x': 9, 'y': 5, 'z': 0.0}, 'docked': False, 'battery': 100.0, 'conditions': ['picked-o2-2']}
[INFO] [1787696769.039152969] [robot5.fragment_exec_node]: EventType: Control (Task: transport), Activity: navigate, Robot: robot5, Mission: m2, Segment: s2, Start: 22786.057571711
[INFO] [1787696769.040668654] [robot5.fragment_exec_node]: Simulating navigate skill from position (9, 5) to (11, 6) (7.211102550927978 seconds)...
[INFO] [1787696772.010482136] [robot5.fragment_exec_node]: Received fragment: {'robot': 'robot3', 'fragment': {'id': 'f4-3', 'mission': 'm4', 'state': 'assigned', 'wait': ['m4/s1/scan'], 'tasks': [{'name': 'transport', 'params': {'x': 11, 'y': 6}}], 'arrive_timestamp': 1787696727, 'priority': 1, 'segment': 's1', 'preconditions': ['picked-o1-4'], 'postconditions': []}}
[INFO] [1787696775.012348922] [robot5.fragment_exec_node]: Received fragment: {'robot': 'robot4', 'fragment': {'id': 'f4-4', 'mission': 'm4', 'state': 'assigned', 'wait': [], 'tasks': [{'name': 'pick', 'params': {'weight': 7, 'x': 10, 'y': 4}}], 'arrive_timestamp': 1787696727, 'priority': 1, 'segment': 's2', 'preconditions': [], 'postconditions': ['picked-o2-4']}}
[INFO] [1787696776.256125664] [robot5.fragment_exec_node]: Navigation completed!
[INFO] [1787696776.259040900] [robot5.fragment_exec_node]: EventType: Control (Task: transport), Activity: navigate, Robot: robot5, Mission: m2, Segment: s2, End: 22793.276803182
[INFO] [1787696776.260480308] [robot5.fragment_exec_node]: EventType: Task, Activity: transport, Robot: robot5, Mission: m2, Segment: s2, Start: 22793.279146693
[INFO] [1787696776.262195057] [robot5.fragment_exec_node]: Simulating navigate skill from position (11, 6) to (11, 6) (10.0 seconds)...
[INFO] [1787696780.012206299] [robot5.fragment_exec_node]: Received fragment: {'robot': 'robot6', 'fragment': {'id': 'f3-6', 'mission': 'm3', 'state': 'assigned', 'wait': ['m3/s2/scan'], 'tasks': [{'name': 'transport', 'params': {'x': 11, 'y': 6}}], 'arrive_timestamp': 1787696726, 'priority': 1, 'segment': 's2', 'preconditions': ['picked-o2-3'], 'postconditions': []}}
[INFO] [1787696786.266491742] [robot5.fragment_exec_node]: Navigation completed!
[INFO] [1787696786.269409880] [robot5.fragment_exec_node]: EventType: Task, Activity: transport, Robot: robot5, Mission: m2, Segment: s2, End: 22803.287374659
[INFO] [1787696786.271665944] [robot5.fragment_exec_node]: Execution of fragment f2-6 completed!
[INFO] [1787696787.024816971] [robot5.fragment_exec_node]: Received fragment: {'robot': 'robot1', 'fragment': {'id': 'f2-7', 'mission': 'm2', 'state': 'assigned', 'wait': ['m2/s1/transport', 'm2/s2/transport'], 'tasks': [{'name': 'pack', 'params': {'x': 11, 'y': 6, 'items': 2}}], 'arrive_timestamp': 1787696726, 'priority': 1, 'segment': '', 'preconditions': [], 'postconditions': []}}
[INFO] [1787696787.026297778] [robot5.fragment_exec_node]: Received fragment: {'robot': 'robot5', 'fragment': {'id': 'f1-4', 'mission': 'm1', 'state': 'assigned', 'wait': ['m1/s1/transport'], 'tasks': [{'name': 'pack', 'params': {'x': 11, 'y': 6, 'items': 1}}], 'arrive_timestamp': 1787696725, 'priority': 1, 'segment': '', 'preconditions': [], 'postconditions': []}}
[INFO] [1787696787.027165472] [robot5.fragment_exec_node]: Received fragment assignment: f1-4. Starting execution.
[INFO] [1787696787.028327890] [robot5.fragment_exec_node]: Waiting for coordination messages before executing fragment f1-4: ['m1/s1/transport']
[INFO] [1787696789.031414437] [robot5.fragment_exec_node]: Executing task pack. Params: {'x': 11, 'y': 6, 'items': 1}, Virtual state: {'position': {'x': 11, 'y': 6, 'z': 0.0}, 'docked': False, 'battery': 100.0, 'conditions': ['picked-o2-2']}
[INFO] [1787696789.033839792] [robot5.fragment_exec_node]: EventType: Task, Activity: pack, Robot: robot5, Mission: m1, Segment: , Start: 22806.051742281
[INFO] [1787696789.035638911] [robot5.fragment_exec_node]: Simulating pack skill...
[INFO] [1787696791.021863678] [robot5.fragment_exec_node]: Received fragment: {'robot': 'robot2', 'fragment': {'id': 'f4-7', 'mission': 'm4', 'state': 'assigned', 'wait': [], 'tasks': [{'name': 'pick', 'params': {'weight': 2, 'x': 9, 'y': 1}}], 'arrive_timestamp': 1787696727, 'priority': 1, 'segment': 's3', 'preconditions': [], 'postconditions': ['picked-o3-4']}}
[INFO] [1787696791.033023332] [robot5.fragment_exec_node]: Received fragment: {'robot': 'robot6', 'fragment': {'id': 'f3-10', 'mission': 'm3', 'state': 'assigned', 'wait': ['m3/s1/transport', 'm3/s2/transport', 'm3/s3/transport'], 'tasks': [{'name': 'pack', 'params': {'x': 2, 'y': 3, 'items': 3}}], 'arrive_timestamp': 1787696726, 'priority': 1, 'segment': '', 'preconditions': [], 'postconditions': []}}
[INFO] [1787696795.038856534] [robot5.fragment_exec_node]: Packing completed!
[INFO] [1787696795.041470212] [robot5.fragment_exec_node]: EventType: Task, Activity: pack, Robot: robot5, Mission: m1, Segment: , End: 22812.059897539
[INFO] [1787696795.043890116] [robot5.fragment_exec_node]: Execution of fragment f1-4 completed!
[INFO] [1787696796.019926629] [robot5.fragment_exec_node]: Received fragment: {'robot': 'robot5', 'fragment': {'id': "f4-10'", 'mission': 'm4', 'state': 'assigned', 'wait': [], 'tasks': [{'name': 'pick', 'params': {'weight': 1, 'x': 2, 'y': 4}}], 'arrive_timestamp': 1787696727, 'priority': 1, 'segment': 's4', 'preconditions': [], 'postconditions': ['picked-o4-4']}}
[INFO] [1787696796.021334226] [robot5.fragment_exec_node]: Received fragment assignment: f4-10'. Starting execution.
[INFO] [1787696796.022706620] [robot5.fragment_exec_node]: Executing task pick. Params: {'weight': 1, 'x': 2, 'y': 4}, Virtual state: {'position': {'x': 11, 'y': 6, 'z': 0.0}, 'docked': False, 'battery': 100.0, 'conditions': ['picked-o2-2']}
[INFO] [1787696796.023700598] [robot5.fragment_exec_node]: EventType: Control (Task: pick), Activity: navigate, Robot: robot5, Mission: m4, Segment: s4, Start: 22813.04302039
[INFO] [1787696796.024786677] [robot5.fragment_exec_node]: Simulating navigate skill from position (11, 6) to (2, 4) (22.80350850198276 seconds)...
[INFO] [1787696797.014679452] [robot5.fragment_exec_node]: Received fragment: {'robot': 'robot4', 'fragment': {'id': 'f4-5', 'mission': 'm4', 'state': 'assigned', 'wait': ['m4/s2/pick'], 'tasks': [{'name': 'scan', 'params': {'x': 10, 'y': 4}}], 'arrive_timestamp': 1787696727, 'priority': 1, 'segment': 's2', 'preconditions': [], 'postconditions': []}}
[INFO] [1787696803.011853181] [robot5.fragment_exec_node]: Received fragment: {'robot': 'robot4', 'fragment': {'id': 'f4-6', 'mission': 'm4', 'state': 'assigned', 'wait': ['m4/s2/scan'], 'tasks': [{'name': 'transport', 'params': {'x': 11, 'y': 6}}], 'arrive_timestamp': 1787696727, 'priority': 1, 'segment': 's2', 'preconditions': ['picked-o2-4'], 'postconditions': []}}
[INFO] [1787696814.008952109] [robot5.fragment_exec_node]: Received fragment: {'robot': 'robot2', 'fragment': {'id': 'f4-8', 'mission': 'm4', 'state': 'assigned', 'wait': ['m4/s3/pick'], 'tasks': [{'name': 'scan', 'params': {'x': 9, 'y': 1}}], 'arrive_timestamp': 1787696727, 'priority': 1, 'segment': 's3', 'preconditions': [], 'postconditions': []}}
[INFO] [1787696818.039564035] [robot5.fragment_exec_node]: Received fragment: {'robot': 'robot2', 'fragment': {'id': 'f4-9', 'mission': 'm4', 'state': 'assigned', 'wait': ['m4/s3/scan'], 'tasks': [{'name': 'transport', 'params': {'x': 11, 'y': 6}}], 'arrive_timestamp': 1787696727, 'priority': 1, 'segment': 's3', 'preconditions': ['picked-o3-4'], 'postconditions': []}}
[INFO] [1787696818.831826114] [robot5.fragment_exec_node]: Navigation completed!
[INFO] [1787696818.834468229] [robot5.fragment_exec_node]: EventType: Control (Task: pick), Activity: navigate, Robot: robot5, Mission: m4, Segment: s4, End: 22835.85282252
[INFO] [1787696818.836171945] [robot5.fragment_exec_node]: EventType: Task, Activity: pick, Robot: robot5, Mission: m4, Segment: s4, Start: 22835.855058441
[INFO] [1787696818.838018720] [robot5.fragment_exec_node]: Simulating pick skill...
[INFO] [1787696819.842537209] [robot5.fragment_exec_node]: Pick completed!
[INFO] [1787696819.843740941] [robot5.fragment_exec_node]: EventType: Task, Activity: pick, Robot: robot5, Mission: m4, Segment: s4, End: 22836.862914094
[INFO] [1787696819.845624592] [robot5.fragment_exec_node]: Execution of fragment f4-10' completed!
[INFO] [1787696820.021261072] [robot5.fragment_exec_node]: Received fragment: {'robot': 'robot5', 'fragment': {'id': 'f4-11', 'mission': 'm4', 'state': 'assigned', 'wait': ['m4/s4/pick'], 'tasks': [{'name': 'scan', 'params': {'x': 2, 'y': 4}}], 'arrive_timestamp': 1787696727, 'priority': 1, 'segment': 's4', 'preconditions': [], 'postconditions': []}}
[INFO] [1787696820.022494333] [robot5.fragment_exec_node]: Received fragment assignment: f4-11. Starting execution.
[INFO] [1787696820.023484077] [robot5.fragment_exec_node]: Executing task scan. Params: {'x': 2, 'y': 4}, Virtual state: {'position': {'x': 2, 'y': 4, 'z': 0.0}, 'docked': False, 'battery': 100.0, 'conditions': ['picked-o2-2', 'picked-o4-4']}
[INFO] [1787696820.024429284] [robot5.fragment_exec_node]: EventType: Task, Activity: scan, Robot: robot5, Mission: m4, Segment: s4, Start: 22837.04532877
[INFO] [1787696820.025211091] [robot5.fragment_exec_node]: Simulating scan skill...
[INFO] [1787696823.027864567] [robot5.fragment_exec_node]: Scan completed!
[INFO] [1787696823.029235901] [robot5.fragment_exec_node]: EventType: Task, Activity: scan, Robot: robot5, Mission: m4, Segment: s4, End: 22840.049947591
[INFO] [1787696823.031511786] [robot5.fragment_exec_node]: Execution of fragment f4-11 completed!
[INFO] [1787696824.009063579] [robot5.fragment_exec_node]: Received fragment: {'robot': 'robot5', 'fragment': {'id': 'f4-12', 'mission': 'm4', 'state': 'assigned', 'wait': ['m4/s4/scan'], 'tasks': [{'name': 'transport', 'params': {'x': 11, 'y': 6}}], 'arrive_timestamp': 1787696727, 'priority': 1, 'segment': 's4', 'preconditions': ['picked-o4-4'], 'postconditions': []}}
[INFO] [1787696824.012363862] [robot5.fragment_exec_node]: Received fragment assignment: f4-12. Starting execution.
[INFO] [1787696824.021078145] [robot5.fragment_exec_node]: Executing task transport. Params: {'x': 11, 'y': 6}, Virtual state: {'position': {'x': 2, 'y': 4, 'z': 0.0}, 'docked': False, 'battery': 100.0, 'conditions': ['picked-o2-2', 'picked-o4-4']}
[INFO] [1787696824.023407291] [robot5.fragment_exec_node]: EventType: Control (Task: transport), Activity: navigate, Robot: robot5, Mission: m4, Segment: s4, Start: 22841.044146596
[INFO] [1787696824.028037860] [robot5.fragment_exec_node]: Simulating navigate skill from position (2, 4) to (11, 6) (19.697715603592208 seconds)...
[INFO] [1787696843.730213437] [robot5.fragment_exec_node]: Navigation completed!
[INFO] [1787696843.733274119] [robot5.fragment_exec_node]: EventType: Control (Task: transport), Activity: navigate, Robot: robot5, Mission: m4, Segment: s4, End: 22860.752988089
[INFO] [1787696843.735011464] [robot5.fragment_exec_node]: EventType: Task, Activity: transport, Robot: robot5, Mission: m4, Segment: s4, Start: 22860.755447508
[INFO] [1787696843.736544677] [robot5.fragment_exec_node]: Simulating navigate skill from position (11, 6) to (11, 6) (10.0 seconds)...
[INFO] [1787696853.741288471] [robot5.fragment_exec_node]: Navigation completed!
[INFO] [1787696853.744204638] [robot5.fragment_exec_node]: EventType: Task, Activity: transport, Robot: robot5, Mission: m4, Segment: s4, End: 22870.762770567
[INFO] [1787696853.746763430] [robot5.fragment_exec_node]: Execution of fragment f4-12 completed!
[INFO] [1787696854.014571661] [robot5.fragment_exec_node]: Received fragment: {'robot': 'robot3', 'fragment': {'id': 'f4-13', 'mission': 'm4', 'state': 'assigned', 'wait': ['m4/s1/transport', 'm4/s2/transport', 'm4/s3/transport', 'm4/s4/transport'], 'tasks': [{'name': 'pack', 'params': {'x': 11, 'y': 6, 'items': 4}}], 'arrive_timestamp': 1787696727, 'priority': 1, 'segment': '', 'preconditions': [], 'postconditions': []}}
Traceback (most recent call last):
  File "/root/ros2_ws/install/multi3_executor/lib/multi3_executor/executor", line 33, in <module>
    sys.exit(load_entry_point('multi3-executor==0.0.0', 'console_scripts', 'executor')())
  File "/root/ros2_ws/install/multi3_executor/lib/python3.10/site-packages/multi3_executor/nodes/executor.py", line 236, in main
    rclpy.shutdown()
  File "/opt/ros/humble/local/lib/python3.10/dist-packages/rclpy/__init__.py", line 130, in shutdown
    _shutdown(context=context)
  File "/opt/ros/humble/local/lib/python3.10/dist-packages/rclpy/utilities.py", line 58, in shutdown
    return context.shutdown()
  File "/opt/ros/humble/local/lib/python3.10/dist-packages/rclpy/context.py", line 102, in shutdown
    self.__context.shutdown()
rclpy._rclpy_pybind11.RCLError: failed to shutdown: rcl_shutdown already called on the given context, at ./src/rcl/init.c:241

--- executor_robot6.log ---
[INFO] [1787696723.361390489] [robot6.fragment_exec_node]: Setting up skill: PickSkill
[INFO] [1787696723.362352576] [robot6.fragment_exec_node]: Setting up skill: ScanSkill
[INFO] [1787696723.363065004] [robot6.fragment_exec_node]: Setting up skill: NavigateSkill
[INFO] [1787696723.363867138] [robot6.fragment_exec_node]: Setting up skill: NavigateSkill
[INFO] [1787696723.364512506] [robot6.fragment_exec_node]: Setting up skill: DockSkill
[INFO] [1787696723.365157408] [robot6.fragment_exec_node]: Setting up skill: UndockSkill
[INFO] [1787696723.365928542] [robot6.fragment_exec_node]: Setting up skill: PackSkill
[INFO] [1787696723.375132751] [robot6.fragment_exec_node]: Published robot registration: {'name': 'robot6', 'operational_state': 'idle', 'capabilities': ['pick', 'scan', 'transport', 'pack'], 'state': {'position': {'x': 0.0, 'y': 0.0, 'z': 0.0}, 'docked': True, 'battery': 100.0, 'conditions': []}}
[INFO] [1787696729.036573247] [robot6.fragment_exec_node]: Received fragment: {'robot': 'robot5', 'fragment': {'id': 'f2-4', 'mission': 'm2', 'state': 'assigned', 'wait': [], 'tasks': [{'name': 'pick', 'params': {'weight': 7, 'x': 9, 'y': 5}}], 'arrive_timestamp': 1787696726, 'priority': 1, 'segment': 's2', 'preconditions': [], 'postconditions': ['picked-o2-2']}}
[INFO] [1787696729.042990899] [robot6.fragment_exec_node]: Received fragment: {'robot': 'robot1', 'fragment': {'id': 'f1-1', 'mission': 'm1', 'state': 'assigned', 'wait': [], 'tasks': [{'name': 'pick', 'params': {'x': 5, 'y': 8, 'weight': 8}}], 'arrive_timestamp': 1787696725, 'priority': 1, 'segment': 's1', 'preconditions': [], 'postconditions': ['picked-o1-1']}}
[INFO] [1787696729.044371930] [robot6.fragment_exec_node]: Received fragment: {'robot': 'robot2', 'fragment': {'id': 'f3-7', 'mission': 'm3', 'state': 'assigned', 'wait': [], 'tasks': [{'name': 'pick', 'params': {'weight': 2, 'x': 1, 'y': 9}}], 'arrive_timestamp': 1787696726, 'priority': 1, 'segment': 's3', 'preconditions': [], 'postconditions': ['picked-o3-3']}}
[INFO] [1787696729.046412780] [robot6.fragment_exec_node]: Received fragment: {'robot': 'robot6', 'fragment': {'id': 'f3-4', 'mission': 'm3', 'state': 'assigned', 'wait': [], 'tasks': [{'name': 'pick', 'params': {'weight': 5, 'x': 2, 'y': 3}}], 'arrive_timestamp': 1787696726, 'priority': 1, 'segment': 's2', 'preconditions': [], 'postconditions': ['picked-o2-3']}}
[INFO] [1787696729.047673866] [robot6.fragment_exec_node]: Received fragment: {'robot': 'robot3', 'fragment': {'id': 'f2-1', 'mission': 'm2', 'state': 'assigned', 'wait': [], 'tasks': [{'name': 'pick', 'params': {'weight': 5, 'x': 2, 'y': 3}}], 'arrive_timestamp': 1787696726, 'priority': 1, 'segment': 's1', 'preconditions': [], 'postconditions': ['picked-o1-2']}}
[INFO] [1787696729.048497000] [robot6.fragment_exec_node]: Received fragment: {'robot': 'robot4', 'fragment': {'id': 'f3-1', 'mission': 'm3', 'state': 'assigned', 'wait': [], 'tasks': [{'name': 'pick', 'params': {'weight': 3, 'x': 7, 'y': 3}}], 'arrive_timestamp': 1787696726, 'priority': 1, 'segment': 's1', 'preconditions': [], 'postconditions': ['picked-o1-3']}}
[INFO] [1787696729.049884211] [robot6.fragment_exec_node]: Received fragment assignment: f3-4. Starting execution.
[INFO] [1787696729.050610364] [robot6.fragment_exec_node]: Executing task pick. Params: {'weight': 5, 'x': 2, 'y': 3}, Virtual state: {'position': {'x': 0.0, 'y': 0.0, 'z': 0.0}, 'docked': True, 'battery': 100.0, 'conditions': []}
[INFO] [1787696729.051290669] [robot6.fragment_exec_node]: EventType: Control (Task: pick), Activity: undock, Robot: robot6, Mission: m3, Segment: s2, Start: 22746.071328533
[INFO] [1787696729.051945907] [robot6.fragment_exec_node]: Simulating undock skill...
[INFO] [1787696733.055237841] [robot6.fragment_exec_node]: Undock completed!
[INFO] [1787696733.057450220] [robot6.fragment_exec_node]: EventType: Control (Task: pick), Activity: undock, Robot: robot6, Mission: m3, Segment: s2, End: 22750.075559915
[INFO] [1787696733.058824656] [robot6.fragment_exec_node]: EventType: Control (Task: pick), Activity: navigate, Robot: robot6, Mission: m3, Segment: s2, Start: 22750.077550707
[INFO] [1787696733.060280870] [robot6.fragment_exec_node]: Simulating navigate skill from position (0.0, 0.0) to (2, 3) (7.211102550927978 seconds)...
[INFO] [1787696740.274465702] [robot6.fragment_exec_node]: Navigation completed!
[INFO] [1787696740.276700807] [robot6.fragment_exec_node]: EventType: Control (Task: pick), Activity: navigate, Robot: robot6, Mission: m3, Segment: s2, End: 22757.294812168
[INFO] [1787696740.278446024] [robot6.fragment_exec_node]: EventType: Task, Activity: pick, Robot: robot6, Mission: m3, Segment: s2, Start: 22757.296923313
[INFO] [1787696740.280205148] [robot6.fragment_exec_node]: Simulating pick skill...
[INFO] [1787696745.283438582] [robot6.fragment_exec_node]: Pick completed!
[INFO] [1787696745.285494617] [robot6.fragment_exec_node]: EventType: Task, Activity: pick, Robot: robot6, Mission: m3, Segment: s2, End: 22762.303782515
[INFO] [1787696745.288372211] [robot6.fragment_exec_node]: Execution of fragment f3-4 completed!
[INFO] [1787696746.015823909] [robot6.fragment_exec_node]: Received fragment: {'robot': 'robot6', 'fragment': {'id': 'f2-2', 'mission': 'm2', 'state': 'assigned', 'wait': ['m2/s1/pick'], 'tasks': [{'name': 'scan', 'params': {'x': 2, 'y': 3}}], 'arrive_timestamp': 1787696726, 'priority': 1, 'segment': 's1', 'preconditions': [], 'postconditions': []}}
[INFO] [1787696746.019401956] [robot6.fragment_exec_node]: Received fragment: {'robot': 'robot3', 'fragment': {'id': 'f3-5', 'mission': 'm3', 'state': 'assigned', 'wait': ['m3/s2/pick'], 'tasks': [{'name': 'scan', 'params': {'x': 2, 'y': 3}}], 'arrive_timestamp': 1787696726, 'priority': 1, 'segment': 's2', 'preconditions': [], 'postconditions': []}}
[INFO] [1787696746.021714118] [robot6.fragment_exec_node]: Received fragment assignment: f2-2. Starting execution.
[INFO] [1787696746.023059169] [robot6.fragment_exec_node]: Executing task scan. Params: {'x': 2, 'y': 3}, Virtual state: {'position': {'x': 2, 'y': 3, 'z': 0.0}, 'docked': False, 'battery': 100.0, 'conditions': ['picked-o2-3']}
[INFO] [1787696746.024245452] [robot6.fragment_exec_node]: EventType: Task, Activity: scan, Robot: robot6, Mission: m2, Segment: s1, Start: 22763.043161271
[INFO] [1787696746.025034631] [robot6.fragment_exec_node]: Simulating scan skill...
[INFO] [1787696749.027475861] [robot6.fragment_exec_node]: Scan completed!
[INFO] [1787696749.028488573] [robot6.fragment_exec_node]: EventType: Task, Activity: scan, Robot: robot6, Mission: m2, Segment: s1, End: 22766.047665687
[INFO] [1787696749.029629175] [robot6.fragment_exec_node]: Execution of fragment f2-2 completed!
[INFO] [1787696750.022309472] [robot6.fragment_exec_node]: Received fragment: {'robot': 'robot3', 'fragment': {'id': 'f4-1', 'mission': 'm4', 'state': 'assigned', 'wait': [], 'tasks': [{'name': 'pick', 'params': {'weight': 5, 'x': 2, 'y': 8}}], 'arrive_timestamp': 1787696727, 'priority': 1, 'segment': 's1', 'preconditions': [], 'postconditions': ['picked-o1-4']}}
[INFO] [1787696750.028945668] [robot6.fragment_exec_node]: Received fragment: {'robot': 'robot6', 'fragment': {'id': 'f2-3', 'mission': 'm2', 'state': 'assigned', 'wait': ['m2/s1/scan'], 'tasks': [{'name': 'transport', 'params': {'x': 11, 'y': 6}}], 'arrive_timestamp': 1787696726, 'priority': 1, 'segment': 's1', 'preconditions': [], 'postconditions': []}}
[INFO] [1787696750.030914750] [robot6.fragment_exec_node]: Received fragment assignment: f2-3. Starting execution.
[INFO] [1787696750.032283103] [robot6.fragment_exec_node]: Executing task transport. Params: {'x': 11, 'y': 6}, Virtual state: {'position': {'x': 2, 'y': 3, 'z': 0.0}, 'docked': False, 'battery': 100.0, 'conditions': ['picked-o2-3']}
[INFO] [1787696750.033556330] [robot6.fragment_exec_node]: EventType: Control (Task: transport), Activity: navigate, Robot: robot6, Mission: m2, Segment: s1, Start: 22767.052259682
[INFO] [1787696750.034920914] [robot6.fragment_exec_node]: Simulating navigate skill from position (2, 3) to (11, 6) (19.697715603592208 seconds)...
[INFO] [1787696752.007179470] [robot6.fragment_exec_node]: Received fragment: {'robot': 'robot4', 'fragment': {'id': 'f3-2', 'mission': 'm3', 'state': 'assigned', 'wait': ['m3/s1/pick'], 'tasks': [{'name': 'scan', 'params': {'x': 7, 'y': 3}}], 'arrive_timestamp': 1787696726, 'priority': 1, 'segment': 's1', 'preconditions': [], 'postconditions': []}}
[INFO] [1787696754.013909111] [robot6.fragment_exec_node]: Received fragment: {'robot': 'robot2', 'fragment': {'id': 'f3-8', 'mission': 'm3', 'state': 'assigned', 'wait': ['m3/s3/pick'], 'tasks': [{'name': 'scan', 'params': {'x': 1, 'y': 9}}], 'arrive_timestamp': 1787696726, 'priority': 1, 'segment': 's3', 'preconditions': [], 'postconditions': []}}
[INFO] [1787696756.012008233] [robot6.fragment_exec_node]: Received fragment: {'robot': 'robot4', 'fragment': {'id': 'f3-3', 'mission': 'm3', 'state': 'assigned', 'wait': ['m3/s1/scan'], 'tasks': [{'name': 'transport', 'params': {'x': 11, 'y': 6}}], 'arrive_timestamp': 1787696726, 'priority': 1, 'segment': 's1', 'preconditions': ['picked-o1-3'], 'postconditions': []}}
[INFO] [1787696758.012356835] [robot6.fragment_exec_node]: Received fragment: {'robot': 'robot2', 'fragment': {'id': 'f3-9', 'mission': 'm3', 'state': 'assigned', 'wait': ['m3/s3/scan'], 'tasks': [{'name': 'transport', 'params': {'x': 11, 'y': 6}}], 'arrive_timestamp': 1787696726, 'priority': 1, 'segment': 's3', 'preconditions': ['picked-o3-3'], 'postconditions': []}}
[INFO] [1787696760.007114206] [robot6.fragment_exec_node]: Received fragment: {'robot': 'robot1', 'fragment': {'id': 'f1-2', 'mission': 'm1', 'state': 'assigned', 'wait': ['m1/s1/pick'], 'tasks': [{'name': 'scan', 'params': {'x': 5, 'y': 8}}], 'arrive_timestamp': 1787696725, 'priority': 1, 'segment': 's1', 'preconditions': [], 'postconditions': []}}
[INFO] [1787696761.017923267] [robot6.fragment_exec_node]: Received fragment: {'robot': 'robot5', 'fragment': {'id': 'f2-5', 'mission': 'm2', 'state': 'assigned', 'wait': ['m2/s2/pick'], 'tasks': [{'name': 'scan', 'params': {'x': 9, 'y': 5}}], 'arrive_timestamp': 1787696726, 'priority': 1, 'segment': 's2', 'preconditions': [], 'postconditions': []}}
[INFO] [1787696764.009651373] [robot6.fragment_exec_node]: Received fragment: {'robot': 'robot1', 'fragment': {'id': 'f1-3', 'mission': 'm1', 'state': 'assigned', 'wait': ['m1/s1/scan'], 'tasks': [{'name': 'transport', 'params': {'x': 11, 'y': 6}}], 'arrive_timestamp': 1787696725, 'priority': 1, 'segment': 's1', 'preconditions': ['picked-o1-1'], 'postconditions': []}}
[INFO] [1787696767.042835502] [robot6.fragment_exec_node]: Received fragment: {'robot': 'robot5', 'fragment': {'id': 'f2-6', 'mission': 'm2', 'state': 'assigned', 'wait': ['m2/s2/scan'], 'tasks': [{'name': 'transport', 'params': {'x': 11, 'y': 6}}], 'arrive_timestamp': 1787696726, 'priority': 1, 'segment': 's2', 'preconditions': ['picked-o2-2'], 'postconditions': []}}
[INFO] [1787696768.009011239] [robot6.fragment_exec_node]: Received fragment: {'robot': 'robot3', 'fragment': {'id': 'f4-2', 'mission': 'm4', 'state': 'assigned', 'wait': ['m4/s1/pick'], 'tasks': [{'name': 'scan', 'params': {'x': 2, 'y': 8}}], 'arrive_timestamp': 1787696727, 'priority': 1, 'segment': 's1', 'preconditions': [], 'postconditions': []}}
[INFO] [1787696769.736063238] [robot6.fragment_exec_node]: Navigation completed!
[INFO] [1787696769.739076635] [robot6.fragment_exec_node]: EventType: Control (Task: transport), Activity: navigate, Robot: robot6, Mission: m2, Segment: s1, End: 22786.756673764
[INFO] [1787696769.741496165] [robot6.fragment_exec_node]: EventType: Task, Activity: transport, Robot: robot6, Mission: m2, Segment: s1, Start: 22786.759537166
[INFO] [1787696769.743246101] [robot6.fragment_exec_node]: Simulating navigate skill from position (11, 6) to (11, 6) (10.0 seconds)...
[INFO] [1787696772.011950557] [robot6.fragment_exec_node]: Received fragment: {'robot': 'robot3', 'fragment': {'id': 'f4-3', 'mission': 'm4', 'state': 'assigned', 'wait': ['m4/s1/scan'], 'tasks': [{'name': 'transport', 'params': {'x': 11, 'y': 6}}], 'arrive_timestamp': 1787696727, 'priority': 1, 'segment': 's1', 'preconditions': ['picked-o1-4'], 'postconditions': []}}
[INFO] [1787696775.010821412] [robot6.fragment_exec_node]: Received fragment: {'robot': 'robot4', 'fragment': {'id': 'f4-4', 'mission': 'm4', 'state': 'assigned', 'wait': [], 'tasks': [{'name': 'pick', 'params': {'weight': 7, 'x': 10, 'y': 4}}], 'arrive_timestamp': 1787696727, 'priority': 1, 'segment': 's2', 'preconditions': [], 'postconditions': ['picked-o2-4']}}
[INFO] [1787696779.746859796] [robot6.fragment_exec_node]: Navigation completed!
[INFO] [1787696779.749488763] [robot6.fragment_exec_node]: EventType: Task, Activity: transport, Robot: robot6, Mission: m2, Segment: s1, End: 22796.767572555
[INFO] [1787696779.751737965] [robot6.fragment_exec_node]: Execution of fragment f2-3 completed!
[INFO] [1787696780.009295226] [robot6.fragment_exec_node]: Received fragment: {'robot': 'robot6', 'fragment': {'id': 'f3-6', 'mission': 'm3', 'state': 'assigned', 'wait': ['m3/s2/scan'], 'tasks': [{'name': 'transport', 'params': {'x': 11, 'y': 6}}], 'arrive_timestamp': 1787696726, 'priority': 1, 'segment': 's2', 'preconditions': ['picked-o2-3'], 'postconditions': []}}
[INFO] [1787696780.011444683] [robot6.fragment_exec_node]: Received fragment assignment: f3-6. Starting execution.
[INFO] [1787696780.013217422] [robot6.fragment_exec_node]: Executing task transport. Params: {'x': 11, 'y': 6}, Virtual state: {'position': {'x': 11, 'y': 6, 'z': 0.0}, 'docked': False, 'battery': 100.0, 'conditions': ['picked-o2-3']}
[INFO] [1787696780.014597671] [robot6.fragment_exec_node]: EventType: Task, Activity: transport, Robot: robot6, Mission: m3, Segment: s2, Start: 22797.033309062
[INFO] [1787696780.015888223] [robot6.fragment_exec_node]: Simulating navigate skill from position (11, 6) to (11, 6) (10.0 seconds)...
[INFO] [1787696787.016373786] [robot6.fragment_exec_node]: Received fragment: {'robot': 'robot5', 'fragment': {'id': 'f1-4', 'mission': 'm1', 'state': 'assigned', 'wait': ['m1/s1/transport'], 'tasks': [{'name': 'pack', 'params': {'x': 11, 'y': 6, 'items': 1}}], 'arrive_timestamp': 1787696725, 'priority': 1, 'segment': '', 'preconditions': [], 'postconditions': []}}
[INFO] [1787696787.019196297] [robot6.fragment_exec_node]: Received fragment: {'robot': 'robot1', 'fragment': {'id': 'f2-7', 'mission': 'm2', 'state': 'assigned', 'wait': ['m2/s1/transport', 'm2/s2/transport'], 'tasks': [{'name': 'pack', 'params': {'x': 11, 'y': 6, 'items': 2}}], 'arrive_timestamp': 1787696726, 'priority': 1, 'segment': '', 'preconditions': [], 'postconditions': []}}
[INFO] [1787696790.030374989] [robot6.fragment_exec_node]: Navigation completed!
[INFO] [1787696790.031130140] [robot6.fragment_exec_node]: EventType: Task, Activity: transport, Robot: robot6, Mission: m3, Segment: s2, End: 22807.050682434
[INFO] [1787696790.032160451] [robot6.fragment_exec_node]: Execution of fragment f3-6 completed!
[INFO] [1787696791.024595854] [robot6.fragment_exec_node]: Received fragment: {'robot': 'robot2', 'fragment': {'id': 'f4-7', 'mission': 'm4', 'state': 'assigned', 'wait': [], 'tasks': [{'name': 'pick', 'params': {'weight': 2, 'x': 9, 'y': 1}}], 'arrive_timestamp': 1787696727, 'priority': 1, 'segment': 's3', 'preconditions': [], 'postconditions': ['picked-o3-4']}}
[INFO] [1787696791.032989529] [robot6.fragment_exec_node]: Received fragment: {'robot': 'robot6', 'fragment': {'id': 'f3-10', 'mission': 'm3', 'state': 'assigned', 'wait': ['m3/s1/transport', 'm3/s2/transport', 'm3/s3/transport'], 'tasks': [{'name': 'pack', 'params': {'x': 2, 'y': 3, 'items': 3}}], 'arrive_timestamp': 1787696726, 'priority': 1, 'segment': '', 'preconditions': [], 'postconditions': []}}
[INFO] [1787696791.037799297] [robot6.fragment_exec_node]: Received fragment assignment: f3-10. Starting execution.
[INFO] [1787696791.039451957] [robot6.fragment_exec_node]: Waiting for coordination messages before executing fragment f3-10: ['m3/s1/transport', 'm3/s2/transport', 'm3/s3/transport']
[INFO] [1787696793.044870785] [robot6.fragment_exec_node]: Executing task pack. Params: {'x': 2, 'y': 3, 'items': 3}, Virtual state: {'position': {'x': 11, 'y': 6, 'z': 0.0}, 'docked': False, 'battery': 100.0, 'conditions': ['picked-o2-3']}
[INFO] [1787696793.048549474] [robot6.fragment_exec_node]: EventType: Control (Task: pack), Activity: navigate, Robot: robot6, Mission: m3, Segment: , Start: 22810.066662561
[INFO] [1787696793.050516040] [robot6.fragment_exec_node]: Simulating navigate skill from position (11, 6) to (2, 3) (24.08318915758459 seconds)...
[INFO] [1787696796.013102575] [robot6.fragment_exec_node]: Received fragment: {'robot': 'robot5', 'fragment': {'id': "f4-10'", 'mission': 'm4', 'state': 'assigned', 'wait': [], 'tasks': [{'name': 'pick', 'params': {'weight': 1, 'x': 2, 'y': 4}}], 'arrive_timestamp': 1787696727, 'priority': 1, 'segment': 's4', 'preconditions': [], 'postconditions': ['picked-o4-4']}}
[INFO] [1787696797.011810889] [robot6.fragment_exec_node]: Received fragment: {'robot': 'robot4', 'fragment': {'id': 'f4-5', 'mission': 'm4', 'state': 'assigned', 'wait': ['m4/s2/pick'], 'tasks': [{'name': 'scan', 'params': {'x': 10, 'y': 4}}], 'arrive_timestamp': 1787696727, 'priority': 1, 'segment': 's2', 'preconditions': [], 'postconditions': []}}
[INFO] [1787696803.013862193] [robot6.fragment_exec_node]: Received fragment: {'robot': 'robot4', 'fragment': {'id': 'f4-6', 'mission': 'm4', 'state': 'assigned', 'wait': ['m4/s2/scan'], 'tasks': [{'name': 'transport', 'params': {'x': 11, 'y': 6}}], 'arrive_timestamp': 1787696727, 'priority': 1, 'segment': 's2', 'preconditions': ['picked-o2-4'], 'postconditions': []}}
[INFO] [1787696814.010362601] [robot6.fragment_exec_node]: Received fragment: {'robot': 'robot2', 'fragment': {'id': 'f4-8', 'mission': 'm4', 'state': 'assigned', 'wait': ['m4/s3/pick'], 'tasks': [{'name': 'scan', 'params': {'x': 9, 'y': 1}}], 'arrive_timestamp': 1787696727, 'priority': 1, 'segment': 's3', 'preconditions': [], 'postconditions': []}}
[INFO] [1787696817.136816449] [robot6.fragment_exec_node]: Navigation completed!
[INFO] [1787696817.138856732] [robot6.fragment_exec_node]: EventType: Control (Task: pack), Activity: navigate, Robot: robot6, Mission: m3, Segment: , End: 22834.157666548
[INFO] [1787696817.140801988] [robot6.fragment_exec_node]: EventType: Task, Activity: pack, Robot: robot6, Mission: m3, Segment: , Start: 22834.15947108
[INFO] [1787696817.142482903] [robot6.fragment_exec_node]: Simulating pack skill...
[INFO] [1787696818.020935401] [robot6.fragment_exec_node]: Received fragment: {'robot': 'robot2', 'fragment': {'id': 'f4-9', 'mission': 'm4', 'state': 'assigned', 'wait': ['m4/s3/scan'], 'tasks': [{'name': 'transport', 'params': {'x': 11, 'y': 6}}], 'arrive_timestamp': 1787696727, 'priority': 1, 'segment': 's3', 'preconditions': ['picked-o3-4'], 'postconditions': []}}
[INFO] [1787696820.021876794] [robot6.fragment_exec_node]: Received fragment: {'robot': 'robot5', 'fragment': {'id': 'f4-11', 'mission': 'm4', 'state': 'assigned', 'wait': ['m4/s4/pick'], 'tasks': [{'name': 'scan', 'params': {'x': 2, 'y': 4}}], 'arrive_timestamp': 1787696727, 'priority': 1, 'segment': 's4', 'preconditions': [], 'postconditions': []}}
[INFO] [1787696824.024662120] [robot6.fragment_exec_node]: Received fragment: {'robot': 'robot5', 'fragment': {'id': 'f4-12', 'mission': 'm4', 'state': 'assigned', 'wait': ['m4/s4/scan'], 'tasks': [{'name': 'transport', 'params': {'x': 11, 'y': 6}}], 'arrive_timestamp': 1787696727, 'priority': 1, 'segment': 's4', 'preconditions': ['picked-o4-4'], 'postconditions': []}}
[INFO] [1787696835.145867222] [robot6.fragment_exec_node]: Packing completed!
[INFO] [1787696835.147661680] [robot6.fragment_exec_node]: EventType: Task, Activity: pack, Robot: robot6, Mission: m3, Segment: , End: 22852.168278311
[INFO] [1787696835.150256397] [robot6.fragment_exec_node]: Execution of fragment f3-10 completed!
[INFO] [1787696854.030629075] [robot6.fragment_exec_node]: Received fragment: {'robot': 'robot3', 'fragment': {'id': 'f4-13', 'mission': 'm4', 'state': 'assigned', 'wait': ['m4/s1/transport', 'm4/s2/transport', 'm4/s3/transport', 'm4/s4/transport'], 'tasks': [{'name': 'pack', 'params': {'x': 11, 'y': 6, 'items': 4}}], 'arrive_timestamp': 1787696727, 'priority': 1, 'segment': '', 'preconditions': [], 'postconditions': []}}
Traceback (most recent call last):
  File "/root/ros2_ws/install/multi3_executor/lib/multi3_executor/executor", line 33, in <module>
    sys.exit(load_entry_point('multi3-executor==0.0.0', 'console_scripts', 'executor')())
  File "/root/ros2_ws/install/multi3_executor/lib/python3.10/site-packages/multi3_executor/nodes/executor.py", line 236, in main
    rclpy.shutdown()
  File "/opt/ros/humble/local/lib/python3.10/dist-packages/rclpy/__init__.py", line 130, in shutdown
    _shutdown(context=context)
  File "/opt/ros/humble/local/lib/python3.10/dist-packages/rclpy/utilities.py", line 58, in shutdown
    return context.shutdown()
  File "/opt/ros/humble/local/lib/python3.10/dist-packages/rclpy/context.py", line 102, in shutdown
    self.__context.shutdown()
rclpy._rclpy_pybind11.RCLError: failed to shutdown: rcl_shutdown already called on the given context, at ./src/rcl/init.c:241
