=== Test: spec: robots=6, missions=[1, 3, 4], strategy=baseline


--- coordinator.log ---
[INFO] [1787696353.490843293] [multi3_coordinator_node]: Assignment strategy parameter: baseline
[INFO] [1787696353.492282498] [multi3_coordinator_node]: Using assignment strategy: baseline
[INFO] [1787696353.500564016] [multi3_coordinator_node]: Coordinator node started.
[INFO] [1787696356.519706711] [multi3_coordinator_node]: Received new robot info: {'name': 'robot1', 'operational_state': 'idle', 'capabilities': ['pick', 'scan', 'transport', 'pack'], 'state': {'position': {'x': 0.0, 'y': 0.0, 'z': 0.0}, 'docked': True, 'battery': 100.0, 'conditions': []}, 'last_heartbeat': 1787696356}
[INFO] [1787696358.870246501] [multi3_coordinator_node]: Received new robot info: {'name': 'robot2', 'operational_state': 'idle', 'capabilities': ['pick', 'scan', 'transport', 'pack'], 'state': {'position': {'x': 0.0, 'y': 0.0, 'z': 0.0}, 'docked': True, 'battery': 100.0, 'conditions': []}, 'last_heartbeat': 1787696358}
[INFO] [1787696360.888413659] [multi3_coordinator_node]: Received new robot info: {'name': 'robot3', 'operational_state': 'idle', 'capabilities': ['pick', 'scan', 'transport', 'pack'], 'state': {'position': {'x': 0.0, 'y': 0.0, 'z': 0.0}, 'docked': True, 'battery': 100.0, 'conditions': []}, 'last_heartbeat': 1787696360}
[INFO] [1787696362.897112726] [multi3_coordinator_node]: Received new robot info: {'name': 'robot4', 'operational_state': 'idle', 'capabilities': ['pick', 'scan', 'transport', 'pack'], 'state': {'position': {'x': 0.0, 'y': 0.0, 'z': 0.0}, 'docked': True, 'battery': 100.0, 'conditions': []}, 'last_heartbeat': 1787696362}
[INFO] [1787696364.924233988] [multi3_coordinator_node]: Received new robot info: {'name': 'robot5', 'operational_state': 'idle', 'capabilities': ['pick', 'scan', 'transport', 'pack'], 'state': {'position': {'x': 0.0, 'y': 0.0, 'z': 0.0}, 'docked': True, 'battery': 100.0, 'conditions': []}, 'last_heartbeat': 1787696364}
[INFO] [1787696366.913648416] [multi3_coordinator_node]: Received new robot info: {'name': 'robot6', 'operational_state': 'idle', 'capabilities': ['pick', 'scan', 'transport', 'pack'], 'state': {'position': {'x': 0.0, 'y': 0.0, 'z': 0.0}, 'docked': True, 'battery': 100.0, 'conditions': []}, 'last_heartbeat': 1787696366}
[INFO] [1787696368.506581456] [multi3_coordinator_node]: Received mission: {'mission': 'm1', 'priority': 1, 'fragments': [{'id': 'f1-1', 'wait': [], 'tasks': [{'name': 'pick', 'params': {'x': 5, 'y': 8, 'weight': 8}}], 'postconditions': ['picked-o1-1'], 'segment': 's1'}, {'id': 'f1-2', 'wait': ['m1/s1/pick'], 'tasks': [{'name': 'scan', 'params': {'x': 5, 'y': 8}}], 'segment': 's1'}, {'id': 'f1-3', 'wait': ['m1/s1/scan'], 'tasks': [{'name': 'transport', 'params': {'x': 11, 'y': 6}}], 'preconditions': ['picked-o1-1'], 'segment': 's1'}, {'id': 'f1-4', 'wait': ['m1/s1/transport'], 'tasks': [{'name': 'pack', 'params': {'x': 11, 'y': 6, 'items': 1}}], 'segment': ''}]}
[INFO] [1787696368.522869457] [multi3_coordinator_node]: Fragment f1-1 is now executable because all signal messages were received.
[INFO] [1787696369.318962120] [multi3_coordinator_node]: Received mission: {'mission': 'm3', 'priority': 1, 'fragments': [{'id': 'f3-1', 'wait': [], 'tasks': [{'name': 'pick', 'params': {'weight': 3, 'x': 7, 'y': 3}}], 'postconditions': ['picked-o1-3'], 'segment': 's1'}, {'id': 'f3-2', 'wait': ['m3/s1/pick'], 'tasks': [{'name': 'scan', 'params': {'x': 7, 'y': 3}}], 'segment': 's1'}, {'id': 'f3-3', 'wait': ['m3/s1/scan'], 'tasks': [{'name': 'transport', 'params': {'x': 11, 'y': 6}}], 'preconditions': ['picked-o1-3'], 'segment': 's1'}, {'id': 'f3-4', 'wait': [], 'tasks': [{'name': 'pick', 'params': {'weight': 5, 'x': 2, 'y': 3}}], 'postconditions': ['picked-o2-3'], 'segment': 's2'}, {'id': 'f3-5', 'wait': ['m3/s2/pick'], 'tasks': [{'name': 'scan', 'params': {'x': 2, 'y': 3}}], 'segment': 's2'}, {'id': 'f3-6', 'wait': ['m3/s2/scan'], 'tasks': [{'name': 'transport', 'params': {'x': 11, 'y': 6}}], 'preconditions': ['picked-o2-3'], 'segment': 's2'}, {'id': 'f3-7', 'wait': [], 'tasks': [{'name': 'pick', 'params': {'weight': 2, 'x': 1, 'y': 9}}], 'postconditions': ['picked-o3-3'], 'segment': 's3'}, {'id': 'f3-8', 'wait': ['m3/s3/pick'], 'tasks': [{'name': 'scan', 'params': {'x': 1, 'y': 9}}], 'segment': 's3'}, {'id': 'f3-9', 'wait': ['m3/s3/scan'], 'tasks': [{'name': 'transport', 'params': {'x': 11, 'y': 6}}], 'preconditions': ['picked-o3-3'], 'segment': 's3'}, {'id': 'f3-10', 'wait': ['m3/s1/transport', 'm3/s2/transport', 'm3/s3/transport'], 'tasks': [{'name': 'pack', 'params': {'x': 2, 'y': 3, 'items': 3}}], 'segment': ''}]}
[INFO] [1787696369.321534379] [multi3_coordinator_node]: Fragment f3-1 is now executable because all signal messages were received.
[INFO] [1787696369.323231419] [multi3_coordinator_node]: Fragment f3-4 is now executable because all signal messages were received.
[INFO] [1787696369.324738352] [multi3_coordinator_node]: Fragment f3-7 is now executable because all signal messages were received.
[INFO] [1787696370.137259061] [multi3_coordinator_node]: Received mission: {'mission': 'm4', 'priority': 1, 'fragments': [{'id': 'f4-1', 'wait': [], 'tasks': [{'name': 'pick', 'params': {'weight': 5, 'x': 2, 'y': 8}}], 'postconditions': ['picked-o1-4'], 'segment': 's1'}, {'id': 'f4-2', 'wait': ['m4/s1/pick'], 'tasks': [{'name': 'scan', 'params': {'x': 2, 'y': 8}}], 'segment': 's1'}, {'id': 'f4-3', 'wait': ['m4/s1/scan'], 'tasks': [{'name': 'transport', 'params': {'x': 11, 'y': 6}}], 'preconditions': ['picked-o1-4'], 'segment': 's1'}, {'id': 'f4-4', 'wait': [], 'tasks': [{'name': 'pick', 'params': {'weight': 7, 'x': 10, 'y': 4}}], 'postconditions': ['picked-o2-4'], 'segment': 's2'}, {'id': 'f4-5', 'wait': ['m4/s2/pick'], 'tasks': [{'name': 'scan', 'params': {'x': 10, 'y': 4}}], 'segment': 's2'}, {'id': 'f4-6', 'wait': ['m4/s2/scan'], 'tasks': [{'name': 'transport', 'params': {'x': 11, 'y': 6}}], 'preconditions': ['picked-o2-4'], 'segment': 's2'}, {'id': 'f4-7', 'wait': [], 'tasks': [{'name': 'pick', 'params': {'weight': 2, 'x': 9, 'y': 1}}], 'postconditions': ['picked-o3-4'], 'segment': 's3'}, {'id': 'f4-8', 'wait': ['m4/s3/pick'], 'tasks': [{'name': 'scan', 'params': {'x': 9, 'y': 1}}], 'segment': 's3'}, {'id': 'f4-9', 'wait': ['m4/s3/scan'], 'tasks': [{'name': 'transport', 'params': {'x': 11, 'y': 6}}], 'preconditions': ['picked-o3-4'], 'segment': 's3'}, {'id': "f4-10'", 'wait': [], 'tasks': [{'name': 'pick', 'params': {'weight': 1, 'x': 2, 'y': 4}}], 'postconditions': ['picked-o4-4'], 'segment': 's4'}, {'id': 'f4-11', 'wait': ['m4/s4/pick'], 'tasks': [{'name': 'scan', 'params': {'x': 2, 'y': 4}}], 'segment': 's4'}, {'id': 'f4-12', 'wait': ['m4/s4/scan'], 'tasks': [{'name': 'transport', 'params': {'x': 11, 'y': 6}}], 'preconditions': ['picked-o4-4'], 'segment': 's4'}, {'id': 'f4-13', 'wait': ['m4/s1/transport', 'm4/s2/transport', 'm4/s3/transport', 'm4/s4/transport'], 'tasks': [{'name': 'pack', 'params': {'x': 11, 'y': 6, 'items': 4}}], 'segment': ''}]}
[INFO] [1787696370.139292018] [multi3_coordinator_node]: Fragment f4-1 is now executable because all signal messages were received.
[INFO] [1787696370.141009749] [multi3_coordinator_node]: Fragment f4-4 is now executable because all signal messages were received.
[INFO] [1787696370.142697817] [multi3_coordinator_node]: Fragment f4-7 is now executable because all signal messages were received.
[INFO] [1787696370.144192604] [multi3_coordinator_node]: Fragment f4-10' is now executable because all signal messages were received.
[INFO] [1787696370.454558866] [multi3_coordinator_node]: Execution start signal received. Starting fragment assignment.
[INFO] [1787696371.461644256] [multi3_coordinator_node]: Assigned fragment f1-1 to robot robot4.
[INFO] [1787696371.465073065] [multi3_coordinator_node]: Assigned fragment f3-1 to robot robot5.
[INFO] [1787696371.472742542] [multi3_coordinator_node]: Assigned fragment f3-4 to robot robot3.
[INFO] [1787696371.474718879] [multi3_coordinator_node]: Assigned fragment f3-7 to robot robot6.
[INFO] [1787696371.477211751] [multi3_coordinator_node]: Assigned fragment f4-1 to robot robot1.
[INFO] [1787696371.479957670] [multi3_coordinator_node]: Assigned fragment f4-4 to robot robot2.
[INFO] [1787696371.495847816] [multi3_coordinator_node]: Received robot state update: {'operational_state': 'working', 'current_assigned_fragment': 'f4-1', 'conditions': [], 'state': {'position': {'x': 0.0, 'y': 0.0, 'z': 0.0}, 'docked': True, 'battery': 100.0, 'conditions': []}}
[INFO] [1787696371.498537986] [multi3_coordinator_node]: Received robot state update: {'operational_state': 'working', 'current_assigned_fragment': 'f4-4', 'conditions': [], 'state': {'position': {'x': 0.0, 'y': 0.0, 'z': 0.0}, 'docked': True, 'battery': 100.0, 'conditions': []}}
[INFO] [1787696371.501495068] [multi3_coordinator_node]: Received robot state update: {'operational_state': 'working', 'current_assigned_fragment': 'f3-4', 'conditions': [], 'state': {'position': {'x': 0.0, 'y': 0.0, 'z': 0.0}, 'docked': True, 'battery': 100.0, 'conditions': []}}
[INFO] [1787696371.502713289] [multi3_coordinator_node]: Received robot state update: {'operational_state': 'working', 'current_assigned_fragment': 'f3-1', 'conditions': [], 'state': {'position': {'x': 0.0, 'y': 0.0, 'z': 0.0}, 'docked': True, 'battery': 100.0, 'conditions': []}}
[INFO] [1787696371.504064470] [multi3_coordinator_node]: Received robot state update: {'operational_state': 'working', 'current_assigned_fragment': 'f3-7', 'conditions': [], 'state': {'position': {'x': 0.0, 'y': 0.0, 'z': 0.0}, 'docked': True, 'battery': 100.0, 'conditions': []}}
[INFO] [1787696371.505056493] [multi3_coordinator_node]: Received robot state update: {'operational_state': 'working', 'current_assigned_fragment': 'f1-1', 'conditions': [], 'state': {'position': {'x': 0.0, 'y': 0.0, 'z': 0.0}, 'docked': True, 'battery': 100.0, 'conditions': []}}
[INFO] [1787696387.744212386] [multi3_coordinator_node]: Fragment f3-5 is now executable because all signal messages were received.
[INFO] [1787696387.746186983] [multi3_coordinator_node]: Received coordination message: {'robot_name': 'robot3', 'completed_task': 'm3/s2/pick'}
[INFO] [1787696387.748701847] [multi3_coordinator_node]: Received robot state update: {'operational_state': 'idle', 'current_assigned_fragment': None, 'conditions': ['picked-o2-3'], 'state': {'position': {'x': 2, 'y': 3, 'z': 0.0}, 'docked': False, 'battery': 100.0, 'conditions': ['picked-o2-3']}}
[INFO] [1787696387.750615468] [multi3_coordinator_node]: Received coordination message: {'robot_name': 'robot3', 'completed_fragment': 'f3-4', 'state': {'position': {'x': 2, 'y': 3, 'z': 0.0}, 'docked': False, 'battery': 100.0, 'conditions': ['picked-o2-3']}}
[INFO] [1787696388.462187389] [multi3_coordinator_node]: Assigned fragment f3-5 to robot robot3.
[INFO] [1787696388.472443918] [multi3_coordinator_node]: Received robot state update: {'operational_state': 'working', 'current_assigned_fragment': 'f3-5', 'conditions': ['picked-o2-3'], 'state': {'position': {'x': 2, 'y': 3, 'z': 0.0}, 'docked': False, 'battery': 100.0, 'conditions': ['picked-o2-3']}}
[INFO] [1787696393.491370208] [multi3_coordinator_node]: Fragment f3-6 is now executable because all signal messages were received.
[INFO] [1787696393.493279257] [multi3_coordinator_node]: Received coordination message: {'robot_name': 'robot3', 'completed_task': 'm3/s2/scan'}
[INFO] [1787696393.495946801] [multi3_coordinator_node]: Received robot state update: {'operational_state': 'idle', 'current_assigned_fragment': None, 'conditions': ['picked-o2-3'], 'state': {'position': {'x': 2, 'y': 3, 'z': 0.0}, 'docked': False, 'battery': 100.0, 'conditions': ['picked-o2-3']}}
[INFO] [1787696393.497953583] [multi3_coordinator_node]: Received coordination message: {'robot_name': 'robot3', 'completed_fragment': 'f3-5', 'state': {'position': {'x': 2, 'y': 3, 'z': 0.0}, 'docked': False, 'battery': 100.0, 'conditions': ['picked-o2-3']}}
[INFO] [1787696393.756980724] [multi3_coordinator_node]: Fragment f3-2 is now executable because all signal messages were received.
[INFO] [1787696393.758823809] [multi3_coordinator_node]: Received coordination message: {'robot_name': 'robot5', 'completed_task': 'm3/s1/pick'}
[INFO] [1787696393.761025726] [multi3_coordinator_node]: Received robot state update: {'operational_state': 'idle', 'current_assigned_fragment': None, 'conditions': ['picked-o1-3'], 'state': {'position': {'x': 7, 'y': 3, 'z': 0.0}, 'docked': False, 'battery': 100.0, 'conditions': ['picked-o1-3']}}
[INFO] [1787696393.762953439] [multi3_coordinator_node]: Received coordination message: {'robot_name': 'robot5', 'completed_fragment': 'f3-1', 'state': {'position': {'x': 7, 'y': 3, 'z': 0.0}, 'docked': False, 'battery': 100.0, 'conditions': ['picked-o1-3']}}
[INFO] [1787696394.461263319] [multi3_coordinator_node]: Assigned fragment f3-2 to robot robot5.
[INFO] [1787696394.464118937] [multi3_coordinator_node]: Assigned fragment f3-6 to robot robot3.
[INFO] [1787696394.480041839] [multi3_coordinator_node]: Received robot state update: {'operational_state': 'working', 'current_assigned_fragment': 'f3-6', 'conditions': ['picked-o2-3'], 'state': {'position': {'x': 2, 'y': 3, 'z': 0.0}, 'docked': False, 'battery': 100.0, 'conditions': ['picked-o2-3']}}
[INFO] [1787696394.484296529] [multi3_coordinator_node]: Received robot state update: {'operational_state': 'working', 'current_assigned_fragment': 'f3-2', 'conditions': ['picked-o1-3'], 'state': {'position': {'x': 7, 'y': 3, 'z': 0.0}, 'docked': False, 'battery': 100.0, 'conditions': ['picked-o1-3']}}
[INFO] [1787696395.644421233] [multi3_coordinator_node]: Fragment f3-8 is now executable because all signal messages were received.
[INFO] [1787696395.646092665] [multi3_coordinator_node]: Received coordination message: {'robot_name': 'robot6', 'completed_task': 'm3/s3/pick'}
[INFO] [1787696395.648822347] [multi3_coordinator_node]: Received robot state update: {'operational_state': 'idle', 'current_assigned_fragment': None, 'conditions': ['picked-o3-3'], 'state': {'position': {'x': 1, 'y': 9, 'z': 0.0}, 'docked': False, 'battery': 100.0, 'conditions': ['picked-o3-3']}}
[INFO] [1787696395.650922379] [multi3_coordinator_node]: Received coordination message: {'robot_name': 'robot6', 'completed_fragment': 'f3-7', 'state': {'position': {'x': 1, 'y': 9, 'z': 0.0}, 'docked': False, 'battery': 100.0, 'conditions': ['picked-o3-3']}}
[INFO] [1787696396.461016777] [multi3_coordinator_node]: Assigned fragment f3-8 to robot robot6.
[INFO] [1787696396.472752847] [multi3_coordinator_node]: Received robot state update: {'operational_state': 'working', 'current_assigned_fragment': 'f3-8', 'conditions': ['picked-o3-3'], 'state': {'position': {'x': 1, 'y': 9, 'z': 0.0}, 'docked': False, 'battery': 100.0, 'conditions': ['picked-o3-3']}}
[INFO] [1787696397.024972772] [multi3_coordinator_node]: Fragment f4-2 is now executable because all signal messages were received.
[INFO] [1787696397.026770900] [multi3_coordinator_node]: Received coordination message: {'robot_name': 'robot1', 'completed_task': 'm4/s1/pick'}
[INFO] [1787696397.028879744] [multi3_coordinator_node]: Received robot state update: {'operational_state': 'idle', 'current_assigned_fragment': None, 'conditions': ['picked-o1-4'], 'state': {'position': {'x': 2, 'y': 8, 'z': 0.0}, 'docked': False, 'battery': 100.0, 'conditions': ['picked-o1-4']}}
[INFO] [1787696397.030317416] [multi3_coordinator_node]: Received coordination message: {'robot_name': 'robot1', 'completed_fragment': 'f4-1', 'state': {'position': {'x': 2, 'y': 8, 'z': 0.0}, 'docked': False, 'battery': 100.0, 'conditions': ['picked-o1-4']}}
[INFO] [1787696397.461765263] [multi3_coordinator_node]: Assigned fragment f4-2 to robot robot1.
[INFO] [1787696397.472135642] [multi3_coordinator_node]: Received robot state update: {'operational_state': 'working', 'current_assigned_fragment': 'f4-2', 'conditions': ['picked-o1-4'], 'state': {'position': {'x': 2, 'y': 8, 'z': 0.0}, 'docked': False, 'battery': 100.0, 'conditions': ['picked-o1-4']}}
[INFO] [1787696399.532816749] [multi3_coordinator_node]: Fragment f3-3 is now executable because all signal messages were received.
[INFO] [1787696399.533684580] [multi3_coordinator_node]: Received coordination message: {'robot_name': 'robot5', 'completed_task': 'm3/s1/scan'}
[INFO] [1787696399.534884630] [multi3_coordinator_node]: Received robot state update: {'operational_state': 'idle', 'current_assigned_fragment': None, 'conditions': ['picked-o1-3'], 'state': {'position': {'x': 7, 'y': 3, 'z': 0.0}, 'docked': False, 'battery': 100.0, 'conditions': ['picked-o1-3']}}
[INFO] [1787696399.536015208] [multi3_coordinator_node]: Received coordination message: {'robot_name': 'robot5', 'completed_fragment': 'f3-2', 'state': {'position': {'x': 7, 'y': 3, 'z': 0.0}, 'docked': False, 'battery': 100.0, 'conditions': ['picked-o1-3']}}
[INFO] [1787696400.462076074] [multi3_coordinator_node]: Assigned fragment f3-3 to robot robot5.
[INFO] [1787696400.486725130] [multi3_coordinator_node]: Received robot state update: {'operational_state': 'working', 'current_assigned_fragment': 'f3-3', 'conditions': ['picked-o1-3'], 'state': {'position': {'x': 7, 'y': 3, 'z': 0.0}, 'docked': False, 'battery': 100.0, 'conditions': ['picked-o1-3']}}
[INFO] [1787696401.483024775] [multi3_coordinator_node]: Fragment f3-9 is now executable because all signal messages were received.
[INFO] [1787696401.484618936] [multi3_coordinator_node]: Received coordination message: {'robot_name': 'robot6', 'completed_task': 'm3/s3/scan'}
[INFO] [1787696401.486800472] [multi3_coordinator_node]: Received robot state update: {'operational_state': 'idle', 'current_assigned_fragment': None, 'conditions': ['picked-o3-3'], 'state': {'position': {'x': 1, 'y': 9, 'z': 0.0}, 'docked': False, 'battery': 100.0, 'conditions': ['picked-o3-3']}}
[INFO] [1787696401.488353998] [multi3_coordinator_node]: Received coordination message: {'robot_name': 'robot6', 'completed_fragment': 'f3-8', 'state': {'position': {'x': 1, 'y': 9, 'z': 0.0}, 'docked': False, 'battery': 100.0, 'conditions': ['picked-o3-3']}}
[INFO] [1787696402.395422907] [multi3_coordinator_node]: Fragment f1-2 is now executable because all signal messages were received.
[INFO] [1787696402.397057524] [multi3_coordinator_node]: Received coordination message: {'robot_name': 'robot4', 'completed_task': 'm1/s1/pick'}
[INFO] [1787696402.399522985] [multi3_coordinator_node]: Received robot state update: {'operational_state': 'idle', 'current_assigned_fragment': None, 'conditions': ['picked-o1-1'], 'state': {'position': {'x': 5, 'y': 8, 'z': 0.0}, 'docked': False, 'battery': 100.0, 'conditions': ['picked-o1-1']}}
[INFO] [1787696402.401273944] [multi3_coordinator_node]: Received coordination message: {'robot_name': 'robot4', 'completed_fragment': 'f1-1', 'state': {'position': {'x': 5, 'y': 8, 'z': 0.0}, 'docked': False, 'battery': 100.0, 'conditions': ['picked-o1-1']}}
[INFO] [1787696402.461536322] [multi3_coordinator_node]: Assigned fragment f1-2 to robot robot6.
[INFO] [1787696402.465293319] [multi3_coordinator_node]: Assigned fragment f4-7 to robot robot4.
[INFO] [1787696402.482426219] [multi3_coordinator_node]: Received robot state update: {'operational_state': 'working', 'current_assigned_fragment': 'f1-2', 'conditions': ['picked-o3-3'], 'state': {'position': {'x': 1, 'y': 9, 'z': 0.0}, 'docked': False, 'battery': 100.0, 'conditions': ['picked-o3-3']}}
[INFO] [1787696402.483581533] [multi3_coordinator_node]: Fragment f4-3 is now executable because all signal messages were received.
[INFO] [1787696402.484416644] [multi3_coordinator_node]: Received coordination message: {'robot_name': 'robot1', 'completed_task': 'm4/s1/scan'}
[INFO] [1787696402.485694458] [multi3_coordinator_node]: Received robot state update: {'operational_state': 'idle', 'current_assigned_fragment': None, 'conditions': ['picked-o1-4'], 'state': {'position': {'x': 2, 'y': 8, 'z': 0.0}, 'docked': False, 'battery': 100.0, 'conditions': ['picked-o1-4']}}
[INFO] [1787696402.486518131] [multi3_coordinator_node]: Received coordination message: {'robot_name': 'robot1', 'completed_fragment': 'f4-2', 'state': {'position': {'x': 2, 'y': 8, 'z': 0.0}, 'docked': False, 'battery': 100.0, 'conditions': ['picked-o1-4']}}
[INFO] [1787696402.487601034] [multi3_coordinator_node]: Received robot state update: {'operational_state': 'working', 'current_assigned_fragment': 'f4-7', 'conditions': ['picked-o1-1'], 'state': {'position': {'x': 5, 'y': 8, 'z': 0.0}, 'docked': False, 'battery': 100.0, 'conditions': ['picked-o1-1']}}
[INFO] [1787696403.459830508] [multi3_coordinator_node]: Assigned fragment f4-3 to robot robot1.
[INFO] [1787696403.470369697] [multi3_coordinator_node]: Received robot state update: {'operational_state': 'working', 'current_assigned_fragment': 'f4-3', 'conditions': ['picked-o1-4'], 'state': {'position': {'x': 2, 'y': 8, 'z': 0.0}, 'docked': False, 'battery': 100.0, 'conditions': ['picked-o1-4']}}
[INFO] [1787696404.063967567] [multi3_coordinator_node]: Fragment f4-5 is now executable because all signal messages were received.
[INFO] [1787696404.065691766] [multi3_coordinator_node]: Received coordination message: {'robot_name': 'robot2', 'completed_task': 'm4/s2/pick'}
[INFO] [1787696404.067638307] [multi3_coordinator_node]: Received robot state update: {'operational_state': 'idle', 'current_assigned_fragment': None, 'conditions': ['picked-o2-4'], 'state': {'position': {'x': 10, 'y': 4, 'z': 0.0}, 'docked': False, 'battery': 100.0, 'conditions': ['picked-o2-4']}}
[INFO] [1787696404.069211397] [multi3_coordinator_node]: Received coordination message: {'robot_name': 'robot2', 'completed_fragment': 'f4-4', 'state': {'position': {'x': 10, 'y': 4, 'z': 0.0}, 'docked': False, 'battery': 100.0, 'conditions': ['picked-o2-4']}}
[INFO] [1787696404.461490389] [multi3_coordinator_node]: Assigned fragment f4-5 to robot robot2.
[INFO] [1787696404.490726733] [multi3_coordinator_node]: Received robot state update: {'operational_state': 'working', 'current_assigned_fragment': 'f4-5', 'conditions': ['picked-o2-4'], 'state': {'position': {'x': 10, 'y': 4, 'z': 0.0}, 'docked': False, 'battery': 100.0, 'conditions': ['picked-o2-4']}}
[INFO] [1787696409.516391427] [multi3_coordinator_node]: Fragment f4-6 is now executable because all signal messages were received.
[INFO] [1787696409.517930244] [multi3_coordinator_node]: Received coordination message: {'robot_name': 'robot2', 'completed_task': 'm4/s2/scan'}
[INFO] [1787696409.519866214] [multi3_coordinator_node]: Received robot state update: {'operational_state': 'idle', 'current_assigned_fragment': None, 'conditions': ['picked-o2-4'], 'state': {'position': {'x': 10, 'y': 4, 'z': 0.0}, 'docked': False, 'battery': 100.0, 'conditions': ['picked-o2-4']}}
[INFO] [1787696409.521186866] [multi3_coordinator_node]: Received coordination message: {'robot_name': 'robot2', 'completed_fragment': 'f4-5', 'state': {'position': {'x': 10, 'y': 4, 'z': 0.0}, 'docked': False, 'battery': 100.0, 'conditions': ['picked-o2-4']}}
[INFO] [1787696410.461255014] [multi3_coordinator_node]: Assigned fragment f4-6 to robot robot2.
[INFO] [1787696410.473173599] [multi3_coordinator_node]: Received robot state update: {'operational_state': 'working', 'current_assigned_fragment': 'f4-6', 'conditions': ['picked-o2-4'], 'state': {'position': {'x': 10, 'y': 4, 'z': 0.0}, 'docked': False, 'battery': 100.0, 'conditions': ['picked-o2-4']}}
[INFO] [1787696415.822371561] [multi3_coordinator_node]: Fragment f4-8 is now executable because all signal messages were received.
[INFO] [1787696415.824210829] [multi3_coordinator_node]: Received coordination message: {'robot_name': 'robot4', 'completed_task': 'm4/s3/pick'}
[INFO] [1787696415.826584452] [multi3_coordinator_node]: Received robot state update: {'operational_state': 'idle', 'current_assigned_fragment': None, 'conditions': ['picked-o1-1', 'picked-o3-4'], 'state': {'position': {'x': 9, 'y': 1, 'z': 0.0}, 'docked': False, 'battery': 100.0, 'conditions': ['picked-o1-1', 'picked-o3-4']}}
[INFO] [1787696415.828183831] [multi3_coordinator_node]: Received coordination message: {'robot_name': 'robot4', 'completed_fragment': 'f4-7', 'state': {'position': {'x': 9, 'y': 1, 'z': 0.0}, 'docked': False, 'battery': 100.0, 'conditions': ['picked-o1-1', 'picked-o3-4']}}
[INFO] [1787696416.462954473] [multi3_coordinator_node]: Assigned fragment f4-8 to robot robot4.
[INFO] [1787696416.471466900] [multi3_coordinator_node]: Received robot state update: {'operational_state': 'working', 'current_assigned_fragment': 'f4-8', 'conditions': ['picked-o1-1', 'picked-o3-4'], 'state': {'position': {'x': 9, 'y': 1, 'z': 0.0}, 'docked': False, 'battery': 100.0, 'conditions': ['picked-o1-1', 'picked-o3-4']}}
[INFO] [1787696420.751404559] [multi3_coordinator_node]: Received coordination message: {'robot_name': 'robot5', 'completed_task': 'm3/s1/transport'}
[INFO] [1787696420.753748339] [multi3_coordinator_node]: Received robot state update: {'operational_state': 'idle', 'current_assigned_fragment': None, 'conditions': ['picked-o1-3'], 'state': {'position': {'x': 11, 'y': 6, 'z': 0.0}, 'docked': False, 'battery': 100.0, 'conditions': ['picked-o1-3']}}
[INFO] [1787696420.755339626] [multi3_coordinator_node]: Received coordination message: {'robot_name': 'robot5', 'completed_fragment': 'f3-3', 'state': {'position': {'x': 11, 'y': 6, 'z': 0.0}, 'docked': False, 'battery': 100.0, 'conditions': ['picked-o1-3']}}
[INFO] [1787696421.461263104] [multi3_coordinator_node]: Assigned fragment f4-10' to robot robot5.
[INFO] [1787696421.471467650] [multi3_coordinator_node]: Received robot state update: {'operational_state': 'working', 'current_assigned_fragment': "f4-10'", 'conditions': ['picked-o1-3'], 'state': {'position': {'x': 11, 'y': 6, 'z': 0.0}, 'docked': False, 'battery': 100.0, 'conditions': ['picked-o1-3']}}
[INFO] [1787696421.488888349] [multi3_coordinator_node]: Fragment f4-9 is now executable because all signal messages were received.
[INFO] [1787696421.490688974] [multi3_coordinator_node]: Received coordination message: {'robot_name': 'robot4', 'completed_task': 'm4/s3/scan'}
[INFO] [1787696421.492657862] [multi3_coordinator_node]: Received robot state update: {'operational_state': 'idle', 'current_assigned_fragment': None, 'conditions': ['picked-o1-1', 'picked-o3-4'], 'state': {'position': {'x': 9, 'y': 1, 'z': 0.0}, 'docked': False, 'battery': 100.0, 'conditions': ['picked-o1-1', 'picked-o3-4']}}
[INFO] [1787696421.494246566] [multi3_coordinator_node]: Received coordination message: {'robot_name': 'robot4', 'completed_fragment': 'f4-8', 'state': {'position': {'x': 9, 'y': 1, 'z': 0.0}, 'docked': False, 'battery': 100.0, 'conditions': ['picked-o1-1', 'picked-o3-4']}}
[INFO] [1787696422.461438255] [multi3_coordinator_node]: Assigned fragment f4-9 to robot robot4.
[INFO] [1787696422.472313089] [multi3_coordinator_node]: Received robot state update: {'operational_state': 'working', 'current_assigned_fragment': 'f4-9', 'conditions': ['picked-o1-1', 'picked-o3-4'], 'state': {'position': {'x': 9, 'y': 1, 'z': 0.0}, 'docked': False, 'battery': 100.0, 'conditions': ['picked-o1-1', 'picked-o3-4']}}
[INFO] [1787696423.638287216] [multi3_coordinator_node]: Fragment f1-3 is now executable because all signal messages were received.
[INFO] [1787696423.639763860] [multi3_coordinator_node]: Received coordination message: {'robot_name': 'robot6', 'completed_task': 'm1/s1/scan'}
[INFO] [1787696423.641836562] [multi3_coordinator_node]: Received robot state update: {'operational_state': 'idle', 'current_assigned_fragment': None, 'conditions': ['picked-o3-3'], 'state': {'position': {'x': 5, 'y': 8, 'z': 0.0}, 'docked': False, 'battery': 100.0, 'conditions': ['picked-o3-3']}}
[INFO] [1787696423.643463481] [multi3_coordinator_node]: Received coordination message: {'robot_name': 'robot6', 'completed_fragment': 'f1-2', 'state': {'position': {'x': 5, 'y': 8, 'z': 0.0}, 'docked': False, 'battery': 100.0, 'conditions': ['picked-o3-3']}}
[INFO] [1787696424.192520849] [multi3_coordinator_node]: Received coordination message: {'robot_name': 'robot3', 'completed_task': 'm3/s2/transport'}
[INFO] [1787696424.195607692] [multi3_coordinator_node]: Received robot state update: {'operational_state': 'idle', 'current_assigned_fragment': None, 'conditions': ['picked-o2-3'], 'state': {'position': {'x': 11, 'y': 6, 'z': 0.0}, 'docked': False, 'battery': 100.0, 'conditions': ['picked-o2-3']}}
[INFO] [1787696424.197580559] [multi3_coordinator_node]: Received coordination message: {'robot_name': 'robot3', 'completed_fragment': 'f3-6', 'state': {'position': {'x': 11, 'y': 6, 'z': 0.0}, 'docked': False, 'battery': 100.0, 'conditions': ['picked-o2-3']}}
[INFO] [1787696424.462131326] [multi3_coordinator_node]: Assigned fragment f3-9 to robot robot6.
[INFO] [1787696424.470928076] [multi3_coordinator_node]: Received robot state update: {'operational_state': 'working', 'current_assigned_fragment': 'f3-9', 'conditions': ['picked-o3-3'], 'state': {'position': {'x': 5, 'y': 8, 'z': 0.0}, 'docked': False, 'battery': 100.0, 'conditions': ['picked-o3-3']}}
[INFO] [1787696430.747300283] [multi3_coordinator_node]: Received coordination message: {'robot_name': 'robot2', 'completed_task': 'm4/s2/transport'}
[INFO] [1787696430.749776562] [multi3_coordinator_node]: Received robot state update: {'operational_state': 'idle', 'current_assigned_fragment': None, 'conditions': ['picked-o2-4'], 'state': {'position': {'x': 11, 'y': 6, 'z': 0.0}, 'docked': False, 'battery': 100.0, 'conditions': ['picked-o2-4']}}
[INFO] [1787696430.751537949] [multi3_coordinator_node]: Received coordination message: {'robot_name': 'robot2', 'completed_fragment': 'f4-6', 'state': {'position': {'x': 11, 'y': 6, 'z': 0.0}, 'docked': False, 'battery': 100.0, 'conditions': ['picked-o2-4']}}
[INFO] [1787696435.200234761] [multi3_coordinator_node]: Received coordination message: {'robot_name': 'robot1', 'completed_task': 'm4/s1/transport'}
[INFO] [1787696435.202789761] [multi3_coordinator_node]: Received robot state update: {'operational_state': 'idle', 'current_assigned_fragment': None, 'conditions': ['picked-o1-4'], 'state': {'position': {'x': 11, 'y': 6, 'z': 0.0}, 'docked': False, 'battery': 100.0, 'conditions': ['picked-o1-4']}}
[INFO] [1787696435.204424668] [multi3_coordinator_node]: Received coordination message: {'robot_name': 'robot1', 'completed_fragment': 'f4-3', 'state': {'position': {'x': 11, 'y': 6, 'z': 0.0}, 'docked': False, 'battery': 100.0, 'conditions': ['picked-o1-4']}}
[INFO] [1787696439.706444699] [multi3_coordinator_node]: Received coordination message: {'robot_name': 'robot4', 'completed_task': 'm4/s3/transport'}
[INFO] [1787696439.709128017] [multi3_coordinator_node]: Received robot state update: {'operational_state': 'idle', 'current_assigned_fragment': None, 'conditions': ['picked-o1-1', 'picked-o3-4'], 'state': {'position': {'x': 11, 'y': 6, 'z': 0.0}, 'docked': False, 'battery': 100.0, 'conditions': ['picked-o1-1', 'picked-o3-4']}}
[INFO] [1787696439.711039837] [multi3_coordinator_node]: Received coordination message: {'robot_name': 'robot4', 'completed_fragment': 'f4-9', 'state': {'position': {'x': 11, 'y': 6, 'z': 0.0}, 'docked': False, 'battery': 100.0, 'conditions': ['picked-o1-1', 'picked-o3-4']}}
[INFO] [1787696440.461350572] [multi3_coordinator_node]: Assigned fragment f1-3 to robot robot4.
[INFO] [1787696440.471707094] [multi3_coordinator_node]: Received robot state update: {'operational_state': 'working', 'current_assigned_fragment': 'f1-3', 'conditions': ['picked-o1-1', 'picked-o3-4'], 'state': {'position': {'x': 11, 'y': 6, 'z': 0.0}, 'docked': False, 'battery': 100.0, 'conditions': ['picked-o1-1', 'picked-o3-4']}}
[INFO] [1787696445.296618121] [multi3_coordinator_node]: Fragment f4-11 is now executable because all signal messages were received.
[INFO] [1787696445.298363349] [multi3_coordinator_node]: Received coordination message: {'robot_name': 'robot5', 'completed_task': 'm4/s4/pick'}
[INFO] [1787696445.300552374] [multi3_coordinator_node]: Received robot state update: {'operational_state': 'idle', 'current_assigned_fragment': None, 'conditions': ['picked-o1-3', 'picked-o4-4'], 'state': {'position': {'x': 2, 'y': 4, 'z': 0.0}, 'docked': False, 'battery': 100.0, 'conditions': ['picked-o1-3', 'picked-o4-4']}}
[INFO] [1787696445.302121202] [multi3_coordinator_node]: Received coordination message: {'robot_name': 'robot5', 'completed_fragment': "f4-10'", 'state': {'position': {'x': 2, 'y': 4, 'z': 0.0}, 'docked': False, 'battery': 100.0, 'conditions': ['picked-o1-3', 'picked-o4-4']}}
[INFO] [1787696445.458885955] [multi3_coordinator_node]: Assigned fragment f4-11 to robot robot5.
[INFO] [1787696445.496027946] [multi3_coordinator_node]: Received robot state update: {'operational_state': 'working', 'current_assigned_fragment': 'f4-11', 'conditions': ['picked-o1-3', 'picked-o4-4'], 'state': {'position': {'x': 2, 'y': 4, 'z': 0.0}, 'docked': False, 'battery': 100.0, 'conditions': ['picked-o1-3', 'picked-o4-4']}}
[INFO] [1787696446.659240387] [multi3_coordinator_node]: Fragment f3-10 is now executable because all signal messages were received.
[INFO] [1787696446.661085957] [multi3_coordinator_node]: Received coordination message: {'robot_name': 'robot6', 'completed_task': 'm3/s3/transport'}
[INFO] [1787696446.663567250] [multi3_coordinator_node]: Received robot state update: {'operational_state': 'idle', 'current_assigned_fragment': None, 'conditions': ['picked-o3-3'], 'state': {'position': {'x': 11, 'y': 6, 'z': 0.0}, 'docked': False, 'battery': 100.0, 'conditions': ['picked-o3-3']}}
[INFO] [1787696446.665241480] [multi3_coordinator_node]: Received coordination message: {'robot_name': 'robot6', 'completed_fragment': 'f3-9', 'state': {'position': {'x': 11, 'y': 6, 'z': 0.0}, 'docked': False, 'battery': 100.0, 'conditions': ['picked-o3-3']}}
[INFO] [1787696447.461419871] [multi3_coordinator_node]: Assigned fragment f3-10 to robot robot3.
[INFO] [1787696447.470518795] [multi3_coordinator_node]: Received robot state update: {'operational_state': 'working', 'current_assigned_fragment': 'f3-10', 'conditions': ['picked-o2-3'], 'state': {'position': {'x': 11, 'y': 6, 'z': 0.0}, 'docked': False, 'battery': 100.0, 'conditions': ['picked-o2-3']}}
[INFO] [1787696450.482096711] [multi3_coordinator_node]: Fragment f1-4 is now executable because all signal messages were received.
[INFO] [1787696450.483771922] [multi3_coordinator_node]: Received coordination message: {'robot_name': 'robot4', 'completed_task': 'm1/s1/transport'}
[INFO] [1787696450.485675847] [multi3_coordinator_node]: Received robot state update: {'operational_state': 'idle', 'current_assigned_fragment': None, 'conditions': ['picked-o1-1', 'picked-o3-4'], 'state': {'position': {'x': 11, 'y': 6, 'z': 0.0}, 'docked': False, 'battery': 100.0, 'conditions': ['picked-o1-1', 'picked-o3-4']}}
[INFO] [1787696450.487256038] [multi3_coordinator_node]: Received coordination message: {'robot_name': 'robot4', 'completed_fragment': 'f1-3', 'state': {'position': {'x': 11, 'y': 6, 'z': 0.0}, 'docked': False, 'battery': 100.0, 'conditions': ['picked-o1-1', 'picked-o3-4']}}
[INFO] [1787696450.529347747] [multi3_coordinator_node]: Fragment f4-12 is now executable because all signal messages were received.
[INFO] [1787696450.531492455] [multi3_coordinator_node]: Received coordination message: {'robot_name': 'robot5', 'completed_task': 'm4/s4/scan'}
[INFO] [1787696450.533499077] [multi3_coordinator_node]: Received robot state update: {'operational_state': 'idle', 'current_assigned_fragment': None, 'conditions': ['picked-o1-3', 'picked-o4-4'], 'state': {'position': {'x': 2, 'y': 4, 'z': 0.0}, 'docked': False, 'battery': 100.0, 'conditions': ['picked-o1-3', 'picked-o4-4']}}
[INFO] [1787696450.535084627] [multi3_coordinator_node]: Received coordination message: {'robot_name': 'robot5', 'completed_fragment': 'f4-11', 'state': {'position': {'x': 2, 'y': 4, 'z': 0.0}, 'docked': False, 'battery': 100.0, 'conditions': ['picked-o1-3', 'picked-o4-4']}}
[INFO] [1787696451.461684068] [multi3_coordinator_node]: Assigned fragment f1-4 to robot robot2.
[INFO] [1787696451.465116563] [multi3_coordinator_node]: Assigned fragment f4-12 to robot robot5.
[INFO] [1787696451.477262530] [multi3_coordinator_node]: Received robot state update: {'operational_state': 'working', 'current_assigned_fragment': 'f1-4', 'conditions': ['picked-o2-4'], 'state': {'position': {'x': 11, 'y': 6, 'z': 0.0}, 'docked': False, 'battery': 100.0, 'conditions': ['picked-o2-4']}}
[INFO] [1787696451.478924681] [multi3_coordinator_node]: Received robot state update: {'operational_state': 'working', 'current_assigned_fragment': 'f4-12', 'conditions': ['picked-o1-3', 'picked-o4-4'], 'state': {'position': {'x': 2, 'y': 4, 'z': 0.0}, 'docked': False, 'battery': 100.0, 'conditions': ['picked-o1-3', 'picked-o4-4']}}
[INFO] [1787696459.497530393] [multi3_coordinator_node]: Received coordination message: {'robot_name': 'robot2', 'completed_task': 'm1//pack'}
[INFO] [1787696459.500191027] [multi3_coordinator_node]: Received robot state update: {'operational_state': 'idle', 'current_assigned_fragment': None, 'conditions': ['picked-o2-4'], 'state': {'position': {'x': 11, 'y': 6, 'z': 0.0}, 'docked': False, 'battery': 100.0, 'conditions': ['picked-o2-4']}}
[INFO] [1787696459.501572599] [multi3_coordinator_node]: Received coordination message: {'robot_name': 'robot2', 'completed_fragment': 'f1-4', 'state': {'position': {'x': 11, 'y': 6, 'z': 0.0}, 'docked': False, 'battery': 100.0, 'conditions': ['picked-o2-4']}}
[INFO] [1787696483.207178913] [multi3_coordinator_node]: Fragment f4-13 is now executable because all signal messages were received.
[INFO] [1787696483.209261819] [multi3_coordinator_node]: Received coordination message: {'robot_name': 'robot5', 'completed_task': 'm4/s4/transport'}
[INFO] [1787696483.211708770] [multi3_coordinator_node]: Received robot state update: {'operational_state': 'idle', 'current_assigned_fragment': None, 'conditions': ['picked-o1-3', 'picked-o4-4'], 'state': {'position': {'x': 11, 'y': 6, 'z': 0.0}, 'docked': False, 'battery': 100.0, 'conditions': ['picked-o1-3', 'picked-o4-4']}}
[INFO] [1787696483.213470859] [multi3_coordinator_node]: Received coordination message: {'robot_name': 'robot5', 'completed_fragment': 'f4-12', 'state': {'position': {'x': 11, 'y': 6, 'z': 0.0}, 'docked': False, 'battery': 100.0, 'conditions': ['picked-o1-3', 'picked-o4-4']}}
[INFO] [1787696483.461213903] [multi3_coordinator_node]: Assigned fragment f4-13 to robot robot5.
[INFO] [1787696483.470804425] [multi3_coordinator_node]: Received robot state update: {'operational_state': 'working', 'current_assigned_fragment': 'f4-13', 'conditions': ['picked-o1-3', 'picked-o4-4'], 'state': {'position': {'x': 11, 'y': 6, 'z': 0.0}, 'docked': False, 'battery': 100.0, 'conditions': ['picked-o1-3', 'picked-o4-4']}}
[INFO] [1787696491.579772644] [multi3_coordinator_node]: Received coordination message: {'robot_name': 'robot3', 'completed_task': 'm3//pack'}
[INFO] [1787696491.581653073] [multi3_coordinator_node]: Received robot state update: {'operational_state': 'idle', 'current_assigned_fragment': None, 'conditions': ['picked-o2-3'], 'state': {'position': {'x': 2, 'y': 3, 'z': 0.0}, 'docked': False, 'battery': 100.0, 'conditions': ['picked-o2-3']}}
[INFO] [1787696491.582784691] [multi3_coordinator_node]: Received coordination message: {'robot_name': 'robot3', 'completed_fragment': 'f3-10', 'state': {'position': {'x': 2, 'y': 3, 'z': 0.0}, 'docked': False, 'battery': 100.0, 'conditions': ['picked-o2-3']}}
[INFO] [1787696509.490426801] [multi3_coordinator_node]: Received coordination message: {'robot_name': 'robot5', 'completed_task': 'm4//pack'}
[INFO] [1787696509.493818194] [multi3_coordinator_node]: Received robot state update: {'operational_state': 'idle', 'current_assigned_fragment': None, 'conditions': ['picked-o1-3', 'picked-o4-4'], 'state': {'position': {'x': 11, 'y': 6, 'z': 0.0}, 'docked': False, 'battery': 100.0, 'conditions': ['picked-o1-3', 'picked-o4-4']}}
[INFO] [1787696509.495896975] [multi3_coordinator_node]: Received coordination message: {'robot_name': 'robot5', 'completed_fragment': 'f4-13', 'state': {'position': {'x': 11, 'y': 6, 'z': 0.0}, 'docked': False, 'battery': 100.0, 'conditions': ['picked-o1-3', 'picked-o4-4']}}
Traceback (most recent call last):
  File "/root/ros2_ws/install/multi3_coordinator/lib/python3.10/site-packages/nodes/coordinator.py", line 294, in main
    rclpy.spin(node)
  File "/opt/ros/humble/local/lib/python3.10/dist-packages/rclpy/__init__.py", line 229, in spin
    executor.spin_once()
  File "/opt/ros/humble/local/lib/python3.10/dist-packages/rclpy/executors.py", line 808, in spin_once
    self._spin_once_impl(timeout_sec)
  File "/opt/ros/humble/local/lib/python3.10/dist-packages/rclpy/executors.py", line 797, in _spin_once_impl
    handler, entity, node = self.wait_for_ready_callbacks(timeout_sec=timeout_sec)
  File "/opt/ros/humble/local/lib/python3.10/dist-packages/rclpy/executors.py", line 780, in wait_for_ready_callbacks
    return next(self._cb_iter)
  File "/opt/ros/humble/local/lib/python3.10/dist-packages/rclpy/executors.py", line 681, in _wait_for_ready_callbacks
    raise ExternalShutdownException()
rclpy.executors.ExternalShutdownException

During handling of the above exception, another exception occurred:

Traceback (most recent call last):
  File "/root/ros2_ws/install/multi3_coordinator/lib/multi3_coordinator/coordinator", line 33, in <module>
    sys.exit(load_entry_point('multi3-coordinator==0.0.0', 'console_scripts', 'coordinator')())
  File "/root/ros2_ws/install/multi3_coordinator/lib/python3.10/site-packages/nodes/coordinator.py", line 299, in main
    rclpy.shutdown()
  File "/opt/ros/humble/local/lib/python3.10/dist-packages/rclpy/__init__.py", line 130, in shutdown
    _shutdown(context=context)
  File "/opt/ros/humble/local/lib/python3.10/dist-packages/rclpy/utilities.py", line 58, in shutdown
    return context.shutdown()
  File "/opt/ros/humble/local/lib/python3.10/dist-packages/rclpy/context.py", line 102, in shutdown
    self.__context.shutdown()
rclpy._rclpy_pybind11.RCLError: failed to shutdown: rcl_shutdown already called on the given context, at ./src/rcl/init.c:241

--- executor_robot1.log ---
[INFO] [1787696356.507125586] [robot1.fragment_exec_node]: Setting up skill: PickSkill
[INFO] [1787696356.508225949] [robot1.fragment_exec_node]: Setting up skill: ScanSkill
[INFO] [1787696356.508936590] [robot1.fragment_exec_node]: Setting up skill: NavigateSkill
[INFO] [1787696356.509654852] [robot1.fragment_exec_node]: Setting up skill: NavigateSkill
[INFO] [1787696356.510418592] [robot1.fragment_exec_node]: Setting up skill: DockSkill
[INFO] [1787696356.511152900] [robot1.fragment_exec_node]: Setting up skill: UndockSkill
[INFO] [1787696356.512022549] [robot1.fragment_exec_node]: Setting up skill: PackSkill
[INFO] [1787696356.519064934] [robot1.fragment_exec_node]: Published robot registration: {'name': 'robot1', 'operational_state': 'idle', 'capabilities': ['pick', 'scan', 'transport', 'pack'], 'state': {'position': {'x': 0.0, 'y': 0.0, 'z': 0.0}, 'docked': True, 'battery': 100.0, 'conditions': []}}
[INFO] [1787696371.472779498] [robot1.fragment_exec_node]: Received fragment: {'robot': 'robot4', 'fragment': {'id': 'f1-1', 'mission': 'm1', 'state': 'assigned', 'wait': [], 'tasks': [{'name': 'pick', 'params': {'x': 5, 'y': 8, 'weight': 8}}], 'arrive_timestamp': 1787696368, 'priority': 1, 'segment': 's1', 'preconditions': [], 'postconditions': ['picked-o1-1']}}
[INFO] [1787696371.483858506] [robot1.fragment_exec_node]: Received fragment: {'robot': 'robot3', 'fragment': {'id': 'f3-4', 'mission': 'm3', 'state': 'assigned', 'wait': [], 'tasks': [{'name': 'pick', 'params': {'weight': 5, 'x': 2, 'y': 3}}], 'arrive_timestamp': 1787696369, 'priority': 1, 'segment': 's2', 'preconditions': [], 'postconditions': ['picked-o2-3']}}
[INFO] [1787696371.488173388] [robot1.fragment_exec_node]: Received fragment: {'robot': 'robot5', 'fragment': {'id': 'f3-1', 'mission': 'm3', 'state': 'assigned', 'wait': [], 'tasks': [{'name': 'pick', 'params': {'weight': 3, 'x': 7, 'y': 3}}], 'arrive_timestamp': 1787696369, 'priority': 1, 'segment': 's1', 'preconditions': [], 'postconditions': ['picked-o1-3']}}
[INFO] [1787696371.490295562] [robot1.fragment_exec_node]: Received fragment: {'robot': 'robot6', 'fragment': {'id': 'f3-7', 'mission': 'm3', 'state': 'assigned', 'wait': [], 'tasks': [{'name': 'pick', 'params': {'weight': 2, 'x': 1, 'y': 9}}], 'arrive_timestamp': 1787696369, 'priority': 1, 'segment': 's3', 'preconditions': [], 'postconditions': ['picked-o3-3']}}
[INFO] [1787696371.492271837] [robot1.fragment_exec_node]: Received fragment: {'robot': 'robot1', 'fragment': {'id': 'f4-1', 'mission': 'm4', 'state': 'assigned', 'wait': [], 'tasks': [{'name': 'pick', 'params': {'weight': 5, 'x': 2, 'y': 8}}], 'arrive_timestamp': 1787696370, 'priority': 1, 'segment': 's1', 'preconditions': [], 'postconditions': ['picked-o1-4']}}
[INFO] [1787696371.493644846] [robot1.fragment_exec_node]: Received fragment assignment: f4-1. Starting execution.
[INFO] [1787696371.495731544] [robot1.fragment_exec_node]: Executing task pick. Params: {'weight': 5, 'x': 2, 'y': 8}, Virtual state: {'position': {'x': 0.0, 'y': 0.0, 'z': 0.0}, 'docked': True, 'battery': 100.0, 'conditions': []}
[INFO] [1787696371.496608259] [robot1.fragment_exec_node]: EventType: Control (Task: pick), Activity: undock, Robot: robot1, Mission: m4, Segment: s1, Start: 22388.50578474
[INFO] [1787696371.500652723] [robot1.fragment_exec_node]: Simulating undock skill...
[INFO] [1787696371.502225311] [robot1.fragment_exec_node]: Received fragment: {'robot': 'robot2', 'fragment': {'id': 'f4-4', 'mission': 'm4', 'state': 'assigned', 'wait': [], 'tasks': [{'name': 'pick', 'params': {'weight': 7, 'x': 10, 'y': 4}}], 'arrive_timestamp': 1787696370, 'priority': 1, 'segment': 's2', 'preconditions': [], 'postconditions': ['picked-o2-4']}}
[INFO] [1787696375.503859654] [robot1.fragment_exec_node]: Undock completed!
[INFO] [1787696375.507127996] [robot1.fragment_exec_node]: EventType: Control (Task: pick), Activity: undock, Robot: robot1, Mission: m4, Segment: s1, End: 22392.514514082
[INFO] [1787696375.509607299] [robot1.fragment_exec_node]: EventType: Control (Task: pick), Activity: navigate, Robot: robot1, Mission: m4, Segment: s1, Start: 22392.51768815
[INFO] [1787696375.511913808] [robot1.fragment_exec_node]: Simulating navigate skill from position (0.0, 0.0) to (2, 8) (16.492422502470642 seconds)...
[INFO] [1787696388.471820482] [robot1.fragment_exec_node]: Received fragment: {'robot': 'robot3', 'fragment': {'id': 'f3-5', 'mission': 'm3', 'state': 'assigned', 'wait': ['m3/s2/pick'], 'tasks': [{'name': 'scan', 'params': {'x': 2, 'y': 3}}], 'arrive_timestamp': 1787696369, 'priority': 1, 'segment': 's2', 'preconditions': [], 'postconditions': []}}
[INFO] [1787696392.007931895] [robot1.fragment_exec_node]: Navigation completed!
[INFO] [1787696392.010930157] [robot1.fragment_exec_node]: EventType: Control (Task: pick), Activity: navigate, Robot: robot1, Mission: m4, Segment: s1, End: 22409.018914237
[INFO] [1787696392.013131068] [robot1.fragment_exec_node]: EventType: Task, Activity: pick, Robot: robot1, Mission: m4, Segment: s1, Start: 22409.021760075
[INFO] [1787696392.014878394] [robot1.fragment_exec_node]: Simulating pick skill...
[INFO] [1787696394.470310611] [robot1.fragment_exec_node]: Received fragment: {'robot': 'robot5', 'fragment': {'id': 'f3-2', 'mission': 'm3', 'state': 'assigned', 'wait': ['m3/s1/pick'], 'tasks': [{'name': 'scan', 'params': {'x': 7, 'y': 3}}], 'arrive_timestamp': 1787696369, 'priority': 1, 'segment': 's1', 'preconditions': [], 'postconditions': []}}
[INFO] [1787696394.472115623] [robot1.fragment_exec_node]: Received fragment: {'robot': 'robot3', 'fragment': {'id': 'f3-6', 'mission': 'm3', 'state': 'assigned', 'wait': ['m3/s2/scan'], 'tasks': [{'name': 'transport', 'params': {'x': 11, 'y': 6}}], 'arrive_timestamp': 1787696369, 'priority': 1, 'segment': 's2', 'preconditions': ['picked-o2-3'], 'postconditions': []}}
[INFO] [1787696396.473775429] [robot1.fragment_exec_node]: Received fragment: {'robot': 'robot6', 'fragment': {'id': 'f3-8', 'mission': 'm3', 'state': 'assigned', 'wait': ['m3/s3/pick'], 'tasks': [{'name': 'scan', 'params': {'x': 1, 'y': 9}}], 'arrive_timestamp': 1787696369, 'priority': 1, 'segment': 's3', 'preconditions': [], 'postconditions': []}}
[INFO] [1787696397.019161712] [robot1.fragment_exec_node]: Pick completed!
[INFO] [1787696397.021831741] [robot1.fragment_exec_node]: EventType: Task, Activity: pick, Robot: robot1, Mission: m4, Segment: s1, End: 22414.030398604
[INFO] [1787696397.024223860] [robot1.fragment_exec_node]: Execution of fragment f4-1 completed!
[INFO] [1787696397.466869634] [robot1.fragment_exec_node]: Received fragment: {'robot': 'robot1', 'fragment': {'id': 'f4-2', 'mission': 'm4', 'state': 'assigned', 'wait': ['m4/s1/pick'], 'tasks': [{'name': 'scan', 'params': {'x': 2, 'y': 8}}], 'arrive_timestamp': 1787696370, 'priority': 1, 'segment': 's1', 'preconditions': [], 'postconditions': []}}
[INFO] [1787696397.468885489] [robot1.fragment_exec_node]: Received fragment assignment: f4-2. Starting execution.
[INFO] [1787696397.470828623] [robot1.fragment_exec_node]: Waiting for coordination messages before executing fragment f4-2: ['m4/s1/pick']
[INFO] [1787696399.476629393] [robot1.fragment_exec_node]: Executing task scan. Params: {'x': 2, 'y': 8}, Virtual state: {'position': {'x': 2, 'y': 8, 'z': 0.0}, 'docked': False, 'battery': 100.0, 'conditions': ['picked-o1-4']}
[INFO] [1787696399.479205154] [robot1.fragment_exec_node]: EventType: Task, Activity: scan, Robot: robot1, Mission: m4, Segment: s1, Start: 22416.487388385
[INFO] [1787696399.481767333] [robot1.fragment_exec_node]: Simulating scan skill...
[INFO] [1787696400.464683689] [robot1.fragment_exec_node]: Received fragment: {'robot': 'robot5', 'fragment': {'id': 'f3-3', 'mission': 'm3', 'state': 'assigned', 'wait': ['m3/s1/scan'], 'tasks': [{'name': 'transport', 'params': {'x': 11, 'y': 6}}], 'arrive_timestamp': 1787696369, 'priority': 1, 'segment': 's1', 'preconditions': ['picked-o1-3'], 'postconditions': []}}
[INFO] [1787696402.464641746] [robot1.fragment_exec_node]: Received fragment: {'robot': 'robot6', 'fragment': {'id': 'f1-2', 'mission': 'm1', 'state': 'assigned', 'wait': ['m1/s1/pick'], 'tasks': [{'name': 'scan', 'params': {'x': 5, 'y': 8}}], 'arrive_timestamp': 1787696368, 'priority': 1, 'segment': 's1', 'preconditions': [], 'postconditions': []}}
[INFO] [1787696402.473736358] [robot1.fragment_exec_node]: Received fragment: {'robot': 'robot4', 'fragment': {'id': 'f4-7', 'mission': 'm4', 'state': 'assigned', 'wait': [], 'tasks': [{'name': 'pick', 'params': {'weight': 2, 'x': 9, 'y': 1}}], 'arrive_timestamp': 1787696370, 'priority': 1, 'segment': 's3', 'preconditions': [], 'postconditions': ['picked-o3-4']}}
[INFO] [1787696402.478058551] [robot1.fragment_exec_node]: Scan completed!
[INFO] [1787696402.479957277] [robot1.fragment_exec_node]: EventType: Task, Activity: scan, Robot: robot1, Mission: m4, Segment: s1, End: 22419.495325474
[INFO] [1787696402.482092485] [robot1.fragment_exec_node]: Execution of fragment f4-2 completed!
[INFO] [1787696403.464568312] [robot1.fragment_exec_node]: Received fragment: {'robot': 'robot1', 'fragment': {'id': 'f4-3', 'mission': 'm4', 'state': 'assigned', 'wait': ['m4/s1/scan'], 'tasks': [{'name': 'transport', 'params': {'x': 11, 'y': 6}}], 'arrive_timestamp': 1787696370, 'priority': 1, 'segment': 's1', 'preconditions': ['picked-o1-4'], 'postconditions': []}}
[INFO] [1787696403.467448887] [robot1.fragment_exec_node]: Received fragment assignment: f4-3. Starting execution.
[INFO] [1787696403.469575182] [robot1.fragment_exec_node]: Waiting for coordination messages before executing fragment f4-3: ['m4/s1/scan']
[INFO] [1787696404.467698920] [robot1.fragment_exec_node]: Received fragment: {'robot': 'robot2', 'fragment': {'id': 'f4-5', 'mission': 'm4', 'state': 'assigned', 'wait': ['m4/s2/pick'], 'tasks': [{'name': 'scan', 'params': {'x': 10, 'y': 4}}], 'arrive_timestamp': 1787696370, 'priority': 1, 'segment': 's2', 'preconditions': [], 'postconditions': []}}
[INFO] [1787696405.475443575] [robot1.fragment_exec_node]: Executing task transport. Params: {'x': 11, 'y': 6}, Virtual state: {'position': {'x': 2, 'y': 8, 'z': 0.0}, 'docked': False, 'battery': 100.0, 'conditions': ['picked-o1-4']}
[INFO] [1787696405.478413564] [robot1.fragment_exec_node]: EventType: Control (Task: transport), Activity: navigate, Robot: robot1, Mission: m4, Segment: s1, Start: 22422.493016869
[INFO] [1787696405.483224850] [robot1.fragment_exec_node]: Simulating navigate skill from position (2, 8) to (11, 6) (19.697715603592208 seconds)...
[INFO] [1787696410.468252394] [robot1.fragment_exec_node]: Received fragment: {'robot': 'robot2', 'fragment': {'id': 'f4-6', 'mission': 'm4', 'state': 'assigned', 'wait': ['m4/s2/scan'], 'tasks': [{'name': 'transport', 'params': {'x': 11, 'y': 6}}], 'arrive_timestamp': 1787696370, 'priority': 1, 'segment': 's2', 'preconditions': ['picked-o2-4'], 'postconditions': []}}
[INFO] [1787696416.467683465] [robot1.fragment_exec_node]: Received fragment: {'robot': 'robot4', 'fragment': {'id': 'f4-8', 'mission': 'm4', 'state': 'assigned', 'wait': ['m4/s3/pick'], 'tasks': [{'name': 'scan', 'params': {'x': 9, 'y': 1}}], 'arrive_timestamp': 1787696370, 'priority': 1, 'segment': 's3', 'preconditions': [], 'postconditions': []}}
[INFO] [1787696421.468038448] [robot1.fragment_exec_node]: Received fragment: {'robot': 'robot5', 'fragment': {'id': "f4-10'", 'mission': 'm4', 'state': 'assigned', 'wait': [], 'tasks': [{'name': 'pick', 'params': {'weight': 1, 'x': 2, 'y': 4}}], 'arrive_timestamp': 1787696370, 'priority': 1, 'segment': 's4', 'preconditions': [], 'postconditions': ['picked-o4-4']}}
[INFO] [1787696422.473756707] [robot1.fragment_exec_node]: Received fragment: {'robot': 'robot4', 'fragment': {'id': 'f4-9', 'mission': 'm4', 'state': 'assigned', 'wait': ['m4/s3/scan'], 'tasks': [{'name': 'transport', 'params': {'x': 11, 'y': 6}}], 'arrive_timestamp': 1787696370, 'priority': 1, 'segment': 's3', 'preconditions': ['picked-o3-4'], 'postconditions': []}}
[INFO] [1787696424.465685098] [robot1.fragment_exec_node]: Received fragment: {'robot': 'robot6', 'fragment': {'id': 'f3-9', 'mission': 'm3', 'state': 'assigned', 'wait': ['m3/s3/scan'], 'tasks': [{'name': 'transport', 'params': {'x': 11, 'y': 6}}], 'arrive_timestamp': 1787696369, 'priority': 1, 'segment': 's3', 'preconditions': ['picked-o3-3'], 'postconditions': []}}
[INFO] [1787696425.185507127] [robot1.fragment_exec_node]: Navigation completed!
[INFO] [1787696425.188170213] [robot1.fragment_exec_node]: EventType: Control (Task: transport), Activity: navigate, Robot: robot1, Mission: m4, Segment: s1, End: 22442.203090554
[INFO] [1787696425.189909551] [robot1.fragment_exec_node]: EventType: Task, Activity: transport, Robot: robot1, Mission: m4, Segment: s1, Start: 22442.205271176
[INFO] [1787696425.191630808] [robot1.fragment_exec_node]: Simulating navigate skill from position (11, 6) to (11, 6) (10.0 seconds)...
[INFO] [1787696435.194306578] [robot1.fragment_exec_node]: Navigation completed!
[INFO] [1787696435.197213293] [robot1.fragment_exec_node]: EventType: Task, Activity: transport, Robot: robot1, Mission: m4, Segment: s1, End: 22452.213084051
[INFO] [1787696435.199502292] [robot1.fragment_exec_node]: Execution of fragment f4-3 completed!
[INFO] [1787696440.467593566] [robot1.fragment_exec_node]: Received fragment: {'robot': 'robot4', 'fragment': {'id': 'f1-3', 'mission': 'm1', 'state': 'assigned', 'wait': ['m1/s1/scan'], 'tasks': [{'name': 'transport', 'params': {'x': 11, 'y': 6}}], 'arrive_timestamp': 1787696368, 'priority': 1, 'segment': 's1', 'preconditions': ['picked-o1-1'], 'postconditions': []}}
[INFO] [1787696445.480089017] [robot1.fragment_exec_node]: Received fragment: {'robot': 'robot5', 'fragment': {'id': 'f4-11', 'mission': 'm4', 'state': 'assigned', 'wait': ['m4/s4/pick'], 'tasks': [{'name': 'scan', 'params': {'x': 2, 'y': 4}}], 'arrive_timestamp': 1787696370, 'priority': 1, 'segment': 's4', 'preconditions': [], 'postconditions': []}}
[INFO] [1787696447.468309065] [robot1.fragment_exec_node]: Received fragment: {'robot': 'robot3', 'fragment': {'id': 'f3-10', 'mission': 'm3', 'state': 'assigned', 'wait': ['m3/s1/transport', 'm3/s2/transport', 'm3/s3/transport'], 'tasks': [{'name': 'pack', 'params': {'x': 2, 'y': 3, 'items': 3}}], 'arrive_timestamp': 1787696369, 'priority': 1, 'segment': '', 'preconditions': [], 'postconditions': []}}
[INFO] [1787696451.470377973] [robot1.fragment_exec_node]: Received fragment: {'robot': 'robot5', 'fragment': {'id': 'f4-12', 'mission': 'm4', 'state': 'assigned', 'wait': ['m4/s4/scan'], 'tasks': [{'name': 'transport', 'params': {'x': 11, 'y': 6}}], 'arrive_timestamp': 1787696370, 'priority': 1, 'segment': 's4', 'preconditions': ['picked-o4-4'], 'postconditions': []}}
[INFO] [1787696451.473187087] [robot1.fragment_exec_node]: Received fragment: {'robot': 'robot2', 'fragment': {'id': 'f1-4', 'mission': 'm1', 'state': 'assigned', 'wait': ['m1/s1/transport'], 'tasks': [{'name': 'pack', 'params': {'x': 11, 'y': 6, 'items': 1}}], 'arrive_timestamp': 1787696368, 'priority': 1, 'segment': '', 'preconditions': [], 'postconditions': []}}
[INFO] [1787696483.467881268] [robot1.fragment_exec_node]: Received fragment: {'robot': 'robot5', 'fragment': {'id': 'f4-13', 'mission': 'm4', 'state': 'assigned', 'wait': ['m4/s1/transport', 'm4/s2/transport', 'm4/s3/transport', 'm4/s4/transport'], 'tasks': [{'name': 'pack', 'params': {'x': 11, 'y': 6, 'items': 4}}], 'arrive_timestamp': 1787696370, 'priority': 1, 'segment': '', 'preconditions': [], 'postconditions': []}}
Traceback (most recent call last):
  File "/root/ros2_ws/install/multi3_executor/lib/multi3_executor/executor", line 33, in <module>
    sys.exit(load_entry_point('multi3-executor==0.0.0', 'console_scripts', 'executor')())
  File "/root/ros2_ws/install/multi3_executor/lib/python3.10/site-packages/multi3_executor/nodes/executor.py", line 236, in main
    rclpy.shutdown()
  File "/opt/ros/humble/local/lib/python3.10/dist-packages/rclpy/__init__.py", line 130, in shutdown
    _shutdown(context=context)
  File "/opt/ros/humble/local/lib/python3.10/dist-packages/rclpy/utilities.py", line 58, in shutdown
    return context.shutdown()
  File "/opt/ros/humble/local/lib/python3.10/dist-packages/rclpy/context.py", line 102, in shutdown
    self.__context.shutdown()
rclpy._rclpy_pybind11.RCLError: failed to shutdown: rcl_shutdown already called on the given context, at ./src/rcl/init.c:241

--- executor_robot2.log ---
[INFO] [1787696358.859477382] [robot2.fragment_exec_node]: Setting up skill: PickSkill
[INFO] [1787696358.860373164] [robot2.fragment_exec_node]: Setting up skill: ScanSkill
[INFO] [1787696358.861084069] [robot2.fragment_exec_node]: Setting up skill: NavigateSkill
[INFO] [1787696358.861569688] [robot2.fragment_exec_node]: Setting up skill: NavigateSkill
[INFO] [1787696358.862133081] [robot2.fragment_exec_node]: Setting up skill: DockSkill
[INFO] [1787696358.862790484] [robot2.fragment_exec_node]: Setting up skill: UndockSkill
[INFO] [1787696358.863388803] [robot2.fragment_exec_node]: Setting up skill: PackSkill
[INFO] [1787696358.870064310] [robot2.fragment_exec_node]: Published robot registration: {'name': 'robot2', 'operational_state': 'idle', 'capabilities': ['pick', 'scan', 'transport', 'pack'], 'state': {'position': {'x': 0.0, 'y': 0.0, 'z': 0.0}, 'docked': True, 'battery': 100.0, 'conditions': []}}
[INFO] [1787696371.476083142] [robot2.fragment_exec_node]: Received fragment: {'robot': 'robot3', 'fragment': {'id': 'f3-4', 'mission': 'm3', 'state': 'assigned', 'wait': [], 'tasks': [{'name': 'pick', 'params': {'weight': 5, 'x': 2, 'y': 3}}], 'arrive_timestamp': 1787696369, 'priority': 1, 'segment': 's2', 'preconditions': [], 'postconditions': ['picked-o2-3']}}
[INFO] [1787696371.485379097] [robot2.fragment_exec_node]: Received fragment: {'robot': 'robot6', 'fragment': {'id': 'f3-7', 'mission': 'm3', 'state': 'assigned', 'wait': [], 'tasks': [{'name': 'pick', 'params': {'weight': 2, 'x': 1, 'y': 9}}], 'arrive_timestamp': 1787696369, 'priority': 1, 'segment': 's3', 'preconditions': [], 'postconditions': ['picked-o3-3']}}
[INFO] [1787696371.488666202] [robot2.fragment_exec_node]: Received fragment: {'robot': 'robot4', 'fragment': {'id': 'f1-1', 'mission': 'm1', 'state': 'assigned', 'wait': [], 'tasks': [{'name': 'pick', 'params': {'x': 5, 'y': 8, 'weight': 8}}], 'arrive_timestamp': 1787696368, 'priority': 1, 'segment': 's1', 'preconditions': [], 'postconditions': ['picked-o1-1']}}
[INFO] [1787696371.490548724] [robot2.fragment_exec_node]: Received fragment: {'robot': 'robot5', 'fragment': {'id': 'f3-1', 'mission': 'm3', 'state': 'assigned', 'wait': [], 'tasks': [{'name': 'pick', 'params': {'weight': 3, 'x': 7, 'y': 3}}], 'arrive_timestamp': 1787696369, 'priority': 1, 'segment': 's1', 'preconditions': [], 'postconditions': ['picked-o1-3']}}
[INFO] [1787696371.492230557] [robot2.fragment_exec_node]: Received fragment: {'robot': 'robot2', 'fragment': {'id': 'f4-4', 'mission': 'm4', 'state': 'assigned', 'wait': [], 'tasks': [{'name': 'pick', 'params': {'weight': 7, 'x': 10, 'y': 4}}], 'arrive_timestamp': 1787696370, 'priority': 1, 'segment': 's2', 'preconditions': [], 'postconditions': ['picked-o2-4']}}
[INFO] [1787696371.494544720] [robot2.fragment_exec_node]: Received fragment assignment: f4-4. Starting execution.
[INFO] [1787696371.495626804] [robot2.fragment_exec_node]: Received fragment: {'robot': 'robot1', 'fragment': {'id': 'f4-1', 'mission': 'm4', 'state': 'assigned', 'wait': [], 'tasks': [{'name': 'pick', 'params': {'weight': 5, 'x': 2, 'y': 8}}], 'arrive_timestamp': 1787696370, 'priority': 1, 'segment': 's1', 'preconditions': [], 'postconditions': ['picked-o1-4']}}
[INFO] [1787696371.497161558] [robot2.fragment_exec_node]: Executing task pick. Params: {'weight': 7, 'x': 10, 'y': 4}, Virtual state: {'position': {'x': 0.0, 'y': 0.0, 'z': 0.0}, 'docked': True, 'battery': 100.0, 'conditions': []}
[INFO] [1787696371.498184806] [robot2.fragment_exec_node]: EventType: Control (Task: pick), Activity: undock, Robot: robot2, Mission: m4, Segment: s2, Start: 22388.507578235
[INFO] [1787696371.499712897] [robot2.fragment_exec_node]: Simulating undock skill...
[INFO] [1787696375.502550559] [robot2.fragment_exec_node]: Undock completed!
[INFO] [1787696375.504453972] [robot2.fragment_exec_node]: EventType: Control (Task: pick), Activity: undock, Robot: robot2, Mission: m4, Segment: s2, End: 22392.513200714
[INFO] [1787696375.507132167] [robot2.fragment_exec_node]: EventType: Control (Task: pick), Activity: navigate, Robot: robot2, Mission: m4, Segment: s2, Start: 22392.51498288
[INFO] [1787696375.509533258] [robot2.fragment_exec_node]: Simulating navigate skill from position (0.0, 0.0) to (10, 4) (21.540659228538015 seconds)...
[INFO] [1787696388.467695819] [robot2.fragment_exec_node]: Received fragment: {'robot': 'robot3', 'fragment': {'id': 'f3-5', 'mission': 'm3', 'state': 'assigned', 'wait': ['m3/s2/pick'], 'tasks': [{'name': 'scan', 'params': {'x': 2, 'y': 3}}], 'arrive_timestamp': 1787696369, 'priority': 1, 'segment': 's2', 'preconditions': [], 'postconditions': []}}
[INFO] [1787696394.482184750] [robot2.fragment_exec_node]: Received fragment: {'robot': 'robot3', 'fragment': {'id': 'f3-6', 'mission': 'm3', 'state': 'assigned', 'wait': ['m3/s2/scan'], 'tasks': [{'name': 'transport', 'params': {'x': 11, 'y': 6}}], 'arrive_timestamp': 1787696369, 'priority': 1, 'segment': 's2', 'preconditions': ['picked-o2-3'], 'postconditions': []}}
[INFO] [1787696394.483341881] [robot2.fragment_exec_node]: Received fragment: {'robot': 'robot5', 'fragment': {'id': 'f3-2', 'mission': 'm3', 'state': 'assigned', 'wait': ['m3/s1/pick'], 'tasks': [{'name': 'scan', 'params': {'x': 7, 'y': 3}}], 'arrive_timestamp': 1787696369, 'priority': 1, 'segment': 's1', 'preconditions': [], 'postconditions': []}}
[INFO] [1787696396.465621204] [robot2.fragment_exec_node]: Received fragment: {'robot': 'robot6', 'fragment': {'id': 'f3-8', 'mission': 'm3', 'state': 'assigned', 'wait': ['m3/s3/pick'], 'tasks': [{'name': 'scan', 'params': {'x': 1, 'y': 9}}], 'arrive_timestamp': 1787696369, 'priority': 1, 'segment': 's3', 'preconditions': [], 'postconditions': []}}
[INFO] [1787696397.053891682] [robot2.fragment_exec_node]: Navigation completed!
[INFO] [1787696397.056603224] [robot2.fragment_exec_node]: EventType: Control (Task: pick), Activity: navigate, Robot: robot2, Mission: m4, Segment: s2, End: 22414.064882436
[INFO] [1787696397.058141126] [robot2.fragment_exec_node]: EventType: Task, Activity: pick, Robot: robot2, Mission: m4, Segment: s2, Start: 22414.06716088
[INFO] [1787696397.059893666] [robot2.fragment_exec_node]: Simulating pick skill...
[INFO] [1787696397.477019827] [robot2.fragment_exec_node]: Received fragment: {'robot': 'robot1', 'fragment': {'id': 'f4-2', 'mission': 'm4', 'state': 'assigned', 'wait': ['m4/s1/pick'], 'tasks': [{'name': 'scan', 'params': {'x': 2, 'y': 8}}], 'arrive_timestamp': 1787696370, 'priority': 1, 'segment': 's1', 'preconditions': [], 'postconditions': []}}
[INFO] [1787696400.464636159] [robot2.fragment_exec_node]: Received fragment: {'robot': 'robot5', 'fragment': {'id': 'f3-3', 'mission': 'm3', 'state': 'assigned', 'wait': ['m3/s1/scan'], 'tasks': [{'name': 'transport', 'params': {'x': 11, 'y': 6}}], 'arrive_timestamp': 1787696369, 'priority': 1, 'segment': 's1', 'preconditions': ['picked-o1-3'], 'postconditions': []}}
[INFO] [1787696402.478488247] [robot2.fragment_exec_node]: Received fragment: {'robot': 'robot4', 'fragment': {'id': 'f4-7', 'mission': 'm4', 'state': 'assigned', 'wait': [], 'tasks': [{'name': 'pick', 'params': {'weight': 2, 'x': 9, 'y': 1}}], 'arrive_timestamp': 1787696370, 'priority': 1, 'segment': 's3', 'preconditions': [], 'postconditions': ['picked-o3-4']}}
[INFO] [1787696402.479901831] [robot2.fragment_exec_node]: Received fragment: {'robot': 'robot6', 'fragment': {'id': 'f1-2', 'mission': 'm1', 'state': 'assigned', 'wait': ['m1/s1/pick'], 'tasks': [{'name': 'scan', 'params': {'x': 5, 'y': 8}}], 'arrive_timestamp': 1787696368, 'priority': 1, 'segment': 's1', 'preconditions': [], 'postconditions': []}}
[INFO] [1787696403.468336707] [robot2.fragment_exec_node]: Received fragment: {'robot': 'robot1', 'fragment': {'id': 'f4-3', 'mission': 'm4', 'state': 'assigned', 'wait': ['m4/s1/scan'], 'tasks': [{'name': 'transport', 'params': {'x': 11, 'y': 6}}], 'arrive_timestamp': 1787696370, 'priority': 1, 'segment': 's1', 'preconditions': ['picked-o1-4'], 'postconditions': []}}
[INFO] [1787696404.057382744] [robot2.fragment_exec_node]: Pick completed!
[INFO] [1787696404.060147262] [robot2.fragment_exec_node]: EventType: Task, Activity: pick, Robot: robot2, Mission: m4, Segment: s2, End: 22421.074947002
[INFO] [1787696404.063743300] [robot2.fragment_exec_node]: Execution of fragment f4-4 completed!
[INFO] [1787696404.465133494] [robot2.fragment_exec_node]: Received fragment: {'robot': 'robot2', 'fragment': {'id': 'f4-5', 'mission': 'm4', 'state': 'assigned', 'wait': ['m4/s2/pick'], 'tasks': [{'name': 'scan', 'params': {'x': 10, 'y': 4}}], 'arrive_timestamp': 1787696370, 'priority': 1, 'segment': 's2', 'preconditions': [], 'postconditions': []}}
[INFO] [1787696404.488783981] [robot2.fragment_exec_node]: Received fragment assignment: f4-5. Starting execution.
[INFO] [1787696404.490140604] [robot2.fragment_exec_node]: Waiting for coordination messages before executing fragment f4-5: ['m4/s2/pick']
[INFO] [1787696406.493513456] [robot2.fragment_exec_node]: Executing task scan. Params: {'x': 10, 'y': 4}, Virtual state: {'position': {'x': 10, 'y': 4, 'z': 0.0}, 'docked': False, 'battery': 100.0, 'conditions': ['picked-o2-4']}
[INFO] [1787696406.496704645] [robot2.fragment_exec_node]: EventType: Task, Activity: scan, Robot: robot2, Mission: m4, Segment: s2, Start: 22423.510991243
[INFO] [1787696406.498410936] [robot2.fragment_exec_node]: Simulating scan skill...
[INFO] [1787696409.502254675] [robot2.fragment_exec_node]: Scan completed!
[INFO] [1787696409.513244439] [robot2.fragment_exec_node]: EventType: Task, Activity: scan, Robot: robot2, Mission: m4, Segment: s2, End: 22426.520224735
[INFO] [1787696409.515206188] [robot2.fragment_exec_node]: Execution of fragment f4-5 completed!
[INFO] [1787696410.468711549] [robot2.fragment_exec_node]: Received fragment: {'robot': 'robot2', 'fragment': {'id': 'f4-6', 'mission': 'm4', 'state': 'assigned', 'wait': ['m4/s2/scan'], 'tasks': [{'name': 'transport', 'params': {'x': 11, 'y': 6}}], 'arrive_timestamp': 1787696370, 'priority': 1, 'segment': 's2', 'preconditions': ['picked-o2-4'], 'postconditions': []}}
[INFO] [1787696410.470495484] [robot2.fragment_exec_node]: Received fragment assignment: f4-6. Starting execution.
[INFO] [1787696410.472349574] [robot2.fragment_exec_node]: Waiting for coordination messages before executing fragment f4-6: ['m4/s2/scan']
[INFO] [1787696412.477540208] [robot2.fragment_exec_node]: Executing task transport. Params: {'x': 11, 'y': 6}, Virtual state: {'position': {'x': 10, 'y': 4, 'z': 0.0}, 'docked': False, 'battery': 100.0, 'conditions': ['picked-o2-4']}
[INFO] [1787696412.480187486] [robot2.fragment_exec_node]: EventType: Control (Task: transport), Activity: navigate, Robot: robot2, Mission: m4, Segment: s2, Start: 22429.495026302
[INFO] [1787696412.482449458] [robot2.fragment_exec_node]: Simulating navigate skill from position (10, 4) to (11, 6) (8.246211251235321 seconds)...
[INFO] [1787696416.494934767] [robot2.fragment_exec_node]: Received fragment: {'robot': 'robot4', 'fragment': {'id': 'f4-8', 'mission': 'm4', 'state': 'assigned', 'wait': ['m4/s3/pick'], 'tasks': [{'name': 'scan', 'params': {'x': 9, 'y': 1}}], 'arrive_timestamp': 1787696370, 'priority': 1, 'segment': 's3', 'preconditions': [], 'postconditions': []}}
[INFO] [1787696420.732392609] [robot2.fragment_exec_node]: Navigation completed!
[INFO] [1787696420.735313909] [robot2.fragment_exec_node]: EventType: Control (Task: transport), Activity: navigate, Robot: robot2, Mission: m4, Segment: s2, End: 22437.749968651
[INFO] [1787696420.737149184] [robot2.fragment_exec_node]: EventType: Task, Activity: transport, Robot: robot2, Mission: m4, Segment: s2, Start: 22437.752517031
[INFO] [1787696420.738838742] [robot2.fragment_exec_node]: Simulating navigate skill from position (11, 6) to (11, 6) (10.0 seconds)...
[INFO] [1787696421.466911917] [robot2.fragment_exec_node]: Received fragment: {'robot': 'robot5', 'fragment': {'id': "f4-10'", 'mission': 'm4', 'state': 'assigned', 'wait': [], 'tasks': [{'name': 'pick', 'params': {'weight': 1, 'x': 2, 'y': 4}}], 'arrive_timestamp': 1787696370, 'priority': 1, 'segment': 's4', 'preconditions': [], 'postconditions': ['picked-o4-4']}}
[INFO] [1787696422.470122114] [robot2.fragment_exec_node]: Received fragment: {'robot': 'robot4', 'fragment': {'id': 'f4-9', 'mission': 'm4', 'state': 'assigned', 'wait': ['m4/s3/scan'], 'tasks': [{'name': 'transport', 'params': {'x': 11, 'y': 6}}], 'arrive_timestamp': 1787696370, 'priority': 1, 'segment': 's3', 'preconditions': ['picked-o3-4'], 'postconditions': []}}
[INFO] [1787696424.469384032] [robot2.fragment_exec_node]: Received fragment: {'robot': 'robot6', 'fragment': {'id': 'f3-9', 'mission': 'm3', 'state': 'assigned', 'wait': ['m3/s3/scan'], 'tasks': [{'name': 'transport', 'params': {'x': 11, 'y': 6}}], 'arrive_timestamp': 1787696369, 'priority': 1, 'segment': 's3', 'preconditions': ['picked-o3-3'], 'postconditions': []}}
[INFO] [1787696430.741240673] [robot2.fragment_exec_node]: Navigation completed!
[INFO] [1787696430.744283777] [robot2.fragment_exec_node]: EventType: Task, Activity: transport, Robot: robot2, Mission: m4, Segment: s2, End: 22447.759818223
[INFO] [1787696430.746703042] [robot2.fragment_exec_node]: Execution of fragment f4-6 completed!
[INFO] [1787696440.469611508] [robot2.fragment_exec_node]: Received fragment: {'robot': 'robot4', 'fragment': {'id': 'f1-3', 'mission': 'm1', 'state': 'assigned', 'wait': ['m1/s1/scan'], 'tasks': [{'name': 'transport', 'params': {'x': 11, 'y': 6}}], 'arrive_timestamp': 1787696368, 'priority': 1, 'segment': 's1', 'preconditions': ['picked-o1-1'], 'postconditions': []}}
[INFO] [1787696445.473342673] [robot2.fragment_exec_node]: Received fragment: {'robot': 'robot5', 'fragment': {'id': 'f4-11', 'mission': 'm4', 'state': 'assigned', 'wait': ['m4/s4/pick'], 'tasks': [{'name': 'scan', 'params': {'x': 2, 'y': 4}}], 'arrive_timestamp': 1787696370, 'priority': 1, 'segment': 's4', 'preconditions': [], 'postconditions': []}}
[INFO] [1787696447.467352502] [robot2.fragment_exec_node]: Received fragment: {'robot': 'robot3', 'fragment': {'id': 'f3-10', 'mission': 'm3', 'state': 'assigned', 'wait': ['m3/s1/transport', 'm3/s2/transport', 'm3/s3/transport'], 'tasks': [{'name': 'pack', 'params': {'x': 2, 'y': 3, 'items': 3}}], 'arrive_timestamp': 1787696369, 'priority': 1, 'segment': '', 'preconditions': [], 'postconditions': []}}
[INFO] [1787696451.469863127] [robot2.fragment_exec_node]: Received fragment: {'robot': 'robot5', 'fragment': {'id': 'f4-12', 'mission': 'm4', 'state': 'assigned', 'wait': ['m4/s4/scan'], 'tasks': [{'name': 'transport', 'params': {'x': 11, 'y': 6}}], 'arrive_timestamp': 1787696370, 'priority': 1, 'segment': 's4', 'preconditions': ['picked-o4-4'], 'postconditions': []}}
[INFO] [1787696451.472198024] [robot2.fragment_exec_node]: Received fragment: {'robot': 'robot2', 'fragment': {'id': 'f1-4', 'mission': 'm1', 'state': 'assigned', 'wait': ['m1/s1/transport'], 'tasks': [{'name': 'pack', 'params': {'x': 11, 'y': 6, 'items': 1}}], 'arrive_timestamp': 1787696368, 'priority': 1, 'segment': '', 'preconditions': [], 'postconditions': []}}
[INFO] [1787696451.473904775] [robot2.fragment_exec_node]: Received fragment assignment: f1-4. Starting execution.
[INFO] [1787696451.476674899] [robot2.fragment_exec_node]: Waiting for coordination messages before executing fragment f1-4: ['m1/s1/transport']
[INFO] [1787696453.482386104] [robot2.fragment_exec_node]: Executing task pack. Params: {'x': 11, 'y': 6, 'items': 1}, Virtual state: {'position': {'x': 11, 'y': 6, 'z': 0.0}, 'docked': False, 'battery': 100.0, 'conditions': ['picked-o2-4']}
[INFO] [1787696453.485249835] [robot2.fragment_exec_node]: EventType: Task, Activity: pack, Robot: robot2, Mission: m1, Segment: , Start: 22470.501437189
[INFO] [1787696453.486972645] [robot2.fragment_exec_node]: Simulating pack skill...
[INFO] [1787696459.491484468] [robot2.fragment_exec_node]: Packing completed!
[INFO] [1787696459.494326394] [robot2.fragment_exec_node]: EventType: Task, Activity: pack, Robot: robot2, Mission: m1, Segment: , End: 22476.510394049
[INFO] [1787696459.496670501] [robot2.fragment_exec_node]: Execution of fragment f1-4 completed!
[INFO] [1787696483.467282281] [robot2.fragment_exec_node]: Received fragment: {'robot': 'robot5', 'fragment': {'id': 'f4-13', 'mission': 'm4', 'state': 'assigned', 'wait': ['m4/s1/transport', 'm4/s2/transport', 'm4/s3/transport', 'm4/s4/transport'], 'tasks': [{'name': 'pack', 'params': {'x': 11, 'y': 6, 'items': 4}}], 'arrive_timestamp': 1787696370, 'priority': 1, 'segment': '', 'preconditions': [], 'postconditions': []}}
Traceback (most recent call last):
  File "/root/ros2_ws/install/multi3_executor/lib/multi3_executor/executor", line 33, in <module>
    sys.exit(load_entry_point('multi3-executor==0.0.0', 'console_scripts', 'executor')())
  File "/root/ros2_ws/install/multi3_executor/lib/python3.10/site-packages/multi3_executor/nodes/executor.py", line 236, in main
    rclpy.shutdown()
  File "/opt/ros/humble/local/lib/python3.10/dist-packages/rclpy/__init__.py", line 130, in shutdown
    _shutdown(context=context)
  File "/opt/ros/humble/local/lib/python3.10/dist-packages/rclpy/utilities.py", line 58, in shutdown
    return context.shutdown()
  File "/opt/ros/humble/local/lib/python3.10/dist-packages/rclpy/context.py", line 102, in shutdown
    self.__context.shutdown()
rclpy._rclpy_pybind11.RCLError: failed to shutdown: rcl_shutdown already called on the given context, at ./src/rcl/init.c:241

--- executor_robot3.log ---
[INFO] [1787696360.876870590] [robot3.fragment_exec_node]: Setting up skill: PickSkill
[INFO] [1787696360.877570220] [robot3.fragment_exec_node]: Setting up skill: ScanSkill
[INFO] [1787696360.878146374] [robot3.fragment_exec_node]: Setting up skill: NavigateSkill
[INFO] [1787696360.878780838] [robot3.fragment_exec_node]: Setting up skill: NavigateSkill
[INFO] [1787696360.879447713] [robot3.fragment_exec_node]: Setting up skill: DockSkill
[INFO] [1787696360.880064305] [robot3.fragment_exec_node]: Setting up skill: UndockSkill
[INFO] [1787696360.881125788] [robot3.fragment_exec_node]: Setting up skill: PackSkill
[INFO] [1787696360.888267943] [robot3.fragment_exec_node]: Published robot registration: {'name': 'robot3', 'operational_state': 'idle', 'capabilities': ['pick', 'scan', 'transport', 'pack'], 'state': {'position': {'x': 0.0, 'y': 0.0, 'z': 0.0}, 'docked': True, 'battery': 100.0, 'conditions': []}}
[INFO] [1787696371.479486638] [robot3.fragment_exec_node]: Received fragment: {'robot': 'robot5', 'fragment': {'id': 'f3-1', 'mission': 'm3', 'state': 'assigned', 'wait': [], 'tasks': [{'name': 'pick', 'params': {'weight': 3, 'x': 7, 'y': 3}}], 'arrive_timestamp': 1787696369, 'priority': 1, 'segment': 's1', 'preconditions': [], 'postconditions': ['picked-o1-3']}}
[INFO] [1787696371.483335457] [robot3.fragment_exec_node]: Received fragment: {'robot': 'robot4', 'fragment': {'id': 'f1-1', 'mission': 'm1', 'state': 'assigned', 'wait': [], 'tasks': [{'name': 'pick', 'params': {'x': 5, 'y': 8, 'weight': 8}}], 'arrive_timestamp': 1787696368, 'priority': 1, 'segment': 's1', 'preconditions': [], 'postconditions': ['picked-o1-1']}}
[INFO] [1787696371.486887006] [robot3.fragment_exec_node]: Received fragment: {'robot': 'robot3', 'fragment': {'id': 'f3-4', 'mission': 'm3', 'state': 'assigned', 'wait': [], 'tasks': [{'name': 'pick', 'params': {'weight': 5, 'x': 2, 'y': 3}}], 'arrive_timestamp': 1787696369, 'priority': 1, 'segment': 's2', 'preconditions': [], 'postconditions': ['picked-o2-3']}}
[INFO] [1787696371.495000895] [robot3.fragment_exec_node]: Received fragment assignment: f3-4. Starting execution.
[INFO] [1787696371.495835352] [robot3.fragment_exec_node]: Received fragment: {'robot': 'robot6', 'fragment': {'id': 'f3-7', 'mission': 'm3', 'state': 'assigned', 'wait': [], 'tasks': [{'name': 'pick', 'params': {'weight': 2, 'x': 1, 'y': 9}}], 'arrive_timestamp': 1787696369, 'priority': 1, 'segment': 's3', 'preconditions': [], 'postconditions': ['picked-o3-3']}}
[INFO] [1787696371.499746296] [robot3.fragment_exec_node]: Received fragment: {'robot': 'robot1', 'fragment': {'id': 'f4-1', 'mission': 'm4', 'state': 'assigned', 'wait': [], 'tasks': [{'name': 'pick', 'params': {'weight': 5, 'x': 2, 'y': 8}}], 'arrive_timestamp': 1787696370, 'priority': 1, 'segment': 's1', 'preconditions': [], 'postconditions': ['picked-o1-4']}}
[INFO] [1787696371.500970748] [robot3.fragment_exec_node]: Executing task pick. Params: {'weight': 5, 'x': 2, 'y': 3}, Virtual state: {'position': {'x': 0.0, 'y': 0.0, 'z': 0.0}, 'docked': True, 'battery': 100.0, 'conditions': []}
[INFO] [1787696371.502673548] [robot3.fragment_exec_node]: Received fragment: {'robot': 'robot2', 'fragment': {'id': 'f4-4', 'mission': 'm4', 'state': 'assigned', 'wait': [], 'tasks': [{'name': 'pick', 'params': {'weight': 7, 'x': 10, 'y': 4}}], 'arrive_timestamp': 1787696370, 'priority': 1, 'segment': 's2', 'preconditions': [], 'postconditions': ['picked-o2-4']}}
[INFO] [1787696371.503708091] [robot3.fragment_exec_node]: EventType: Control (Task: pick), Activity: undock, Robot: robot3, Mission: m3, Segment: s2, Start: 22388.511723978
[INFO] [1787696371.504506299] [robot3.fragment_exec_node]: Simulating undock skill...
[INFO] [1787696375.507475035] [robot3.fragment_exec_node]: Undock completed!
[INFO] [1787696375.509269808] [robot3.fragment_exec_node]: EventType: Control (Task: pick), Activity: undock, Robot: robot3, Mission: m3, Segment: s2, End: 22392.517910827
[INFO] [1787696375.511060634] [robot3.fragment_exec_node]: EventType: Control (Task: pick), Activity: navigate, Robot: robot3, Mission: m3, Segment: s2, Start: 22392.51977025
[INFO] [1787696375.513055745] [robot3.fragment_exec_node]: Simulating navigate skill from position (0.0, 0.0) to (2, 3) (7.211102550927978 seconds)...
[INFO] [1787696382.727852884] [robot3.fragment_exec_node]: Navigation completed!
[INFO] [1787696382.730870153] [robot3.fragment_exec_node]: EventType: Control (Task: pick), Activity: navigate, Robot: robot3, Mission: m3, Segment: s2, End: 22399.738928149
[INFO] [1787696382.732426226] [robot3.fragment_exec_node]: EventType: Task, Activity: pick, Robot: robot3, Mission: m3, Segment: s2, Start: 22399.741432225
[INFO] [1787696382.734191316] [robot3.fragment_exec_node]: Simulating pick skill...
[INFO] [1787696387.738541685] [robot3.fragment_exec_node]: Pick completed!
[INFO] [1787696387.741130910] [robot3.fragment_exec_node]: EventType: Task, Activity: pick, Robot: robot3, Mission: m3, Segment: s2, End: 22404.749570752
[INFO] [1787696387.743841388] [robot3.fragment_exec_node]: Execution of fragment f3-4 completed!
[INFO] [1787696388.466500417] [robot3.fragment_exec_node]: Received fragment: {'robot': 'robot3', 'fragment': {'id': 'f3-5', 'mission': 'm3', 'state': 'assigned', 'wait': ['m3/s2/pick'], 'tasks': [{'name': 'scan', 'params': {'x': 2, 'y': 3}}], 'arrive_timestamp': 1787696369, 'priority': 1, 'segment': 's2', 'preconditions': [], 'postconditions': []}}
[INFO] [1787696388.469698838] [robot3.fragment_exec_node]: Received fragment assignment: f3-5. Starting execution.
[INFO] [1787696388.471736228] [robot3.fragment_exec_node]: Waiting for coordination messages before executing fragment f3-5: ['m3/s2/pick']
[INFO] [1787696390.477095016] [robot3.fragment_exec_node]: Executing task scan. Params: {'x': 2, 'y': 3}, Virtual state: {'position': {'x': 2, 'y': 3, 'z': 0.0}, 'docked': False, 'battery': 100.0, 'conditions': ['picked-o2-3']}
[INFO] [1787696390.478967939] [robot3.fragment_exec_node]: EventType: Task, Activity: scan, Robot: robot3, Mission: m3, Segment: s2, Start: 22407.487693377
[INFO] [1787696390.480767812] [robot3.fragment_exec_node]: Simulating scan skill...
[INFO] [1787696393.484810332] [robot3.fragment_exec_node]: Scan completed!
[INFO] [1787696393.487833310] [robot3.fragment_exec_node]: EventType: Task, Activity: scan, Robot: robot3, Mission: m3, Segment: s2, End: 22410.495831342
[INFO] [1787696393.491035807] [robot3.fragment_exec_node]: Execution of fragment f3-5 completed!
[INFO] [1787696394.474154592] [robot3.fragment_exec_node]: Received fragment: {'robot': 'robot5', 'fragment': {'id': 'f3-2', 'mission': 'm3', 'state': 'assigned', 'wait': ['m3/s1/pick'], 'tasks': [{'name': 'scan', 'params': {'x': 7, 'y': 3}}], 'arrive_timestamp': 1787696369, 'priority': 1, 'segment': 's1', 'preconditions': [], 'postconditions': []}}
[INFO] [1787696394.476389930] [robot3.fragment_exec_node]: Received fragment: {'robot': 'robot3', 'fragment': {'id': 'f3-6', 'mission': 'm3', 'state': 'assigned', 'wait': ['m3/s2/scan'], 'tasks': [{'name': 'transport', 'params': {'x': 11, 'y': 6}}], 'arrive_timestamp': 1787696369, 'priority': 1, 'segment': 's2', 'preconditions': ['picked-o2-3'], 'postconditions': []}}
[INFO] [1787696394.477598273] [robot3.fragment_exec_node]: Received fragment assignment: f3-6. Starting execution.
[INFO] [1787696394.479068432] [robot3.fragment_exec_node]: Executing task transport. Params: {'x': 11, 'y': 6}, Virtual state: {'position': {'x': 2, 'y': 3, 'z': 0.0}, 'docked': False, 'battery': 100.0, 'conditions': ['picked-o2-3']}
[INFO] [1787696394.480518730] [robot3.fragment_exec_node]: EventType: Control (Task: transport), Activity: navigate, Robot: robot3, Mission: m3, Segment: s2, Start: 22411.489339652
[INFO] [1787696394.481439153] [robot3.fragment_exec_node]: Simulating navigate skill from position (2, 3) to (11, 6) (19.697715603592208 seconds)...
[INFO] [1787696396.465939697] [robot3.fragment_exec_node]: Received fragment: {'robot': 'robot6', 'fragment': {'id': 'f3-8', 'mission': 'm3', 'state': 'assigned', 'wait': ['m3/s3/pick'], 'tasks': [{'name': 'scan', 'params': {'x': 1, 'y': 9}}], 'arrive_timestamp': 1787696369, 'priority': 1, 'segment': 's3', 'preconditions': [], 'postconditions': []}}
[INFO] [1787696397.483564615] [robot3.fragment_exec_node]: Received fragment: {'robot': 'robot1', 'fragment': {'id': 'f4-2', 'mission': 'm4', 'state': 'assigned', 'wait': ['m4/s1/pick'], 'tasks': [{'name': 'scan', 'params': {'x': 2, 'y': 8}}], 'arrive_timestamp': 1787696370, 'priority': 1, 'segment': 's1', 'preconditions': [], 'postconditions': []}}
[INFO] [1787696400.492948441] [robot3.fragment_exec_node]: Received fragment: {'robot': 'robot5', 'fragment': {'id': 'f3-3', 'mission': 'm3', 'state': 'assigned', 'wait': ['m3/s1/scan'], 'tasks': [{'name': 'transport', 'params': {'x': 11, 'y': 6}}], 'arrive_timestamp': 1787696369, 'priority': 1, 'segment': 's1', 'preconditions': ['picked-o1-3'], 'postconditions': []}}
[INFO] [1787696402.472429985] [robot3.fragment_exec_node]: Received fragment: {'robot': 'robot6', 'fragment': {'id': 'f1-2', 'mission': 'm1', 'state': 'assigned', 'wait': ['m1/s1/pick'], 'tasks': [{'name': 'scan', 'params': {'x': 5, 'y': 8}}], 'arrive_timestamp': 1787696368, 'priority': 1, 'segment': 's1', 'preconditions': [], 'postconditions': []}}
[INFO] [1787696402.475794918] [robot3.fragment_exec_node]: Received fragment: {'robot': 'robot4', 'fragment': {'id': 'f4-7', 'mission': 'm4', 'state': 'assigned', 'wait': [], 'tasks': [{'name': 'pick', 'params': {'weight': 2, 'x': 9, 'y': 1}}], 'arrive_timestamp': 1787696370, 'priority': 1, 'segment': 's3', 'preconditions': [], 'postconditions': ['picked-o3-4']}}
[INFO] [1787696403.465333922] [robot3.fragment_exec_node]: Received fragment: {'robot': 'robot1', 'fragment': {'id': 'f4-3', 'mission': 'm4', 'state': 'assigned', 'wait': ['m4/s1/scan'], 'tasks': [{'name': 'transport', 'params': {'x': 11, 'y': 6}}], 'arrive_timestamp': 1787696370, 'priority': 1, 'segment': 's1', 'preconditions': ['picked-o1-4'], 'postconditions': []}}
[INFO] [1787696404.476533529] [robot3.fragment_exec_node]: Received fragment: {'robot': 'robot2', 'fragment': {'id': 'f4-5', 'mission': 'm4', 'state': 'assigned', 'wait': ['m4/s2/pick'], 'tasks': [{'name': 'scan', 'params': {'x': 10, 'y': 4}}], 'arrive_timestamp': 1787696370, 'priority': 1, 'segment': 's2', 'preconditions': [], 'postconditions': []}}
[INFO] [1787696410.465178063] [robot3.fragment_exec_node]: Received fragment: {'robot': 'robot2', 'fragment': {'id': 'f4-6', 'mission': 'm4', 'state': 'assigned', 'wait': ['m4/s2/scan'], 'tasks': [{'name': 'transport', 'params': {'x': 11, 'y': 6}}], 'arrive_timestamp': 1787696370, 'priority': 1, 'segment': 's2', 'preconditions': ['picked-o2-4'], 'postconditions': []}}
[INFO] [1787696414.176694580] [robot3.fragment_exec_node]: Navigation completed!
[INFO] [1787696414.178762552] [robot3.fragment_exec_node]: EventType: Control (Task: transport), Activity: navigate, Robot: robot3, Mission: m3, Segment: s2, End: 22431.193963429
[INFO] [1787696414.180336108] [robot3.fragment_exec_node]: EventType: Task, Activity: transport, Robot: robot3, Mission: m3, Segment: s2, Start: 22431.195685485
[INFO] [1787696414.181676931] [robot3.fragment_exec_node]: Simulating navigate skill from position (11, 6) to (11, 6) (10.0 seconds)...
[INFO] [1787696416.469463838] [robot3.fragment_exec_node]: Received fragment: {'robot': 'robot4', 'fragment': {'id': 'f4-8', 'mission': 'm4', 'state': 'assigned', 'wait': ['m4/s3/pick'], 'tasks': [{'name': 'scan', 'params': {'x': 9, 'y': 1}}], 'arrive_timestamp': 1787696370, 'priority': 1, 'segment': 's3', 'preconditions': [], 'postconditions': []}}
[INFO] [1787696421.465580646] [robot3.fragment_exec_node]: Received fragment: {'robot': 'robot5', 'fragment': {'id': "f4-10'", 'mission': 'm4', 'state': 'assigned', 'wait': [], 'tasks': [{'name': 'pick', 'params': {'weight': 1, 'x': 2, 'y': 4}}], 'arrive_timestamp': 1787696370, 'priority': 1, 'segment': 's4', 'preconditions': [], 'postconditions': ['picked-o4-4']}}
[INFO] [1787696422.465498184] [robot3.fragment_exec_node]: Received fragment: {'robot': 'robot4', 'fragment': {'id': 'f4-9', 'mission': 'm4', 'state': 'assigned', 'wait': ['m4/s3/scan'], 'tasks': [{'name': 'transport', 'params': {'x': 11, 'y': 6}}], 'arrive_timestamp': 1787696370, 'priority': 1, 'segment': 's3', 'preconditions': ['picked-o3-4'], 'postconditions': []}}
[INFO] [1787696424.185469328] [robot3.fragment_exec_node]: Navigation completed!
[INFO] [1787696424.188215540] [robot3.fragment_exec_node]: EventType: Task, Activity: transport, Robot: robot3, Mission: m3, Segment: s2, End: 22441.202703144
[INFO] [1787696424.191534192] [robot3.fragment_exec_node]: Execution of fragment f3-6 completed!
[INFO] [1787696424.466547728] [robot3.fragment_exec_node]: Received fragment: {'robot': 'robot6', 'fragment': {'id': 'f3-9', 'mission': 'm3', 'state': 'assigned', 'wait': ['m3/s3/scan'], 'tasks': [{'name': 'transport', 'params': {'x': 11, 'y': 6}}], 'arrive_timestamp': 1787696369, 'priority': 1, 'segment': 's3', 'preconditions': ['picked-o3-3'], 'postconditions': []}}
[INFO] [1787696440.500999466] [robot3.fragment_exec_node]: Received fragment: {'robot': 'robot4', 'fragment': {'id': 'f1-3', 'mission': 'm1', 'state': 'assigned', 'wait': ['m1/s1/scan'], 'tasks': [{'name': 'transport', 'params': {'x': 11, 'y': 6}}], 'arrive_timestamp': 1787696368, 'priority': 1, 'segment': 's1', 'preconditions': ['picked-o1-1'], 'postconditions': []}}
[INFO] [1787696445.468421279] [robot3.fragment_exec_node]: Received fragment: {'robot': 'robot5', 'fragment': {'id': 'f4-11', 'mission': 'm4', 'state': 'assigned', 'wait': ['m4/s4/pick'], 'tasks': [{'name': 'scan', 'params': {'x': 2, 'y': 4}}], 'arrive_timestamp': 1787696370, 'priority': 1, 'segment': 's4', 'preconditions': [], 'postconditions': []}}
[INFO] [1787696447.464282849] [robot3.fragment_exec_node]: Received fragment: {'robot': 'robot3', 'fragment': {'id': 'f3-10', 'mission': 'm3', 'state': 'assigned', 'wait': ['m3/s1/transport', 'm3/s2/transport', 'm3/s3/transport'], 'tasks': [{'name': 'pack', 'params': {'x': 2, 'y': 3, 'items': 3}}], 'arrive_timestamp': 1787696369, 'priority': 1, 'segment': '', 'preconditions': [], 'postconditions': []}}
[INFO] [1787696447.467140767] [robot3.fragment_exec_node]: Received fragment assignment: f3-10. Starting execution.
[INFO] [1787696447.469379506] [robot3.fragment_exec_node]: Waiting for coordination messages before executing fragment f3-10: ['m3/s1/transport', 'm3/s2/transport', 'm3/s3/transport']
[INFO] [1787696449.475401486] [robot3.fragment_exec_node]: Executing task pack. Params: {'x': 2, 'y': 3, 'items': 3}, Virtual state: {'position': {'x': 11, 'y': 6, 'z': 0.0}, 'docked': False, 'battery': 100.0, 'conditions': ['picked-o2-3']}
[INFO] [1787696449.477702918] [robot3.fragment_exec_node]: EventType: Control (Task: pack), Activity: navigate, Robot: robot3, Mission: m3, Segment: , Start: 22466.493956355
[INFO] [1787696449.479528876] [robot3.fragment_exec_node]: Simulating navigate skill from position (11, 6) to (2, 3) (24.08318915758459 seconds)...
[INFO] [1787696451.472209105] [robot3.fragment_exec_node]: Received fragment: {'robot': 'robot2', 'fragment': {'id': 'f1-4', 'mission': 'm1', 'state': 'assigned', 'wait': ['m1/s1/transport'], 'tasks': [{'name': 'pack', 'params': {'x': 11, 'y': 6, 'items': 1}}], 'arrive_timestamp': 1787696368, 'priority': 1, 'segment': '', 'preconditions': [], 'postconditions': []}}
[INFO] [1787696451.474887579] [robot3.fragment_exec_node]: Received fragment: {'robot': 'robot5', 'fragment': {'id': 'f4-12', 'mission': 'm4', 'state': 'assigned', 'wait': ['m4/s4/scan'], 'tasks': [{'name': 'transport', 'params': {'x': 11, 'y': 6}}], 'arrive_timestamp': 1787696370, 'priority': 1, 'segment': 's4', 'preconditions': ['picked-o4-4'], 'postconditions': []}}
[INFO] [1787696473.566167446] [robot3.fragment_exec_node]: Navigation completed!
[INFO] [1787696473.569497328] [robot3.fragment_exec_node]: EventType: Control (Task: pack), Activity: navigate, Robot: robot3, Mission: m3, Segment: , End: 22490.585713688
[INFO] [1787696473.571348170] [robot3.fragment_exec_node]: EventType: Task, Activity: pack, Robot: robot3, Mission: m3, Segment: , Start: 22490.587961918
[INFO] [1787696473.573988609] [robot3.fragment_exec_node]: Simulating pack skill...
[INFO] [1787696483.467312894] [robot3.fragment_exec_node]: Received fragment: {'robot': 'robot5', 'fragment': {'id': 'f4-13', 'mission': 'm4', 'state': 'assigned', 'wait': ['m4/s1/transport', 'm4/s2/transport', 'm4/s3/transport', 'm4/s4/transport'], 'tasks': [{'name': 'pack', 'params': {'x': 11, 'y': 6, 'items': 4}}], 'arrive_timestamp': 1787696370, 'priority': 1, 'segment': '', 'preconditions': [], 'postconditions': []}}
[INFO] [1787696491.577105557] [robot3.fragment_exec_node]: Packing completed!
[INFO] [1787696491.578115183] [robot3.fragment_exec_node]: EventType: Task, Activity: pack, Robot: robot3, Mission: m3, Segment: , End: 22508.59567751
[INFO] [1787696491.579431342] [robot3.fragment_exec_node]: Execution of fragment f3-10 completed!
Traceback (most recent call last):
  File "/root/ros2_ws/install/multi3_executor/lib/multi3_executor/executor", line 33, in <module>
    sys.exit(load_entry_point('multi3-executor==0.0.0', 'console_scripts', 'executor')())
  File "/root/ros2_ws/install/multi3_executor/lib/python3.10/site-packages/multi3_executor/nodes/executor.py", line 236, in main
    rclpy.shutdown()
  File "/opt/ros/humble/local/lib/python3.10/dist-packages/rclpy/__init__.py", line 130, in shutdown
    _shutdown(context=context)
  File "/opt/ros/humble/local/lib/python3.10/dist-packages/rclpy/utilities.py", line 58, in shutdown
    return context.shutdown()
  File "/opt/ros/humble/local/lib/python3.10/dist-packages/rclpy/context.py", line 102, in shutdown
    self.__context.shutdown()
rclpy._rclpy_pybind11.RCLError: failed to shutdown: rcl_shutdown already called on the given context, at ./src/rcl/init.c:241

--- executor_robot4.log ---
[INFO] [1787696362.884529014] [robot4.fragment_exec_node]: Setting up skill: PickSkill
[INFO] [1787696362.885326692] [robot4.fragment_exec_node]: Setting up skill: ScanSkill
[INFO] [1787696362.886064476] [robot4.fragment_exec_node]: Setting up skill: NavigateSkill
[INFO] [1787696362.886599967] [robot4.fragment_exec_node]: Setting up skill: NavigateSkill
[INFO] [1787696362.887128786] [robot4.fragment_exec_node]: Setting up skill: DockSkill
[INFO] [1787696362.887742772] [robot4.fragment_exec_node]: Setting up skill: UndockSkill
[INFO] [1787696362.888450136] [robot4.fragment_exec_node]: Setting up skill: PackSkill
[INFO] [1787696362.896843396] [robot4.fragment_exec_node]: Published robot registration: {'name': 'robot4', 'operational_state': 'idle', 'capabilities': ['pick', 'scan', 'transport', 'pack'], 'state': {'position': {'x': 0.0, 'y': 0.0, 'z': 0.0}, 'docked': True, 'battery': 100.0, 'conditions': []}}
[INFO] [1787696371.470965303] [robot4.fragment_exec_node]: Received fragment: {'robot': 'robot5', 'fragment': {'id': 'f3-1', 'mission': 'm3', 'state': 'assigned', 'wait': [], 'tasks': [{'name': 'pick', 'params': {'weight': 3, 'x': 7, 'y': 3}}], 'arrive_timestamp': 1787696369, 'priority': 1, 'segment': 's1', 'preconditions': [], 'postconditions': ['picked-o1-3']}}
[INFO] [1787696371.477919131] [robot4.fragment_exec_node]: Received fragment: {'robot': 'robot4', 'fragment': {'id': 'f1-1', 'mission': 'm1', 'state': 'assigned', 'wait': [], 'tasks': [{'name': 'pick', 'params': {'x': 5, 'y': 8, 'weight': 8}}], 'arrive_timestamp': 1787696368, 'priority': 1, 'segment': 's1', 'preconditions': [], 'postconditions': ['picked-o1-1']}}
[INFO] [1787696371.491863513] [robot4.fragment_exec_node]: Received fragment: {'robot': 'robot1', 'fragment': {'id': 'f4-1', 'mission': 'm4', 'state': 'assigned', 'wait': [], 'tasks': [{'name': 'pick', 'params': {'weight': 5, 'x': 2, 'y': 8}}], 'arrive_timestamp': 1787696370, 'priority': 1, 'segment': 's1', 'preconditions': [], 'postconditions': ['picked-o1-4']}}
[INFO] [1787696371.493630394] [robot4.fragment_exec_node]: Received fragment: {'robot': 'robot3', 'fragment': {'id': 'f3-4', 'mission': 'm3', 'state': 'assigned', 'wait': [], 'tasks': [{'name': 'pick', 'params': {'weight': 5, 'x': 2, 'y': 3}}], 'arrive_timestamp': 1787696369, 'priority': 1, 'segment': 's2', 'preconditions': [], 'postconditions': ['picked-o2-3']}}
[INFO] [1787696371.495068396] [robot4.fragment_exec_node]: Received fragment: {'robot': 'robot6', 'fragment': {'id': 'f3-7', 'mission': 'm3', 'state': 'assigned', 'wait': [], 'tasks': [{'name': 'pick', 'params': {'weight': 2, 'x': 1, 'y': 9}}], 'arrive_timestamp': 1787696369, 'priority': 1, 'segment': 's3', 'preconditions': [], 'postconditions': ['picked-o3-3']}}
[INFO] [1787696371.496738840] [robot4.fragment_exec_node]: Received fragment: {'robot': 'robot2', 'fragment': {'id': 'f4-4', 'mission': 'm4', 'state': 'assigned', 'wait': [], 'tasks': [{'name': 'pick', 'params': {'weight': 7, 'x': 10, 'y': 4}}], 'arrive_timestamp': 1787696370, 'priority': 1, 'segment': 's2', 'preconditions': [], 'postconditions': ['picked-o2-4']}}
[INFO] [1787696371.497730410] [robot4.fragment_exec_node]: Received fragment assignment: f1-1. Starting execution.
[INFO] [1787696371.499627150] [robot4.fragment_exec_node]: Executing task pick. Params: {'x': 5, 'y': 8, 'weight': 8}, Virtual state: {'position': {'x': 0.0, 'y': 0.0, 'z': 0.0}, 'docked': True, 'battery': 100.0, 'conditions': []}
[INFO] [1787696371.500504815] [robot4.fragment_exec_node]: EventType: Control (Task: pick), Activity: undock, Robot: robot4, Mission: m1, Segment: s1, Start: 22388.509843863
[INFO] [1787696371.502141572] [robot4.fragment_exec_node]: Simulating undock skill...
[INFO] [1787696375.506072028] [robot4.fragment_exec_node]: Undock completed!
[INFO] [1787696375.507894890] [robot4.fragment_exec_node]: EventType: Control (Task: pick), Activity: undock, Robot: robot4, Mission: m1, Segment: s1, End: 22392.516597617
[INFO] [1787696375.509906463] [robot4.fragment_exec_node]: EventType: Control (Task: pick), Activity: navigate, Robot: robot4, Mission: m1, Segment: s1, Start: 22392.518335721
[INFO] [1787696375.512126964] [robot4.fragment_exec_node]: Simulating navigate skill from position (0.0, 0.0) to (5, 8) (18.867962264113206 seconds)...
[INFO] [1787696388.468237969] [robot4.fragment_exec_node]: Received fragment: {'robot': 'robot3', 'fragment': {'id': 'f3-5', 'mission': 'm3', 'state': 'assigned', 'wait': ['m3/s2/pick'], 'tasks': [{'name': 'scan', 'params': {'x': 2, 'y': 3}}], 'arrive_timestamp': 1787696369, 'priority': 1, 'segment': 's2', 'preconditions': [], 'postconditions': []}}
[INFO] [1787696394.384267379] [robot4.fragment_exec_node]: Navigation completed!
[INFO] [1787696394.387195069] [robot4.fragment_exec_node]: EventType: Control (Task: pick), Activity: navigate, Robot: robot4, Mission: m1, Segment: s1, End: 22411.395381622
[INFO] [1787696394.389025674] [robot4.fragment_exec_node]: EventType: Task, Activity: pick, Robot: robot4, Mission: m1, Segment: s1, Start: 22411.397757566
[INFO] [1787696394.390709241] [robot4.fragment_exec_node]: Simulating pick skill...
[INFO] [1787696394.475927376] [robot4.fragment_exec_node]: Received fragment: {'robot': 'robot3', 'fragment': {'id': 'f3-6', 'mission': 'm3', 'state': 'assigned', 'wait': ['m3/s2/scan'], 'tasks': [{'name': 'transport', 'params': {'x': 11, 'y': 6}}], 'arrive_timestamp': 1787696369, 'priority': 1, 'segment': 's2', 'preconditions': ['picked-o2-3'], 'postconditions': []}}
[INFO] [1787696394.478123183] [robot4.fragment_exec_node]: Received fragment: {'robot': 'robot5', 'fragment': {'id': 'f3-2', 'mission': 'm3', 'state': 'assigned', 'wait': ['m3/s1/pick'], 'tasks': [{'name': 'scan', 'params': {'x': 7, 'y': 3}}], 'arrive_timestamp': 1787696369, 'priority': 1, 'segment': 's1', 'preconditions': [], 'postconditions': []}}
[INFO] [1787696396.470781790] [robot4.fragment_exec_node]: Received fragment: {'robot': 'robot6', 'fragment': {'id': 'f3-8', 'mission': 'm3', 'state': 'assigned', 'wait': ['m3/s3/pick'], 'tasks': [{'name': 'scan', 'params': {'x': 1, 'y': 9}}], 'arrive_timestamp': 1787696369, 'priority': 1, 'segment': 's3', 'preconditions': [], 'postconditions': []}}
[INFO] [1787696397.479136840] [robot4.fragment_exec_node]: Received fragment: {'robot': 'robot1', 'fragment': {'id': 'f4-2', 'mission': 'm4', 'state': 'assigned', 'wait': ['m4/s1/pick'], 'tasks': [{'name': 'scan', 'params': {'x': 2, 'y': 8}}], 'arrive_timestamp': 1787696370, 'priority': 1, 'segment': 's1', 'preconditions': [], 'postconditions': []}}
[INFO] [1787696400.466287207] [robot4.fragment_exec_node]: Received fragment: {'robot': 'robot5', 'fragment': {'id': 'f3-3', 'mission': 'm3', 'state': 'assigned', 'wait': ['m3/s1/scan'], 'tasks': [{'name': 'transport', 'params': {'x': 11, 'y': 6}}], 'arrive_timestamp': 1787696369, 'priority': 1, 'segment': 's1', 'preconditions': ['picked-o1-3'], 'postconditions': []}}
[INFO] [1787696402.388427067] [robot4.fragment_exec_node]: Pick completed!
[INFO] [1787696402.391432844] [robot4.fragment_exec_node]: EventType: Task, Activity: pick, Robot: robot4, Mission: m1, Segment: s1, End: 22419.405999346
[INFO] [1787696402.394576563] [robot4.fragment_exec_node]: Execution of fragment f1-1 completed!
[INFO] [1787696402.482207808] [robot4.fragment_exec_node]: Received fragment: {'robot': 'robot6', 'fragment': {'id': 'f1-2', 'mission': 'm1', 'state': 'assigned', 'wait': ['m1/s1/pick'], 'tasks': [{'name': 'scan', 'params': {'x': 5, 'y': 8}}], 'arrive_timestamp': 1787696368, 'priority': 1, 'segment': 's1', 'preconditions': [], 'postconditions': []}}
[INFO] [1787696402.483950737] [robot4.fragment_exec_node]: Received fragment: {'robot': 'robot4', 'fragment': {'id': 'f4-7', 'mission': 'm4', 'state': 'assigned', 'wait': [], 'tasks': [{'name': 'pick', 'params': {'weight': 2, 'x': 9, 'y': 1}}], 'arrive_timestamp': 1787696370, 'priority': 1, 'segment': 's3', 'preconditions': [], 'postconditions': ['picked-o3-4']}}
[INFO] [1787696402.484949114] [robot4.fragment_exec_node]: Received fragment assignment: f4-7. Starting execution.
[INFO] [1787696402.485977617] [robot4.fragment_exec_node]: Executing task pick. Params: {'weight': 2, 'x': 9, 'y': 1}, Virtual state: {'position': {'x': 5, 'y': 8, 'z': 0.0}, 'docked': False, 'battery': 100.0, 'conditions': ['picked-o1-1']}
[INFO] [1787696402.487050619] [robot4.fragment_exec_node]: EventType: Control (Task: pick), Activity: navigate, Robot: robot4, Mission: m4, Segment: s3, Start: 22419.503012906
[INFO] [1787696402.487843370] [robot4.fragment_exec_node]: Simulating navigate skill from position (5, 8) to (9, 1) (11.313708498984761 seconds)...
[INFO] [1787696403.465289509] [robot4.fragment_exec_node]: Received fragment: {'robot': 'robot1', 'fragment': {'id': 'f4-3', 'mission': 'm4', 'state': 'assigned', 'wait': ['m4/s1/scan'], 'tasks': [{'name': 'transport', 'params': {'x': 11, 'y': 6}}], 'arrive_timestamp': 1787696370, 'priority': 1, 'segment': 's1', 'preconditions': ['picked-o1-4'], 'postconditions': []}}
[INFO] [1787696404.467376957] [robot4.fragment_exec_node]: Received fragment: {'robot': 'robot2', 'fragment': {'id': 'f4-5', 'mission': 'm4', 'state': 'assigned', 'wait': ['m4/s2/pick'], 'tasks': [{'name': 'scan', 'params': {'x': 10, 'y': 4}}], 'arrive_timestamp': 1787696370, 'priority': 1, 'segment': 's2', 'preconditions': [], 'postconditions': []}}
[INFO] [1787696410.473236597] [robot4.fragment_exec_node]: Received fragment: {'robot': 'robot2', 'fragment': {'id': 'f4-6', 'mission': 'm4', 'state': 'assigned', 'wait': ['m4/s2/scan'], 'tasks': [{'name': 'transport', 'params': {'x': 11, 'y': 6}}], 'arrive_timestamp': 1787696370, 'priority': 1, 'segment': 's2', 'preconditions': ['picked-o2-4'], 'postconditions': []}}
[INFO] [1787696413.805222652] [robot4.fragment_exec_node]: Navigation completed!
[INFO] [1787696413.808173179] [robot4.fragment_exec_node]: EventType: Control (Task: pick), Activity: navigate, Robot: robot4, Mission: m4, Segment: s3, End: 22430.822765232
[INFO] [1787696413.810679112] [robot4.fragment_exec_node]: EventType: Task, Activity: pick, Robot: robot4, Mission: m4, Segment: s3, Start: 22430.825577381
[INFO] [1787696413.812399522] [robot4.fragment_exec_node]: Simulating pick skill...
[INFO] [1787696415.816422049] [robot4.fragment_exec_node]: Pick completed!
[INFO] [1787696415.819344454] [robot4.fragment_exec_node]: EventType: Task, Activity: pick, Robot: robot4, Mission: m4, Segment: s3, End: 22432.833995703
[INFO] [1787696415.821740737] [robot4.fragment_exec_node]: Execution of fragment f4-7 completed!
[INFO] [1787696416.466853439] [robot4.fragment_exec_node]: Received fragment: {'robot': 'robot4', 'fragment': {'id': 'f4-8', 'mission': 'm4', 'state': 'assigned', 'wait': ['m4/s3/pick'], 'tasks': [{'name': 'scan', 'params': {'x': 9, 'y': 1}}], 'arrive_timestamp': 1787696370, 'priority': 1, 'segment': 's3', 'preconditions': [], 'postconditions': []}}
[INFO] [1787696416.468839091] [robot4.fragment_exec_node]: Received fragment assignment: f4-8. Starting execution.
[INFO] [1787696416.470856774] [robot4.fragment_exec_node]: Waiting for coordination messages before executing fragment f4-8: ['m4/s3/pick']
[INFO] [1787696418.475654390] [robot4.fragment_exec_node]: Executing task scan. Params: {'x': 9, 'y': 1}, Virtual state: {'position': {'x': 9, 'y': 1, 'z': 0.0}, 'docked': False, 'battery': 100.0, 'conditions': ['picked-o1-1', 'picked-o3-4']}
[INFO] [1787696418.478491688] [robot4.fragment_exec_node]: EventType: Task, Activity: scan, Robot: robot4, Mission: m4, Segment: s3, Start: 22435.493228047
[INFO] [1787696418.479940554] [robot4.fragment_exec_node]: Simulating scan skill...
[INFO] [1787696421.473622685] [robot4.fragment_exec_node]: Received fragment: {'robot': 'robot5', 'fragment': {'id': "f4-10'", 'mission': 'm4', 'state': 'assigned', 'wait': [], 'tasks': [{'name': 'pick', 'params': {'weight': 1, 'x': 2, 'y': 4}}], 'arrive_timestamp': 1787696370, 'priority': 1, 'segment': 's4', 'preconditions': [], 'postconditions': ['picked-o4-4']}}
[INFO] [1787696421.483966660] [robot4.fragment_exec_node]: Scan completed!
[INFO] [1787696421.485603179] [robot4.fragment_exec_node]: EventType: Task, Activity: scan, Robot: robot4, Mission: m4, Segment: s3, End: 22438.501193164
[INFO] [1787696421.488282313] [robot4.fragment_exec_node]: Execution of fragment f4-8 completed!
[INFO] [1787696422.467344747] [robot4.fragment_exec_node]: Received fragment: {'robot': 'robot4', 'fragment': {'id': 'f4-9', 'mission': 'm4', 'state': 'assigned', 'wait': ['m4/s3/scan'], 'tasks': [{'name': 'transport', 'params': {'x': 11, 'y': 6}}], 'arrive_timestamp': 1787696370, 'priority': 1, 'segment': 's3', 'preconditions': ['picked-o3-4'], 'postconditions': []}}
[INFO] [1787696422.469225610] [robot4.fragment_exec_node]: Received fragment assignment: f4-9. Starting execution.
[INFO] [1787696422.471528960] [robot4.fragment_exec_node]: Executing task transport. Params: {'x': 11, 'y': 6}, Virtual state: {'position': {'x': 9, 'y': 1, 'z': 0.0}, 'docked': False, 'battery': 100.0, 'conditions': ['picked-o1-1', 'picked-o3-4']}
[INFO] [1787696422.473224664] [robot4.fragment_exec_node]: EventType: Control (Task: transport), Activity: navigate, Robot: robot4, Mission: m4, Segment: s3, Start: 22439.488736685
[INFO] [1787696422.474304052] [robot4.fragment_exec_node]: Simulating navigate skill from position (9, 1) to (11, 6) (7.211102550927978 seconds)...
[INFO] [1787696424.465967677] [robot4.fragment_exec_node]: Received fragment: {'robot': 'robot6', 'fragment': {'id': 'f3-9', 'mission': 'm3', 'state': 'assigned', 'wait': ['m3/s3/scan'], 'tasks': [{'name': 'transport', 'params': {'x': 11, 'y': 6}}], 'arrive_timestamp': 1787696369, 'priority': 1, 'segment': 's3', 'preconditions': ['picked-o3-3'], 'postconditions': []}}
[INFO] [1787696429.689362753] [robot4.fragment_exec_node]: Navigation completed!
[INFO] [1787696429.692456003] [robot4.fragment_exec_node]: EventType: Control (Task: transport), Activity: navigate, Robot: robot4, Mission: m4, Segment: s3, End: 22446.706894481
[INFO] [1787696429.694711446] [robot4.fragment_exec_node]: EventType: Task, Activity: transport, Robot: robot4, Mission: m4, Segment: s3, Start: 22446.709867611
[INFO] [1787696429.696444705] [robot4.fragment_exec_node]: Simulating navigate skill from position (11, 6) to (11, 6) (10.0 seconds)...
[INFO] [1787696439.699596028] [robot4.fragment_exec_node]: Navigation completed!
[INFO] [1787696439.702906946] [robot4.fragment_exec_node]: EventType: Task, Activity: transport, Robot: robot4, Mission: m4, Segment: s3, End: 22456.718467593
[INFO] [1787696439.705761711] [robot4.fragment_exec_node]: Execution of fragment f4-9 completed!
[INFO] [1787696440.467388783] [robot4.fragment_exec_node]: Received fragment: {'robot': 'robot4', 'fragment': {'id': 'f1-3', 'mission': 'm1', 'state': 'assigned', 'wait': ['m1/s1/scan'], 'tasks': [{'name': 'transport', 'params': {'x': 11, 'y': 6}}], 'arrive_timestamp': 1787696368, 'priority': 1, 'segment': 's1', 'preconditions': ['picked-o1-1'], 'postconditions': []}}
[INFO] [1787696440.469261884] [robot4.fragment_exec_node]: Received fragment assignment: f1-3. Starting execution.
[INFO] [1787696440.471071807] [robot4.fragment_exec_node]: Executing task transport. Params: {'x': 11, 'y': 6}, Virtual state: {'position': {'x': 11, 'y': 6, 'z': 0.0}, 'docked': False, 'battery': 100.0, 'conditions': ['picked-o1-1', 'picked-o3-4']}
[INFO] [1787696440.472391880] [robot4.fragment_exec_node]: EventType: Task, Activity: transport, Robot: robot4, Mission: m1, Segment: s1, Start: 22457.489112351
[INFO] [1787696440.473508570] [robot4.fragment_exec_node]: Simulating navigate skill from position (11, 6) to (11, 6) (10.0 seconds)...
[INFO] [1787696445.465497760] [robot4.fragment_exec_node]: Received fragment: {'robot': 'robot5', 'fragment': {'id': 'f4-11', 'mission': 'm4', 'state': 'assigned', 'wait': ['m4/s4/pick'], 'tasks': [{'name': 'scan', 'params': {'x': 2, 'y': 4}}], 'arrive_timestamp': 1787696370, 'priority': 1, 'segment': 's4', 'preconditions': [], 'postconditions': []}}
[INFO] [1787696447.467649721] [robot4.fragment_exec_node]: Received fragment: {'robot': 'robot3', 'fragment': {'id': 'f3-10', 'mission': 'm3', 'state': 'assigned', 'wait': ['m3/s1/transport', 'm3/s2/transport', 'm3/s3/transport'], 'tasks': [{'name': 'pack', 'params': {'x': 2, 'y': 3, 'items': 3}}], 'arrive_timestamp': 1787696369, 'priority': 1, 'segment': '', 'preconditions': [], 'postconditions': []}}
[INFO] [1787696450.477350153] [robot4.fragment_exec_node]: Navigation completed!
[INFO] [1787696450.479264014] [robot4.fragment_exec_node]: EventType: Task, Activity: transport, Robot: robot4, Mission: m1, Segment: s1, End: 22467.495614102
[INFO] [1787696450.481560855] [robot4.fragment_exec_node]: Execution of fragment f1-3 completed!
[INFO] [1787696451.471291091] [robot4.fragment_exec_node]: Received fragment: {'robot': 'robot2', 'fragment': {'id': 'f1-4', 'mission': 'm1', 'state': 'assigned', 'wait': ['m1/s1/transport'], 'tasks': [{'name': 'pack', 'params': {'x': 11, 'y': 6, 'items': 1}}], 'arrive_timestamp': 1787696368, 'priority': 1, 'segment': '', 'preconditions': [], 'postconditions': []}}
[INFO] [1787696451.473320556] [robot4.fragment_exec_node]: Received fragment: {'robot': 'robot5', 'fragment': {'id': 'f4-12', 'mission': 'm4', 'state': 'assigned', 'wait': ['m4/s4/scan'], 'tasks': [{'name': 'transport', 'params': {'x': 11, 'y': 6}}], 'arrive_timestamp': 1787696370, 'priority': 1, 'segment': 's4', 'preconditions': ['picked-o4-4'], 'postconditions': []}}
[INFO] [1787696483.495188359] [robot4.fragment_exec_node]: Received fragment: {'robot': 'robot5', 'fragment': {'id': 'f4-13', 'mission': 'm4', 'state': 'assigned', 'wait': ['m4/s1/transport', 'm4/s2/transport', 'm4/s3/transport', 'm4/s4/transport'], 'tasks': [{'name': 'pack', 'params': {'x': 11, 'y': 6, 'items': 4}}], 'arrive_timestamp': 1787696370, 'priority': 1, 'segment': '', 'preconditions': [], 'postconditions': []}}
Traceback (most recent call last):
  File "/root/ros2_ws/install/multi3_executor/lib/multi3_executor/executor", line 33, in <module>
    sys.exit(load_entry_point('multi3-executor==0.0.0', 'console_scripts', 'executor')())
  File "/root/ros2_ws/install/multi3_executor/lib/python3.10/site-packages/multi3_executor/nodes/executor.py", line 236, in main
    rclpy.shutdown()
  File "/opt/ros/humble/local/lib/python3.10/dist-packages/rclpy/__init__.py", line 130, in shutdown
    _shutdown(context=context)
  File "/opt/ros/humble/local/lib/python3.10/dist-packages/rclpy/utilities.py", line 58, in shutdown
    return context.shutdown()
  File "/opt/ros/humble/local/lib/python3.10/dist-packages/rclpy/context.py", line 102, in shutdown
    self.__context.shutdown()
rclpy._rclpy_pybind11.RCLError: failed to shutdown: rcl_shutdown already called on the given context, at ./src/rcl/init.c:241

--- executor_robot5.log ---
[INFO] [1787696364.911959123] [robot5.fragment_exec_node]: Setting up skill: PickSkill
[INFO] [1787696364.912815339] [robot5.fragment_exec_node]: Setting up skill: ScanSkill
[INFO] [1787696364.913530845] [robot5.fragment_exec_node]: Setting up skill: NavigateSkill
[INFO] [1787696364.914079557] [robot5.fragment_exec_node]: Setting up skill: NavigateSkill
[INFO] [1787696364.914697089] [robot5.fragment_exec_node]: Setting up skill: DockSkill
[INFO] [1787696364.915393016] [robot5.fragment_exec_node]: Setting up skill: UndockSkill
[INFO] [1787696364.916044432] [robot5.fragment_exec_node]: Setting up skill: PackSkill
[INFO] [1787696364.924173518] [robot5.fragment_exec_node]: Published robot registration: {'name': 'robot5', 'operational_state': 'idle', 'capabilities': ['pick', 'scan', 'transport', 'pack'], 'state': {'position': {'x': 0.0, 'y': 0.0, 'z': 0.0}, 'docked': True, 'battery': 100.0, 'conditions': []}}
[INFO] [1787696371.484622440] [robot5.fragment_exec_node]: Received fragment: {'robot': 'robot5', 'fragment': {'id': 'f3-1', 'mission': 'm3', 'state': 'assigned', 'wait': [], 'tasks': [{'name': 'pick', 'params': {'weight': 3, 'x': 7, 'y': 3}}], 'arrive_timestamp': 1787696369, 'priority': 1, 'segment': 's1', 'preconditions': [], 'postconditions': ['picked-o1-3']}}
[INFO] [1787696371.487474273] [robot5.fragment_exec_node]: Received fragment: {'robot': 'robot4', 'fragment': {'id': 'f1-1', 'mission': 'm1', 'state': 'assigned', 'wait': [], 'tasks': [{'name': 'pick', 'params': {'x': 5, 'y': 8, 'weight': 8}}], 'arrive_timestamp': 1787696368, 'priority': 1, 'segment': 's1', 'preconditions': [], 'postconditions': ['picked-o1-1']}}
[INFO] [1787696371.488428338] [robot5.fragment_exec_node]: Received fragment: {'robot': 'robot3', 'fragment': {'id': 'f3-4', 'mission': 'm3', 'state': 'assigned', 'wait': [], 'tasks': [{'name': 'pick', 'params': {'weight': 5, 'x': 2, 'y': 3}}], 'arrive_timestamp': 1787696369, 'priority': 1, 'segment': 's2', 'preconditions': [], 'postconditions': ['picked-o2-3']}}
[INFO] [1787696371.493966933] [robot5.fragment_exec_node]: Received fragment: {'robot': 'robot1', 'fragment': {'id': 'f4-1', 'mission': 'm4', 'state': 'assigned', 'wait': [], 'tasks': [{'name': 'pick', 'params': {'weight': 5, 'x': 2, 'y': 8}}], 'arrive_timestamp': 1787696370, 'priority': 1, 'segment': 's1', 'preconditions': [], 'postconditions': ['picked-o1-4']}}
[INFO] [1787696371.495635833] [robot5.fragment_exec_node]: Received fragment assignment: f3-1. Starting execution.
[INFO] [1787696371.496785581] [robot5.fragment_exec_node]: Received fragment: {'robot': 'robot6', 'fragment': {'id': 'f3-7', 'mission': 'm3', 'state': 'assigned', 'wait': [], 'tasks': [{'name': 'pick', 'params': {'weight': 2, 'x': 1, 'y': 9}}], 'arrive_timestamp': 1787696369, 'priority': 1, 'segment': 's3', 'preconditions': [], 'postconditions': ['picked-o3-3']}}
[INFO] [1787696371.498757971] [robot5.fragment_exec_node]: Executing task pick. Params: {'weight': 3, 'x': 7, 'y': 3}, Virtual state: {'position': {'x': 0.0, 'y': 0.0, 'z': 0.0}, 'docked': True, 'battery': 100.0, 'conditions': []}
[INFO] [1787696371.499727018] [robot5.fragment_exec_node]: EventType: Control (Task: pick), Activity: undock, Robot: robot5, Mission: m3, Segment: s1, Start: 22388.508833338
[INFO] [1787696371.501866697] [robot5.fragment_exec_node]: Simulating undock skill...
[INFO] [1787696371.503592298] [robot5.fragment_exec_node]: Received fragment: {'robot': 'robot2', 'fragment': {'id': 'f4-4', 'mission': 'm4', 'state': 'assigned', 'wait': [], 'tasks': [{'name': 'pick', 'params': {'weight': 7, 'x': 10, 'y': 4}}], 'arrive_timestamp': 1787696370, 'priority': 1, 'segment': 's2', 'preconditions': [], 'postconditions': ['picked-o2-4']}}
[INFO] [1787696375.504701938] [robot5.fragment_exec_node]: Undock completed!
[INFO] [1787696375.506288933] [robot5.fragment_exec_node]: EventType: Control (Task: pick), Activity: undock, Robot: robot5, Mission: m3, Segment: s1, End: 22392.51525884
[INFO] [1787696375.508894876] [robot5.fragment_exec_node]: EventType: Control (Task: pick), Activity: navigate, Robot: robot5, Mission: m3, Segment: s1, Start: 22392.517013176
[INFO] [1787696375.511034968] [robot5.fragment_exec_node]: Simulating navigate skill from position (0.0, 0.0) to (7, 3) (15.231546211727817 seconds)...
[INFO] [1787696388.468035593] [robot5.fragment_exec_node]: Received fragment: {'robot': 'robot3', 'fragment': {'id': 'f3-5', 'mission': 'm3', 'state': 'assigned', 'wait': ['m3/s2/pick'], 'tasks': [{'name': 'scan', 'params': {'x': 2, 'y': 3}}], 'arrive_timestamp': 1787696369, 'priority': 1, 'segment': 's2', 'preconditions': [], 'postconditions': []}}
[INFO] [1787696390.744821676] [robot5.fragment_exec_node]: Navigation completed!
[INFO] [1787696390.745790777] [robot5.fragment_exec_node]: EventType: Control (Task: pick), Activity: navigate, Robot: robot5, Mission: m3, Segment: s1, End: 22407.755031077
[INFO] [1787696390.746380852] [robot5.fragment_exec_node]: EventType: Task, Activity: pick, Robot: robot5, Mission: m3, Segment: s1, Start: 22407.755921249
[INFO] [1787696390.746845542] [robot5.fragment_exec_node]: Simulating pick skill...
[INFO] [1787696393.751112390] [robot5.fragment_exec_node]: Pick completed!
[INFO] [1787696393.753962695] [robot5.fragment_exec_node]: EventType: Task, Activity: pick, Robot: robot5, Mission: m3, Segment: s1, End: 22410.762395279
[INFO] [1787696393.756273769] [robot5.fragment_exec_node]: Execution of fragment f3-1 completed!
[INFO] [1787696394.477884299] [robot5.fragment_exec_node]: Received fragment: {'robot': 'robot5', 'fragment': {'id': 'f3-2', 'mission': 'm3', 'state': 'assigned', 'wait': ['m3/s1/pick'], 'tasks': [{'name': 'scan', 'params': {'x': 7, 'y': 3}}], 'arrive_timestamp': 1787696369, 'priority': 1, 'segment': 's1', 'preconditions': [], 'postconditions': []}}
[INFO] [1787696394.480649559] [robot5.fragment_exec_node]: Received fragment: {'robot': 'robot3', 'fragment': {'id': 'f3-6', 'mission': 'm3', 'state': 'assigned', 'wait': ['m3/s2/scan'], 'tasks': [{'name': 'transport', 'params': {'x': 11, 'y': 6}}], 'arrive_timestamp': 1787696369, 'priority': 1, 'segment': 's2', 'preconditions': ['picked-o2-3'], 'postconditions': []}}
[INFO] [1787696394.482793651] [robot5.fragment_exec_node]: Received fragment assignment: f3-2. Starting execution.
[INFO] [1787696394.483961303] [robot5.fragment_exec_node]: Waiting for coordination messages before executing fragment f3-2: ['m3/s1/pick']
[INFO] [1787696396.497044572] [robot5.fragment_exec_node]: Received fragment: {'robot': 'robot6', 'fragment': {'id': 'f3-8', 'mission': 'm3', 'state': 'assigned', 'wait': ['m3/s3/pick'], 'tasks': [{'name': 'scan', 'params': {'x': 1, 'y': 9}}], 'arrive_timestamp': 1787696369, 'priority': 1, 'segment': 's3', 'preconditions': [], 'postconditions': []}}
[INFO] [1787696396.497524025] [robot5.fragment_exec_node]: Executing task scan. Params: {'x': 7, 'y': 3}, Virtual state: {'position': {'x': 7, 'y': 3, 'z': 0.0}, 'docked': False, 'battery': 100.0, 'conditions': ['picked-o1-3']}
[INFO] [1787696396.498571417] [robot5.fragment_exec_node]: EventType: Task, Activity: scan, Robot: robot5, Mission: m3, Segment: s1, Start: 22413.507644754
[INFO] [1787696396.499113626] [robot5.fragment_exec_node]: Simulating scan skill...
[INFO] [1787696397.467741283] [robot5.fragment_exec_node]: Received fragment: {'robot': 'robot1', 'fragment': {'id': 'f4-2', 'mission': 'm4', 'state': 'assigned', 'wait': ['m4/s1/pick'], 'tasks': [{'name': 'scan', 'params': {'x': 2, 'y': 8}}], 'arrive_timestamp': 1787696370, 'priority': 1, 'segment': 's1', 'preconditions': [], 'postconditions': []}}
[INFO] [1787696399.502912062] [robot5.fragment_exec_node]: Scan completed!
[INFO] [1787696399.531137537] [robot5.fragment_exec_node]: EventType: Task, Activity: scan, Robot: robot5, Mission: m3, Segment: s1, End: 22416.5139544
[INFO] [1787696399.532241704] [robot5.fragment_exec_node]: Execution of fragment f3-2 completed!
[INFO] [1787696400.484400503] [robot5.fragment_exec_node]: Received fragment: {'robot': 'robot5', 'fragment': {'id': 'f3-3', 'mission': 'm3', 'state': 'assigned', 'wait': ['m3/s1/scan'], 'tasks': [{'name': 'transport', 'params': {'x': 11, 'y': 6}}], 'arrive_timestamp': 1787696369, 'priority': 1, 'segment': 's1', 'preconditions': ['picked-o1-3'], 'postconditions': []}}
[INFO] [1787696400.485321008] [robot5.fragment_exec_node]: Received fragment assignment: f3-3. Starting execution.
[INFO] [1787696400.486249873] [robot5.fragment_exec_node]: Waiting for coordination messages before executing fragment f3-3: ['m3/s1/scan']
[INFO] [1787696402.471527851] [robot5.fragment_exec_node]: Received fragment: {'robot': 'robot6', 'fragment': {'id': 'f1-2', 'mission': 'm1', 'state': 'assigned', 'wait': ['m1/s1/pick'], 'tasks': [{'name': 'scan', 'params': {'x': 5, 'y': 8}}], 'arrive_timestamp': 1787696368, 'priority': 1, 'segment': 's1', 'preconditions': [], 'postconditions': []}}
[INFO] [1787696402.478838807] [robot5.fragment_exec_node]: Received fragment: {'robot': 'robot4', 'fragment': {'id': 'f4-7', 'mission': 'm4', 'state': 'assigned', 'wait': [], 'tasks': [{'name': 'pick', 'params': {'weight': 2, 'x': 9, 'y': 1}}], 'arrive_timestamp': 1787696370, 'priority': 1, 'segment': 's3', 'preconditions': [], 'postconditions': ['picked-o3-4']}}
[INFO] [1787696402.488307568] [robot5.fragment_exec_node]: Executing task transport. Params: {'x': 11, 'y': 6}, Virtual state: {'position': {'x': 7, 'y': 3, 'z': 0.0}, 'docked': False, 'battery': 100.0, 'conditions': ['picked-o1-3']}
[INFO] [1787696402.489146104] [robot5.fragment_exec_node]: EventType: Control (Task: transport), Activity: navigate, Robot: robot5, Mission: m3, Segment: s1, Start: 22419.50515585
[INFO] [1787696402.489868757] [robot5.fragment_exec_node]: Simulating navigate skill from position (7, 3) to (11, 6) (8.246211251235321 seconds)...
[INFO] [1787696403.469674849] [robot5.fragment_exec_node]: Received fragment: {'robot': 'robot1', 'fragment': {'id': 'f4-3', 'mission': 'm4', 'state': 'assigned', 'wait': ['m4/s1/scan'], 'tasks': [{'name': 'transport', 'params': {'x': 11, 'y': 6}}], 'arrive_timestamp': 1787696370, 'priority': 1, 'segment': 's1', 'preconditions': ['picked-o1-4'], 'postconditions': []}}
[INFO] [1787696404.489489092] [robot5.fragment_exec_node]: Received fragment: {'robot': 'robot2', 'fragment': {'id': 'f4-5', 'mission': 'm4', 'state': 'assigned', 'wait': ['m4/s2/pick'], 'tasks': [{'name': 'scan', 'params': {'x': 10, 'y': 4}}], 'arrive_timestamp': 1787696370, 'priority': 1, 'segment': 's2', 'preconditions': [], 'postconditions': []}}
[INFO] [1787696410.464479190] [robot5.fragment_exec_node]: Received fragment: {'robot': 'robot2', 'fragment': {'id': 'f4-6', 'mission': 'm4', 'state': 'assigned', 'wait': ['m4/s2/scan'], 'tasks': [{'name': 'transport', 'params': {'x': 11, 'y': 6}}], 'arrive_timestamp': 1787696370, 'priority': 1, 'segment': 's2', 'preconditions': ['picked-o2-4'], 'postconditions': []}}
[INFO] [1787696410.738404003] [robot5.fragment_exec_node]: Navigation completed!
[INFO] [1787696410.740070003] [robot5.fragment_exec_node]: EventType: Control (Task: transport), Activity: navigate, Robot: robot5, Mission: m3, Segment: s1, End: 22427.755626466
[INFO] [1787696410.741472435] [robot5.fragment_exec_node]: EventType: Task, Activity: transport, Robot: robot5, Mission: m3, Segment: s1, Start: 22427.757180588
[INFO] [1787696410.742503354] [robot5.fragment_exec_node]: Simulating navigate skill from position (11, 6) to (11, 6) (10.0 seconds)...
[INFO] [1787696416.467094530] [robot5.fragment_exec_node]: Received fragment: {'robot': 'robot4', 'fragment': {'id': 'f4-8', 'mission': 'm4', 'state': 'assigned', 'wait': ['m4/s3/pick'], 'tasks': [{'name': 'scan', 'params': {'x': 9, 'y': 1}}], 'arrive_timestamp': 1787696370, 'priority': 1, 'segment': 's3', 'preconditions': [], 'postconditions': []}}
[INFO] [1787696420.746367204] [robot5.fragment_exec_node]: Navigation completed!
[INFO] [1787696420.748262197] [robot5.fragment_exec_node]: EventType: Task, Activity: transport, Robot: robot5, Mission: m3, Segment: s1, End: 22437.763621826
[INFO] [1787696420.750549888] [robot5.fragment_exec_node]: Execution of fragment f3-3 completed!
[INFO] [1787696421.466488338] [robot5.fragment_exec_node]: Received fragment: {'robot': 'robot5', 'fragment': {'id': "f4-10'", 'mission': 'm4', 'state': 'assigned', 'wait': [], 'tasks': [{'name': 'pick', 'params': {'weight': 1, 'x': 2, 'y': 4}}], 'arrive_timestamp': 1787696370, 'priority': 1, 'segment': 's4', 'preconditions': [], 'postconditions': ['picked-o4-4']}}
[INFO] [1787696421.468529248] [robot5.fragment_exec_node]: Received fragment assignment: f4-10'. Starting execution.
[INFO] [1787696421.470320236] [robot5.fragment_exec_node]: Executing task pick. Params: {'weight': 1, 'x': 2, 'y': 4}, Virtual state: {'position': {'x': 11, 'y': 6, 'z': 0.0}, 'docked': False, 'battery': 100.0, 'conditions': ['picked-o1-3']}
[INFO] [1787696421.471919399] [robot5.fragment_exec_node]: EventType: Control (Task: pick), Activity: navigate, Robot: robot5, Mission: m4, Segment: s4, Start: 22438.487469551
[INFO] [1787696421.473426306] [robot5.fragment_exec_node]: Simulating navigate skill from position (11, 6) to (2, 4) (22.80350850198276 seconds)...
[INFO] [1787696422.469307714] [robot5.fragment_exec_node]: Received fragment: {'robot': 'robot4', 'fragment': {'id': 'f4-9', 'mission': 'm4', 'state': 'assigned', 'wait': ['m4/s3/scan'], 'tasks': [{'name': 'transport', 'params': {'x': 11, 'y': 6}}], 'arrive_timestamp': 1787696370, 'priority': 1, 'segment': 's3', 'preconditions': ['picked-o3-4'], 'postconditions': []}}
[INFO] [1787696424.464633747] [robot5.fragment_exec_node]: Received fragment: {'robot': 'robot6', 'fragment': {'id': 'f3-9', 'mission': 'm3', 'state': 'assigned', 'wait': ['m3/s3/scan'], 'tasks': [{'name': 'transport', 'params': {'x': 11, 'y': 6}}], 'arrive_timestamp': 1787696369, 'priority': 1, 'segment': 's3', 'preconditions': ['picked-o3-3'], 'postconditions': []}}
[INFO] [1787696440.469032536] [robot5.fragment_exec_node]: Received fragment: {'robot': 'robot4', 'fragment': {'id': 'f1-3', 'mission': 'm1', 'state': 'assigned', 'wait': ['m1/s1/scan'], 'tasks': [{'name': 'transport', 'params': {'x': 11, 'y': 6}}], 'arrive_timestamp': 1787696368, 'priority': 1, 'segment': 's1', 'preconditions': ['picked-o1-1'], 'postconditions': []}}
[INFO] [1787696444.280396675] [robot5.fragment_exec_node]: Navigation completed!
[INFO] [1787696444.283371237] [robot5.fragment_exec_node]: EventType: Control (Task: pick), Activity: navigate, Robot: robot5, Mission: m4, Segment: s4, End: 22461.299013563
[INFO] [1787696444.285709273] [robot5.fragment_exec_node]: EventType: Task, Activity: pick, Robot: robot5, Mission: m4, Segment: s4, Start: 22461.301820812
[INFO] [1787696444.287426167] [robot5.fragment_exec_node]: Simulating pick skill...
[INFO] [1787696445.291151757] [robot5.fragment_exec_node]: Pick completed!
[INFO] [1787696445.293589643] [robot5.fragment_exec_node]: EventType: Task, Activity: pick, Robot: robot5, Mission: m4, Segment: s4, End: 22462.30976035
[INFO] [1787696445.296421092] [robot5.fragment_exec_node]: Execution of fragment f4-10' completed!
[INFO] [1787696445.494264227] [robot5.fragment_exec_node]: Received fragment: {'robot': 'robot5', 'fragment': {'id': 'f4-11', 'mission': 'm4', 'state': 'assigned', 'wait': ['m4/s4/pick'], 'tasks': [{'name': 'scan', 'params': {'x': 2, 'y': 4}}], 'arrive_timestamp': 1787696370, 'priority': 1, 'segment': 's4', 'preconditions': [], 'postconditions': []}}
[INFO] [1787696445.494930500] [robot5.fragment_exec_node]: Received fragment assignment: f4-11. Starting execution.
[INFO] [1787696445.495676408] [robot5.fragment_exec_node]: Waiting for coordination messages before executing fragment f4-11: ['m4/s4/pick']
[INFO] [1787696447.474967844] [robot5.fragment_exec_node]: Received fragment: {'robot': 'robot3', 'fragment': {'id': 'f3-10', 'mission': 'm3', 'state': 'assigned', 'wait': ['m3/s1/transport', 'm3/s2/transport', 'm3/s3/transport'], 'tasks': [{'name': 'pack', 'params': {'x': 2, 'y': 3, 'items': 3}}], 'arrive_timestamp': 1787696369, 'priority': 1, 'segment': '', 'preconditions': [], 'postconditions': []}}
[INFO] [1787696447.501290473] [robot5.fragment_exec_node]: Executing task scan. Params: {'x': 2, 'y': 4}, Virtual state: {'position': {'x': 2, 'y': 4, 'z': 0.0}, 'docked': False, 'battery': 100.0, 'conditions': ['picked-o1-3', 'picked-o4-4']}
[INFO] [1787696447.517793607] [robot5.fragment_exec_node]: EventType: Task, Activity: scan, Robot: robot5, Mission: m4, Segment: s4, Start: 22464.52024091
[INFO] [1787696447.519268893] [robot5.fragment_exec_node]: Simulating scan skill...
[INFO] [1787696450.523458406] [robot5.fragment_exec_node]: Scan completed!
[INFO] [1787696450.526126700] [robot5.fragment_exec_node]: EventType: Task, Activity: scan, Robot: robot5, Mission: m4, Segment: s4, End: 22467.542348379
[INFO] [1787696450.528407021] [robot5.fragment_exec_node]: Execution of fragment f4-11 completed!
[INFO] [1787696451.472515544] [robot5.fragment_exec_node]: Received fragment: {'robot': 'robot5', 'fragment': {'id': 'f4-12', 'mission': 'm4', 'state': 'assigned', 'wait': ['m4/s4/scan'], 'tasks': [{'name': 'transport', 'params': {'x': 11, 'y': 6}}], 'arrive_timestamp': 1787696370, 'priority': 1, 'segment': 's4', 'preconditions': ['picked-o4-4'], 'postconditions': []}}
[INFO] [1787696451.476227419] [robot5.fragment_exec_node]: Received fragment assignment: f4-12. Starting execution.
[INFO] [1787696451.478104346] [robot5.fragment_exec_node]: Received fragment: {'robot': 'robot2', 'fragment': {'id': 'f1-4', 'mission': 'm1', 'state': 'assigned', 'wait': ['m1/s1/transport'], 'tasks': [{'name': 'pack', 'params': {'x': 11, 'y': 6, 'items': 1}}], 'arrive_timestamp': 1787696368, 'priority': 1, 'segment': '', 'preconditions': [], 'postconditions': []}}
[INFO] [1787696451.479769343] [robot5.fragment_exec_node]: Waiting for coordination messages before executing fragment f4-12: ['m4/s4/scan']
[INFO] [1787696453.485002567] [robot5.fragment_exec_node]: Executing task transport. Params: {'x': 11, 'y': 6}, Virtual state: {'position': {'x': 2, 'y': 4, 'z': 0.0}, 'docked': False, 'battery': 100.0, 'conditions': ['picked-o1-3', 'picked-o4-4']}
[INFO] [1787696453.486603150] [robot5.fragment_exec_node]: EventType: Control (Task: transport), Activity: navigate, Robot: robot5, Mission: m4, Segment: s4, Start: 22470.503180427
[INFO] [1787696453.488545376] [robot5.fragment_exec_node]: Simulating navigate skill from position (2, 4) to (11, 6) (19.697715603592208 seconds)...
[INFO] [1787696473.190171415] [robot5.fragment_exec_node]: Navigation completed!
[INFO] [1787696473.193265428] [robot5.fragment_exec_node]: EventType: Control (Task: transport), Activity: navigate, Robot: robot5, Mission: m4, Segment: s4, End: 22490.208993754
[INFO] [1787696473.196167742] [robot5.fragment_exec_node]: EventType: Task, Activity: transport, Robot: robot5, Mission: m4, Segment: s4, Start: 22490.212052594
[INFO] [1787696473.198386268] [robot5.fragment_exec_node]: Simulating navigate skill from position (11, 6) to (11, 6) (10.0 seconds)...
[INFO] [1787696483.202012312] [robot5.fragment_exec_node]: Navigation completed!
[INFO] [1787696483.204106840] [robot5.fragment_exec_node]: EventType: Task, Activity: transport, Robot: robot5, Mission: m4, Segment: s4, End: 22500.220686019
[INFO] [1787696483.206824179] [robot5.fragment_exec_node]: Execution of fragment f4-12 completed!
[INFO] [1787696483.465094186] [robot5.fragment_exec_node]: Received fragment: {'robot': 'robot5', 'fragment': {'id': 'f4-13', 'mission': 'm4', 'state': 'assigned', 'wait': ['m4/s1/transport', 'm4/s2/transport', 'm4/s3/transport', 'm4/s4/transport'], 'tasks': [{'name': 'pack', 'params': {'x': 11, 'y': 6, 'items': 4}}], 'arrive_timestamp': 1787696370, 'priority': 1, 'segment': '', 'preconditions': [], 'postconditions': []}}
[INFO] [1787696483.467337482] [robot5.fragment_exec_node]: Received fragment assignment: f4-13. Starting execution.
[INFO] [1787696483.469809873] [robot5.fragment_exec_node]: Waiting for coordination messages before executing fragment f4-13: ['m4/s1/transport', 'm4/s2/transport', 'm4/s3/transport', 'm4/s4/transport']
[INFO] [1787696485.474821821] [robot5.fragment_exec_node]: Executing task pack. Params: {'x': 11, 'y': 6, 'items': 4}, Virtual state: {'position': {'x': 11, 'y': 6, 'z': 0.0}, 'docked': False, 'battery': 100.0, 'conditions': ['picked-o1-3', 'picked-o4-4']}
[INFO] [1787696485.477414345] [robot5.fragment_exec_node]: EventType: Task, Activity: pack, Robot: robot5, Mission: m4, Segment: , Start: 22502.493416025
[INFO] [1787696485.480162436] [robot5.fragment_exec_node]: Simulating pack skill...
[INFO] [1787696509.483586199] [robot5.fragment_exec_node]: Packing completed!
[INFO] [1787696509.486465327] [robot5.fragment_exec_node]: EventType: Task, Activity: pack, Robot: robot5, Mission: m4, Segment: , End: 22526.50256861
[INFO] [1787696509.489838316] [robot5.fragment_exec_node]: Execution of fragment f4-13 completed!
Traceback (most recent call last):
  File "/root/ros2_ws/install/multi3_executor/lib/multi3_executor/executor", line 33, in <module>
    sys.exit(load_entry_point('multi3-executor==0.0.0', 'console_scripts', 'executor')())
  File "/root/ros2_ws/install/multi3_executor/lib/python3.10/site-packages/multi3_executor/nodes/executor.py", line 236, in main
    rclpy.shutdown()
  File "/opt/ros/humble/local/lib/python3.10/dist-packages/rclpy/__init__.py", line 130, in shutdown
    _shutdown(context=context)
  File "/opt/ros/humble/local/lib/python3.10/dist-packages/rclpy/utilities.py", line 58, in shutdown
    return context.shutdown()
  File "/opt/ros/humble/local/lib/python3.10/dist-packages/rclpy/context.py", line 102, in shutdown
    self.__context.shutdown()
rclpy._rclpy_pybind11.RCLError: failed to shutdown: rcl_shutdown already called on the given context, at ./src/rcl/init.c:241

--- executor_robot6.log ---
[INFO] [1787696366.901288772] [robot6.fragment_exec_node]: Setting up skill: PickSkill
[INFO] [1787696366.902140489] [robot6.fragment_exec_node]: Setting up skill: ScanSkill
[INFO] [1787696366.902840860] [robot6.fragment_exec_node]: Setting up skill: NavigateSkill
[INFO] [1787696366.903496340] [robot6.fragment_exec_node]: Setting up skill: NavigateSkill
[INFO] [1787696366.904091081] [robot6.fragment_exec_node]: Setting up skill: DockSkill
[INFO] [1787696366.904668960] [robot6.fragment_exec_node]: Setting up skill: UndockSkill
[INFO] [1787696366.905272966] [robot6.fragment_exec_node]: Setting up skill: PackSkill
[INFO] [1787696366.913513605] [robot6.fragment_exec_node]: Published robot registration: {'name': 'robot6', 'operational_state': 'idle', 'capabilities': ['pick', 'scan', 'transport', 'pack'], 'state': {'position': {'x': 0.0, 'y': 0.0, 'z': 0.0}, 'docked': True, 'battery': 100.0, 'conditions': []}}
[INFO] [1787696371.481446191] [robot6.fragment_exec_node]: Received fragment: {'robot': 'robot5', 'fragment': {'id': 'f3-1', 'mission': 'm3', 'state': 'assigned', 'wait': [], 'tasks': [{'name': 'pick', 'params': {'weight': 3, 'x': 7, 'y': 3}}], 'arrive_timestamp': 1787696369, 'priority': 1, 'segment': 's1', 'preconditions': [], 'postconditions': ['picked-o1-3']}}
[INFO] [1787696371.483935148] [robot6.fragment_exec_node]: Received fragment: {'robot': 'robot4', 'fragment': {'id': 'f1-1', 'mission': 'm1', 'state': 'assigned', 'wait': [], 'tasks': [{'name': 'pick', 'params': {'x': 5, 'y': 8, 'weight': 8}}], 'arrive_timestamp': 1787696368, 'priority': 1, 'segment': 's1', 'preconditions': [], 'postconditions': ['picked-o1-1']}}
[INFO] [1787696371.492306616] [robot6.fragment_exec_node]: Received fragment: {'robot': 'robot6', 'fragment': {'id': 'f3-7', 'mission': 'm3', 'state': 'assigned', 'wait': [], 'tasks': [{'name': 'pick', 'params': {'weight': 2, 'x': 1, 'y': 9}}], 'arrive_timestamp': 1787696369, 'priority': 1, 'segment': 's3', 'preconditions': [], 'postconditions': ['picked-o3-3']}}
[INFO] [1787696371.495027452] [robot6.fragment_exec_node]: Received fragment: {'robot': 'robot1', 'fragment': {'id': 'f4-1', 'mission': 'm4', 'state': 'assigned', 'wait': [], 'tasks': [{'name': 'pick', 'params': {'weight': 5, 'x': 2, 'y': 8}}], 'arrive_timestamp': 1787696370, 'priority': 1, 'segment': 's1', 'preconditions': [], 'postconditions': ['picked-o1-4']}}
[INFO] [1787696371.496560141] [robot6.fragment_exec_node]: Received fragment assignment: f3-7. Starting execution.
[INFO] [1787696371.497828807] [robot6.fragment_exec_node]: Executing task pick. Params: {'weight': 2, 'x': 1, 'y': 9}, Virtual state: {'position': {'x': 0.0, 'y': 0.0, 'z': 0.0}, 'docked': True, 'battery': 100.0, 'conditions': []}
[INFO] [1787696371.498703580] [robot6.fragment_exec_node]: Received fragment: {'robot': 'robot3', 'fragment': {'id': 'f3-4', 'mission': 'm3', 'state': 'assigned', 'wait': [], 'tasks': [{'name': 'pick', 'params': {'weight': 5, 'x': 2, 'y': 3}}], 'arrive_timestamp': 1787696369, 'priority': 1, 'segment': 's2', 'preconditions': [], 'postconditions': ['picked-o2-3']}}
[INFO] [1787696371.500442678] [robot6.fragment_exec_node]: EventType: Control (Task: pick), Activity: undock, Robot: robot6, Mission: m3, Segment: s3, Start: 22388.508032576
[INFO] [1787696371.502158492] [robot6.fragment_exec_node]: Received fragment: {'robot': 'robot2', 'fragment': {'id': 'f4-4', 'mission': 'm4', 'state': 'assigned', 'wait': [], 'tasks': [{'name': 'pick', 'params': {'weight': 7, 'x': 10, 'y': 4}}], 'arrive_timestamp': 1787696370, 'priority': 1, 'segment': 's2', 'preconditions': [], 'postconditions': ['picked-o2-4']}}
[INFO] [1787696371.504005877] [robot6.fragment_exec_node]: Simulating undock skill...
[INFO] [1787696375.507657092] [robot6.fragment_exec_node]: Undock completed!
[INFO] [1787696375.509867090] [robot6.fragment_exec_node]: EventType: Control (Task: pick), Activity: undock, Robot: robot6, Mission: m3, Segment: s3, End: 22392.518237615
[INFO] [1787696375.511539854] [robot6.fragment_exec_node]: EventType: Control (Task: pick), Activity: navigate, Robot: robot6, Mission: m3, Segment: s3, Start: 22392.520288986
[INFO] [1787696375.513701294] [robot6.fragment_exec_node]: Simulating navigate skill from position (0.0, 0.0) to (1, 9) (18.110770276274835 seconds)...
[INFO] [1787696388.467964751] [robot6.fragment_exec_node]: Received fragment: {'robot': 'robot3', 'fragment': {'id': 'f3-5', 'mission': 'm3', 'state': 'assigned', 'wait': ['m3/s2/pick'], 'tasks': [{'name': 'scan', 'params': {'x': 2, 'y': 3}}], 'arrive_timestamp': 1787696369, 'priority': 1, 'segment': 's2', 'preconditions': [], 'postconditions': []}}
[INFO] [1787696393.627978306] [robot6.fragment_exec_node]: Navigation completed!
[INFO] [1787696393.630770980] [robot6.fragment_exec_node]: EventType: Control (Task: pick), Activity: navigate, Robot: robot6, Mission: m3, Segment: s3, End: 22410.639035723
[INFO] [1787696393.632542301] [robot6.fragment_exec_node]: EventType: Task, Activity: pick, Robot: robot6, Mission: m3, Segment: s3, Start: 22410.641327517
[INFO] [1787696393.634201247] [robot6.fragment_exec_node]: Simulating pick skill...
[INFO] [1787696394.473630413] [robot6.fragment_exec_node]: Received fragment: {'robot': 'robot5', 'fragment': {'id': 'f3-2', 'mission': 'm3', 'state': 'assigned', 'wait': ['m3/s1/pick'], 'tasks': [{'name': 'scan', 'params': {'x': 7, 'y': 3}}], 'arrive_timestamp': 1787696369, 'priority': 1, 'segment': 's1', 'preconditions': [], 'postconditions': []}}
[INFO] [1787696394.475167261] [robot6.fragment_exec_node]: Received fragment: {'robot': 'robot3', 'fragment': {'id': 'f3-6', 'mission': 'm3', 'state': 'assigned', 'wait': ['m3/s2/scan'], 'tasks': [{'name': 'transport', 'params': {'x': 11, 'y': 6}}], 'arrive_timestamp': 1787696369, 'priority': 1, 'segment': 's2', 'preconditions': ['picked-o2-3'], 'postconditions': []}}
[INFO] [1787696395.637654835] [robot6.fragment_exec_node]: Pick completed!
[INFO] [1787696395.640784978] [robot6.fragment_exec_node]: EventType: Task, Activity: pick, Robot: robot6, Mission: m3, Segment: s3, End: 22412.648689285
[INFO] [1787696395.644075366] [robot6.fragment_exec_node]: Execution of fragment f3-7 completed!
[INFO] [1787696396.467129271] [robot6.fragment_exec_node]: Received fragment: {'robot': 'robot6', 'fragment': {'id': 'f3-8', 'mission': 'm3', 'state': 'assigned', 'wait': ['m3/s3/pick'], 'tasks': [{'name': 'scan', 'params': {'x': 1, 'y': 9}}], 'arrive_timestamp': 1787696369, 'priority': 1, 'segment': 's3', 'preconditions': [], 'postconditions': []}}
[INFO] [1787696396.469605779] [robot6.fragment_exec_node]: Received fragment assignment: f3-8. Starting execution.
[INFO] [1787696396.472095935] [robot6.fragment_exec_node]: Waiting for coordination messages before executing fragment f3-8: ['m3/s3/pick']
[INFO] [1787696397.464552192] [robot6.fragment_exec_node]: Received fragment: {'robot': 'robot1', 'fragment': {'id': 'f4-2', 'mission': 'm4', 'state': 'assigned', 'wait': ['m4/s1/pick'], 'tasks': [{'name': 'scan', 'params': {'x': 2, 'y': 8}}], 'arrive_timestamp': 1787696370, 'priority': 1, 'segment': 's1', 'preconditions': [], 'postconditions': []}}
[INFO] [1787696398.475210517] [robot6.fragment_exec_node]: Executing task scan. Params: {'x': 1, 'y': 9}, Virtual state: {'position': {'x': 1, 'y': 9, 'z': 0.0}, 'docked': False, 'battery': 100.0, 'conditions': ['picked-o3-3']}
[INFO] [1787696398.477733815] [robot6.fragment_exec_node]: EventType: Task, Activity: scan, Robot: robot6, Mission: m3, Segment: s3, Start: 22415.486311213
[INFO] [1787696398.479271249] [robot6.fragment_exec_node]: Simulating scan skill...
[INFO] [1787696400.467155916] [robot6.fragment_exec_node]: Received fragment: {'robot': 'robot5', 'fragment': {'id': 'f3-3', 'mission': 'm3', 'state': 'assigned', 'wait': ['m3/s1/scan'], 'tasks': [{'name': 'transport', 'params': {'x': 11, 'y': 6}}], 'arrive_timestamp': 1787696369, 'priority': 1, 'segment': 's1', 'preconditions': ['picked-o1-3'], 'postconditions': []}}
[INFO] [1787696401.476373903] [robot6.fragment_exec_node]: Scan completed!
[INFO] [1787696401.479243902] [robot6.fragment_exec_node]: EventType: Task, Activity: scan, Robot: robot6, Mission: m3, Segment: s3, End: 22418.493982236
[INFO] [1787696401.482427569] [robot6.fragment_exec_node]: Execution of fragment f3-8 completed!
[INFO] [1787696402.471546969] [robot6.fragment_exec_node]: Received fragment: {'robot': 'robot6', 'fragment': {'id': 'f1-2', 'mission': 'm1', 'state': 'assigned', 'wait': ['m1/s1/pick'], 'tasks': [{'name': 'scan', 'params': {'x': 5, 'y': 8}}], 'arrive_timestamp': 1787696368, 'priority': 1, 'segment': 's1', 'preconditions': [], 'postconditions': []}}
[INFO] [1787696402.478372941] [robot6.fragment_exec_node]: Received fragment: {'robot': 'robot4', 'fragment': {'id': 'f4-7', 'mission': 'm4', 'state': 'assigned', 'wait': [], 'tasks': [{'name': 'pick', 'params': {'weight': 2, 'x': 9, 'y': 1}}], 'arrive_timestamp': 1787696370, 'priority': 1, 'segment': 's3', 'preconditions': [], 'postconditions': ['picked-o3-4']}}
[INFO] [1787696402.480537574] [robot6.fragment_exec_node]: Received fragment assignment: f1-2. Starting execution.
[INFO] [1787696402.481794170] [robot6.fragment_exec_node]: Waiting for coordination messages before executing fragment f1-2: ['m1/s1/pick']
[INFO] [1787696403.465078115] [robot6.fragment_exec_node]: Received fragment: {'robot': 'robot1', 'fragment': {'id': 'f4-3', 'mission': 'm4', 'state': 'assigned', 'wait': ['m4/s1/scan'], 'tasks': [{'name': 'transport', 'params': {'x': 11, 'y': 6}}], 'arrive_timestamp': 1787696370, 'priority': 1, 'segment': 's1', 'preconditions': ['picked-o1-4'], 'postconditions': []}}
[INFO] [1787696404.469304995] [robot6.fragment_exec_node]: Received fragment: {'robot': 'robot2', 'fragment': {'id': 'f4-5', 'mission': 'm4', 'state': 'assigned', 'wait': ['m4/s2/pick'], 'tasks': [{'name': 'scan', 'params': {'x': 10, 'y': 4}}], 'arrive_timestamp': 1787696370, 'priority': 1, 'segment': 's2', 'preconditions': [], 'postconditions': []}}
[INFO] [1787696404.489164346] [robot6.fragment_exec_node]: Executing task scan. Params: {'x': 5, 'y': 8}, Virtual state: {'position': {'x': 1, 'y': 9, 'z': 0.0}, 'docked': False, 'battery': 100.0, 'conditions': ['picked-o3-3']}
[INFO] [1787696404.490306082] [robot6.fragment_exec_node]: EventType: Control (Task: scan), Activity: navigate, Robot: robot6, Mission: m1, Segment: s1, Start: 22421.505994729
[INFO] [1787696404.491105719] [robot6.fragment_exec_node]: Simulating navigate skill from position (1, 9) to (5, 8) (16.1245154965971 seconds)...
[INFO] [1787696410.499095315] [robot6.fragment_exec_node]: Received fragment: {'robot': 'robot2', 'fragment': {'id': 'f4-6', 'mission': 'm4', 'state': 'assigned', 'wait': ['m4/s2/scan'], 'tasks': [{'name': 'transport', 'params': {'x': 11, 'y': 6}}], 'arrive_timestamp': 1787696370, 'priority': 1, 'segment': 's2', 'preconditions': ['picked-o2-4'], 'postconditions': []}}
[INFO] [1787696416.466838007] [robot6.fragment_exec_node]: Received fragment: {'robot': 'robot4', 'fragment': {'id': 'f4-8', 'mission': 'm4', 'state': 'assigned', 'wait': ['m4/s3/pick'], 'tasks': [{'name': 'scan', 'params': {'x': 9, 'y': 1}}], 'arrive_timestamp': 1787696370, 'priority': 1, 'segment': 's3', 'preconditions': [], 'postconditions': []}}
[INFO] [1787696420.619414391] [robot6.fragment_exec_node]: Navigation completed!
[INFO] [1787696420.622287542] [robot6.fragment_exec_node]: EventType: Control (Task: scan), Activity: navigate, Robot: robot6, Mission: m1, Segment: s1, End: 22437.637061294
[INFO] [1787696420.624739879] [robot6.fragment_exec_node]: EventType: Task, Activity: scan, Robot: robot6, Mission: m1, Segment: s1, Start: 22437.63968324
[INFO] [1787696420.626453616] [robot6.fragment_exec_node]: Simulating scan skill...
[INFO] [1787696421.473548719] [robot6.fragment_exec_node]: Received fragment: {'robot': 'robot5', 'fragment': {'id': "f4-10'", 'mission': 'm4', 'state': 'assigned', 'wait': [], 'tasks': [{'name': 'pick', 'params': {'weight': 1, 'x': 2, 'y': 4}}], 'arrive_timestamp': 1787696370, 'priority': 1, 'segment': 's4', 'preconditions': [], 'postconditions': ['picked-o4-4']}}
[INFO] [1787696422.472961789] [robot6.fragment_exec_node]: Received fragment: {'robot': 'robot4', 'fragment': {'id': 'f4-9', 'mission': 'm4', 'state': 'assigned', 'wait': ['m4/s3/scan'], 'tasks': [{'name': 'transport', 'params': {'x': 11, 'y': 6}}], 'arrive_timestamp': 1787696370, 'priority': 1, 'segment': 's3', 'preconditions': ['picked-o3-4'], 'postconditions': []}}
[INFO] [1787696423.633403062] [robot6.fragment_exec_node]: Scan completed!
[INFO] [1787696423.635250552] [robot6.fragment_exec_node]: EventType: Task, Activity: scan, Robot: robot6, Mission: m1, Segment: s1, End: 22440.650589483
[INFO] [1787696423.637540970] [robot6.fragment_exec_node]: Execution of fragment f1-2 completed!
[INFO] [1787696424.467135509] [robot6.fragment_exec_node]: Received fragment: {'robot': 'robot6', 'fragment': {'id': 'f3-9', 'mission': 'm3', 'state': 'assigned', 'wait': ['m3/s3/scan'], 'tasks': [{'name': 'transport', 'params': {'x': 11, 'y': 6}}], 'arrive_timestamp': 1787696369, 'priority': 1, 'segment': 's3', 'preconditions': ['picked-o3-3'], 'postconditions': []}}
[INFO] [1787696424.468522301] [robot6.fragment_exec_node]: Received fragment assignment: f3-9. Starting execution.
[INFO] [1787696424.470236417] [robot6.fragment_exec_node]: Executing task transport. Params: {'x': 11, 'y': 6}, Virtual state: {'position': {'x': 5, 'y': 8, 'z': 0.0}, 'docked': False, 'battery': 100.0, 'conditions': ['picked-o3-3']}
[INFO] [1787696424.471778945] [robot6.fragment_exec_node]: EventType: Control (Task: transport), Activity: navigate, Robot: robot6, Mission: m3, Segment: s3, Start: 22441.487342855
[INFO] [1787696424.473130939] [robot6.fragment_exec_node]: Simulating navigate skill from position (5, 8) to (11, 6) (12.165525060596439 seconds)...
[INFO] [1787696436.641531718] [robot6.fragment_exec_node]: Navigation completed!
[INFO] [1787696436.644842053] [robot6.fragment_exec_node]: EventType: Control (Task: transport), Activity: navigate, Robot: robot6, Mission: m3, Segment: s3, End: 22453.66054261
[INFO] [1787696436.647128771] [robot6.fragment_exec_node]: EventType: Task, Activity: transport, Robot: robot6, Mission: m3, Segment: s3, Start: 22453.663319746
[INFO] [1787696436.648551641] [robot6.fragment_exec_node]: Simulating navigate skill from position (11, 6) to (11, 6) (10.0 seconds)...
[INFO] [1787696440.466225666] [robot6.fragment_exec_node]: Received fragment: {'robot': 'robot4', 'fragment': {'id': 'f1-3', 'mission': 'm1', 'state': 'assigned', 'wait': ['m1/s1/scan'], 'tasks': [{'name': 'transport', 'params': {'x': 11, 'y': 6}}], 'arrive_timestamp': 1787696368, 'priority': 1, 'segment': 's1', 'preconditions': ['picked-o1-1'], 'postconditions': []}}
[INFO] [1787696445.482850685] [robot6.fragment_exec_node]: Received fragment: {'robot': 'robot5', 'fragment': {'id': 'f4-11', 'mission': 'm4', 'state': 'assigned', 'wait': ['m4/s4/pick'], 'tasks': [{'name': 'scan', 'params': {'x': 2, 'y': 4}}], 'arrive_timestamp': 1787696370, 'priority': 1, 'segment': 's4', 'preconditions': [], 'postconditions': []}}
[INFO] [1787696446.652136582] [robot6.fragment_exec_node]: Navigation completed!
[INFO] [1787696446.655341345] [robot6.fragment_exec_node]: EventType: Task, Activity: transport, Robot: robot6, Mission: m3, Segment: s3, End: 22463.670656761
[INFO] [1787696446.658642356] [robot6.fragment_exec_node]: Execution of fragment f3-9 completed!
[INFO] [1787696447.470039703] [robot6.fragment_exec_node]: Received fragment: {'robot': 'robot3', 'fragment': {'id': 'f3-10', 'mission': 'm3', 'state': 'assigned', 'wait': ['m3/s1/transport', 'm3/s2/transport', 'm3/s3/transport'], 'tasks': [{'name': 'pack', 'params': {'x': 2, 'y': 3, 'items': 3}}], 'arrive_timestamp': 1787696369, 'priority': 1, 'segment': '', 'preconditions': [], 'postconditions': []}}
[INFO] [1787696451.475676688] [robot6.fragment_exec_node]: Received fragment: {'robot': 'robot5', 'fragment': {'id': 'f4-12', 'mission': 'm4', 'state': 'assigned', 'wait': ['m4/s4/scan'], 'tasks': [{'name': 'transport', 'params': {'x': 11, 'y': 6}}], 'arrive_timestamp': 1787696370, 'priority': 1, 'segment': 's4', 'preconditions': ['picked-o4-4'], 'postconditions': []}}
[INFO] [1787696451.477503675] [robot6.fragment_exec_node]: Received fragment: {'robot': 'robot2', 'fragment': {'id': 'f1-4', 'mission': 'm1', 'state': 'assigned', 'wait': ['m1/s1/transport'], 'tasks': [{'name': 'pack', 'params': {'x': 11, 'y': 6, 'items': 1}}], 'arrive_timestamp': 1787696368, 'priority': 1, 'segment': '', 'preconditions': [], 'postconditions': []}}
[INFO] [1787696483.466100760] [robot6.fragment_exec_node]: Received fragment: {'robot': 'robot5', 'fragment': {'id': 'f4-13', 'mission': 'm4', 'state': 'assigned', 'wait': ['m4/s1/transport', 'm4/s2/transport', 'm4/s3/transport', 'm4/s4/transport'], 'tasks': [{'name': 'pack', 'params': {'x': 11, 'y': 6, 'items': 4}}], 'arrive_timestamp': 1787696370, 'priority': 1, 'segment': '', 'preconditions': [], 'postconditions': []}}
Traceback (most recent call last):
  File "/root/ros2_ws/install/multi3_executor/lib/multi3_executor/executor", line 33, in <module>
    sys.exit(load_entry_point('multi3-executor==0.0.0', 'console_scripts', 'executor')())
  File "/root/ros2_ws/install/multi3_executor/lib/python3.10/site-packages/multi3_executor/nodes/executor.py", line 234, in main
    executor.spin()
  File "/opt/ros/humble/local/lib/python3.10/dist-packages/rclpy/executors.py", line 323, in spin
    self.spin_once()
  File "/opt/ros/humble/local/lib/python3.10/dist-packages/rclpy/executors.py", line 863, in spin_once
    self._spin_once_impl(timeout_sec)
  File "/opt/ros/humble/local/lib/python3.10/dist-packages/rclpy/executors.py", line 844, in _spin_once_impl
    handler, entity, node = self.wait_for_ready_callbacks(
  File "/opt/ros/humble/local/lib/python3.10/dist-packages/rclpy/executors.py", line 780, in wait_for_ready_callbacks
    return next(self._cb_iter)
  File "/opt/ros/humble/local/lib/python3.10/dist-packages/rclpy/executors.py", line 653, in _wait_for_ready_callbacks
    wait_set = _rclpy.WaitSet(
rclpy._rclpy_pybind11.RCLError: failed to initialize wait set: the given context is not valid, either rcl_init() was not called or rcl_shutdown() was called., at ./src/rcl/wait.c:130
