=== Test: spec: robots=5, missions=[1, 2, 3, 4], strategy=baseline


--- coordinator.log ---
[INFO] [1787694417.792659622] [multi3_coordinator_node]: Assignment strategy parameter: baseline
[INFO] [1787694417.793609912] [multi3_coordinator_node]: Using assignment strategy: baseline
[INFO] [1787694417.800923591] [multi3_coordinator_node]: Coordinator node started.
[INFO] [1787694420.718781582] [multi3_coordinator_node]: Received new robot info: {'name': 'robot1', 'operational_state': 'idle', 'capabilities': ['pick', 'scan', 'transport', 'pack'], 'state': {'position': {'x': 0.0, 'y': 0.0, 'z': 0.0}, 'docked': True, 'battery': 100.0, 'conditions': []}, 'last_heartbeat': 1787694420}
[INFO] [1787694422.713207858] [multi3_coordinator_node]: Received new robot info: {'name': 'robot2', 'operational_state': 'idle', 'capabilities': ['pick', 'scan', 'transport', 'pack'], 'state': {'position': {'x': 0.0, 'y': 0.0, 'z': 0.0}, 'docked': True, 'battery': 100.0, 'conditions': []}, 'last_heartbeat': 1787694422}
[INFO] [1787694425.093838008] [multi3_coordinator_node]: Received new robot info: {'name': 'robot3', 'operational_state': 'idle', 'capabilities': ['pick', 'scan', 'transport', 'pack'], 'state': {'position': {'x': 0.0, 'y': 0.0, 'z': 0.0}, 'docked': True, 'battery': 100.0, 'conditions': []}, 'last_heartbeat': 1787694425}
[INFO] [1787694427.060171130] [multi3_coordinator_node]: Received new robot info: {'name': 'robot4', 'operational_state': 'idle', 'capabilities': ['pick', 'scan', 'transport', 'pack'], 'state': {'position': {'x': 0.0, 'y': 0.0, 'z': 0.0}, 'docked': True, 'battery': 100.0, 'conditions': []}, 'last_heartbeat': 1787694427}
[INFO] [1787694429.060428478] [multi3_coordinator_node]: Received new robot info: {'name': 'robot5', 'operational_state': 'idle', 'capabilities': ['pick', 'scan', 'transport', 'pack'], 'state': {'position': {'x': 0.0, 'y': 0.0, 'z': 0.0}, 'docked': True, 'battery': 100.0, 'conditions': []}, 'last_heartbeat': 1787694429}
[INFO] [1787694430.638274384] [multi3_coordinator_node]: Received mission: {'mission': 'm1', 'priority': 1, 'fragments': [{'id': 'f1-1', 'wait': [], 'tasks': [{'name': 'pick', 'params': {'x': 5, 'y': 8, 'weight': 8}}], 'postconditions': ['picked-o1-1'], 'segment': 's1'}, {'id': 'f1-2', 'wait': ['m1/s1/pick'], 'tasks': [{'name': 'scan', 'params': {'x': 5, 'y': 8}}], 'segment': 's1'}, {'id': 'f1-3', 'wait': ['m1/s1/scan'], 'tasks': [{'name': 'transport', 'params': {'x': 11, 'y': 6}}], 'preconditions': ['picked-o1-1'], 'segment': 's1'}, {'id': 'f1-4', 'wait': ['m1/s1/transport'], 'tasks': [{'name': 'pack', 'params': {'x': 11, 'y': 6, 'items': 1}}], 'segment': ''}]}
[INFO] [1787694430.640212413] [multi3_coordinator_node]: Fragment f1-1 is now executable because all signal messages were received.
[INFO] [1787694431.460072493] [multi3_coordinator_node]: Received mission: {'mission': 'm2', 'priority': 1, 'fragments': [{'id': 'f2-1', 'wait': [], 'tasks': [{'name': 'pick', 'params': {'weight': 5, 'x': 2, 'y': 3}}], 'postconditions': ['picked-o1-2'], 'segment': 's1'}, {'id': 'f2-2', 'wait': ['m2/s1/pick'], 'tasks': [{'name': 'scan', 'params': {'x': 2, 'y': 3}}], 'segment': 's1'}, {'id': 'f2-3', 'wait': ['m2/s1/scan'], 'tasks': [{'name': 'transport', 'params': {'x': 11, 'y': 6}}], 'segment': 's1'}, {'id': 'f2-4', 'wait': [], 'tasks': [{'name': 'pick', 'params': {'weight': 7, 'x': 9, 'y': 5}}], 'postconditions': ['picked-o2-2'], 'segment': 's2'}, {'id': 'f2-5', 'wait': ['m2/s2/pick'], 'tasks': [{'name': 'scan', 'params': {'x': 9, 'y': 5}}], 'segment': 's2'}, {'id': 'f2-6', 'wait': ['m2/s2/scan'], 'tasks': [{'name': 'transport', 'params': {'x': 11, 'y': 6}}], 'preconditions': ['picked-o2-2'], 'segment': 's2'}, {'id': 'f2-7', 'wait': ['m2/s1/transport', 'm2/s2/transport'], 'tasks': [{'name': 'pack', 'params': {'x': 11, 'y': 6, 'items': 2}}], 'segment': ''}]}
[INFO] [1787694431.462221120] [multi3_coordinator_node]: Fragment f2-1 is now executable because all signal messages were received.
[INFO] [1787694431.464226565] [multi3_coordinator_node]: Fragment f2-4 is now executable because all signal messages were received.
[INFO] [1787694432.271516848] [multi3_coordinator_node]: Received mission: {'mission': 'm3', 'priority': 1, 'fragments': [{'id': 'f3-1', 'wait': [], 'tasks': [{'name': 'pick', 'params': {'weight': 3, 'x': 7, 'y': 3}}], 'postconditions': ['picked-o1-3'], 'segment': 's1'}, {'id': 'f3-2', 'wait': ['m3/s1/pick'], 'tasks': [{'name': 'scan', 'params': {'x': 7, 'y': 3}}], 'segment': 's1'}, {'id': 'f3-3', 'wait': ['m3/s1/scan'], 'tasks': [{'name': 'transport', 'params': {'x': 11, 'y': 6}}], 'preconditions': ['picked-o1-3'], 'segment': 's1'}, {'id': 'f3-4', 'wait': [], 'tasks': [{'name': 'pick', 'params': {'weight': 5, 'x': 2, 'y': 3}}], 'postconditions': ['picked-o2-3'], 'segment': 's2'}, {'id': 'f3-5', 'wait': ['m3/s2/pick'], 'tasks': [{'name': 'scan', 'params': {'x': 2, 'y': 3}}], 'segment': 's2'}, {'id': 'f3-6', 'wait': ['m3/s2/scan'], 'tasks': [{'name': 'transport', 'params': {'x': 11, 'y': 6}}], 'preconditions': ['picked-o2-3'], 'segment': 's2'}, {'id': 'f3-7', 'wait': [], 'tasks': [{'name': 'pick', 'params': {'weight': 2, 'x': 1, 'y': 9}}], 'postconditions': ['picked-o3-3'], 'segment': 's3'}, {'id': 'f3-8', 'wait': ['m3/s3/pick'], 'tasks': [{'name': 'scan', 'params': {'x': 1, 'y': 9}}], 'segment': 's3'}, {'id': 'f3-9', 'wait': ['m3/s3/scan'], 'tasks': [{'name': 'transport', 'params': {'x': 11, 'y': 6}}], 'preconditions': ['picked-o3-3'], 'segment': 's3'}, {'id': 'f3-10', 'wait': ['m3/s1/transport', 'm3/s2/transport', 'm3/s3/transport'], 'tasks': [{'name': 'pack', 'params': {'x': 2, 'y': 3, 'items': 3}}], 'segment': ''}]}
[INFO] [1787694432.273797218] [multi3_coordinator_node]: Fragment f3-1 is now executable because all signal messages were received.
[INFO] [1787694432.275356407] [multi3_coordinator_node]: Fragment f3-4 is now executable because all signal messages were received.
[INFO] [1787694432.277008590] [multi3_coordinator_node]: Fragment f3-7 is now executable because all signal messages were received.
[INFO] [1787694433.090962114] [multi3_coordinator_node]: Received mission: {'mission': 'm4', 'priority': 1, 'fragments': [{'id': 'f4-1', 'wait': [], 'tasks': [{'name': 'pick', 'params': {'weight': 5, 'x': 2, 'y': 8}}], 'postconditions': ['picked-o1-4'], 'segment': 's1'}, {'id': 'f4-2', 'wait': ['m4/s1/pick'], 'tasks': [{'name': 'scan', 'params': {'x': 2, 'y': 8}}], 'segment': 's1'}, {'id': 'f4-3', 'wait': ['m4/s1/scan'], 'tasks': [{'name': 'transport', 'params': {'x': 11, 'y': 6}}], 'preconditions': ['picked-o1-4'], 'segment': 's1'}, {'id': 'f4-4', 'wait': [], 'tasks': [{'name': 'pick', 'params': {'weight': 7, 'x': 10, 'y': 4}}], 'postconditions': ['picked-o2-4'], 'segment': 's2'}, {'id': 'f4-5', 'wait': ['m4/s2/pick'], 'tasks': [{'name': 'scan', 'params': {'x': 10, 'y': 4}}], 'segment': 's2'}, {'id': 'f4-6', 'wait': ['m4/s2/scan'], 'tasks': [{'name': 'transport', 'params': {'x': 11, 'y': 6}}], 'preconditions': ['picked-o2-4'], 'segment': 's2'}, {'id': 'f4-7', 'wait': [], 'tasks': [{'name': 'pick', 'params': {'weight': 2, 'x': 9, 'y': 1}}], 'postconditions': ['picked-o3-4'], 'segment': 's3'}, {'id': 'f4-8', 'wait': ['m4/s3/pick'], 'tasks': [{'name': 'scan', 'params': {'x': 9, 'y': 1}}], 'segment': 's3'}, {'id': 'f4-9', 'wait': ['m4/s3/scan'], 'tasks': [{'name': 'transport', 'params': {'x': 11, 'y': 6}}], 'preconditions': ['picked-o3-4'], 'segment': 's3'}, {'id': "f4-10'", 'wait': [], 'tasks': [{'name': 'pick', 'params': {'weight': 1, 'x': 2, 'y': 4}}], 'postconditions': ['picked-o4-4'], 'segment': 's4'}, {'id': 'f4-11', 'wait': ['m4/s4/pick'], 'tasks': [{'name': 'scan', 'params': {'x': 2, 'y': 4}}], 'segment': 's4'}, {'id': 'f4-12', 'wait': ['m4/s4/scan'], 'tasks': [{'name': 'transport', 'params': {'x': 11, 'y': 6}}], 'preconditions': ['picked-o4-4'], 'segment': 's4'}, {'id': 'f4-13', 'wait': ['m4/s1/transport', 'm4/s2/transport', 'm4/s3/transport', 'm4/s4/transport'], 'tasks': [{'name': 'pack', 'params': {'x': 11, 'y': 6, 'items': 4}}], 'segment': ''}]}
[INFO] [1787694433.092865695] [multi3_coordinator_node]: Fragment f4-1 is now executable because all signal messages were received.
[INFO] [1787694433.094572612] [multi3_coordinator_node]: Fragment f4-4 is now executable because all signal messages were received.
[INFO] [1787694433.096822380] [multi3_coordinator_node]: Fragment f4-7 is now executable because all signal messages were received.
[INFO] [1787694433.098077575] [multi3_coordinator_node]: Fragment f4-10' is now executable because all signal messages were received.
[INFO] [1787694433.396889108] [multi3_coordinator_node]: Execution start signal received. Starting fragment assignment.
[INFO] [1787694434.404425967] [multi3_coordinator_node]: Assigned fragment f1-1 to robot robot5.
[INFO] [1787694434.407976398] [multi3_coordinator_node]: Assigned fragment f2-1 to robot robot4.
[INFO] [1787694434.411141272] [multi3_coordinator_node]: Assigned fragment f2-4 to robot robot3.
[INFO] [1787694434.413899040] [multi3_coordinator_node]: Assigned fragment f3-1 to robot robot1.
[INFO] [1787694434.415975779] [multi3_coordinator_node]: Assigned fragment f3-4 to robot robot2.
[INFO] [1787694434.436217878] [multi3_coordinator_node]: Received robot state update: {'operational_state': 'working', 'current_assigned_fragment': 'f3-1', 'conditions': [], 'state': {'position': {'x': 0.0, 'y': 0.0, 'z': 0.0}, 'docked': True, 'battery': 100.0, 'conditions': []}}
[INFO] [1787694434.438667494] [multi3_coordinator_node]: Received robot state update: {'operational_state': 'working', 'current_assigned_fragment': 'f1-1', 'conditions': [], 'state': {'position': {'x': 0.0, 'y': 0.0, 'z': 0.0}, 'docked': True, 'battery': 100.0, 'conditions': []}}
[INFO] [1787694434.440039220] [multi3_coordinator_node]: Received robot state update: {'operational_state': 'working', 'current_assigned_fragment': 'f2-4', 'conditions': [], 'state': {'position': {'x': 0.0, 'y': 0.0, 'z': 0.0}, 'docked': True, 'battery': 100.0, 'conditions': []}}
[INFO] [1787694434.444108510] [multi3_coordinator_node]: Received robot state update: {'operational_state': 'working', 'current_assigned_fragment': 'f3-4', 'conditions': [], 'state': {'position': {'x': 0.0, 'y': 0.0, 'z': 0.0}, 'docked': True, 'battery': 100.0, 'conditions': []}}
[INFO] [1787694434.445345483] [multi3_coordinator_node]: Received robot state update: {'operational_state': 'working', 'current_assigned_fragment': 'f2-1', 'conditions': [], 'state': {'position': {'x': 0.0, 'y': 0.0, 'z': 0.0}, 'docked': True, 'battery': 100.0, 'conditions': []}}
[INFO] [1787694450.682173297] [multi3_coordinator_node]: Fragment f3-5 is now executable because all signal messages were received.
[INFO] [1787694450.684297522] [multi3_coordinator_node]: Received coordination message: {'robot_name': 'robot2', 'completed_task': 'm3/s2/pick'}
[INFO] [1787694450.686642523] [multi3_coordinator_node]: Received robot state update: {'operational_state': 'idle', 'current_assigned_fragment': None, 'conditions': ['picked-o2-3'], 'state': {'position': {'x': 2, 'y': 3, 'z': 0.0}, 'docked': False, 'battery': 100.0, 'conditions': ['picked-o2-3']}}
[INFO] [1787694450.688226821] [multi3_coordinator_node]: Fragment f2-2 is now executable because all signal messages were received.
[INFO] [1787694450.689469941] [multi3_coordinator_node]: Received coordination message: {'robot_name': 'robot4', 'completed_task': 'm2/s1/pick'}
[INFO] [1787694450.691371744] [multi3_coordinator_node]: Received robot state update: {'operational_state': 'idle', 'current_assigned_fragment': None, 'conditions': ['picked-o1-2'], 'state': {'position': {'x': 2, 'y': 3, 'z': 0.0}, 'docked': False, 'battery': 100.0, 'conditions': ['picked-o1-2']}}
[INFO] [1787694450.692538996] [multi3_coordinator_node]: Received coordination message: {'robot_name': 'robot2', 'completed_fragment': 'f3-4', 'state': {'position': {'x': 2, 'y': 3, 'z': 0.0}, 'docked': False, 'battery': 100.0, 'conditions': ['picked-o2-3']}}
[INFO] [1787694450.694087927] [multi3_coordinator_node]: Received coordination message: {'robot_name': 'robot4', 'completed_fragment': 'f2-1', 'state': {'position': {'x': 2, 'y': 3, 'z': 0.0}, 'docked': False, 'battery': 100.0, 'conditions': ['picked-o1-2']}}
[INFO] [1787694451.403615448] [multi3_coordinator_node]: Assigned fragment f2-2 to robot robot2.
[INFO] [1787694451.408185134] [multi3_coordinator_node]: Assigned fragment f3-5 to robot robot4.
[INFO] [1787694451.421612032] [multi3_coordinator_node]: Received robot state update: {'operational_state': 'working', 'current_assigned_fragment': 'f3-5', 'conditions': ['picked-o1-2'], 'state': {'position': {'x': 2, 'y': 3, 'z': 0.0}, 'docked': False, 'battery': 100.0, 'conditions': ['picked-o1-2']}}
[INFO] [1787694451.423181325] [multi3_coordinator_node]: Received robot state update: {'operational_state': 'working', 'current_assigned_fragment': 'f2-2', 'conditions': ['picked-o2-3'], 'state': {'position': {'x': 2, 'y': 3, 'z': 0.0}, 'docked': False, 'battery': 100.0, 'conditions': ['picked-o2-3']}}
[INFO] [1787694456.440508354] [multi3_coordinator_node]: Fragment f3-6 is now executable because all signal messages were received.
[INFO] [1787694456.442531376] [multi3_coordinator_node]: Received coordination message: {'robot_name': 'robot4', 'completed_task': 'm3/s2/scan'}
[INFO] [1787694456.444680522] [multi3_coordinator_node]: Received robot state update: {'operational_state': 'idle', 'current_assigned_fragment': None, 'conditions': ['picked-o1-2'], 'state': {'position': {'x': 2, 'y': 3, 'z': 0.0}, 'docked': False, 'battery': 100.0, 'conditions': ['picked-o1-2']}}
[INFO] [1787694456.446246609] [multi3_coordinator_node]: Fragment f2-3 is now executable because all signal messages were received.
[INFO] [1787694456.447478202] [multi3_coordinator_node]: Received coordination message: {'robot_name': 'robot2', 'completed_task': 'm2/s1/scan'}
[INFO] [1787694456.449420722] [multi3_coordinator_node]: Received robot state update: {'operational_state': 'idle', 'current_assigned_fragment': None, 'conditions': ['picked-o2-3'], 'state': {'position': {'x': 2, 'y': 3, 'z': 0.0}, 'docked': False, 'battery': 100.0, 'conditions': ['picked-o2-3']}}
[INFO] [1787694456.450635218] [multi3_coordinator_node]: Received coordination message: {'robot_name': 'robot4', 'completed_fragment': 'f3-5', 'state': {'position': {'x': 2, 'y': 3, 'z': 0.0}, 'docked': False, 'battery': 100.0, 'conditions': ['picked-o1-2']}}
[INFO] [1787694456.452194027] [multi3_coordinator_node]: Received coordination message: {'robot_name': 'robot2', 'completed_fragment': 'f2-2', 'state': {'position': {'x': 2, 'y': 3, 'z': 0.0}, 'docked': False, 'battery': 100.0, 'conditions': ['picked-o2-3']}}
[INFO] [1787694456.700668730] [multi3_coordinator_node]: Fragment f3-2 is now executable because all signal messages were received.
[INFO] [1787694456.702495597] [multi3_coordinator_node]: Received coordination message: {'robot_name': 'robot1', 'completed_task': 'm3/s1/pick'}
[INFO] [1787694456.705071542] [multi3_coordinator_node]: Received robot state update: {'operational_state': 'idle', 'current_assigned_fragment': None, 'conditions': ['picked-o1-3'], 'state': {'position': {'x': 7, 'y': 3, 'z': 0.0}, 'docked': False, 'battery': 100.0, 'conditions': ['picked-o1-3']}}
[INFO] [1787694456.706605526] [multi3_coordinator_node]: Received coordination message: {'robot_name': 'robot1', 'completed_fragment': 'f3-1', 'state': {'position': {'x': 7, 'y': 3, 'z': 0.0}, 'docked': False, 'battery': 100.0, 'conditions': ['picked-o1-3']}}
[INFO] [1787694457.402338395] [multi3_coordinator_node]: Assigned fragment f2-3 to robot robot1.
[INFO] [1787694457.406301654] [multi3_coordinator_node]: Assigned fragment f3-2 to robot robot4.
[INFO] [1787694457.408885087] [multi3_coordinator_node]: Assigned fragment f3-6 to robot robot2.
[INFO] [1787694457.429045185] [multi3_coordinator_node]: Received robot state update: {'operational_state': 'working', 'current_assigned_fragment': 'f2-3', 'conditions': ['picked-o1-3'], 'state': {'position': {'x': 7, 'y': 3, 'z': 0.0}, 'docked': False, 'battery': 100.0, 'conditions': ['picked-o1-3']}}
[INFO] [1787694457.431715426] [multi3_coordinator_node]: Received robot state update: {'operational_state': 'working', 'current_assigned_fragment': 'f3-6', 'conditions': ['picked-o2-3'], 'state': {'position': {'x': 2, 'y': 3, 'z': 0.0}, 'docked': False, 'battery': 100.0, 'conditions': ['picked-o2-3']}}
[INFO] [1787694457.432823696] [multi3_coordinator_node]: Received robot state update: {'operational_state': 'working', 'current_assigned_fragment': 'f3-2', 'conditions': ['picked-o1-2'], 'state': {'position': {'x': 2, 'y': 3, 'z': 0.0}, 'docked': False, 'battery': 100.0, 'conditions': ['picked-o1-2']}}
[INFO] [1787694465.336324486] [multi3_coordinator_node]: Fragment f1-2 is now executable because all signal messages were received.
[INFO] [1787694465.338315264] [multi3_coordinator_node]: Received coordination message: {'robot_name': 'robot5', 'completed_task': 'm1/s1/pick'}
[INFO] [1787694465.340712616] [multi3_coordinator_node]: Received robot state update: {'operational_state': 'idle', 'current_assigned_fragment': None, 'conditions': ['picked-o1-1'], 'state': {'position': {'x': 5, 'y': 8, 'z': 0.0}, 'docked': False, 'battery': 100.0, 'conditions': ['picked-o1-1']}}
[INFO] [1787694465.342682540] [multi3_coordinator_node]: Received coordination message: {'robot_name': 'robot5', 'completed_fragment': 'f1-1', 'state': {'position': {'x': 5, 'y': 8, 'z': 0.0}, 'docked': False, 'battery': 100.0, 'conditions': ['picked-o1-1']}}
[INFO] [1787694465.403562090] [multi3_coordinator_node]: Assigned fragment f1-2 to robot robot5.
[INFO] [1787694465.453727498] [multi3_coordinator_node]: Received robot state update: {'operational_state': 'working', 'current_assigned_fragment': 'f1-2', 'conditions': ['picked-o1-1'], 'state': {'position': {'x': 5, 'y': 8, 'z': 0.0}, 'docked': False, 'battery': 100.0, 'conditions': ['picked-o1-1']}}
[INFO] [1787694466.059325963] [multi3_coordinator_node]: Fragment f2-5 is now executable because all signal messages were received.
[INFO] [1787694466.061322767] [multi3_coordinator_node]: Received coordination message: {'robot_name': 'robot3', 'completed_task': 'm2/s2/pick'}
[INFO] [1787694466.063498703] [multi3_coordinator_node]: Received robot state update: {'operational_state': 'idle', 'current_assigned_fragment': None, 'conditions': ['picked-o2-2'], 'state': {'position': {'x': 9, 'y': 5, 'z': 0.0}, 'docked': False, 'battery': 100.0, 'conditions': ['picked-o2-2']}}
[INFO] [1787694466.064890167] [multi3_coordinator_node]: Received coordination message: {'robot_name': 'robot3', 'completed_fragment': 'f2-4', 'state': {'position': {'x': 9, 'y': 5, 'z': 0.0}, 'docked': False, 'battery': 100.0, 'conditions': ['picked-o2-2']}}
[INFO] [1787694466.403674465] [multi3_coordinator_node]: Assigned fragment f2-5 to robot robot3.
[INFO] [1787694466.413044650] [multi3_coordinator_node]: Received robot state update: {'operational_state': 'working', 'current_assigned_fragment': 'f2-5', 'conditions': ['picked-o2-2'], 'state': {'position': {'x': 9, 'y': 5, 'z': 0.0}, 'docked': False, 'battery': 100.0, 'conditions': ['picked-o2-2']}}
[INFO] [1787694470.470629826] [multi3_coordinator_node]: Fragment f1-3 is now executable because all signal messages were received.
[INFO] [1787694470.472409124] [multi3_coordinator_node]: Received coordination message: {'robot_name': 'robot5', 'completed_task': 'm1/s1/scan'}
[INFO] [1787694470.474591875] [multi3_coordinator_node]: Received robot state update: {'operational_state': 'idle', 'current_assigned_fragment': None, 'conditions': ['picked-o1-1'], 'state': {'position': {'x': 5, 'y': 8, 'z': 0.0}, 'docked': False, 'battery': 100.0, 'conditions': ['picked-o1-1']}}
[INFO] [1787694470.476246689] [multi3_coordinator_node]: Received coordination message: {'robot_name': 'robot5', 'completed_fragment': 'f1-2', 'state': {'position': {'x': 5, 'y': 8, 'z': 0.0}, 'docked': False, 'battery': 100.0, 'conditions': ['picked-o1-1']}}
[INFO] [1787694471.403079810] [multi3_coordinator_node]: Assigned fragment f1-3 to robot robot5.
[INFO] [1787694471.418629957] [multi3_coordinator_node]: Received robot state update: {'operational_state': 'working', 'current_assigned_fragment': 'f1-3', 'conditions': ['picked-o1-1'], 'state': {'position': {'x': 5, 'y': 8, 'z': 0.0}, 'docked': False, 'battery': 100.0, 'conditions': ['picked-o1-1']}}
[INFO] [1787694471.428634359] [multi3_coordinator_node]: Fragment f2-6 is now executable because all signal messages were received.
[INFO] [1787694471.429707332] [multi3_coordinator_node]: Received coordination message: {'robot_name': 'robot3', 'completed_task': 'm2/s2/scan'}
[INFO] [1787694471.431177483] [multi3_coordinator_node]: Received robot state update: {'operational_state': 'idle', 'current_assigned_fragment': None, 'conditions': ['picked-o2-2'], 'state': {'position': {'x': 9, 'y': 5, 'z': 0.0}, 'docked': False, 'battery': 100.0, 'conditions': ['picked-o2-2']}}
[INFO] [1787694471.432296173] [multi3_coordinator_node]: Received coordination message: {'robot_name': 'robot3', 'completed_fragment': 'f2-5', 'state': {'position': {'x': 9, 'y': 5, 'z': 0.0}, 'docked': False, 'battery': 100.0, 'conditions': ['picked-o2-2']}}
[INFO] [1787694472.403712480] [multi3_coordinator_node]: Assigned fragment f2-6 to robot robot3.
[INFO] [1787694472.416246123] [multi3_coordinator_node]: Received robot state update: {'operational_state': 'working', 'current_assigned_fragment': 'f2-6', 'conditions': ['picked-o2-2'], 'state': {'position': {'x': 9, 'y': 5, 'z': 0.0}, 'docked': False, 'battery': 100.0, 'conditions': ['picked-o2-2']}}
[INFO] [1787694472.649334535] [multi3_coordinator_node]: Fragment f3-3 is now executable because all signal messages were received.
[INFO] [1787694472.649941020] [multi3_coordinator_node]: Received coordination message: {'robot_name': 'robot4', 'completed_task': 'm3/s1/scan'}
[INFO] [1787694472.650724754] [multi3_coordinator_node]: Received robot state update: {'operational_state': 'idle', 'current_assigned_fragment': None, 'conditions': ['picked-o1-2'], 'state': {'position': {'x': 7, 'y': 3, 'z': 0.0}, 'docked': False, 'battery': 100.0, 'conditions': ['picked-o1-2']}}
[INFO] [1787694472.651305900] [multi3_coordinator_node]: Received coordination message: {'robot_name': 'robot4', 'completed_fragment': 'f3-2', 'state': {'position': {'x': 7, 'y': 3, 'z': 0.0}, 'docked': False, 'battery': 100.0, 'conditions': ['picked-o1-2']}}
[INFO] [1787694473.403498801] [multi3_coordinator_node]: Assigned fragment f3-7 to robot robot4.
[INFO] [1787694473.420170334] [multi3_coordinator_node]: Received robot state update: {'operational_state': 'working', 'current_assigned_fragment': 'f3-7', 'conditions': ['picked-o1-2'], 'state': {'position': {'x': 7, 'y': 3, 'z': 0.0}, 'docked': False, 'battery': 100.0, 'conditions': ['picked-o1-2']}}
[INFO] [1787694477.701591555] [multi3_coordinator_node]: Received coordination message: {'robot_name': 'robot1', 'completed_task': 'm2/s1/transport'}
[INFO] [1787694477.703491012] [multi3_coordinator_node]: Received robot state update: {'operational_state': 'idle', 'current_assigned_fragment': None, 'conditions': ['picked-o1-3'], 'state': {'position': {'x': 11, 'y': 6, 'z': 0.0}, 'docked': False, 'battery': 100.0, 'conditions': ['picked-o1-3']}}
[INFO] [1787694477.704676724] [multi3_coordinator_node]: Received coordination message: {'robot_name': 'robot1', 'completed_fragment': 'f2-3', 'state': {'position': {'x': 11, 'y': 6, 'z': 0.0}, 'docked': False, 'battery': 100.0, 'conditions': ['picked-o1-3']}}
[INFO] [1787694478.403533859] [multi3_coordinator_node]: Assigned fragment f3-3 to robot robot1.
[INFO] [1787694478.430027022] [multi3_coordinator_node]: Received robot state update: {'operational_state': 'working', 'current_assigned_fragment': 'f3-3', 'conditions': ['picked-o1-3'], 'state': {'position': {'x': 11, 'y': 6, 'z': 0.0}, 'docked': False, 'battery': 100.0, 'conditions': ['picked-o1-3']}}
[INFO] [1787694488.094401646] [multi3_coordinator_node]: Fragment f3-8 is now executable because all signal messages were received.
[INFO] [1787694488.096386972] [multi3_coordinator_node]: Received coordination message: {'robot_name': 'robot4', 'completed_task': 'm3/s3/pick'}
[INFO] [1787694488.098850574] [multi3_coordinator_node]: Received robot state update: {'operational_state': 'idle', 'current_assigned_fragment': None, 'conditions': ['picked-o1-2', 'picked-o3-3'], 'state': {'position': {'x': 1, 'y': 9, 'z': 0.0}, 'docked': False, 'battery': 100.0, 'conditions': ['picked-o1-2', 'picked-o3-3']}}
[INFO] [1787694488.101132962] [multi3_coordinator_node]: Received coordination message: {'robot_name': 'robot4', 'completed_fragment': 'f3-7', 'state': {'position': {'x': 1, 'y': 9, 'z': 0.0}, 'docked': False, 'battery': 100.0, 'conditions': ['picked-o1-2', 'picked-o3-3']}}
[INFO] [1787694488.403496663] [multi3_coordinator_node]: Assigned fragment f3-8 to robot robot4.
[INFO] [1787694488.414324189] [multi3_coordinator_node]: Received robot state update: {'operational_state': 'working', 'current_assigned_fragment': 'f3-8', 'conditions': ['picked-o1-2', 'picked-o3-3'], 'state': {'position': {'x': 1, 'y': 9, 'z': 0.0}, 'docked': False, 'battery': 100.0, 'conditions': ['picked-o1-2', 'picked-o3-3']}}
[INFO] [1787694488.434338154] [multi3_coordinator_node]: Received coordination message: {'robot_name': 'robot1', 'completed_task': 'm3/s1/transport'}
[INFO] [1787694488.435438796] [multi3_coordinator_node]: Received robot state update: {'operational_state': 'idle', 'current_assigned_fragment': None, 'conditions': ['picked-o1-3'], 'state': {'position': {'x': 11, 'y': 6, 'z': 0.0}, 'docked': False, 'battery': 100.0, 'conditions': ['picked-o1-3']}}
[INFO] [1787694488.436358780] [multi3_coordinator_node]: Received coordination message: {'robot_name': 'robot1', 'completed_fragment': 'f3-3', 'state': {'position': {'x': 11, 'y': 6, 'z': 0.0}, 'docked': False, 'battery': 100.0, 'conditions': ['picked-o1-3']}}
[INFO] [1787694489.160363333] [multi3_coordinator_node]: Received coordination message: {'robot_name': 'robot2', 'completed_task': 'm3/s2/transport'}
[INFO] [1787694489.163087614] [multi3_coordinator_node]: Received robot state update: {'operational_state': 'idle', 'current_assigned_fragment': None, 'conditions': ['picked-o2-3'], 'state': {'position': {'x': 11, 'y': 6, 'z': 0.0}, 'docked': False, 'battery': 100.0, 'conditions': ['picked-o2-3']}}
[INFO] [1787694489.164608641] [multi3_coordinator_node]: Received coordination message: {'robot_name': 'robot2', 'completed_fragment': 'f3-6', 'state': {'position': {'x': 11, 'y': 6, 'z': 0.0}, 'docked': False, 'battery': 100.0, 'conditions': ['picked-o2-3']}}
[INFO] [1787694489.403248231] [multi3_coordinator_node]: Assigned fragment f4-1 to robot robot2.
[INFO] [1787694489.407608295] [multi3_coordinator_node]: Assigned fragment f4-4 to robot robot1.
[INFO] [1787694489.423143834] [multi3_coordinator_node]: Received robot state update: {'operational_state': 'working', 'current_assigned_fragment': 'f4-4', 'conditions': ['picked-o1-3'], 'state': {'position': {'x': 11, 'y': 6, 'z': 0.0}, 'docked': False, 'battery': 100.0, 'conditions': ['picked-o1-3']}}
[INFO] [1787694489.424778447] [multi3_coordinator_node]: Received robot state update: {'operational_state': 'working', 'current_assigned_fragment': 'f4-1', 'conditions': ['picked-o2-3'], 'state': {'position': {'x': 11, 'y': 6, 'z': 0.0}, 'docked': False, 'battery': 100.0, 'conditions': ['picked-o2-3']}}
[INFO] [1787694489.650416995] [multi3_coordinator_node]: Fragment f2-7 is now executable because all signal messages were received.
[INFO] [1787694489.652281747] [multi3_coordinator_node]: Received coordination message: {'robot_name': 'robot3', 'completed_task': 'm2/s2/transport'}
[INFO] [1787694489.654527666] [multi3_coordinator_node]: Received robot state update: {'operational_state': 'idle', 'current_assigned_fragment': None, 'conditions': ['picked-o2-2'], 'state': {'position': {'x': 11, 'y': 6, 'z': 0.0}, 'docked': False, 'battery': 100.0, 'conditions': ['picked-o2-2']}}
[INFO] [1787694489.656205917] [multi3_coordinator_node]: Received coordination message: {'robot_name': 'robot3', 'completed_fragment': 'f2-6', 'state': {'position': {'x': 11, 'y': 6, 'z': 0.0}, 'docked': False, 'battery': 100.0, 'conditions': ['picked-o2-2']}}
[INFO] [1787694490.403493720] [multi3_coordinator_node]: Assigned fragment f2-7 to robot robot3.
[INFO] [1787694490.415134992] [multi3_coordinator_node]: Received robot state update: {'operational_state': 'working', 'current_assigned_fragment': 'f2-7', 'conditions': ['picked-o2-2'], 'state': {'position': {'x': 11, 'y': 6, 'z': 0.0}, 'docked': False, 'battery': 100.0, 'conditions': ['picked-o2-2']}}
[INFO] [1787694493.432610510] [multi3_coordinator_node]: Fragment f3-9 is now executable because all signal messages were received.
[INFO] [1787694493.434200714] [multi3_coordinator_node]: Received coordination message: {'robot_name': 'robot4', 'completed_task': 'm3/s3/scan'}
[INFO] [1787694493.436290252] [multi3_coordinator_node]: Received robot state update: {'operational_state': 'idle', 'current_assigned_fragment': None, 'conditions': ['picked-o1-2', 'picked-o3-3'], 'state': {'position': {'x': 1, 'y': 9, 'z': 0.0}, 'docked': False, 'battery': 100.0, 'conditions': ['picked-o1-2', 'picked-o3-3']}}
[INFO] [1787694493.437680142] [multi3_coordinator_node]: Received coordination message: {'robot_name': 'robot4', 'completed_fragment': 'f3-8', 'state': {'position': {'x': 1, 'y': 9, 'z': 0.0}, 'docked': False, 'battery': 100.0, 'conditions': ['picked-o1-2', 'picked-o3-3']}}
[INFO] [1787694494.403130036] [multi3_coordinator_node]: Assigned fragment f3-9 to robot robot4.
[INFO] [1787694494.416275622] [multi3_coordinator_node]: Received robot state update: {'operational_state': 'working', 'current_assigned_fragment': 'f3-9', 'conditions': ['picked-o1-2', 'picked-o3-3'], 'state': {'position': {'x': 1, 'y': 9, 'z': 0.0}, 'docked': False, 'battery': 100.0, 'conditions': ['picked-o1-2', 'picked-o3-3']}}
[INFO] [1787694495.609118470] [multi3_coordinator_node]: Fragment f1-4 is now executable because all signal messages were received.
[INFO] [1787694495.610994043] [multi3_coordinator_node]: Received coordination message: {'robot_name': 'robot5', 'completed_task': 'm1/s1/transport'}
[INFO] [1787694495.613601444] [multi3_coordinator_node]: Received robot state update: {'operational_state': 'idle', 'current_assigned_fragment': None, 'conditions': ['picked-o1-1'], 'state': {'position': {'x': 11, 'y': 6, 'z': 0.0}, 'docked': False, 'battery': 100.0, 'conditions': ['picked-o1-1']}}
[INFO] [1787694495.615224859] [multi3_coordinator_node]: Received coordination message: {'robot_name': 'robot5', 'completed_fragment': 'f1-3', 'state': {'position': {'x': 11, 'y': 6, 'z': 0.0}, 'docked': False, 'battery': 100.0, 'conditions': ['picked-o1-1']}}
[INFO] [1787694496.403451116] [multi3_coordinator_node]: Assigned fragment f1-4 to robot robot5.
[INFO] [1787694496.424933703] [multi3_coordinator_node]: Received robot state update: {'operational_state': 'working', 'current_assigned_fragment': 'f1-4', 'conditions': ['picked-o1-1'], 'state': {'position': {'x': 11, 'y': 6, 'z': 0.0}, 'docked': False, 'battery': 100.0, 'conditions': ['picked-o1-1']}}
[INFO] [1787694502.426123870] [multi3_coordinator_node]: Received coordination message: {'robot_name': 'robot3', 'completed_task': 'm2//pack'}
[INFO] [1787694502.428621953] [multi3_coordinator_node]: Received robot state update: {'operational_state': 'idle', 'current_assigned_fragment': None, 'conditions': ['picked-o2-2'], 'state': {'position': {'x': 11, 'y': 6, 'z': 0.0}, 'docked': False, 'battery': 100.0, 'conditions': ['picked-o2-2']}}
[INFO] [1787694502.430238547] [multi3_coordinator_node]: Received coordination message: {'robot_name': 'robot3', 'completed_fragment': 'f2-7', 'state': {'position': {'x': 11, 'y': 6, 'z': 0.0}, 'docked': False, 'battery': 100.0, 'conditions': ['picked-o2-2']}}
[INFO] [1787694502.432863512] [multi3_coordinator_node]: Received coordination message: {'robot_name': 'robot5', 'completed_task': 'm1//pack'}
[INFO] [1787694502.434728250] [multi3_coordinator_node]: Received robot state update: {'operational_state': 'idle', 'current_assigned_fragment': None, 'conditions': ['picked-o1-1'], 'state': {'position': {'x': 11, 'y': 6, 'z': 0.0}, 'docked': False, 'battery': 100.0, 'conditions': ['picked-o1-1']}}
[INFO] [1787694502.436046274] [multi3_coordinator_node]: Received coordination message: {'robot_name': 'robot5', 'completed_fragment': 'f1-4', 'state': {'position': {'x': 11, 'y': 6, 'z': 0.0}, 'docked': False, 'battery': 100.0, 'conditions': ['picked-o1-1']}}
[INFO] [1787694503.404001516] [multi3_coordinator_node]: Assigned fragment f4-7 to robot robot3.
[INFO] [1787694503.408239605] [multi3_coordinator_node]: Assigned fragment f4-10' to robot robot5.
[INFO] [1787694503.433507240] [multi3_coordinator_node]: Received robot state update: {'operational_state': 'working', 'current_assigned_fragment': 'f4-7', 'conditions': ['picked-o2-2'], 'state': {'position': {'x': 11, 'y': 6, 'z': 0.0}, 'docked': False, 'battery': 100.0, 'conditions': ['picked-o2-2']}}
[INFO] [1787694503.436669301] [multi3_coordinator_node]: Received robot state update: {'operational_state': 'working', 'current_assigned_fragment': "f4-10'", 'conditions': ['picked-o1-1'], 'state': {'position': {'x': 11, 'y': 6, 'z': 0.0}, 'docked': False, 'battery': 100.0, 'conditions': ['picked-o1-1']}}
[INFO] [1787694510.586675629] [multi3_coordinator_node]: Fragment f4-5 is now executable because all signal messages were received.
[INFO] [1787694510.588764986] [multi3_coordinator_node]: Received coordination message: {'robot_name': 'robot1', 'completed_task': 'm4/s2/pick'}
[INFO] [1787694510.591432011] [multi3_coordinator_node]: Received robot state update: {'operational_state': 'idle', 'current_assigned_fragment': None, 'conditions': ['picked-o1-3', 'picked-o2-4'], 'state': {'position': {'x': 10, 'y': 4, 'z': 0.0}, 'docked': False, 'battery': 100.0, 'conditions': ['picked-o1-3', 'picked-o2-4']}}
[INFO] [1787694510.593057076] [multi3_coordinator_node]: Received coordination message: {'robot_name': 'robot1', 'completed_fragment': 'f4-4', 'state': {'position': {'x': 10, 'y': 4, 'z': 0.0}, 'docked': False, 'battery': 100.0, 'conditions': ['picked-o1-3', 'picked-o2-4']}}
[INFO] [1787694511.402446456] [multi3_coordinator_node]: Assigned fragment f4-5 to robot robot1.
[INFO] [1787694511.414340393] [multi3_coordinator_node]: Received robot state update: {'operational_state': 'working', 'current_assigned_fragment': 'f4-5', 'conditions': ['picked-o1-3', 'picked-o2-4'], 'state': {'position': {'x': 10, 'y': 4, 'z': 0.0}, 'docked': False, 'battery': 100.0, 'conditions': ['picked-o1-3', 'picked-o2-4']}}
[INFO] [1787694513.422001431] [multi3_coordinator_node]: Fragment f4-2 is now executable because all signal messages were received.
[INFO] [1787694513.423766468] [multi3_coordinator_node]: Received coordination message: {'robot_name': 'robot2', 'completed_task': 'm4/s1/pick'}
[INFO] [1787694513.426423132] [multi3_coordinator_node]: Received robot state update: {'operational_state': 'idle', 'current_assigned_fragment': None, 'conditions': ['picked-o2-3', 'picked-o1-4'], 'state': {'position': {'x': 2, 'y': 8, 'z': 0.0}, 'docked': False, 'battery': 100.0, 'conditions': ['picked-o2-3', 'picked-o1-4']}}
[INFO] [1787694513.428310035] [multi3_coordinator_node]: Received coordination message: {'robot_name': 'robot2', 'completed_fragment': 'f4-1', 'state': {'position': {'x': 2, 'y': 8, 'z': 0.0}, 'docked': False, 'battery': 100.0, 'conditions': ['picked-o2-3', 'picked-o1-4']}}
[INFO] [1787694514.404013637] [multi3_coordinator_node]: Assigned fragment f4-2 to robot robot2.
[INFO] [1787694514.439773736] [multi3_coordinator_node]: Received robot state update: {'operational_state': 'working', 'current_assigned_fragment': 'f4-2', 'conditions': ['picked-o2-3', 'picked-o1-4'], 'state': {'position': {'x': 2, 'y': 8, 'z': 0.0}, 'docked': False, 'battery': 100.0, 'conditions': ['picked-o2-3', 'picked-o1-4']}}
[INFO] [1787694516.434549427] [multi3_coordinator_node]: Fragment f4-6 is now executable because all signal messages were received.
[INFO] [1787694516.436694023] [multi3_coordinator_node]: Received coordination message: {'robot_name': 'robot1', 'completed_task': 'm4/s2/scan'}
[INFO] [1787694516.439316400] [multi3_coordinator_node]: Received robot state update: {'operational_state': 'idle', 'current_assigned_fragment': None, 'conditions': ['picked-o1-3', 'picked-o2-4'], 'state': {'position': {'x': 10, 'y': 4, 'z': 0.0}, 'docked': False, 'battery': 100.0, 'conditions': ['picked-o1-3', 'picked-o2-4']}}
[INFO] [1787694516.441012608] [multi3_coordinator_node]: Received coordination message: {'robot_name': 'robot1', 'completed_fragment': 'f4-5', 'state': {'position': {'x': 10, 'y': 4, 'z': 0.0}, 'docked': False, 'battery': 100.0, 'conditions': ['picked-o1-3', 'picked-o2-4']}}
[INFO] [1787694517.404548428] [multi3_coordinator_node]: Assigned fragment f4-6 to robot robot1.
[INFO] [1787694517.430966400] [multi3_coordinator_node]: Received robot state update: {'operational_state': 'working', 'current_assigned_fragment': 'f4-6', 'conditions': ['picked-o1-3', 'picked-o2-4'], 'state': {'position': {'x': 10, 'y': 4, 'z': 0.0}, 'docked': False, 'battery': 100.0, 'conditions': ['picked-o1-3', 'picked-o2-4']}}
[INFO] [1787694517.447069018] [multi3_coordinator_node]: Fragment f4-3 is now executable because all signal messages were received.
[INFO] [1787694517.448442032] [multi3_coordinator_node]: Received coordination message: {'robot_name': 'robot2', 'completed_task': 'm4/s1/scan'}
[INFO] [1787694517.450311361] [multi3_coordinator_node]: Received robot state update: {'operational_state': 'idle', 'current_assigned_fragment': None, 'conditions': ['picked-o2-3', 'picked-o1-4'], 'state': {'position': {'x': 2, 'y': 8, 'z': 0.0}, 'docked': False, 'battery': 100.0, 'conditions': ['picked-o2-3', 'picked-o1-4']}}
[INFO] [1787694517.451577032] [multi3_coordinator_node]: Received coordination message: {'robot_name': 'robot2', 'completed_fragment': 'f4-2', 'state': {'position': {'x': 2, 'y': 8, 'z': 0.0}, 'docked': False, 'battery': 100.0, 'conditions': ['picked-o2-3', 'picked-o1-4']}}
[INFO] [1787694518.403135150] [multi3_coordinator_node]: Assigned fragment f4-3 to robot robot2.
[INFO] [1787694518.414410825] [multi3_coordinator_node]: Received robot state update: {'operational_state': 'working', 'current_assigned_fragment': 'f4-3', 'conditions': ['picked-o2-3', 'picked-o1-4'], 'state': {'position': {'x': 2, 'y': 8, 'z': 0.0}, 'docked': False, 'battery': 100.0, 'conditions': ['picked-o2-3', 'picked-o1-4']}}
[INFO] [1787694525.841051595] [multi3_coordinator_node]: Fragment f4-8 is now executable because all signal messages were received.
[INFO] [1787694525.841565012] [multi3_coordinator_node]: Received coordination message: {'robot_name': 'robot3', 'completed_task': 'm4/s3/pick'}
[INFO] [1787694525.842477277] [multi3_coordinator_node]: Received robot state update: {'operational_state': 'idle', 'current_assigned_fragment': None, 'conditions': ['picked-o2-2', 'picked-o3-4'], 'state': {'position': {'x': 9, 'y': 1, 'z': 0.0}, 'docked': False, 'battery': 100.0, 'conditions': ['picked-o2-2', 'picked-o3-4']}}
[INFO] [1787694525.843022631] [multi3_coordinator_node]: Received coordination message: {'robot_name': 'robot3', 'completed_fragment': 'f4-7', 'state': {'position': {'x': 9, 'y': 1, 'z': 0.0}, 'docked': False, 'battery': 100.0, 'conditions': ['picked-o2-2', 'picked-o3-4']}}
[INFO] [1787694526.404149065] [multi3_coordinator_node]: Assigned fragment f4-8 to robot robot3.
[INFO] [1787694526.417882079] [multi3_coordinator_node]: Received robot state update: {'operational_state': 'working', 'current_assigned_fragment': 'f4-8', 'conditions': ['picked-o2-2', 'picked-o3-4'], 'state': {'position': {'x': 9, 'y': 1, 'z': 0.0}, 'docked': False, 'battery': 100.0, 'conditions': ['picked-o2-2', 'picked-o3-4']}}
[INFO] [1787694526.799668419] [multi3_coordinator_node]: Fragment f3-10 is now executable because all signal messages were received.
[INFO] [1787694526.801548112] [multi3_coordinator_node]: Received coordination message: {'robot_name': 'robot4', 'completed_task': 'm3/s3/transport'}
[INFO] [1787694526.803976219] [multi3_coordinator_node]: Received robot state update: {'operational_state': 'idle', 'current_assigned_fragment': None, 'conditions': ['picked-o1-2', 'picked-o3-3'], 'state': {'position': {'x': 11, 'y': 6, 'z': 0.0}, 'docked': False, 'battery': 100.0, 'conditions': ['picked-o1-2', 'picked-o3-3']}}
[INFO] [1787694526.805600780] [multi3_coordinator_node]: Received coordination message: {'robot_name': 'robot4', 'completed_fragment': 'f3-9', 'state': {'position': {'x': 11, 'y': 6, 'z': 0.0}, 'docked': False, 'battery': 100.0, 'conditions': ['picked-o1-2', 'picked-o3-3']}}
[INFO] [1787694527.262767625] [multi3_coordinator_node]: Fragment f4-11 is now executable because all signal messages were received.
[INFO] [1787694527.264669028] [multi3_coordinator_node]: Received coordination message: {'robot_name': 'robot5', 'completed_task': 'm4/s4/pick'}
[INFO] [1787694527.267236138] [multi3_coordinator_node]: Received robot state update: {'operational_state': 'idle', 'current_assigned_fragment': None, 'conditions': ['picked-o1-1', 'picked-o4-4'], 'state': {'position': {'x': 2, 'y': 4, 'z': 0.0}, 'docked': False, 'battery': 100.0, 'conditions': ['picked-o1-1', 'picked-o4-4']}}
[INFO] [1787694527.269282071] [multi3_coordinator_node]: Received coordination message: {'robot_name': 'robot5', 'completed_fragment': "f4-10'", 'state': {'position': {'x': 2, 'y': 4, 'z': 0.0}, 'docked': False, 'battery': 100.0, 'conditions': ['picked-o1-1', 'picked-o4-4']}}
[INFO] [1787694527.403427276] [multi3_coordinator_node]: Assigned fragment f3-10 to robot robot5.
[INFO] [1787694527.406670940] [multi3_coordinator_node]: Assigned fragment f4-11 to robot robot4.
[INFO] [1787694527.421822905] [multi3_coordinator_node]: Received robot state update: {'operational_state': 'working', 'current_assigned_fragment': 'f4-11', 'conditions': ['picked-o1-2', 'picked-o3-3'], 'state': {'position': {'x': 11, 'y': 6, 'z': 0.0}, 'docked': False, 'battery': 100.0, 'conditions': ['picked-o1-2', 'picked-o3-3']}}
[INFO] [1787694527.424255554] [multi3_coordinator_node]: Received robot state update: {'operational_state': 'working', 'current_assigned_fragment': 'f3-10', 'conditions': ['picked-o1-1', 'picked-o4-4'], 'state': {'position': {'x': 2, 'y': 4, 'z': 0.0}, 'docked': False, 'battery': 100.0, 'conditions': ['picked-o1-1', 'picked-o4-4']}}
[INFO] [1787694531.436205566] [multi3_coordinator_node]: Fragment f4-9 is now executable because all signal messages were received.
[INFO] [1787694531.438317133] [multi3_coordinator_node]: Received coordination message: {'robot_name': 'robot3', 'completed_task': 'm4/s3/scan'}
[INFO] [1787694531.440601711] [multi3_coordinator_node]: Received robot state update: {'operational_state': 'idle', 'current_assigned_fragment': None, 'conditions': ['picked-o2-2', 'picked-o3-4'], 'state': {'position': {'x': 9, 'y': 1, 'z': 0.0}, 'docked': False, 'battery': 100.0, 'conditions': ['picked-o2-2', 'picked-o3-4']}}
[INFO] [1787694531.442122862] [multi3_coordinator_node]: Received coordination message: {'robot_name': 'robot3', 'completed_fragment': 'f4-8', 'state': {'position': {'x': 9, 'y': 1, 'z': 0.0}, 'docked': False, 'battery': 100.0, 'conditions': ['picked-o2-2', 'picked-o3-4']}}
[INFO] [1787694532.403628841] [multi3_coordinator_node]: Assigned fragment f4-9 to robot robot3.
[INFO] [1787694532.414237250] [multi3_coordinator_node]: Received robot state update: {'operational_state': 'working', 'current_assigned_fragment': 'f4-9', 'conditions': ['picked-o2-2', 'picked-o3-4'], 'state': {'position': {'x': 9, 'y': 1, 'z': 0.0}, 'docked': False, 'battery': 100.0, 'conditions': ['picked-o2-2', 'picked-o3-4']}}
[INFO] [1787694537.708784813] [multi3_coordinator_node]: Received coordination message: {'robot_name': 'robot1', 'completed_task': 'm4/s2/transport'}
[INFO] [1787694537.711390200] [multi3_coordinator_node]: Received robot state update: {'operational_state': 'idle', 'current_assigned_fragment': None, 'conditions': ['picked-o1-3', 'picked-o2-4'], 'state': {'position': {'x': 11, 'y': 6, 'z': 0.0}, 'docked': False, 'battery': 100.0, 'conditions': ['picked-o1-3', 'picked-o2-4']}}
[INFO] [1787694537.713001870] [multi3_coordinator_node]: Received coordination message: {'robot_name': 'robot1', 'completed_fragment': 'f4-6', 'state': {'position': {'x': 11, 'y': 6, 'z': 0.0}, 'docked': False, 'battery': 100.0, 'conditions': ['picked-o1-3', 'picked-o2-4']}}
[INFO] [1787694548.125968413] [multi3_coordinator_node]: Received coordination message: {'robot_name': 'robot2', 'completed_task': 'm4/s1/transport'}
[INFO] [1787694548.128770346] [multi3_coordinator_node]: Received robot state update: {'operational_state': 'idle', 'current_assigned_fragment': None, 'conditions': ['picked-o2-3', 'picked-o1-4'], 'state': {'position': {'x': 11, 'y': 6, 'z': 0.0}, 'docked': False, 'battery': 100.0, 'conditions': ['picked-o2-3', 'picked-o1-4']}}
[INFO] [1787694548.130855028] [multi3_coordinator_node]: Received coordination message: {'robot_name': 'robot2', 'completed_fragment': 'f4-3', 'state': {'position': {'x': 11, 'y': 6, 'z': 0.0}, 'docked': False, 'battery': 100.0, 'conditions': ['picked-o2-3', 'picked-o1-4']}}
[INFO] [1787694549.450912428] [multi3_coordinator_node]: Received coordination message: {'robot_name': 'robot5', 'completed_task': 'm3//pack'}
[INFO] [1787694549.454742973] [multi3_coordinator_node]: Received robot state update: {'operational_state': 'idle', 'current_assigned_fragment': None, 'conditions': ['picked-o1-1', 'picked-o4-4'], 'state': {'position': {'x': 2, 'y': 3, 'z': 0.0}, 'docked': False, 'battery': 100.0, 'conditions': ['picked-o1-1', 'picked-o4-4']}}
[INFO] [1787694549.456505977] [multi3_coordinator_node]: Received coordination message: {'robot_name': 'robot5', 'completed_fragment': 'f3-10', 'state': {'position': {'x': 2, 'y': 3, 'z': 0.0}, 'docked': False, 'battery': 100.0, 'conditions': ['picked-o1-1', 'picked-o4-4']}}
[INFO] [1787694549.646746057] [multi3_coordinator_node]: Received coordination message: {'robot_name': 'robot3', 'completed_task': 'm4/s3/transport'}
[INFO] [1787694549.649457018] [multi3_coordinator_node]: Received robot state update: {'operational_state': 'idle', 'current_assigned_fragment': None, 'conditions': ['picked-o2-2', 'picked-o3-4'], 'state': {'position': {'x': 11, 'y': 6, 'z': 0.0}, 'docked': False, 'battery': 100.0, 'conditions': ['picked-o2-2', 'picked-o3-4']}}
[INFO] [1787694549.651005376] [multi3_coordinator_node]: Received coordination message: {'robot_name': 'robot3', 'completed_fragment': 'f4-9', 'state': {'position': {'x': 11, 'y': 6, 'z': 0.0}, 'docked': False, 'battery': 100.0, 'conditions': ['picked-o2-2', 'picked-o3-4']}}
[INFO] [1787694555.245737906] [multi3_coordinator_node]: Fragment f4-12 is now executable because all signal messages were received.
[INFO] [1787694555.246974135] [multi3_coordinator_node]: Received coordination message: {'robot_name': 'robot4', 'completed_task': 'm4/s4/scan'}
[INFO] [1787694555.248894688] [multi3_coordinator_node]: Received robot state update: {'operational_state': 'idle', 'current_assigned_fragment': None, 'conditions': ['picked-o1-2', 'picked-o3-3'], 'state': {'position': {'x': 2, 'y': 4, 'z': 0.0}, 'docked': False, 'battery': 100.0, 'conditions': ['picked-o1-2', 'picked-o3-3']}}
[INFO] [1787694555.250396847] [multi3_coordinator_node]: Received coordination message: {'robot_name': 'robot4', 'completed_fragment': 'f4-11', 'state': {'position': {'x': 2, 'y': 4, 'z': 0.0}, 'docked': False, 'battery': 100.0, 'conditions': ['picked-o1-2', 'picked-o3-3']}}
[INFO] [1787694555.400351276] [multi3_coordinator_node]: Assigned fragment f4-12 to robot robot5.
[INFO] [1787694555.408871895] [multi3_coordinator_node]: Received robot state update: {'operational_state': 'working', 'current_assigned_fragment': 'f4-12', 'conditions': ['picked-o1-1', 'picked-o4-4'], 'state': {'position': {'x': 2, 'y': 3, 'z': 0.0}, 'docked': False, 'battery': 100.0, 'conditions': ['picked-o1-1', 'picked-o4-4']}}
[INFO] [1787694587.135253509] [multi3_coordinator_node]: Fragment f4-13 is now executable because all signal messages were received.
[INFO] [1787694587.137215572] [multi3_coordinator_node]: Received coordination message: {'robot_name': 'robot5', 'completed_task': 'm4/s4/transport'}
[INFO] [1787694587.138956865] [multi3_coordinator_node]: Received robot state update: {'operational_state': 'idle', 'current_assigned_fragment': None, 'conditions': ['picked-o1-1', 'picked-o4-4'], 'state': {'position': {'x': 11, 'y': 6, 'z': 0.0}, 'docked': False, 'battery': 100.0, 'conditions': ['picked-o1-1', 'picked-o4-4']}}
[INFO] [1787694587.140199253] [multi3_coordinator_node]: Received coordination message: {'robot_name': 'robot5', 'completed_fragment': 'f4-12', 'state': {'position': {'x': 11, 'y': 6, 'z': 0.0}, 'docked': False, 'battery': 100.0, 'conditions': ['picked-o1-1', 'picked-o4-4']}}
[INFO] [1787694587.402999259] [multi3_coordinator_node]: Assigned fragment f4-13 to robot robot4.
[INFO] [1787694587.414195438] [multi3_coordinator_node]: Received robot state update: {'operational_state': 'working', 'current_assigned_fragment': 'f4-13', 'conditions': ['picked-o1-2', 'picked-o3-3'], 'state': {'position': {'x': 2, 'y': 4, 'z': 0.0}, 'docked': False, 'battery': 100.0, 'conditions': ['picked-o1-2', 'picked-o3-3']}}
[INFO] [1787694633.146678987] [multi3_coordinator_node]: Received coordination message: {'robot_name': 'robot4', 'completed_task': 'm4//pack'}
[INFO] [1787694633.150263897] [multi3_coordinator_node]: Received robot state update: {'operational_state': 'idle', 'current_assigned_fragment': None, 'conditions': ['picked-o1-2', 'picked-o3-3'], 'state': {'position': {'x': 11, 'y': 6, 'z': 0.0}, 'docked': False, 'battery': 100.0, 'conditions': ['picked-o1-2', 'picked-o3-3']}}
[INFO] [1787694633.152391595] [multi3_coordinator_node]: Received coordination message: {'robot_name': 'robot4', 'completed_fragment': 'f4-13', 'state': {'position': {'x': 11, 'y': 6, 'z': 0.0}, 'docked': False, 'battery': 100.0, 'conditions': ['picked-o1-2', 'picked-o3-3']}}
Traceback (most recent call last):
  File "/root/ros2_ws/install/multi3_coordinator/lib/python3.10/site-packages/nodes/coordinator.py", line 294, in main
    rclpy.spin(node)
  File "/opt/ros/humble/local/lib/python3.10/dist-packages/rclpy/__init__.py", line 229, in spin
    executor.spin_once()
  File "/opt/ros/humble/local/lib/python3.10/dist-packages/rclpy/executors.py", line 808, in spin_once
    self._spin_once_impl(timeout_sec)
  File "/opt/ros/humble/local/lib/python3.10/dist-packages/rclpy/executors.py", line 797, in _spin_once_impl
    handler, entity, node = self.wait_for_ready_callbacks(timeout_sec=timeout_sec)
  File "/opt/ros/humble/local/lib/python3.10/dist-packages/rclpy/executors.py", line 780, in wait_for_ready_callbacks
    return next(self._cb_iter)
  File "/opt/ros/humble/local/lib/python3.10/dist-packages/rclpy/executors.py", line 681, in _wait_for_ready_callbacks
    raise ExternalShutdownException()
rclpy.executors.ExternalShutdownException

During handling of the above exception, another exception occurred:

Traceback (most recent call last):
  File "/root/ros2_ws/install/multi3_coordinator/lib/multi3_coordinator/coordinator", line 33, in <module>
    sys.exit(load_entry_point('multi3-coordinator==0.0.0', 'console_scripts', 'coordinator')())
  File "/root/ros2_ws/install/multi3_coordinator/lib/python3.10/site-packages/nodes/coordinator.py", line 299, in main
    rclpy.shutdown()
  File "/opt/ros/humble/local/lib/python3.10/dist-packages/rclpy/__init__.py", line 130, in shutdown
    _shutdown(context=context)
  File "/opt/ros/humble/local/lib/python3.10/dist-packages/rclpy/utilities.py", line 58, in shutdown
    return context.shutdown()
  File "/opt/ros/humble/local/lib/python3.10/dist-packages/rclpy/context.py", line 102, in shutdown
    self.__context.shutdown()
rclpy._rclpy_pybind11.RCLError: failed to shutdown: rcl_shutdown already called on the given context, at ./src/rcl/init.c:241

--- executor_robot1.log ---
[INFO] [1787694420.704066648] [robot1.fragment_exec_node]: Setting up skill: PickSkill
[INFO] [1787694420.705166851] [robot1.fragment_exec_node]: Setting up skill: ScanSkill
[INFO] [1787694420.705999534] [robot1.fragment_exec_node]: Setting up skill: NavigateSkill
[INFO] [1787694420.706850459] [robot1.fragment_exec_node]: Setting up skill: NavigateSkill
[INFO] [1787694420.707810093] [robot1.fragment_exec_node]: Setting up skill: DockSkill
[INFO] [1787694420.708578179] [robot1.fragment_exec_node]: Setting up skill: UndockSkill
[INFO] [1787694420.709381502] [robot1.fragment_exec_node]: Setting up skill: PackSkill
[INFO] [1787694420.718144812] [robot1.fragment_exec_node]: Published robot registration: {'name': 'robot1', 'operational_state': 'idle', 'capabilities': ['pick', 'scan', 'transport', 'pack'], 'state': {'position': {'x': 0.0, 'y': 0.0, 'z': 0.0}, 'docked': True, 'battery': 100.0, 'conditions': []}}
[INFO] [1787694434.410644230] [robot1.fragment_exec_node]: Received fragment: {'robot': 'robot5', 'fragment': {'id': 'f1-1', 'mission': 'm1', 'state': 'assigned', 'wait': [], 'tasks': [{'name': 'pick', 'params': {'x': 5, 'y': 8, 'weight': 8}}], 'arrive_timestamp': 1787694430, 'priority': 1, 'segment': 's1', 'preconditions': [], 'postconditions': ['picked-o1-1']}}
[INFO] [1787694434.423458858] [robot1.fragment_exec_node]: Received fragment: {'robot': 'robot4', 'fragment': {'id': 'f2-1', 'mission': 'm2', 'state': 'assigned', 'wait': [], 'tasks': [{'name': 'pick', 'params': {'weight': 5, 'x': 2, 'y': 3}}], 'arrive_timestamp': 1787694431, 'priority': 1, 'segment': 's1', 'preconditions': [], 'postconditions': ['picked-o1-2']}}
[INFO] [1787694434.429825773] [robot1.fragment_exec_node]: Received fragment: {'robot': 'robot3', 'fragment': {'id': 'f2-4', 'mission': 'm2', 'state': 'assigned', 'wait': [], 'tasks': [{'name': 'pick', 'params': {'weight': 7, 'x': 9, 'y': 5}}], 'arrive_timestamp': 1787694431, 'priority': 1, 'segment': 's2', 'preconditions': [], 'postconditions': ['picked-o2-2']}}
[INFO] [1787694434.433305436] [robot1.fragment_exec_node]: Received fragment: {'robot': 'robot1', 'fragment': {'id': 'f3-1', 'mission': 'm3', 'state': 'assigned', 'wait': [], 'tasks': [{'name': 'pick', 'params': {'weight': 3, 'x': 7, 'y': 3}}], 'arrive_timestamp': 1787694432, 'priority': 1, 'segment': 's1', 'preconditions': [], 'postconditions': ['picked-o1-3']}}
[INFO] [1787694434.434602996] [robot1.fragment_exec_node]: Received fragment assignment: f3-1. Starting execution.
[INFO] [1787694434.436095618] [robot1.fragment_exec_node]: Received fragment: {'robot': 'robot2', 'fragment': {'id': 'f3-4', 'mission': 'm3', 'state': 'assigned', 'wait': [], 'tasks': [{'name': 'pick', 'params': {'weight': 5, 'x': 2, 'y': 3}}], 'arrive_timestamp': 1787694432, 'priority': 1, 'segment': 's2', 'preconditions': [], 'postconditions': ['picked-o2-3']}}
[INFO] [1787694434.437709236] [robot1.fragment_exec_node]: Executing task pick. Params: {'weight': 3, 'x': 7, 'y': 3}, Virtual state: {'position': {'x': 0.0, 'y': 0.0, 'z': 0.0}, 'docked': True, 'battery': 100.0, 'conditions': []}
[INFO] [1787694434.438976469] [robot1.fragment_exec_node]: EventType: Control (Task: pick), Activity: undock, Robot: robot1, Mission: m3, Segment: s1, Start: 20451.430874201
[INFO] [1787694434.439933840] [robot1.fragment_exec_node]: Simulating undock skill...
[INFO] [1787694438.443658193] [robot1.fragment_exec_node]: Undock completed!
[INFO] [1787694438.445831216] [robot1.fragment_exec_node]: EventType: Control (Task: pick), Activity: undock, Robot: robot1, Mission: m3, Segment: s1, End: 20455.437584956
[INFO] [1787694438.448024322] [robot1.fragment_exec_node]: EventType: Control (Task: pick), Activity: navigate, Robot: robot1, Mission: m3, Segment: s1, Start: 20455.439476033
[INFO] [1787694438.450494869] [robot1.fragment_exec_node]: Simulating navigate skill from position (0.0, 0.0) to (7, 3) (15.231546211727817 seconds)...
[INFO] [1787694451.411684030] [robot1.fragment_exec_node]: Received fragment: {'robot': 'robot2', 'fragment': {'id': 'f2-2', 'mission': 'm2', 'state': 'assigned', 'wait': ['m2/s1/pick'], 'tasks': [{'name': 'scan', 'params': {'x': 2, 'y': 3}}], 'arrive_timestamp': 1787694431, 'priority': 1, 'segment': 's1', 'preconditions': [], 'postconditions': []}}
[INFO] [1787694451.416077738] [robot1.fragment_exec_node]: Received fragment: {'robot': 'robot4', 'fragment': {'id': 'f3-5', 'mission': 'm3', 'state': 'assigned', 'wait': ['m3/s2/pick'], 'tasks': [{'name': 'scan', 'params': {'x': 2, 'y': 3}}], 'arrive_timestamp': 1787694432, 'priority': 1, 'segment': 's2', 'preconditions': [], 'postconditions': []}}
[INFO] [1787694453.684145277] [robot1.fragment_exec_node]: Navigation completed!
[INFO] [1787694453.686433817] [robot1.fragment_exec_node]: EventType: Control (Task: pick), Activity: navigate, Robot: robot1, Mission: m3, Segment: s1, End: 20470.679552611
[INFO] [1787694453.688373920] [robot1.fragment_exec_node]: EventType: Task, Activity: pick, Robot: robot1, Mission: m3, Segment: s1, Start: 20470.68159994
[INFO] [1787694453.690126321] [robot1.fragment_exec_node]: Simulating pick skill...
[INFO] [1787694456.694590624] [robot1.fragment_exec_node]: Pick completed!
[INFO] [1787694456.697487563] [robot1.fragment_exec_node]: EventType: Task, Activity: pick, Robot: robot1, Mission: m3, Segment: s1, End: 20473.689999364
[INFO] [1787694456.700346325] [robot1.fragment_exec_node]: Execution of fragment f3-1 completed!
[INFO] [1787694457.416669558] [robot1.fragment_exec_node]: Received fragment: {'robot': 'robot1', 'fragment': {'id': 'f2-3', 'mission': 'm2', 'state': 'assigned', 'wait': ['m2/s1/scan'], 'tasks': [{'name': 'transport', 'params': {'x': 11, 'y': 6}}], 'arrive_timestamp': 1787694431, 'priority': 1, 'segment': 's1', 'preconditions': [], 'postconditions': []}}
[INFO] [1787694457.423163568] [robot1.fragment_exec_node]: Received fragment: {'robot': 'robot4', 'fragment': {'id': 'f3-2', 'mission': 'm3', 'state': 'assigned', 'wait': ['m3/s1/pick'], 'tasks': [{'name': 'scan', 'params': {'x': 7, 'y': 3}}], 'arrive_timestamp': 1787694432, 'priority': 1, 'segment': 's1', 'preconditions': [], 'postconditions': []}}
[INFO] [1787694457.427359746] [robot1.fragment_exec_node]: Received fragment assignment: f2-3. Starting execution.
[INFO] [1787694457.428174985] [robot1.fragment_exec_node]: Received fragment: {'robot': 'robot2', 'fragment': {'id': 'f3-6', 'mission': 'm3', 'state': 'assigned', 'wait': ['m3/s2/scan'], 'tasks': [{'name': 'transport', 'params': {'x': 11, 'y': 6}}], 'arrive_timestamp': 1787694432, 'priority': 1, 'segment': 's2', 'preconditions': ['picked-o2-3'], 'postconditions': []}}
[INFO] [1787694457.429679300] [robot1.fragment_exec_node]: Waiting for coordination messages before executing fragment f2-3: ['m2/s1/scan']
[INFO] [1787694459.435082717] [robot1.fragment_exec_node]: Executing task transport. Params: {'x': 11, 'y': 6}, Virtual state: {'position': {'x': 7, 'y': 3, 'z': 0.0}, 'docked': False, 'battery': 100.0, 'conditions': ['picked-o1-3']}
[INFO] [1787694459.437553754] [robot1.fragment_exec_node]: EventType: Control (Task: transport), Activity: navigate, Robot: robot1, Mission: m2, Segment: s1, Start: 20476.430796485
[INFO] [1787694459.439514724] [robot1.fragment_exec_node]: Simulating navigate skill from position (7, 3) to (11, 6) (8.246211251235321 seconds)...
[INFO] [1787694465.409188742] [robot1.fragment_exec_node]: Received fragment: {'robot': 'robot5', 'fragment': {'id': 'f1-2', 'mission': 'm1', 'state': 'assigned', 'wait': ['m1/s1/pick'], 'tasks': [{'name': 'scan', 'params': {'x': 5, 'y': 8}}], 'arrive_timestamp': 1787694430, 'priority': 1, 'segment': 's1', 'preconditions': [], 'postconditions': []}}
[INFO] [1787694466.408352438] [robot1.fragment_exec_node]: Received fragment: {'robot': 'robot3', 'fragment': {'id': 'f2-5', 'mission': 'm2', 'state': 'assigned', 'wait': ['m2/s2/pick'], 'tasks': [{'name': 'scan', 'params': {'x': 9, 'y': 5}}], 'arrive_timestamp': 1787694431, 'priority': 1, 'segment': 's2', 'preconditions': [], 'postconditions': []}}
[INFO] [1787694467.688424470] [robot1.fragment_exec_node]: Navigation completed!
[INFO] [1787694467.690322239] [robot1.fragment_exec_node]: EventType: Control (Task: transport), Activity: navigate, Robot: robot1, Mission: m2, Segment: s1, End: 20484.683565363
[INFO] [1787694467.692578186] [robot1.fragment_exec_node]: EventType: Task, Activity: transport, Robot: robot1, Mission: m2, Segment: s1, Start: 20484.685900029
[INFO] [1787694467.694297314] [robot1.fragment_exec_node]: Simulating navigate skill from position (11, 6) to (11, 6) (10.0 seconds)...
[INFO] [1787694471.412971243] [robot1.fragment_exec_node]: Received fragment: {'robot': 'robot5', 'fragment': {'id': 'f1-3', 'mission': 'm1', 'state': 'assigned', 'wait': ['m1/s1/scan'], 'tasks': [{'name': 'transport', 'params': {'x': 11, 'y': 6}}], 'arrive_timestamp': 1787694430, 'priority': 1, 'segment': 's1', 'preconditions': ['picked-o1-1'], 'postconditions': []}}
[INFO] [1787694472.418462027] [robot1.fragment_exec_node]: Received fragment: {'robot': 'robot3', 'fragment': {'id': 'f2-6', 'mission': 'm2', 'state': 'assigned', 'wait': ['m2/s2/scan'], 'tasks': [{'name': 'transport', 'params': {'x': 11, 'y': 6}}], 'arrive_timestamp': 1787694431, 'priority': 1, 'segment': 's2', 'preconditions': ['picked-o2-2'], 'postconditions': []}}
[INFO] [1787694473.407881592] [robot1.fragment_exec_node]: Received fragment: {'robot': 'robot4', 'fragment': {'id': 'f3-7', 'mission': 'm3', 'state': 'assigned', 'wait': [], 'tasks': [{'name': 'pick', 'params': {'weight': 2, 'x': 1, 'y': 9}}], 'arrive_timestamp': 1787694432, 'priority': 1, 'segment': 's3', 'preconditions': [], 'postconditions': ['picked-o3-3']}}
[INFO] [1787694477.697221646] [robot1.fragment_exec_node]: Navigation completed!
[INFO] [1787694477.698516039] [robot1.fragment_exec_node]: EventType: Task, Activity: transport, Robot: robot1, Mission: m2, Segment: s1, End: 20494.692146995
[INFO] [1787694477.701363180] [robot1.fragment_exec_node]: Execution of fragment f2-3 completed!
[INFO] [1787694478.427622416] [robot1.fragment_exec_node]: Received fragment: {'robot': 'robot1', 'fragment': {'id': 'f3-3', 'mission': 'm3', 'state': 'assigned', 'wait': ['m3/s1/scan'], 'tasks': [{'name': 'transport', 'params': {'x': 11, 'y': 6}}], 'arrive_timestamp': 1787694432, 'priority': 1, 'segment': 's1', 'preconditions': ['picked-o1-3'], 'postconditions': []}}
[INFO] [1787694478.428478536] [robot1.fragment_exec_node]: Received fragment assignment: f3-3. Starting execution.
[INFO] [1787694478.429422704] [robot1.fragment_exec_node]: Executing task transport. Params: {'x': 11, 'y': 6}, Virtual state: {'position': {'x': 11, 'y': 6, 'z': 0.0}, 'docked': False, 'battery': 100.0, 'conditions': ['picked-o1-3']}
[INFO] [1787694478.430178069] [robot1.fragment_exec_node]: EventType: Task, Activity: transport, Robot: robot1, Mission: m3, Segment: s1, Start: 20495.424099635
[INFO] [1787694478.431059547] [robot1.fragment_exec_node]: Simulating navigate skill from position (11, 6) to (11, 6) (10.0 seconds)...
[INFO] [1787694488.408118399] [robot1.fragment_exec_node]: Received fragment: {'robot': 'robot4', 'fragment': {'id': 'f3-8', 'mission': 'm3', 'state': 'assigned', 'wait': ['m3/s3/pick'], 'tasks': [{'name': 'scan', 'params': {'x': 1, 'y': 9}}], 'arrive_timestamp': 1787694432, 'priority': 1, 'segment': 's3', 'preconditions': [], 'postconditions': []}}
[INFO] [1787694488.432321608] [robot1.fragment_exec_node]: Navigation completed!
[INFO] [1787694488.433100727] [robot1.fragment_exec_node]: EventType: Task, Activity: transport, Robot: robot1, Mission: m3, Segment: s1, End: 20505.42711908
[INFO] [1787694488.434079608] [robot1.fragment_exec_node]: Execution of fragment f3-3 completed!
[INFO] [1787694489.417308312] [robot1.fragment_exec_node]: Received fragment: {'robot': 'robot2', 'fragment': {'id': 'f4-1', 'mission': 'm4', 'state': 'assigned', 'wait': [], 'tasks': [{'name': 'pick', 'params': {'weight': 5, 'x': 2, 'y': 8}}], 'arrive_timestamp': 1787694433, 'priority': 1, 'segment': 's1', 'preconditions': [], 'postconditions': ['picked-o1-4']}}
[INFO] [1787694489.419162842] [robot1.fragment_exec_node]: Received fragment: {'robot': 'robot1', 'fragment': {'id': 'f4-4', 'mission': 'm4', 'state': 'assigned', 'wait': [], 'tasks': [{'name': 'pick', 'params': {'weight': 7, 'x': 10, 'y': 4}}], 'arrive_timestamp': 1787694433, 'priority': 1, 'segment': 's2', 'preconditions': [], 'postconditions': ['picked-o2-4']}}
[INFO] [1787694489.421146220] [robot1.fragment_exec_node]: Received fragment assignment: f4-4. Starting execution.
[INFO] [1787694489.422334564] [robot1.fragment_exec_node]: Executing task pick. Params: {'weight': 7, 'x': 10, 'y': 4}, Virtual state: {'position': {'x': 11, 'y': 6, 'z': 0.0}, 'docked': False, 'battery': 100.0, 'conditions': ['picked-o1-3']}
[INFO] [1787694489.423396351] [robot1.fragment_exec_node]: EventType: Control (Task: pick), Activity: navigate, Robot: robot1, Mission: m4, Segment: s2, Start: 20506.417208229
[INFO] [1787694489.424512091] [robot1.fragment_exec_node]: Simulating navigate skill from position (11, 6) to (10, 4) (14.142135623730951 seconds)...
[INFO] [1787694490.451134974] [robot1.fragment_exec_node]: Received fragment: {'robot': 'robot3', 'fragment': {'id': 'f2-7', 'mission': 'm2', 'state': 'assigned', 'wait': ['m2/s1/transport', 'm2/s2/transport'], 'tasks': [{'name': 'pack', 'params': {'x': 11, 'y': 6, 'items': 2}}], 'arrive_timestamp': 1787694431, 'priority': 1, 'segment': '', 'preconditions': [], 'postconditions': []}}
[INFO] [1787694494.409267367] [robot1.fragment_exec_node]: Received fragment: {'robot': 'robot4', 'fragment': {'id': 'f3-9', 'mission': 'm3', 'state': 'assigned', 'wait': ['m3/s3/scan'], 'tasks': [{'name': 'transport', 'params': {'x': 11, 'y': 6}}], 'arrive_timestamp': 1787694432, 'priority': 1, 'segment': 's3', 'preconditions': ['picked-o3-3'], 'postconditions': []}}
[INFO] [1787694496.425491890] [robot1.fragment_exec_node]: Received fragment: {'robot': 'robot5', 'fragment': {'id': 'f1-4', 'mission': 'm1', 'state': 'assigned', 'wait': ['m1/s1/transport'], 'tasks': [{'name': 'pack', 'params': {'x': 11, 'y': 6, 'items': 1}}], 'arrive_timestamp': 1787694430, 'priority': 1, 'segment': '', 'preconditions': [], 'postconditions': []}}
[INFO] [1787694503.440130657] [robot1.fragment_exec_node]: Received fragment: {'robot': 'robot5', 'fragment': {'id': "f4-10'", 'mission': 'm4', 'state': 'assigned', 'wait': [], 'tasks': [{'name': 'pick', 'params': {'weight': 1, 'x': 2, 'y': 4}}], 'arrive_timestamp': 1787694433, 'priority': 1, 'segment': 's4', 'preconditions': [], 'postconditions': ['picked-o4-4']}}
[INFO] [1787694503.441345889] [robot1.fragment_exec_node]: Received fragment: {'robot': 'robot3', 'fragment': {'id': 'f4-7', 'mission': 'm4', 'state': 'assigned', 'wait': [], 'tasks': [{'name': 'pick', 'params': {'weight': 2, 'x': 9, 'y': 1}}], 'arrive_timestamp': 1787694433, 'priority': 1, 'segment': 's3', 'preconditions': [], 'postconditions': ['picked-o3-4']}}
[INFO] [1787694503.570578206] [robot1.fragment_exec_node]: Navigation completed!
[INFO] [1787694503.573248031] [robot1.fragment_exec_node]: EventType: Control (Task: pick), Activity: navigate, Robot: robot1, Mission: m4, Segment: s2, End: 20520.566389071
[INFO] [1787694503.574783722] [robot1.fragment_exec_node]: EventType: Task, Activity: pick, Robot: robot1, Mission: m4, Segment: s2, Start: 20520.56836072
[INFO] [1787694503.576450353] [robot1.fragment_exec_node]: Simulating pick skill...
[INFO] [1787694510.580611608] [robot1.fragment_exec_node]: Pick completed!
[INFO] [1787694510.583543158] [robot1.fragment_exec_node]: EventType: Task, Activity: pick, Robot: robot1, Mission: m4, Segment: s2, End: 20527.575822678
[INFO] [1787694510.585805603] [robot1.fragment_exec_node]: Execution of fragment f4-4 completed!
[INFO] [1787694511.410544095] [robot1.fragment_exec_node]: Received fragment: {'robot': 'robot1', 'fragment': {'id': 'f4-5', 'mission': 'm4', 'state': 'assigned', 'wait': ['m4/s2/pick'], 'tasks': [{'name': 'scan', 'params': {'x': 10, 'y': 4}}], 'arrive_timestamp': 1787694433, 'priority': 1, 'segment': 's2', 'preconditions': [], 'postconditions': []}}
[INFO] [1787694511.411825111] [robot1.fragment_exec_node]: Received fragment assignment: f4-5. Starting execution.
[INFO] [1787694511.413307460] [robot1.fragment_exec_node]: Waiting for coordination messages before executing fragment f4-5: ['m4/s2/pick']
[INFO] [1787694513.419815510] [robot1.fragment_exec_node]: Executing task scan. Params: {'x': 10, 'y': 4}, Virtual state: {'position': {'x': 10, 'y': 4, 'z': 0.0}, 'docked': False, 'battery': 100.0, 'conditions': ['picked-o1-3', 'picked-o2-4']}
[INFO] [1787694513.422046971] [robot1.fragment_exec_node]: EventType: Task, Activity: scan, Robot: robot1, Mission: m4, Segment: s2, Start: 20530.414892429
[INFO] [1787694513.423800468] [robot1.fragment_exec_node]: Simulating scan skill...
[INFO] [1787694514.459208360] [robot1.fragment_exec_node]: Received fragment: {'robot': 'robot2', 'fragment': {'id': 'f4-2', 'mission': 'm4', 'state': 'assigned', 'wait': ['m4/s1/pick'], 'tasks': [{'name': 'scan', 'params': {'x': 2, 'y': 8}}], 'arrive_timestamp': 1787694433, 'priority': 1, 'segment': 's1', 'preconditions': [], 'postconditions': []}}
[INFO] [1787694516.427387830] [robot1.fragment_exec_node]: Scan completed!
[INFO] [1787694516.430417967] [robot1.fragment_exec_node]: EventType: Task, Activity: scan, Robot: robot1, Mission: m4, Segment: s2, End: 20533.422714164
[INFO] [1787694516.433656574] [robot1.fragment_exec_node]: Execution of fragment f4-5 completed!
[INFO] [1787694517.428676149] [robot1.fragment_exec_node]: Received fragment: {'robot': 'robot1', 'fragment': {'id': 'f4-6', 'mission': 'm4', 'state': 'assigned', 'wait': ['m4/s2/scan'], 'tasks': [{'name': 'transport', 'params': {'x': 11, 'y': 6}}], 'arrive_timestamp': 1787694433, 'priority': 1, 'segment': 's2', 'preconditions': ['picked-o2-4'], 'postconditions': []}}
[INFO] [1787694517.429450536] [robot1.fragment_exec_node]: Received fragment assignment: f4-6. Starting execution.
[INFO] [1787694517.430499017] [robot1.fragment_exec_node]: Waiting for coordination messages before executing fragment f4-6: ['m4/s2/scan']
[INFO] [1787694518.408617554] [robot1.fragment_exec_node]: Received fragment: {'robot': 'robot2', 'fragment': {'id': 'f4-3', 'mission': 'm4', 'state': 'assigned', 'wait': ['m4/s1/scan'], 'tasks': [{'name': 'transport', 'params': {'x': 11, 'y': 6}}], 'arrive_timestamp': 1787694433, 'priority': 1, 'segment': 's1', 'preconditions': ['picked-o1-4'], 'postconditions': []}}
[INFO] [1787694519.435601655] [robot1.fragment_exec_node]: Executing task transport. Params: {'x': 11, 'y': 6}, Virtual state: {'position': {'x': 10, 'y': 4, 'z': 0.0}, 'docked': False, 'battery': 100.0, 'conditions': ['picked-o1-3', 'picked-o2-4']}
[INFO] [1787694519.438656067] [robot1.fragment_exec_node]: EventType: Control (Task: transport), Activity: navigate, Robot: robot1, Mission: m4, Segment: s2, Start: 20536.430764584
[INFO] [1787694519.441432251] [robot1.fragment_exec_node]: Simulating navigate skill from position (10, 4) to (11, 6) (8.246211251235321 seconds)...
[INFO] [1787694526.412580426] [robot1.fragment_exec_node]: Received fragment: {'robot': 'robot3', 'fragment': {'id': 'f4-8', 'mission': 'm4', 'state': 'assigned', 'wait': ['m4/s3/pick'], 'tasks': [{'name': 'scan', 'params': {'x': 9, 'y': 1}}], 'arrive_timestamp': 1787694433, 'priority': 1, 'segment': 's3', 'preconditions': [], 'postconditions': []}}
[INFO] [1787694527.409882706] [robot1.fragment_exec_node]: Received fragment: {'robot': 'robot5', 'fragment': {'id': 'f3-10', 'mission': 'm3', 'state': 'assigned', 'wait': ['m3/s1/transport', 'm3/s2/transport', 'm3/s3/transport'], 'tasks': [{'name': 'pack', 'params': {'x': 2, 'y': 3, 'items': 3}}], 'arrive_timestamp': 1787694432, 'priority': 1, 'segment': '', 'preconditions': [], 'postconditions': []}}
[INFO] [1787694527.415761177] [robot1.fragment_exec_node]: Received fragment: {'robot': 'robot4', 'fragment': {'id': 'f4-11', 'mission': 'm4', 'state': 'assigned', 'wait': ['m4/s4/pick'], 'tasks': [{'name': 'scan', 'params': {'x': 2, 'y': 4}}], 'arrive_timestamp': 1787694433, 'priority': 1, 'segment': 's4', 'preconditions': [], 'postconditions': []}}
[INFO] [1787694527.691668351] [robot1.fragment_exec_node]: Navigation completed!
[INFO] [1787694527.694631446] [robot1.fragment_exec_node]: EventType: Control (Task: transport), Activity: navigate, Robot: robot1, Mission: m4, Segment: s2, End: 20544.68684713
[INFO] [1787694527.696961111] [robot1.fragment_exec_node]: EventType: Task, Activity: transport, Robot: robot1, Mission: m4, Segment: s2, Start: 20544.689987782
[INFO] [1787694527.698678919] [robot1.fragment_exec_node]: Simulating navigate skill from position (11, 6) to (11, 6) (10.0 seconds)...
[INFO] [1787694532.406589265] [robot1.fragment_exec_node]: Received fragment: {'robot': 'robot3', 'fragment': {'id': 'f4-9', 'mission': 'm4', 'state': 'assigned', 'wait': ['m4/s3/scan'], 'tasks': [{'name': 'transport', 'params': {'x': 11, 'y': 6}}], 'arrive_timestamp': 1787694433, 'priority': 1, 'segment': 's3', 'preconditions': ['picked-o3-4'], 'postconditions': []}}
[INFO] [1787694537.702641988] [robot1.fragment_exec_node]: Navigation completed!
[INFO] [1787694537.705333804] [robot1.fragment_exec_node]: EventType: Task, Activity: transport, Robot: robot1, Mission: m4, Segment: s2, End: 20554.697785398
[INFO] [1787694537.707754239] [robot1.fragment_exec_node]: Execution of fragment f4-6 completed!
[INFO] [1787694555.403780819] [robot1.fragment_exec_node]: Received fragment: {'robot': 'robot5', 'fragment': {'id': 'f4-12', 'mission': 'm4', 'state': 'assigned', 'wait': ['m4/s4/scan'], 'tasks': [{'name': 'transport', 'params': {'x': 11, 'y': 6}}], 'arrive_timestamp': 1787694433, 'priority': 1, 'segment': 's4', 'preconditions': ['picked-o4-4'], 'postconditions': []}}
[INFO] [1787694587.410071309] [robot1.fragment_exec_node]: Received fragment: {'robot': 'robot4', 'fragment': {'id': 'f4-13', 'mission': 'm4', 'state': 'assigned', 'wait': ['m4/s1/transport', 'm4/s2/transport', 'm4/s3/transport', 'm4/s4/transport'], 'tasks': [{'name': 'pack', 'params': {'x': 11, 'y': 6, 'items': 4}}], 'arrive_timestamp': 1787694433, 'priority': 1, 'segment': '', 'preconditions': [], 'postconditions': []}}
Traceback (most recent call last):
  File "/root/ros2_ws/install/multi3_executor/lib/multi3_executor/executor", line 33, in <module>
    sys.exit(load_entry_point('multi3-executor==0.0.0', 'console_scripts', 'executor')())
  File "/root/ros2_ws/install/multi3_executor/lib/python3.10/site-packages/multi3_executor/nodes/executor.py", line 236, in main
    rclpy.shutdown()
  File "/opt/ros/humble/local/lib/python3.10/dist-packages/rclpy/__init__.py", line 130, in shutdown
    _shutdown(context=context)
  File "/opt/ros/humble/local/lib/python3.10/dist-packages/rclpy/utilities.py", line 58, in shutdown
    return context.shutdown()
  File "/opt/ros/humble/local/lib/python3.10/dist-packages/rclpy/context.py", line 102, in shutdown
    self.__context.shutdown()
rclpy._rclpy_pybind11.RCLError: failed to shutdown: rcl_shutdown already called on the given context, at ./src/rcl/init.c:241

--- executor_robot2.log ---
[INFO] [1787694422.701235199] [robot2.fragment_exec_node]: Setting up skill: PickSkill
[INFO] [1787694422.702405847] [robot2.fragment_exec_node]: Setting up skill: ScanSkill
[INFO] [1787694422.703216773] [robot2.fragment_exec_node]: Setting up skill: NavigateSkill
[INFO] [1787694422.703873688] [robot2.fragment_exec_node]: Setting up skill: NavigateSkill
[INFO] [1787694422.704710369] [robot2.fragment_exec_node]: Setting up skill: DockSkill
[INFO] [1787694422.705558894] [robot2.fragment_exec_node]: Setting up skill: UndockSkill
[INFO] [1787694422.706261327] [robot2.fragment_exec_node]: Setting up skill: PackSkill
[INFO] [1787694422.712973444] [robot2.fragment_exec_node]: Published robot registration: {'name': 'robot2', 'operational_state': 'idle', 'capabilities': ['pick', 'scan', 'transport', 'pack'], 'state': {'position': {'x': 0.0, 'y': 0.0, 'z': 0.0}, 'docked': True, 'battery': 100.0, 'conditions': []}}
[INFO] [1787694434.419790757] [robot2.fragment_exec_node]: Received fragment: {'robot': 'robot5', 'fragment': {'id': 'f1-1', 'mission': 'm1', 'state': 'assigned', 'wait': [], 'tasks': [{'name': 'pick', 'params': {'x': 5, 'y': 8, 'weight': 8}}], 'arrive_timestamp': 1787694430, 'priority': 1, 'segment': 's1', 'preconditions': [], 'postconditions': ['picked-o1-1']}}
[INFO] [1787694434.433620337] [robot2.fragment_exec_node]: Received fragment: {'robot': 'robot4', 'fragment': {'id': 'f2-1', 'mission': 'm2', 'state': 'assigned', 'wait': [], 'tasks': [{'name': 'pick', 'params': {'weight': 5, 'x': 2, 'y': 3}}], 'arrive_timestamp': 1787694431, 'priority': 1, 'segment': 's1', 'preconditions': [], 'postconditions': ['picked-o1-2']}}
[INFO] [1787694434.435607362] [robot2.fragment_exec_node]: Received fragment: {'robot': 'robot2', 'fragment': {'id': 'f3-4', 'mission': 'm3', 'state': 'assigned', 'wait': [], 'tasks': [{'name': 'pick', 'params': {'weight': 5, 'x': 2, 'y': 3}}], 'arrive_timestamp': 1787694432, 'priority': 1, 'segment': 's2', 'preconditions': [], 'postconditions': ['picked-o2-3']}}
[INFO] [1787694434.440598071] [robot2.fragment_exec_node]: Received fragment: {'robot': 'robot3', 'fragment': {'id': 'f2-4', 'mission': 'm2', 'state': 'assigned', 'wait': [], 'tasks': [{'name': 'pick', 'params': {'weight': 7, 'x': 9, 'y': 5}}], 'arrive_timestamp': 1787694431, 'priority': 1, 'segment': 's2', 'preconditions': [], 'postconditions': ['picked-o2-2']}}
[INFO] [1787694434.442155027] [robot2.fragment_exec_node]: Received fragment: {'robot': 'robot1', 'fragment': {'id': 'f3-1', 'mission': 'm3', 'state': 'assigned', 'wait': [], 'tasks': [{'name': 'pick', 'params': {'weight': 3, 'x': 7, 'y': 3}}], 'arrive_timestamp': 1787694432, 'priority': 1, 'segment': 's1', 'preconditions': [], 'postconditions': ['picked-o1-3']}}
[INFO] [1787694434.442972241] [robot2.fragment_exec_node]: Received fragment assignment: f3-4. Starting execution.
[INFO] [1787694434.443819818] [robot2.fragment_exec_node]: Executing task pick. Params: {'weight': 5, 'x': 2, 'y': 3}, Virtual state: {'position': {'x': 0.0, 'y': 0.0, 'z': 0.0}, 'docked': True, 'battery': 100.0, 'conditions': []}
[INFO] [1787694434.444473478] [robot2.fragment_exec_node]: EventType: Control (Task: pick), Activity: undock, Robot: robot2, Mission: m3, Segment: s2, Start: 20451.436942432
[INFO] [1787694434.445139381] [robot2.fragment_exec_node]: Simulating undock skill...
[INFO] [1787694438.448349905] [robot2.fragment_exec_node]: Undock completed!
[INFO] [1787694438.450616814] [robot2.fragment_exec_node]: EventType: Control (Task: pick), Activity: undock, Robot: robot2, Mission: m3, Segment: s2, End: 20455.441818086
[INFO] [1787694438.451743093] [robot2.fragment_exec_node]: EventType: Control (Task: pick), Activity: navigate, Robot: robot2, Mission: m3, Segment: s2, Start: 20455.443797043
[INFO] [1787694438.453043614] [robot2.fragment_exec_node]: Simulating navigate skill from position (0.0, 0.0) to (2, 3) (7.211102550927978 seconds)...
[INFO] [1787694445.668110488] [robot2.fragment_exec_node]: Navigation completed!
[INFO] [1787694445.670601877] [robot2.fragment_exec_node]: EventType: Control (Task: pick), Activity: navigate, Robot: robot2, Mission: m3, Segment: s2, End: 20462.661948399
[INFO] [1787694445.672714015] [robot2.fragment_exec_node]: EventType: Task, Activity: pick, Robot: robot2, Mission: m3, Segment: s2, Start: 20462.664540476
[INFO] [1787694445.674341614] [robot2.fragment_exec_node]: Simulating pick skill...
[INFO] [1787694450.676609147] [robot2.fragment_exec_node]: Pick completed!
[INFO] [1787694450.678855635] [robot2.fragment_exec_node]: EventType: Task, Activity: pick, Robot: robot2, Mission: m3, Segment: s2, End: 20467.671781385
[INFO] [1787694450.681553340] [robot2.fragment_exec_node]: Execution of fragment f3-4 completed!
[INFO] [1787694451.411972084] [robot2.fragment_exec_node]: Received fragment: {'robot': 'robot2', 'fragment': {'id': 'f2-2', 'mission': 'm2', 'state': 'assigned', 'wait': ['m2/s1/pick'], 'tasks': [{'name': 'scan', 'params': {'x': 2, 'y': 3}}], 'arrive_timestamp': 1787694431, 'priority': 1, 'segment': 's1', 'preconditions': [], 'postconditions': []}}
[INFO] [1787694451.418452991] [robot2.fragment_exec_node]: Received fragment: {'robot': 'robot4', 'fragment': {'id': 'f3-5', 'mission': 'm3', 'state': 'assigned', 'wait': ['m3/s2/pick'], 'tasks': [{'name': 'scan', 'params': {'x': 2, 'y': 3}}], 'arrive_timestamp': 1787694432, 'priority': 1, 'segment': 's2', 'preconditions': [], 'postconditions': []}}
[INFO] [1787694451.420159207] [robot2.fragment_exec_node]: Received fragment assignment: f2-2. Starting execution.
[INFO] [1787694451.421578412] [robot2.fragment_exec_node]: Waiting for coordination messages before executing fragment f2-2: ['m2/s1/pick']
[INFO] [1787694453.427401406] [robot2.fragment_exec_node]: Executing task scan. Params: {'x': 2, 'y': 3}, Virtual state: {'position': {'x': 2, 'y': 3, 'z': 0.0}, 'docked': False, 'battery': 100.0, 'conditions': ['picked-o2-3']}
[INFO] [1787694453.429330669] [robot2.fragment_exec_node]: EventType: Task, Activity: scan, Robot: robot2, Mission: m2, Segment: s1, Start: 20470.422572664
[INFO] [1787694453.431008231] [robot2.fragment_exec_node]: Simulating scan skill...
[INFO] [1787694456.435340418] [robot2.fragment_exec_node]: Scan completed!
[INFO] [1787694456.437308809] [robot2.fragment_exec_node]: EventType: Task, Activity: scan, Robot: robot2, Mission: m2, Segment: s1, End: 20473.430572874
[INFO] [1787694456.439641458] [robot2.fragment_exec_node]: Execution of fragment f2-2 completed!
[INFO] [1787694457.424422493] [robot2.fragment_exec_node]: Received fragment: {'robot': 'robot4', 'fragment': {'id': 'f3-2', 'mission': 'm3', 'state': 'assigned', 'wait': ['m3/s1/pick'], 'tasks': [{'name': 'scan', 'params': {'x': 7, 'y': 3}}], 'arrive_timestamp': 1787694432, 'priority': 1, 'segment': 's1', 'preconditions': [], 'postconditions': []}}
[INFO] [1787694457.428055194] [robot2.fragment_exec_node]: Received fragment: {'robot': 'robot2', 'fragment': {'id': 'f3-6', 'mission': 'm3', 'state': 'assigned', 'wait': ['m3/s2/scan'], 'tasks': [{'name': 'transport', 'params': {'x': 11, 'y': 6}}], 'arrive_timestamp': 1787694432, 'priority': 1, 'segment': 's2', 'preconditions': ['picked-o2-3'], 'postconditions': []}}
[INFO] [1787694457.430251995] [robot2.fragment_exec_node]: Received fragment assignment: f3-6. Starting execution.
[INFO] [1787694457.431181363] [robot2.fragment_exec_node]: Received fragment: {'robot': 'robot1', 'fragment': {'id': 'f2-3', 'mission': 'm2', 'state': 'assigned', 'wait': ['m2/s1/scan'], 'tasks': [{'name': 'transport', 'params': {'x': 11, 'y': 6}}], 'arrive_timestamp': 1787694431, 'priority': 1, 'segment': 's1', 'preconditions': [], 'postconditions': []}}
[INFO] [1787694457.432247418] [robot2.fragment_exec_node]: Waiting for coordination messages before executing fragment f3-6: ['m3/s2/scan']
[INFO] [1787694459.437381347] [robot2.fragment_exec_node]: Executing task transport. Params: {'x': 11, 'y': 6}, Virtual state: {'position': {'x': 2, 'y': 3, 'z': 0.0}, 'docked': False, 'battery': 100.0, 'conditions': ['picked-o2-3']}
[INFO] [1787694459.438936378] [robot2.fragment_exec_node]: EventType: Control (Task: transport), Activity: navigate, Robot: robot2, Mission: m3, Segment: s2, Start: 20476.432398474
[INFO] [1787694459.441390372] [robot2.fragment_exec_node]: Simulating navigate skill from position (2, 3) to (11, 6) (19.697715603592208 seconds)...
[INFO] [1787694465.407500598] [robot2.fragment_exec_node]: Received fragment: {'robot': 'robot5', 'fragment': {'id': 'f1-2', 'mission': 'm1', 'state': 'assigned', 'wait': ['m1/s1/pick'], 'tasks': [{'name': 'scan', 'params': {'x': 5, 'y': 8}}], 'arrive_timestamp': 1787694430, 'priority': 1, 'segment': 's1', 'preconditions': [], 'postconditions': []}}
[INFO] [1787694466.456931702] [robot2.fragment_exec_node]: Received fragment: {'robot': 'robot3', 'fragment': {'id': 'f2-5', 'mission': 'm2', 'state': 'assigned', 'wait': ['m2/s2/pick'], 'tasks': [{'name': 'scan', 'params': {'x': 9, 'y': 5}}], 'arrive_timestamp': 1787694431, 'priority': 1, 'segment': 's2', 'preconditions': [], 'postconditions': []}}
[INFO] [1787694471.411490990] [robot2.fragment_exec_node]: Received fragment: {'robot': 'robot5', 'fragment': {'id': 'f1-3', 'mission': 'm1', 'state': 'assigned', 'wait': ['m1/s1/scan'], 'tasks': [{'name': 'transport', 'params': {'x': 11, 'y': 6}}], 'arrive_timestamp': 1787694430, 'priority': 1, 'segment': 's1', 'preconditions': ['picked-o1-1'], 'postconditions': []}}
[INFO] [1787694472.412896528] [robot2.fragment_exec_node]: Received fragment: {'robot': 'robot3', 'fragment': {'id': 'f2-6', 'mission': 'm2', 'state': 'assigned', 'wait': ['m2/s2/scan'], 'tasks': [{'name': 'transport', 'params': {'x': 11, 'y': 6}}], 'arrive_timestamp': 1787694431, 'priority': 1, 'segment': 's2', 'preconditions': ['picked-o2-2'], 'postconditions': []}}
[INFO] [1787694473.412337538] [robot2.fragment_exec_node]: Received fragment: {'robot': 'robot4', 'fragment': {'id': 'f3-7', 'mission': 'm3', 'state': 'assigned', 'wait': [], 'tasks': [{'name': 'pick', 'params': {'weight': 2, 'x': 1, 'y': 9}}], 'arrive_timestamp': 1787694432, 'priority': 1, 'segment': 's3', 'preconditions': [], 'postconditions': ['picked-o3-3']}}
[INFO] [1787694478.410251252] [robot2.fragment_exec_node]: Received fragment: {'robot': 'robot1', 'fragment': {'id': 'f3-3', 'mission': 'm3', 'state': 'assigned', 'wait': ['m3/s1/scan'], 'tasks': [{'name': 'transport', 'params': {'x': 11, 'y': 6}}], 'arrive_timestamp': 1787694432, 'priority': 1, 'segment': 's1', 'preconditions': ['picked-o1-3'], 'postconditions': []}}
[INFO] [1787694479.143297271] [robot2.fragment_exec_node]: Navigation completed!
[INFO] [1787694479.146402815] [robot2.fragment_exec_node]: EventType: Control (Task: transport), Activity: navigate, Robot: robot2, Mission: m3, Segment: s2, End: 20496.138738164
[INFO] [1787694479.149111050] [robot2.fragment_exec_node]: EventType: Task, Activity: transport, Robot: robot2, Mission: m3, Segment: s2, Start: 20496.141668142
[INFO] [1787694479.150748283] [robot2.fragment_exec_node]: Simulating navigate skill from position (11, 6) to (11, 6) (10.0 seconds)...
[INFO] [1787694488.432480445] [robot2.fragment_exec_node]: Received fragment: {'robot': 'robot4', 'fragment': {'id': 'f3-8', 'mission': 'm3', 'state': 'assigned', 'wait': ['m3/s3/pick'], 'tasks': [{'name': 'scan', 'params': {'x': 1, 'y': 9}}], 'arrive_timestamp': 1787694432, 'priority': 1, 'segment': 's3', 'preconditions': [], 'postconditions': []}}
[INFO] [1787694489.154308525] [robot2.fragment_exec_node]: Navigation completed!
[INFO] [1787694489.156973896] [robot2.fragment_exec_node]: EventType: Task, Activity: transport, Robot: robot2, Mission: m3, Segment: s2, End: 20506.149942088
[INFO] [1787694489.159426260] [robot2.fragment_exec_node]: Execution of fragment f3-6 completed!
[INFO] [1787694489.419433793] [robot2.fragment_exec_node]: Received fragment: {'robot': 'robot2', 'fragment': {'id': 'f4-1', 'mission': 'm4', 'state': 'assigned', 'wait': [], 'tasks': [{'name': 'pick', 'params': {'weight': 5, 'x': 2, 'y': 8}}], 'arrive_timestamp': 1787694433, 'priority': 1, 'segment': 's1', 'preconditions': [], 'postconditions': ['picked-o1-4']}}
[INFO] [1787694489.421702081] [robot2.fragment_exec_node]: Received fragment assignment: f4-1. Starting execution.
[INFO] [1787694489.423939471] [robot2.fragment_exec_node]: Received fragment: {'robot': 'robot1', 'fragment': {'id': 'f4-4', 'mission': 'm4', 'state': 'assigned', 'wait': [], 'tasks': [{'name': 'pick', 'params': {'weight': 7, 'x': 10, 'y': 4}}], 'arrive_timestamp': 1787694433, 'priority': 1, 'segment': 's2', 'preconditions': [], 'postconditions': ['picked-o2-4']}}
[INFO] [1787694489.425224429] [robot2.fragment_exec_node]: Executing task pick. Params: {'weight': 5, 'x': 2, 'y': 8}, Virtual state: {'position': {'x': 11, 'y': 6, 'z': 0.0}, 'docked': False, 'battery': 100.0, 'conditions': ['picked-o2-3']}
[INFO] [1787694489.426181860] [robot2.fragment_exec_node]: EventType: Control (Task: pick), Activity: navigate, Robot: robot2, Mission: m4, Segment: s1, Start: 20506.420035199
[INFO] [1787694489.427020945] [robot2.fragment_exec_node]: Simulating navigate skill from position (11, 6) to (2, 8) (18.973665961010276 seconds)...
[INFO] [1787694490.408705524] [robot2.fragment_exec_node]: Received fragment: {'robot': 'robot3', 'fragment': {'id': 'f2-7', 'mission': 'm2', 'state': 'assigned', 'wait': ['m2/s1/transport', 'm2/s2/transport'], 'tasks': [{'name': 'pack', 'params': {'x': 11, 'y': 6, 'items': 2}}], 'arrive_timestamp': 1787694431, 'priority': 1, 'segment': '', 'preconditions': [], 'postconditions': []}}
[INFO] [1787694494.430302992] [robot2.fragment_exec_node]: Received fragment: {'robot': 'robot4', 'fragment': {'id': 'f3-9', 'mission': 'm3', 'state': 'assigned', 'wait': ['m3/s3/scan'], 'tasks': [{'name': 'transport', 'params': {'x': 11, 'y': 6}}], 'arrive_timestamp': 1787694432, 'priority': 1, 'segment': 's3', 'preconditions': ['picked-o3-3'], 'postconditions': []}}
[INFO] [1787694496.411004378] [robot2.fragment_exec_node]: Received fragment: {'robot': 'robot5', 'fragment': {'id': 'f1-4', 'mission': 'm1', 'state': 'assigned', 'wait': ['m1/s1/transport'], 'tasks': [{'name': 'pack', 'params': {'x': 11, 'y': 6, 'items': 1}}], 'arrive_timestamp': 1787694430, 'priority': 1, 'segment': '', 'preconditions': [], 'postconditions': []}}
[INFO] [1787694503.414836974] [robot2.fragment_exec_node]: Received fragment: {'robot': 'robot3', 'fragment': {'id': 'f4-7', 'mission': 'm4', 'state': 'assigned', 'wait': [], 'tasks': [{'name': 'pick', 'params': {'weight': 2, 'x': 9, 'y': 1}}], 'arrive_timestamp': 1787694433, 'priority': 1, 'segment': 's3', 'preconditions': [], 'postconditions': ['picked-o3-4']}}
[INFO] [1787694503.427967398] [robot2.fragment_exec_node]: Received fragment: {'robot': 'robot5', 'fragment': {'id': "f4-10'", 'mission': 'm4', 'state': 'assigned', 'wait': [], 'tasks': [{'name': 'pick', 'params': {'weight': 1, 'x': 2, 'y': 4}}], 'arrive_timestamp': 1787694433, 'priority': 1, 'segment': 's4', 'preconditions': [], 'postconditions': ['picked-o4-4']}}
[INFO] [1787694508.404312040] [robot2.fragment_exec_node]: Navigation completed!
[INFO] [1787694508.407017155] [robot2.fragment_exec_node]: EventType: Control (Task: pick), Activity: navigate, Robot: robot2, Mission: m4, Segment: s1, End: 20525.39986196
[INFO] [1787694508.408682887] [robot2.fragment_exec_node]: EventType: Task, Activity: pick, Robot: robot2, Mission: m4, Segment: s1, Start: 20525.402276682
[INFO] [1787694508.410418627] [robot2.fragment_exec_node]: Simulating pick skill...
[INFO] [1787694511.409794131] [robot2.fragment_exec_node]: Received fragment: {'robot': 'robot1', 'fragment': {'id': 'f4-5', 'mission': 'm4', 'state': 'assigned', 'wait': ['m4/s2/pick'], 'tasks': [{'name': 'scan', 'params': {'x': 10, 'y': 4}}], 'arrive_timestamp': 1787694433, 'priority': 1, 'segment': 's2', 'preconditions': [], 'postconditions': []}}
[INFO] [1787694513.414812326] [robot2.fragment_exec_node]: Pick completed!
[INFO] [1787694513.417759162] [robot2.fragment_exec_node]: EventType: Task, Activity: pick, Robot: robot2, Mission: m4, Segment: s1, End: 20530.409948026
[INFO] [1787694513.421765466] [robot2.fragment_exec_node]: Execution of fragment f4-1 completed!
[INFO] [1787694514.409296421] [robot2.fragment_exec_node]: Received fragment: {'robot': 'robot2', 'fragment': {'id': 'f4-2', 'mission': 'm4', 'state': 'assigned', 'wait': ['m4/s1/pick'], 'tasks': [{'name': 'scan', 'params': {'x': 2, 'y': 8}}], 'arrive_timestamp': 1787694433, 'priority': 1, 'segment': 's1', 'preconditions': [], 'postconditions': []}}
[INFO] [1787694514.438481565] [robot2.fragment_exec_node]: Received fragment assignment: f4-2. Starting execution.
[INFO] [1787694514.439364245] [robot2.fragment_exec_node]: Executing task scan. Params: {'x': 2, 'y': 8}, Virtual state: {'position': {'x': 2, 'y': 8, 'z': 0.0}, 'docked': False, 'battery': 100.0, 'conditions': ['picked-o2-3', 'picked-o1-4']}
[INFO] [1787694514.440040816] [robot2.fragment_exec_node]: EventType: Task, Activity: scan, Robot: robot2, Mission: m4, Segment: s1, Start: 20531.433717959
[INFO] [1787694514.440968663] [robot2.fragment_exec_node]: Simulating scan skill...
[INFO] [1787694517.410731778] [robot2.fragment_exec_node]: Received fragment: {'robot': 'robot1', 'fragment': {'id': 'f4-6', 'mission': 'm4', 'state': 'assigned', 'wait': ['m4/s2/scan'], 'tasks': [{'name': 'transport', 'params': {'x': 11, 'y': 6}}], 'arrive_timestamp': 1787694433, 'priority': 1, 'segment': 's2', 'preconditions': ['picked-o2-4'], 'postconditions': []}}
[INFO] [1787694517.443499706] [robot2.fragment_exec_node]: Scan completed!
[INFO] [1787694517.444885835] [robot2.fragment_exec_node]: EventType: Task, Activity: scan, Robot: robot2, Mission: m4, Segment: s1, End: 20534.438236676
[INFO] [1787694517.446839202] [robot2.fragment_exec_node]: Execution of fragment f4-2 completed!
[INFO] [1787694518.410321500] [robot2.fragment_exec_node]: Received fragment: {'robot': 'robot2', 'fragment': {'id': 'f4-3', 'mission': 'm4', 'state': 'assigned', 'wait': ['m4/s1/scan'], 'tasks': [{'name': 'transport', 'params': {'x': 11, 'y': 6}}], 'arrive_timestamp': 1787694433, 'priority': 1, 'segment': 's1', 'preconditions': ['picked-o1-4'], 'postconditions': []}}
[INFO] [1787694518.411955652] [robot2.fragment_exec_node]: Received fragment assignment: f4-3. Starting execution.
[INFO] [1787694518.413704678] [robot2.fragment_exec_node]: Executing task transport. Params: {'x': 11, 'y': 6}, Virtual state: {'position': {'x': 2, 'y': 8, 'z': 0.0}, 'docked': False, 'battery': 100.0, 'conditions': ['picked-o2-3', 'picked-o1-4']}
[INFO] [1787694518.414949082] [robot2.fragment_exec_node]: EventType: Control (Task: transport), Activity: navigate, Robot: robot2, Mission: m4, Segment: s1, Start: 20535.408314542
[INFO] [1787694518.416002266] [robot2.fragment_exec_node]: Simulating navigate skill from position (2, 8) to (11, 6) (19.697715603592208 seconds)...
[INFO] [1787694526.412933589] [robot2.fragment_exec_node]: Received fragment: {'robot': 'robot3', 'fragment': {'id': 'f4-8', 'mission': 'm4', 'state': 'assigned', 'wait': ['m4/s3/pick'], 'tasks': [{'name': 'scan', 'params': {'x': 9, 'y': 1}}], 'arrive_timestamp': 1787694433, 'priority': 1, 'segment': 's3', 'preconditions': [], 'postconditions': []}}
[INFO] [1787694527.417200621] [robot2.fragment_exec_node]: Received fragment: {'robot': 'robot5', 'fragment': {'id': 'f3-10', 'mission': 'm3', 'state': 'assigned', 'wait': ['m3/s1/transport', 'm3/s2/transport', 'm3/s3/transport'], 'tasks': [{'name': 'pack', 'params': {'x': 2, 'y': 3, 'items': 3}}], 'arrive_timestamp': 1787694432, 'priority': 1, 'segment': '', 'preconditions': [], 'postconditions': []}}
[INFO] [1787694527.419166967] [robot2.fragment_exec_node]: Received fragment: {'robot': 'robot4', 'fragment': {'id': 'f4-11', 'mission': 'm4', 'state': 'assigned', 'wait': ['m4/s4/pick'], 'tasks': [{'name': 'scan', 'params': {'x': 2, 'y': 4}}], 'arrive_timestamp': 1787694433, 'priority': 1, 'segment': 's4', 'preconditions': [], 'postconditions': []}}
[INFO] [1787694532.407436822] [robot2.fragment_exec_node]: Received fragment: {'robot': 'robot3', 'fragment': {'id': 'f4-9', 'mission': 'm4', 'state': 'assigned', 'wait': ['m4/s3/scan'], 'tasks': [{'name': 'transport', 'params': {'x': 11, 'y': 6}}], 'arrive_timestamp': 1787694433, 'priority': 1, 'segment': 's3', 'preconditions': ['picked-o3-4'], 'postconditions': []}}
[INFO] [1787694538.115922640] [robot2.fragment_exec_node]: Navigation completed!
[INFO] [1787694538.117027076] [robot2.fragment_exec_node]: EventType: Control (Task: transport), Activity: navigate, Robot: robot2, Mission: m4, Segment: s1, End: 20555.110630279
[INFO] [1787694538.117660204] [robot2.fragment_exec_node]: EventType: Task, Activity: transport, Robot: robot2, Mission: m4, Segment: s1, Start: 20555.111374875
[INFO] [1787694538.118338483] [robot2.fragment_exec_node]: Simulating navigate skill from position (11, 6) to (11, 6) (10.0 seconds)...
[INFO] [1787694548.120131481] [robot2.fragment_exec_node]: Navigation completed!
[INFO] [1787694548.122910048] [robot2.fragment_exec_node]: EventType: Task, Activity: transport, Robot: robot2, Mission: m4, Segment: s1, End: 20565.117643515
[INFO] [1787694548.125191981] [robot2.fragment_exec_node]: Execution of fragment f4-3 completed!
[INFO] [1787694555.405481197] [robot2.fragment_exec_node]: Received fragment: {'robot': 'robot5', 'fragment': {'id': 'f4-12', 'mission': 'm4', 'state': 'assigned', 'wait': ['m4/s4/scan'], 'tasks': [{'name': 'transport', 'params': {'x': 11, 'y': 6}}], 'arrive_timestamp': 1787694433, 'priority': 1, 'segment': 's4', 'preconditions': ['picked-o4-4'], 'postconditions': []}}
[INFO] [1787694587.409353182] [robot2.fragment_exec_node]: Received fragment: {'robot': 'robot4', 'fragment': {'id': 'f4-13', 'mission': 'm4', 'state': 'assigned', 'wait': ['m4/s1/transport', 'm4/s2/transport', 'm4/s3/transport', 'm4/s4/transport'], 'tasks': [{'name': 'pack', 'params': {'x': 11, 'y': 6, 'items': 4}}], 'arrive_timestamp': 1787694433, 'priority': 1, 'segment': '', 'preconditions': [], 'postconditions': []}}
Traceback (most recent call last):
  File "/root/ros2_ws/install/multi3_executor/lib/multi3_executor/executor", line 33, in <module>
    sys.exit(load_entry_point('multi3-executor==0.0.0', 'console_scripts', 'executor')())
  File "/root/ros2_ws/install/multi3_executor/lib/python3.10/site-packages/multi3_executor/nodes/executor.py", line 236, in main
    rclpy.shutdown()
  File "/opt/ros/humble/local/lib/python3.10/dist-packages/rclpy/__init__.py", line 130, in shutdown
    _shutdown(context=context)
  File "/opt/ros/humble/local/lib/python3.10/dist-packages/rclpy/utilities.py", line 58, in shutdown
    return context.shutdown()
  File "/opt/ros/humble/local/lib/python3.10/dist-packages/rclpy/context.py", line 102, in shutdown
    self.__context.shutdown()
rclpy._rclpy_pybind11.RCLError: failed to shutdown: rcl_shutdown already called on the given context, at ./src/rcl/init.c:241

--- executor_robot3.log ---
[INFO] [1787694425.081797972] [robot3.fragment_exec_node]: Setting up skill: PickSkill
[INFO] [1787694425.082790038] [robot3.fragment_exec_node]: Setting up skill: ScanSkill
[INFO] [1787694425.083740954] [robot3.fragment_exec_node]: Setting up skill: NavigateSkill
[INFO] [1787694425.084513049] [robot3.fragment_exec_node]: Setting up skill: NavigateSkill
[INFO] [1787694425.085184650] [robot3.fragment_exec_node]: Setting up skill: DockSkill
[INFO] [1787694425.085907791] [robot3.fragment_exec_node]: Setting up skill: UndockSkill
[INFO] [1787694425.086638085] [robot3.fragment_exec_node]: Setting up skill: PackSkill
[INFO] [1787694425.093642836] [robot3.fragment_exec_node]: Published robot registration: {'name': 'robot3', 'operational_state': 'idle', 'capabilities': ['pick', 'scan', 'transport', 'pack'], 'state': {'position': {'x': 0.0, 'y': 0.0, 'z': 0.0}, 'docked': True, 'battery': 100.0, 'conditions': []}}
[INFO] [1787694434.419569449] [robot3.fragment_exec_node]: Received fragment: {'robot': 'robot5', 'fragment': {'id': 'f1-1', 'mission': 'm1', 'state': 'assigned', 'wait': [], 'tasks': [{'name': 'pick', 'params': {'x': 5, 'y': 8, 'weight': 8}}], 'arrive_timestamp': 1787694430, 'priority': 1, 'segment': 's1', 'preconditions': [], 'postconditions': ['picked-o1-1']}}
[INFO] [1787694434.426771963] [robot3.fragment_exec_node]: Received fragment: {'robot': 'robot4', 'fragment': {'id': 'f2-1', 'mission': 'm2', 'state': 'assigned', 'wait': [], 'tasks': [{'name': 'pick', 'params': {'weight': 5, 'x': 2, 'y': 3}}], 'arrive_timestamp': 1787694431, 'priority': 1, 'segment': 's1', 'preconditions': [], 'postconditions': ['picked-o1-2']}}
[INFO] [1787694434.432676994] [robot3.fragment_exec_node]: Received fragment: {'robot': 'robot1', 'fragment': {'id': 'f3-1', 'mission': 'm3', 'state': 'assigned', 'wait': [], 'tasks': [{'name': 'pick', 'params': {'weight': 3, 'x': 7, 'y': 3}}], 'arrive_timestamp': 1787694432, 'priority': 1, 'segment': 's1', 'preconditions': [], 'postconditions': ['picked-o1-3']}}
[INFO] [1787694434.434082435] [robot3.fragment_exec_node]: Received fragment: {'robot': 'robot3', 'fragment': {'id': 'f2-4', 'mission': 'm2', 'state': 'assigned', 'wait': [], 'tasks': [{'name': 'pick', 'params': {'weight': 7, 'x': 9, 'y': 5}}], 'arrive_timestamp': 1787694431, 'priority': 1, 'segment': 's2', 'preconditions': [], 'postconditions': ['picked-o2-2']}}
[INFO] [1787694434.435087783] [robot3.fragment_exec_node]: Received fragment assignment: f2-4. Starting execution.
[INFO] [1787694434.436519998] [robot3.fragment_exec_node]: Executing task pick. Params: {'weight': 7, 'x': 9, 'y': 5}, Virtual state: {'position': {'x': 0.0, 'y': 0.0, 'z': 0.0}, 'docked': True, 'battery': 100.0, 'conditions': []}
[INFO] [1787694434.437546886] [robot3.fragment_exec_node]: EventType: Control (Task: pick), Activity: undock, Robot: robot3, Mission: m2, Segment: s2, Start: 20451.429681171
[INFO] [1787694434.438685329] [robot3.fragment_exec_node]: Simulating undock skill...
[INFO] [1787694434.439229496] [robot3.fragment_exec_node]: Received fragment: {'robot': 'robot2', 'fragment': {'id': 'f3-4', 'mission': 'm3', 'state': 'assigned', 'wait': [], 'tasks': [{'name': 'pick', 'params': {'weight': 5, 'x': 2, 'y': 3}}], 'arrive_timestamp': 1787694432, 'priority': 1, 'segment': 's2', 'preconditions': [], 'postconditions': ['picked-o2-3']}}
[INFO] [1787694438.442001603] [robot3.fragment_exec_node]: Undock completed!
[INFO] [1787694438.445148851] [robot3.fragment_exec_node]: EventType: Control (Task: pick), Activity: undock, Robot: robot3, Mission: m2, Segment: s2, End: 20455.436083139
[INFO] [1787694438.446995317] [robot3.fragment_exec_node]: EventType: Control (Task: pick), Activity: navigate, Robot: robot3, Mission: m2, Segment: s2, Start: 20455.438588877
[INFO] [1787694438.449047325] [robot3.fragment_exec_node]: Simulating navigate skill from position (0.0, 0.0) to (9, 5) (20.591260281974 seconds)...
[INFO] [1787694451.415572997] [robot3.fragment_exec_node]: Received fragment: {'robot': 'robot2', 'fragment': {'id': 'f2-2', 'mission': 'm2', 'state': 'assigned', 'wait': ['m2/s1/pick'], 'tasks': [{'name': 'scan', 'params': {'x': 2, 'y': 3}}], 'arrive_timestamp': 1787694431, 'priority': 1, 'segment': 's1', 'preconditions': [], 'postconditions': []}}
[INFO] [1787694451.418395198] [robot3.fragment_exec_node]: Received fragment: {'robot': 'robot4', 'fragment': {'id': 'f3-5', 'mission': 'm3', 'state': 'assigned', 'wait': ['m3/s2/pick'], 'tasks': [{'name': 'scan', 'params': {'x': 2, 'y': 3}}], 'arrive_timestamp': 1787694432, 'priority': 1, 'segment': 's2', 'preconditions': [], 'postconditions': []}}
[INFO] [1787694457.425282952] [robot3.fragment_exec_node]: Received fragment: {'robot': 'robot4', 'fragment': {'id': 'f3-2', 'mission': 'm3', 'state': 'assigned', 'wait': ['m3/s1/pick'], 'tasks': [{'name': 'scan', 'params': {'x': 7, 'y': 3}}], 'arrive_timestamp': 1787694432, 'priority': 1, 'segment': 's1', 'preconditions': [], 'postconditions': []}}
[INFO] [1787694457.426408769] [robot3.fragment_exec_node]: Received fragment: {'robot': 'robot2', 'fragment': {'id': 'f3-6', 'mission': 'm3', 'state': 'assigned', 'wait': ['m3/s2/scan'], 'tasks': [{'name': 'transport', 'params': {'x': 11, 'y': 6}}], 'arrive_timestamp': 1787694432, 'priority': 1, 'segment': 's2', 'preconditions': ['picked-o2-3'], 'postconditions': []}}
[INFO] [1787694457.427916543] [robot3.fragment_exec_node]: Received fragment: {'robot': 'robot1', 'fragment': {'id': 'f2-3', 'mission': 'm2', 'state': 'assigned', 'wait': ['m2/s1/scan'], 'tasks': [{'name': 'transport', 'params': {'x': 11, 'y': 6}}], 'arrive_timestamp': 1787694431, 'priority': 1, 'segment': 's1', 'preconditions': [], 'postconditions': []}}
[INFO] [1787694459.042382573] [robot3.fragment_exec_node]: Navigation completed!
[INFO] [1787694459.045485274] [robot3.fragment_exec_node]: EventType: Control (Task: pick), Activity: navigate, Robot: robot3, Mission: m2, Segment: s2, End: 20476.037888066
[INFO] [1787694459.048054782] [robot3.fragment_exec_node]: EventType: Task, Activity: pick, Robot: robot3, Mission: m2, Segment: s2, Start: 20476.040772171
[INFO] [1787694459.049700972] [robot3.fragment_exec_node]: Simulating pick skill...
[INFO] [1787694465.407764634] [robot3.fragment_exec_node]: Received fragment: {'robot': 'robot5', 'fragment': {'id': 'f1-2', 'mission': 'm1', 'state': 'assigned', 'wait': ['m1/s1/pick'], 'tasks': [{'name': 'scan', 'params': {'x': 5, 'y': 8}}], 'arrive_timestamp': 1787694430, 'priority': 1, 'segment': 's1', 'preconditions': [], 'postconditions': []}}
[INFO] [1787694466.053516212] [robot3.fragment_exec_node]: Pick completed!
[INFO] [1787694466.056206715] [robot3.fragment_exec_node]: EventType: Task, Activity: pick, Robot: robot3, Mission: m2, Segment: s2, End: 20483.048962479
[INFO] [1787694466.058475171] [robot3.fragment_exec_node]: Execution of fragment f2-4 completed!
[INFO] [1787694466.409329764] [robot3.fragment_exec_node]: Received fragment: {'robot': 'robot3', 'fragment': {'id': 'f2-5', 'mission': 'm2', 'state': 'assigned', 'wait': ['m2/s2/pick'], 'tasks': [{'name': 'scan', 'params': {'x': 9, 'y': 5}}], 'arrive_timestamp': 1787694431, 'priority': 1, 'segment': 's2', 'preconditions': [], 'postconditions': []}}
[INFO] [1787694466.410728742] [robot3.fragment_exec_node]: Received fragment assignment: f2-5. Starting execution.
[INFO] [1787694466.412407042] [robot3.fragment_exec_node]: Waiting for coordination messages before executing fragment f2-5: ['m2/s2/pick']
[INFO] [1787694468.418381347] [robot3.fragment_exec_node]: Executing task scan. Params: {'x': 9, 'y': 5}, Virtual state: {'position': {'x': 9, 'y': 5, 'z': 0.0}, 'docked': False, 'battery': 100.0, 'conditions': ['picked-o2-2']}
[INFO] [1787694468.421250138] [robot3.fragment_exec_node]: EventType: Task, Activity: scan, Robot: robot3, Mission: m2, Segment: s2, Start: 20485.41386938
[INFO] [1787694468.423426804] [robot3.fragment_exec_node]: Simulating scan skill...
[INFO] [1787694471.412354804] [robot3.fragment_exec_node]: Received fragment: {'robot': 'robot5', 'fragment': {'id': 'f1-3', 'mission': 'm1', 'state': 'assigned', 'wait': ['m1/s1/scan'], 'tasks': [{'name': 'transport', 'params': {'x': 11, 'y': 6}}], 'arrive_timestamp': 1787694430, 'priority': 1, 'segment': 's1', 'preconditions': ['picked-o1-1'], 'postconditions': []}}
[INFO] [1787694471.425677873] [robot3.fragment_exec_node]: Scan completed!
[INFO] [1787694471.426883573] [robot3.fragment_exec_node]: EventType: Task, Activity: scan, Robot: robot3, Mission: m2, Segment: s2, End: 20488.420602397
[INFO] [1787694471.428298264] [robot3.fragment_exec_node]: Execution of fragment f2-5 completed!
[INFO] [1787694472.411612623] [robot3.fragment_exec_node]: Received fragment: {'robot': 'robot3', 'fragment': {'id': 'f2-6', 'mission': 'm2', 'state': 'assigned', 'wait': ['m2/s2/scan'], 'tasks': [{'name': 'transport', 'params': {'x': 11, 'y': 6}}], 'arrive_timestamp': 1787694431, 'priority': 1, 'segment': 's2', 'preconditions': ['picked-o2-2'], 'postconditions': []}}
[INFO] [1787694472.413571741] [robot3.fragment_exec_node]: Received fragment assignment: f2-6. Starting execution.
[INFO] [1787694472.415801798] [robot3.fragment_exec_node]: Executing task transport. Params: {'x': 11, 'y': 6}, Virtual state: {'position': {'x': 9, 'y': 5, 'z': 0.0}, 'docked': False, 'battery': 100.0, 'conditions': ['picked-o2-2']}
[INFO] [1787694472.417225763] [robot3.fragment_exec_node]: EventType: Control (Task: transport), Activity: navigate, Robot: robot3, Mission: m2, Segment: s2, Start: 20489.410783481
[INFO] [1787694472.418399807] [robot3.fragment_exec_node]: Simulating navigate skill from position (9, 5) to (11, 6) (7.211102550927978 seconds)...
[INFO] [1787694473.408189555] [robot3.fragment_exec_node]: Received fragment: {'robot': 'robot4', 'fragment': {'id': 'f3-7', 'mission': 'm3', 'state': 'assigned', 'wait': [], 'tasks': [{'name': 'pick', 'params': {'weight': 2, 'x': 1, 'y': 9}}], 'arrive_timestamp': 1787694432, 'priority': 1, 'segment': 's3', 'preconditions': [], 'postconditions': ['picked-o3-3']}}
[INFO] [1787694478.413348103] [robot3.fragment_exec_node]: Received fragment: {'robot': 'robot1', 'fragment': {'id': 'f3-3', 'mission': 'm3', 'state': 'assigned', 'wait': ['m3/s1/scan'], 'tasks': [{'name': 'transport', 'params': {'x': 11, 'y': 6}}], 'arrive_timestamp': 1787694432, 'priority': 1, 'segment': 's1', 'preconditions': ['picked-o1-3'], 'postconditions': []}}
[INFO] [1787694479.633360973] [robot3.fragment_exec_node]: Navigation completed!
[INFO] [1787694479.635994941] [robot3.fragment_exec_node]: EventType: Control (Task: transport), Activity: navigate, Robot: robot3, Mission: m2, Segment: s2, End: 20496.628958524
[INFO] [1787694479.637670427] [robot3.fragment_exec_node]: EventType: Task, Activity: transport, Robot: robot3, Mission: m2, Segment: s2, Start: 20496.631249303
[INFO] [1787694479.639388631] [robot3.fragment_exec_node]: Simulating navigate skill from position (11, 6) to (11, 6) (10.0 seconds)...
[INFO] [1787694488.455928349] [robot3.fragment_exec_node]: Received fragment: {'robot': 'robot4', 'fragment': {'id': 'f3-8', 'mission': 'm3', 'state': 'assigned', 'wait': ['m3/s3/pick'], 'tasks': [{'name': 'scan', 'params': {'x': 1, 'y': 9}}], 'arrive_timestamp': 1787694432, 'priority': 1, 'segment': 's3', 'preconditions': [], 'postconditions': []}}
[INFO] [1787694489.417202839] [robot3.fragment_exec_node]: Received fragment: {'robot': 'robot1', 'fragment': {'id': 'f4-4', 'mission': 'm4', 'state': 'assigned', 'wait': [], 'tasks': [{'name': 'pick', 'params': {'weight': 7, 'x': 10, 'y': 4}}], 'arrive_timestamp': 1787694433, 'priority': 1, 'segment': 's2', 'preconditions': [], 'postconditions': ['picked-o2-4']}}
[INFO] [1787694489.419210765] [robot3.fragment_exec_node]: Received fragment: {'robot': 'robot2', 'fragment': {'id': 'f4-1', 'mission': 'm4', 'state': 'assigned', 'wait': [], 'tasks': [{'name': 'pick', 'params': {'weight': 5, 'x': 2, 'y': 8}}], 'arrive_timestamp': 1787694433, 'priority': 1, 'segment': 's1', 'preconditions': [], 'postconditions': ['picked-o1-4']}}
[INFO] [1787694489.643682082] [robot3.fragment_exec_node]: Navigation completed!
[INFO] [1787694489.646521048] [robot3.fragment_exec_node]: EventType: Task, Activity: transport, Robot: robot3, Mission: m2, Segment: s2, End: 20506.639293211
[INFO] [1787694489.649613145] [robot3.fragment_exec_node]: Execution of fragment f2-6 completed!
[INFO] [1787694490.410300733] [robot3.fragment_exec_node]: Received fragment: {'robot': 'robot3', 'fragment': {'id': 'f2-7', 'mission': 'm2', 'state': 'assigned', 'wait': ['m2/s1/transport', 'm2/s2/transport'], 'tasks': [{'name': 'pack', 'params': {'x': 11, 'y': 6, 'items': 2}}], 'arrive_timestamp': 1787694431, 'priority': 1, 'segment': '', 'preconditions': [], 'postconditions': []}}
[INFO] [1787694490.412277583] [robot3.fragment_exec_node]: Received fragment assignment: f2-7. Starting execution.
[INFO] [1787694490.414129938] [robot3.fragment_exec_node]: Executing task pack. Params: {'x': 11, 'y': 6, 'items': 2}, Virtual state: {'position': {'x': 11, 'y': 6, 'z': 0.0}, 'docked': False, 'battery': 100.0, 'conditions': ['picked-o2-2']}
[INFO] [1787694490.415549142] [robot3.fragment_exec_node]: EventType: Task, Activity: pack, Robot: robot3, Mission: m2, Segment: , Start: 20507.40906697
[INFO] [1787694490.417335255] [robot3.fragment_exec_node]: Simulating pack skill...
[INFO] [1787694494.444885945] [robot3.fragment_exec_node]: Received fragment: {'robot': 'robot4', 'fragment': {'id': 'f3-9', 'mission': 'm3', 'state': 'assigned', 'wait': ['m3/s3/scan'], 'tasks': [{'name': 'transport', 'params': {'x': 11, 'y': 6}}], 'arrive_timestamp': 1787694432, 'priority': 1, 'segment': 's3', 'preconditions': ['picked-o3-3'], 'postconditions': []}}
[INFO] [1787694496.409603636] [robot3.fragment_exec_node]: Received fragment: {'robot': 'robot5', 'fragment': {'id': 'f1-4', 'mission': 'm1', 'state': 'assigned', 'wait': ['m1/s1/transport'], 'tasks': [{'name': 'pack', 'params': {'x': 11, 'y': 6, 'items': 1}}], 'arrive_timestamp': 1787694430, 'priority': 1, 'segment': '', 'preconditions': [], 'postconditions': []}}
[INFO] [1787694502.421110946] [robot3.fragment_exec_node]: Packing completed!
[INFO] [1787694502.422744403] [robot3.fragment_exec_node]: EventType: Task, Activity: pack, Robot: robot3, Mission: m2, Segment: , End: 20519.416318179
[INFO] [1787694502.425099691] [robot3.fragment_exec_node]: Execution of fragment f2-7 completed!
[INFO] [1787694503.416145454] [robot3.fragment_exec_node]: Received fragment: {'robot': 'robot3', 'fragment': {'id': 'f4-7', 'mission': 'm4', 'state': 'assigned', 'wait': [], 'tasks': [{'name': 'pick', 'params': {'weight': 2, 'x': 9, 'y': 1}}], 'arrive_timestamp': 1787694433, 'priority': 1, 'segment': 's3', 'preconditions': [], 'postconditions': ['picked-o3-4']}}
[INFO] [1787694503.429187855] [robot3.fragment_exec_node]: Received fragment: {'robot': 'robot5', 'fragment': {'id': "f4-10'", 'mission': 'm4', 'state': 'assigned', 'wait': [], 'tasks': [{'name': 'pick', 'params': {'weight': 1, 'x': 2, 'y': 4}}], 'arrive_timestamp': 1787694433, 'priority': 1, 'segment': 's4', 'preconditions': [], 'postconditions': ['picked-o4-4']}}
[INFO] [1787694503.431115110] [robot3.fragment_exec_node]: Received fragment assignment: f4-7. Starting execution.
[INFO] [1787694503.432846270] [robot3.fragment_exec_node]: Executing task pick. Params: {'weight': 2, 'x': 9, 'y': 1}, Virtual state: {'position': {'x': 11, 'y': 6, 'z': 0.0}, 'docked': False, 'battery': 100.0, 'conditions': ['picked-o2-2']}
[INFO] [1787694503.433947497] [robot3.fragment_exec_node]: EventType: Control (Task: pick), Activity: navigate, Robot: robot3, Mission: m4, Segment: s3, Start: 20520.427653453
[INFO] [1787694503.434970439] [robot3.fragment_exec_node]: Simulating navigate skill from position (11, 6) to (9, 1) (20.396078054371138 seconds)...
[INFO] [1787694511.431559777] [robot3.fragment_exec_node]: Received fragment: {'robot': 'robot1', 'fragment': {'id': 'f4-5', 'mission': 'm4', 'state': 'assigned', 'wait': ['m4/s2/pick'], 'tasks': [{'name': 'scan', 'params': {'x': 10, 'y': 4}}], 'arrive_timestamp': 1787694433, 'priority': 1, 'segment': 's2', 'preconditions': [], 'postconditions': []}}
[INFO] [1787694514.412632580] [robot3.fragment_exec_node]: Received fragment: {'robot': 'robot2', 'fragment': {'id': 'f4-2', 'mission': 'm4', 'state': 'assigned', 'wait': ['m4/s1/pick'], 'tasks': [{'name': 'scan', 'params': {'x': 2, 'y': 8}}], 'arrive_timestamp': 1787694433, 'priority': 1, 'segment': 's1', 'preconditions': [], 'postconditions': []}}
[INFO] [1787694517.410668921] [robot3.fragment_exec_node]: Received fragment: {'robot': 'robot1', 'fragment': {'id': 'f4-6', 'mission': 'm4', 'state': 'assigned', 'wait': ['m4/s2/scan'], 'tasks': [{'name': 'transport', 'params': {'x': 11, 'y': 6}}], 'arrive_timestamp': 1787694433, 'priority': 1, 'segment': 's2', 'preconditions': ['picked-o2-4'], 'postconditions': []}}
[INFO] [1787694518.409550616] [robot3.fragment_exec_node]: Received fragment: {'robot': 'robot2', 'fragment': {'id': 'f4-3', 'mission': 'm4', 'state': 'assigned', 'wait': ['m4/s1/scan'], 'tasks': [{'name': 'transport', 'params': {'x': 11, 'y': 6}}], 'arrive_timestamp': 1787694433, 'priority': 1, 'segment': 's1', 'preconditions': ['picked-o1-4'], 'postconditions': []}}
[INFO] [1787694523.833171711] [robot3.fragment_exec_node]: Navigation completed!
[INFO] [1787694523.834561964] [robot3.fragment_exec_node]: EventType: Control (Task: pick), Activity: navigate, Robot: robot3, Mission: m4, Segment: s3, End: 20540.82789367
[INFO] [1787694523.835731565] [robot3.fragment_exec_node]: EventType: Task, Activity: pick, Robot: robot3, Mission: m4, Segment: s3, Start: 20540.829006737
[INFO] [1787694523.836732780] [robot3.fragment_exec_node]: Simulating pick skill...
[INFO] [1787694525.839162820] [robot3.fragment_exec_node]: Pick completed!
[INFO] [1787694525.839847641] [robot3.fragment_exec_node]: EventType: Task, Activity: pick, Robot: robot3, Mission: m4, Segment: s3, End: 20542.833572018
[INFO] [1787694525.840693412] [robot3.fragment_exec_node]: Execution of fragment f4-7 completed!
[INFO] [1787694526.414687470] [robot3.fragment_exec_node]: Received fragment: {'robot': 'robot3', 'fragment': {'id': 'f4-8', 'mission': 'm4', 'state': 'assigned', 'wait': ['m4/s3/pick'], 'tasks': [{'name': 'scan', 'params': {'x': 9, 'y': 1}}], 'arrive_timestamp': 1787694433, 'priority': 1, 'segment': 's3', 'preconditions': [], 'postconditions': []}}
[INFO] [1787694526.415819251] [robot3.fragment_exec_node]: Received fragment assignment: f4-8. Starting execution.
[INFO] [1787694526.417084992] [robot3.fragment_exec_node]: Waiting for coordination messages before executing fragment f4-8: ['m4/s3/pick']
[INFO] [1787694527.416739211] [robot3.fragment_exec_node]: Received fragment: {'robot': 'robot5', 'fragment': {'id': 'f3-10', 'mission': 'm3', 'state': 'assigned', 'wait': ['m3/s1/transport', 'm3/s2/transport', 'm3/s3/transport'], 'tasks': [{'name': 'pack', 'params': {'x': 2, 'y': 3, 'items': 3}}], 'arrive_timestamp': 1787694432, 'priority': 1, 'segment': '', 'preconditions': [], 'postconditions': []}}
[INFO] [1787694527.418395190] [robot3.fragment_exec_node]: Received fragment: {'robot': 'robot4', 'fragment': {'id': 'f4-11', 'mission': 'm4', 'state': 'assigned', 'wait': ['m4/s4/pick'], 'tasks': [{'name': 'scan', 'params': {'x': 2, 'y': 4}}], 'arrive_timestamp': 1787694433, 'priority': 1, 'segment': 's4', 'preconditions': [], 'postconditions': []}}
[INFO] [1787694528.422923220] [robot3.fragment_exec_node]: Executing task scan. Params: {'x': 9, 'y': 1}, Virtual state: {'position': {'x': 9, 'y': 1, 'z': 0.0}, 'docked': False, 'battery': 100.0, 'conditions': ['picked-o2-2', 'picked-o3-4']}
[INFO] [1787694528.425380114] [robot3.fragment_exec_node]: EventType: Task, Activity: scan, Robot: robot3, Mission: m4, Segment: s3, Start: 20545.418361663
[INFO] [1787694528.427038297] [robot3.fragment_exec_node]: Simulating scan skill...
[INFO] [1787694531.430430874] [robot3.fragment_exec_node]: Scan completed!
[INFO] [1787694531.433019420] [robot3.fragment_exec_node]: EventType: Task, Activity: scan, Robot: robot3, Mission: m4, Segment: s3, End: 20548.425625893
[INFO] [1787694531.435811868] [robot3.fragment_exec_node]: Execution of fragment f4-8 completed!
[INFO] [1787694532.409627502] [robot3.fragment_exec_node]: Received fragment: {'robot': 'robot3', 'fragment': {'id': 'f4-9', 'mission': 'm4', 'state': 'assigned', 'wait': ['m4/s3/scan'], 'tasks': [{'name': 'transport', 'params': {'x': 11, 'y': 6}}], 'arrive_timestamp': 1787694433, 'priority': 1, 'segment': 's3', 'preconditions': ['picked-o3-4'], 'postconditions': []}}
[INFO] [1787694532.411695598] [robot3.fragment_exec_node]: Received fragment assignment: f4-9. Starting execution.
[INFO] [1787694532.413454691] [robot3.fragment_exec_node]: Executing task transport. Params: {'x': 11, 'y': 6}, Virtual state: {'position': {'x': 9, 'y': 1, 'z': 0.0}, 'docked': False, 'battery': 100.0, 'conditions': ['picked-o2-2', 'picked-o3-4']}
[INFO] [1787694532.414755492] [robot3.fragment_exec_node]: EventType: Control (Task: transport), Activity: navigate, Robot: robot3, Mission: m4, Segment: s3, Start: 20549.407964358
[INFO] [1787694532.415848587] [robot3.fragment_exec_node]: Simulating navigate skill from position (9, 1) to (11, 6) (7.211102550927978 seconds)...
[INFO] [1787694539.628960251] [robot3.fragment_exec_node]: Navigation completed!
[INFO] [1787694539.632026496] [robot3.fragment_exec_node]: EventType: Control (Task: transport), Activity: navigate, Robot: robot3, Mission: m4, Segment: s3, End: 20556.626447261
[INFO] [1787694539.634646021] [robot3.fragment_exec_node]: EventType: Task, Activity: transport, Robot: robot3, Mission: m4, Segment: s3, Start: 20556.629066966
[INFO] [1787694539.636127431] [robot3.fragment_exec_node]: Simulating navigate skill from position (11, 6) to (11, 6) (10.0 seconds)...
[INFO] [1787694549.639393931] [robot3.fragment_exec_node]: Navigation completed!
[INFO] [1787694549.642475042] [robot3.fragment_exec_node]: EventType: Task, Activity: transport, Robot: robot3, Mission: m4, Segment: s3, End: 20566.636512857
[INFO] [1787694549.645628452] [robot3.fragment_exec_node]: Execution of fragment f4-9 completed!
[INFO] [1787694555.405623755] [robot3.fragment_exec_node]: Received fragment: {'robot': 'robot5', 'fragment': {'id': 'f4-12', 'mission': 'm4', 'state': 'assigned', 'wait': ['m4/s4/scan'], 'tasks': [{'name': 'transport', 'params': {'x': 11, 'y': 6}}], 'arrive_timestamp': 1787694433, 'priority': 1, 'segment': 's4', 'preconditions': ['picked-o4-4'], 'postconditions': []}}
[INFO] [1787694587.421797997] [robot3.fragment_exec_node]: Received fragment: {'robot': 'robot4', 'fragment': {'id': 'f4-13', 'mission': 'm4', 'state': 'assigned', 'wait': ['m4/s1/transport', 'm4/s2/transport', 'm4/s3/transport', 'm4/s4/transport'], 'tasks': [{'name': 'pack', 'params': {'x': 11, 'y': 6, 'items': 4}}], 'arrive_timestamp': 1787694433, 'priority': 1, 'segment': '', 'preconditions': [], 'postconditions': []}}
Traceback (most recent call last):
  File "/root/ros2_ws/install/multi3_executor/lib/multi3_executor/executor", line 33, in <module>
    sys.exit(load_entry_point('multi3-executor==0.0.0', 'console_scripts', 'executor')())
  File "/root/ros2_ws/install/multi3_executor/lib/python3.10/site-packages/multi3_executor/nodes/executor.py", line 236, in main
    rclpy.shutdown()
  File "/opt/ros/humble/local/lib/python3.10/dist-packages/rclpy/__init__.py", line 130, in shutdown
    _shutdown(context=context)
  File "/opt/ros/humble/local/lib/python3.10/dist-packages/rclpy/utilities.py", line 58, in shutdown
    return context.shutdown()
  File "/opt/ros/humble/local/lib/python3.10/dist-packages/rclpy/context.py", line 102, in shutdown
    self.__context.shutdown()
rclpy._rclpy_pybind11.RCLError: failed to shutdown: rcl_shutdown already called on the given context, at ./src/rcl/init.c:241

--- executor_robot4.log ---
[INFO] [1787694427.047781379] [robot4.fragment_exec_node]: Setting up skill: PickSkill
[INFO] [1787694427.048810819] [robot4.fragment_exec_node]: Setting up skill: ScanSkill
[INFO] [1787694427.049654599] [robot4.fragment_exec_node]: Setting up skill: NavigateSkill
[INFO] [1787694427.050480988] [robot4.fragment_exec_node]: Setting up skill: NavigateSkill
[INFO] [1787694427.051155018] [robot4.fragment_exec_node]: Setting up skill: DockSkill
[INFO] [1787694427.051803553] [robot4.fragment_exec_node]: Setting up skill: UndockSkill
[INFO] [1787694427.052573928] [robot4.fragment_exec_node]: Setting up skill: PackSkill
[INFO] [1787694427.059972226] [robot4.fragment_exec_node]: Published robot registration: {'name': 'robot4', 'operational_state': 'idle', 'capabilities': ['pick', 'scan', 'transport', 'pack'], 'state': {'position': {'x': 0.0, 'y': 0.0, 'z': 0.0}, 'docked': True, 'battery': 100.0, 'conditions': []}}
[INFO] [1787694434.433705224] [robot4.fragment_exec_node]: Received fragment: {'robot': 'robot4', 'fragment': {'id': 'f2-1', 'mission': 'm2', 'state': 'assigned', 'wait': [], 'tasks': [{'name': 'pick', 'params': {'weight': 5, 'x': 2, 'y': 3}}], 'arrive_timestamp': 1787694431, 'priority': 1, 'segment': 's1', 'preconditions': [], 'postconditions': ['picked-o1-2']}}
[INFO] [1787694434.436457899] [robot4.fragment_exec_node]: Received fragment: {'robot': 'robot5', 'fragment': {'id': 'f1-1', 'mission': 'm1', 'state': 'assigned', 'wait': [], 'tasks': [{'name': 'pick', 'params': {'x': 5, 'y': 8, 'weight': 8}}], 'arrive_timestamp': 1787694430, 'priority': 1, 'segment': 's1', 'preconditions': [], 'postconditions': ['picked-o1-1']}}
[INFO] [1787694434.440305276] [robot4.fragment_exec_node]: Received fragment: {'robot': 'robot1', 'fragment': {'id': 'f3-1', 'mission': 'm3', 'state': 'assigned', 'wait': [], 'tasks': [{'name': 'pick', 'params': {'weight': 3, 'x': 7, 'y': 3}}], 'arrive_timestamp': 1787694432, 'priority': 1, 'segment': 's1', 'preconditions': [], 'postconditions': ['picked-o1-3']}}
[INFO] [1787694434.441390194] [robot4.fragment_exec_node]: Received fragment: {'robot': 'robot2', 'fragment': {'id': 'f3-4', 'mission': 'm3', 'state': 'assigned', 'wait': [], 'tasks': [{'name': 'pick', 'params': {'weight': 5, 'x': 2, 'y': 3}}], 'arrive_timestamp': 1787694432, 'priority': 1, 'segment': 's2', 'preconditions': [], 'postconditions': ['picked-o2-3']}}
[INFO] [1787694434.442551186] [robot4.fragment_exec_node]: Received fragment: {'robot': 'robot3', 'fragment': {'id': 'f2-4', 'mission': 'm2', 'state': 'assigned', 'wait': [], 'tasks': [{'name': 'pick', 'params': {'weight': 7, 'x': 9, 'y': 5}}], 'arrive_timestamp': 1787694431, 'priority': 1, 'segment': 's2', 'preconditions': [], 'postconditions': ['picked-o2-2']}}
[INFO] [1787694434.443622079] [robot4.fragment_exec_node]: Received fragment assignment: f2-1. Starting execution.
[INFO] [1787694434.444383721] [robot4.fragment_exec_node]: Executing task pick. Params: {'weight': 5, 'x': 2, 'y': 3}, Virtual state: {'position': {'x': 0.0, 'y': 0.0, 'z': 0.0}, 'docked': True, 'battery': 100.0, 'conditions': []}
[INFO] [1787694434.444979937] [robot4.fragment_exec_node]: EventType: Control (Task: pick), Activity: undock, Robot: robot4, Mission: m2, Segment: s1, Start: 20451.43751831
[INFO] [1787694434.445676293] [robot4.fragment_exec_node]: Simulating undock skill...
[INFO] [1787694438.448510473] [robot4.fragment_exec_node]: Undock completed!
[INFO] [1787694438.450523040] [robot4.fragment_exec_node]: EventType: Control (Task: pick), Activity: undock, Robot: robot4, Mission: m2, Segment: s1, End: 20455.442202095
[INFO] [1787694438.451883233] [robot4.fragment_exec_node]: EventType: Control (Task: pick), Activity: navigate, Robot: robot4, Mission: m2, Segment: s1, Start: 20455.44393621
[INFO] [1787694438.452984759] [robot4.fragment_exec_node]: Simulating navigate skill from position (0.0, 0.0) to (2, 3) (7.211102550927978 seconds)...
[INFO] [1787694445.668107021] [robot4.fragment_exec_node]: Navigation completed!
[INFO] [1787694445.670673406] [robot4.fragment_exec_node]: EventType: Control (Task: pick), Activity: navigate, Robot: robot4, Mission: m2, Segment: s1, End: 20462.662288724
[INFO] [1787694445.672892968] [robot4.fragment_exec_node]: EventType: Task, Activity: pick, Robot: robot4, Mission: m2, Segment: s1, Start: 20462.66466647
[INFO] [1787694445.674247824] [robot4.fragment_exec_node]: Simulating pick skill...
[INFO] [1787694450.676508373] [robot4.fragment_exec_node]: Pick completed!
[INFO] [1787694450.678890438] [robot4.fragment_exec_node]: EventType: Task, Activity: pick, Robot: robot4, Mission: m2, Segment: s1, End: 20467.671937291
[INFO] [1787694450.681471487] [robot4.fragment_exec_node]: Execution of fragment f2-1 completed!
[INFO] [1787694451.416648069] [robot4.fragment_exec_node]: Received fragment: {'robot': 'robot2', 'fragment': {'id': 'f2-2', 'mission': 'm2', 'state': 'assigned', 'wait': ['m2/s1/pick'], 'tasks': [{'name': 'scan', 'params': {'x': 2, 'y': 3}}], 'arrive_timestamp': 1787694431, 'priority': 1, 'segment': 's1', 'preconditions': [], 'postconditions': []}}
[INFO] [1787694451.418241353] [robot4.fragment_exec_node]: Received fragment: {'robot': 'robot4', 'fragment': {'id': 'f3-5', 'mission': 'm3', 'state': 'assigned', 'wait': ['m3/s2/pick'], 'tasks': [{'name': 'scan', 'params': {'x': 2, 'y': 3}}], 'arrive_timestamp': 1787694432, 'priority': 1, 'segment': 's2', 'preconditions': [], 'postconditions': []}}
[INFO] [1787694451.419418799] [robot4.fragment_exec_node]: Received fragment assignment: f3-5. Starting execution.
[INFO] [1787694451.421146384] [robot4.fragment_exec_node]: Waiting for coordination messages before executing fragment f3-5: ['m3/s2/pick']
[INFO] [1787694453.427210349] [robot4.fragment_exec_node]: Executing task scan. Params: {'x': 2, 'y': 3}, Virtual state: {'position': {'x': 2, 'y': 3, 'z': 0.0}, 'docked': False, 'battery': 100.0, 'conditions': ['picked-o1-2']}
[INFO] [1787694453.428909504] [robot4.fragment_exec_node]: EventType: Task, Activity: scan, Robot: robot4, Mission: m3, Segment: s2, Start: 20470.422384161
[INFO] [1787694453.430550190] [robot4.fragment_exec_node]: Simulating scan skill...
[INFO] [1787694456.434663723] [robot4.fragment_exec_node]: Scan completed!
[INFO] [1787694456.437220987] [robot4.fragment_exec_node]: EventType: Task, Activity: scan, Robot: robot4, Mission: m3, Segment: s2, End: 20473.430450193
[INFO] [1787694456.439555828] [robot4.fragment_exec_node]: Execution of fragment f3-5 completed!
[INFO] [1787694457.425209914] [robot4.fragment_exec_node]: Received fragment: {'robot': 'robot1', 'fragment': {'id': 'f2-3', 'mission': 'm2', 'state': 'assigned', 'wait': ['m2/s1/scan'], 'tasks': [{'name': 'transport', 'params': {'x': 11, 'y': 6}}], 'arrive_timestamp': 1787694431, 'priority': 1, 'segment': 's1', 'preconditions': [], 'postconditions': []}}
[INFO] [1787694457.427029130] [robot4.fragment_exec_node]: Received fragment: {'robot': 'robot4', 'fragment': {'id': 'f3-2', 'mission': 'm3', 'state': 'assigned', 'wait': ['m3/s1/pick'], 'tasks': [{'name': 'scan', 'params': {'x': 7, 'y': 3}}], 'arrive_timestamp': 1787694432, 'priority': 1, 'segment': 's1', 'preconditions': [], 'postconditions': []}}
[INFO] [1787694457.428995797] [robot4.fragment_exec_node]: Received fragment: {'robot': 'robot2', 'fragment': {'id': 'f3-6', 'mission': 'm3', 'state': 'assigned', 'wait': ['m3/s2/scan'], 'tasks': [{'name': 'transport', 'params': {'x': 11, 'y': 6}}], 'arrive_timestamp': 1787694432, 'priority': 1, 'segment': 's2', 'preconditions': ['picked-o2-3'], 'postconditions': []}}
[INFO] [1787694457.430414530] [robot4.fragment_exec_node]: Received fragment assignment: f3-2. Starting execution.
[INFO] [1787694457.431356498] [robot4.fragment_exec_node]: Waiting for coordination messages before executing fragment f3-2: ['m3/s1/pick']
[INFO] [1787694459.437166898] [robot4.fragment_exec_node]: Executing task scan. Params: {'x': 7, 'y': 3}, Virtual state: {'position': {'x': 2, 'y': 3, 'z': 0.0}, 'docked': False, 'battery': 100.0, 'conditions': ['picked-o1-2']}
[INFO] [1787694459.438758028] [robot4.fragment_exec_node]: EventType: Control (Task: scan), Activity: navigate, Robot: robot4, Mission: m3, Segment: s1, Start: 20476.432211392
[INFO] [1787694459.441300975] [robot4.fragment_exec_node]: Simulating navigate skill from position (2, 3) to (7, 3) (10.198039027185569 seconds)...
[INFO] [1787694465.409028180] [robot4.fragment_exec_node]: Received fragment: {'robot': 'robot5', 'fragment': {'id': 'f1-2', 'mission': 'm1', 'state': 'assigned', 'wait': ['m1/s1/pick'], 'tasks': [{'name': 'scan', 'params': {'x': 5, 'y': 8}}], 'arrive_timestamp': 1787694430, 'priority': 1, 'segment': 's1', 'preconditions': [], 'postconditions': []}}
[INFO] [1787694466.410407947] [robot4.fragment_exec_node]: Received fragment: {'robot': 'robot3', 'fragment': {'id': 'f2-5', 'mission': 'm2', 'state': 'assigned', 'wait': ['m2/s2/pick'], 'tasks': [{'name': 'scan', 'params': {'x': 9, 'y': 5}}], 'arrive_timestamp': 1787694431, 'priority': 1, 'segment': 's2', 'preconditions': [], 'postconditions': []}}
[INFO] [1787694469.641774663] [robot4.fragment_exec_node]: Navigation completed!
[INFO] [1787694469.643280458] [robot4.fragment_exec_node]: EventType: Control (Task: scan), Activity: navigate, Robot: robot4, Mission: m3, Segment: s1, End: 20486.636704221
[INFO] [1787694469.644415379] [robot4.fragment_exec_node]: EventType: Task, Activity: scan, Robot: robot4, Mission: m3, Segment: s1, Start: 20486.638026113
[INFO] [1787694469.645514689] [robot4.fragment_exec_node]: Simulating scan skill...
[INFO] [1787694471.412082503] [robot4.fragment_exec_node]: Received fragment: {'robot': 'robot5', 'fragment': {'id': 'f1-3', 'mission': 'm1', 'state': 'assigned', 'wait': ['m1/s1/scan'], 'tasks': [{'name': 'transport', 'params': {'x': 11, 'y': 6}}], 'arrive_timestamp': 1787694430, 'priority': 1, 'segment': 's1', 'preconditions': ['picked-o1-1'], 'postconditions': []}}
[INFO] [1787694472.445427623] [robot4.fragment_exec_node]: Received fragment: {'robot': 'robot3', 'fragment': {'id': 'f2-6', 'mission': 'm2', 'state': 'assigned', 'wait': ['m2/s2/scan'], 'tasks': [{'name': 'transport', 'params': {'x': 11, 'y': 6}}], 'arrive_timestamp': 1787694431, 'priority': 1, 'segment': 's2', 'preconditions': ['picked-o2-2'], 'postconditions': []}}
[INFO] [1787694472.647446927] [robot4.fragment_exec_node]: Scan completed!
[INFO] [1787694472.648113748] [robot4.fragment_exec_node]: EventType: Task, Activity: scan, Robot: robot4, Mission: m3, Segment: s1, End: 20489.642125042
[INFO] [1787694472.649239826] [robot4.fragment_exec_node]: Execution of fragment f3-2 completed!
[INFO] [1787694473.416964031] [robot4.fragment_exec_node]: Received fragment: {'robot': 'robot4', 'fragment': {'id': 'f3-7', 'mission': 'm3', 'state': 'assigned', 'wait': [], 'tasks': [{'name': 'pick', 'params': {'weight': 2, 'x': 1, 'y': 9}}], 'arrive_timestamp': 1787694432, 'priority': 1, 'segment': 's3', 'preconditions': [], 'postconditions': ['picked-o3-3']}}
[INFO] [1787694473.418120622] [robot4.fragment_exec_node]: Received fragment assignment: f3-7. Starting execution.
[INFO] [1787694473.419427904] [robot4.fragment_exec_node]: Executing task pick. Params: {'weight': 2, 'x': 1, 'y': 9}, Virtual state: {'position': {'x': 7, 'y': 3, 'z': 0.0}, 'docked': False, 'battery': 100.0, 'conditions': ['picked-o1-2']}
[INFO] [1787694473.420489511] [robot4.fragment_exec_node]: EventType: Control (Task: pick), Activity: navigate, Robot: robot4, Mission: m3, Segment: s3, Start: 20490.414230264
[INFO] [1787694473.421648282] [robot4.fragment_exec_node]: Simulating navigate skill from position (7, 3) to (1, 9) (12.649110640673518 seconds)...
[INFO] [1787694478.407803284] [robot4.fragment_exec_node]: Received fragment: {'robot': 'robot1', 'fragment': {'id': 'f3-3', 'mission': 'm3', 'state': 'assigned', 'wait': ['m3/s1/scan'], 'tasks': [{'name': 'transport', 'params': {'x': 11, 'y': 6}}], 'arrive_timestamp': 1787694432, 'priority': 1, 'segment': 's1', 'preconditions': ['picked-o1-3'], 'postconditions': []}}
[INFO] [1787694486.074275606] [robot4.fragment_exec_node]: Navigation completed!
[INFO] [1787694486.077284201] [robot4.fragment_exec_node]: EventType: Control (Task: pick), Activity: navigate, Robot: robot4, Mission: m3, Segment: s3, End: 20503.069862332
[INFO] [1787694486.080443309] [robot4.fragment_exec_node]: EventType: Task, Activity: pick, Robot: robot4, Mission: m3, Segment: s3, Start: 20503.073485752
[INFO] [1787694486.082148775] [robot4.fragment_exec_node]: Simulating pick skill...
[INFO] [1787694488.086208474] [robot4.fragment_exec_node]: Pick completed!
[INFO] [1787694488.089324460] [robot4.fragment_exec_node]: EventType: Task, Activity: pick, Robot: robot4, Mission: m3, Segment: s3, End: 20505.081863072
[INFO] [1787694488.093473331] [robot4.fragment_exec_node]: Execution of fragment f3-7 completed!
[INFO] [1787694488.409890468] [robot4.fragment_exec_node]: Received fragment: {'robot': 'robot4', 'fragment': {'id': 'f3-8', 'mission': 'm3', 'state': 'assigned', 'wait': ['m3/s3/pick'], 'tasks': [{'name': 'scan', 'params': {'x': 1, 'y': 9}}], 'arrive_timestamp': 1787694432, 'priority': 1, 'segment': 's3', 'preconditions': [], 'postconditions': []}}
[INFO] [1787694488.411643115] [robot4.fragment_exec_node]: Received fragment assignment: f3-8. Starting execution.
[INFO] [1787694488.414299809] [robot4.fragment_exec_node]: Waiting for coordination messages before executing fragment f3-8: ['m3/s3/pick']
[INFO] [1787694489.415227129] [robot4.fragment_exec_node]: Received fragment: {'robot': 'robot2', 'fragment': {'id': 'f4-1', 'mission': 'm4', 'state': 'assigned', 'wait': [], 'tasks': [{'name': 'pick', 'params': {'weight': 5, 'x': 2, 'y': 8}}], 'arrive_timestamp': 1787694433, 'priority': 1, 'segment': 's1', 'preconditions': [], 'postconditions': ['picked-o1-4']}}
[INFO] [1787694489.417430173] [robot4.fragment_exec_node]: Received fragment: {'robot': 'robot1', 'fragment': {'id': 'f4-4', 'mission': 'm4', 'state': 'assigned', 'wait': [], 'tasks': [{'name': 'pick', 'params': {'weight': 7, 'x': 10, 'y': 4}}], 'arrive_timestamp': 1787694433, 'priority': 1, 'segment': 's2', 'preconditions': [], 'postconditions': ['picked-o2-4']}}
[INFO] [1787694490.408590175] [robot4.fragment_exec_node]: Received fragment: {'robot': 'robot3', 'fragment': {'id': 'f2-7', 'mission': 'm2', 'state': 'assigned', 'wait': ['m2/s1/transport', 'm2/s2/transport'], 'tasks': [{'name': 'pack', 'params': {'x': 11, 'y': 6, 'items': 2}}], 'arrive_timestamp': 1787694431, 'priority': 1, 'segment': '', 'preconditions': [], 'postconditions': []}}
[INFO] [1787694490.418406063] [robot4.fragment_exec_node]: Executing task scan. Params: {'x': 1, 'y': 9}, Virtual state: {'position': {'x': 1, 'y': 9, 'z': 0.0}, 'docked': False, 'battery': 100.0, 'conditions': ['picked-o1-2', 'picked-o3-3']}
[INFO] [1787694490.419493678] [robot4.fragment_exec_node]: EventType: Task, Activity: scan, Robot: robot4, Mission: m3, Segment: s3, Start: 20507.413354092
[INFO] [1787694490.420548999] [robot4.fragment_exec_node]: Simulating scan skill...
[INFO] [1787694493.424876493] [robot4.fragment_exec_node]: Scan completed!
[INFO] [1787694493.427561933] [robot4.fragment_exec_node]: EventType: Task, Activity: scan, Robot: robot4, Mission: m3, Segment: s3, End: 20510.420339734
[INFO] [1787694493.432413150] [robot4.fragment_exec_node]: Execution of fragment f3-8 completed!
[INFO] [1787694494.412262272] [robot4.fragment_exec_node]: Received fragment: {'robot': 'robot4', 'fragment': {'id': 'f3-9', 'mission': 'm3', 'state': 'assigned', 'wait': ['m3/s3/scan'], 'tasks': [{'name': 'transport', 'params': {'x': 11, 'y': 6}}], 'arrive_timestamp': 1787694432, 'priority': 1, 'segment': 's3', 'preconditions': ['picked-o3-3'], 'postconditions': []}}
[INFO] [1787694494.413616716] [robot4.fragment_exec_node]: Received fragment assignment: f3-9. Starting execution.
[INFO] [1787694494.415403540] [robot4.fragment_exec_node]: Executing task transport. Params: {'x': 11, 'y': 6}, Virtual state: {'position': {'x': 1, 'y': 9, 'z': 0.0}, 'docked': False, 'battery': 100.0, 'conditions': ['picked-o1-2', 'picked-o3-3']}
[INFO] [1787694494.416516391] [robot4.fragment_exec_node]: EventType: Control (Task: transport), Activity: navigate, Robot: robot4, Mission: m3, Segment: s3, Start: 20511.410438161
[INFO] [1787694494.417626352] [robot4.fragment_exec_node]: Simulating navigate skill from position (1, 9) to (11, 6) (22.360679774997898 seconds)...
[INFO] [1787694496.407169526] [robot4.fragment_exec_node]: Received fragment: {'robot': 'robot5', 'fragment': {'id': 'f1-4', 'mission': 'm1', 'state': 'assigned', 'wait': ['m1/s1/transport'], 'tasks': [{'name': 'pack', 'params': {'x': 11, 'y': 6, 'items': 1}}], 'arrive_timestamp': 1787694430, 'priority': 1, 'segment': '', 'preconditions': [], 'postconditions': []}}
[INFO] [1787694503.414810607] [robot4.fragment_exec_node]: Received fragment: {'robot': 'robot5', 'fragment': {'id': "f4-10'", 'mission': 'm4', 'state': 'assigned', 'wait': [], 'tasks': [{'name': 'pick', 'params': {'weight': 1, 'x': 2, 'y': 4}}], 'arrive_timestamp': 1787694433, 'priority': 1, 'segment': 's4', 'preconditions': [], 'postconditions': ['picked-o4-4']}}
[INFO] [1787694503.428281543] [robot4.fragment_exec_node]: Received fragment: {'robot': 'robot3', 'fragment': {'id': 'f4-7', 'mission': 'm4', 'state': 'assigned', 'wait': [], 'tasks': [{'name': 'pick', 'params': {'weight': 2, 'x': 9, 'y': 1}}], 'arrive_timestamp': 1787694433, 'priority': 1, 'segment': 's3', 'preconditions': [], 'postconditions': ['picked-o3-4']}}
[INFO] [1787694511.411425206] [robot4.fragment_exec_node]: Received fragment: {'robot': 'robot1', 'fragment': {'id': 'f4-5', 'mission': 'm4', 'state': 'assigned', 'wait': ['m4/s2/pick'], 'tasks': [{'name': 'scan', 'params': {'x': 10, 'y': 4}}], 'arrive_timestamp': 1787694433, 'priority': 1, 'segment': 's2', 'preconditions': [], 'postconditions': []}}
[INFO] [1787694514.411506418] [robot4.fragment_exec_node]: Received fragment: {'robot': 'robot2', 'fragment': {'id': 'f4-2', 'mission': 'm4', 'state': 'assigned', 'wait': ['m4/s1/pick'], 'tasks': [{'name': 'scan', 'params': {'x': 2, 'y': 8}}], 'arrive_timestamp': 1787694433, 'priority': 1, 'segment': 's1', 'preconditions': [], 'postconditions': []}}
[INFO] [1787694516.782782493] [robot4.fragment_exec_node]: Navigation completed!
[INFO] [1787694516.785817657] [robot4.fragment_exec_node]: EventType: Control (Task: transport), Activity: navigate, Robot: robot4, Mission: m3, Segment: s3, End: 20533.777974537
[INFO] [1787694516.787604697] [robot4.fragment_exec_node]: EventType: Task, Activity: transport, Robot: robot4, Mission: m3, Segment: s3, Start: 20533.780506744
[INFO] [1787694516.789146700] [robot4.fragment_exec_node]: Simulating navigate skill from position (11, 6) to (11, 6) (10.0 seconds)...
[INFO] [1787694517.417477828] [robot4.fragment_exec_node]: Received fragment: {'robot': 'robot1', 'fragment': {'id': 'f4-6', 'mission': 'm4', 'state': 'assigned', 'wait': ['m4/s2/scan'], 'tasks': [{'name': 'transport', 'params': {'x': 11, 'y': 6}}], 'arrive_timestamp': 1787694433, 'priority': 1, 'segment': 's2', 'preconditions': ['picked-o2-4'], 'postconditions': []}}
[INFO] [1787694518.411743074] [robot4.fragment_exec_node]: Received fragment: {'robot': 'robot2', 'fragment': {'id': 'f4-3', 'mission': 'm4', 'state': 'assigned', 'wait': ['m4/s1/scan'], 'tasks': [{'name': 'transport', 'params': {'x': 11, 'y': 6}}], 'arrive_timestamp': 1787694433, 'priority': 1, 'segment': 's1', 'preconditions': ['picked-o1-4'], 'postconditions': []}}
[INFO] [1787694526.408770655] [robot4.fragment_exec_node]: Received fragment: {'robot': 'robot3', 'fragment': {'id': 'f4-8', 'mission': 'm4', 'state': 'assigned', 'wait': ['m4/s3/pick'], 'tasks': [{'name': 'scan', 'params': {'x': 9, 'y': 1}}], 'arrive_timestamp': 1787694433, 'priority': 1, 'segment': 's3', 'preconditions': [], 'postconditions': []}}
[INFO] [1787694526.793027001] [robot4.fragment_exec_node]: Navigation completed!
[INFO] [1787694526.795954122] [robot4.fragment_exec_node]: EventType: Task, Activity: transport, Robot: robot4, Mission: m3, Segment: s3, End: 20543.78843846
[INFO] [1787694526.798785954] [robot4.fragment_exec_node]: Execution of fragment f3-9 completed!
[INFO] [1787694527.413293061] [robot4.fragment_exec_node]: Received fragment: {'robot': 'robot5', 'fragment': {'id': 'f3-10', 'mission': 'm3', 'state': 'assigned', 'wait': ['m3/s1/transport', 'm3/s2/transport', 'm3/s3/transport'], 'tasks': [{'name': 'pack', 'params': {'x': 2, 'y': 3, 'items': 3}}], 'arrive_timestamp': 1787694432, 'priority': 1, 'segment': '', 'preconditions': [], 'postconditions': []}}
[INFO] [1787694527.418345112] [robot4.fragment_exec_node]: Received fragment: {'robot': 'robot4', 'fragment': {'id': 'f4-11', 'mission': 'm4', 'state': 'assigned', 'wait': ['m4/s4/pick'], 'tasks': [{'name': 'scan', 'params': {'x': 2, 'y': 4}}], 'arrive_timestamp': 1787694433, 'priority': 1, 'segment': 's4', 'preconditions': [], 'postconditions': []}}
[INFO] [1787694527.419659654] [robot4.fragment_exec_node]: Received fragment assignment: f4-11. Starting execution.
[INFO] [1787694527.421076902] [robot4.fragment_exec_node]: Waiting for coordination messages before executing fragment f4-11: ['m4/s4/pick']
[INFO] [1787694529.426780670] [robot4.fragment_exec_node]: Executing task scan. Params: {'x': 2, 'y': 4}, Virtual state: {'position': {'x': 11, 'y': 6, 'z': 0.0}, 'docked': False, 'battery': 100.0, 'conditions': ['picked-o1-2', 'picked-o3-3']}
[INFO] [1787694529.429639926] [robot4.fragment_exec_node]: EventType: Control (Task: scan), Activity: navigate, Robot: robot4, Mission: m4, Segment: s4, Start: 20546.421951423
[INFO] [1787694529.432436264] [robot4.fragment_exec_node]: Simulating navigate skill from position (11, 6) to (2, 4) (22.80350850198276 seconds)...
[INFO] [1787694532.412196383] [robot4.fragment_exec_node]: Received fragment: {'robot': 'robot3', 'fragment': {'id': 'f4-9', 'mission': 'm4', 'state': 'assigned', 'wait': ['m4/s3/scan'], 'tasks': [{'name': 'transport', 'params': {'x': 11, 'y': 6}}], 'arrive_timestamp': 1787694433, 'priority': 1, 'segment': 's3', 'preconditions': ['picked-o3-4'], 'postconditions': []}}
[INFO] [1787694552.235949235] [robot4.fragment_exec_node]: Navigation completed!
[INFO] [1787694552.237043191] [robot4.fragment_exec_node]: EventType: Control (Task: scan), Activity: navigate, Robot: robot4, Mission: m4, Segment: s4, End: 20569.232497712
[INFO] [1787694552.237655335] [robot4.fragment_exec_node]: EventType: Task, Activity: scan, Robot: robot4, Mission: m4, Segment: s4, Start: 20569.233355311
[INFO] [1787694552.238483445] [robot4.fragment_exec_node]: Simulating scan skill...
[INFO] [1787694555.240826602] [robot4.fragment_exec_node]: Scan completed!
[INFO] [1787694555.242408890] [robot4.fragment_exec_node]: EventType: Task, Activity: scan, Robot: robot4, Mission: m4, Segment: s4, End: 20572.237450068
[INFO] [1787694555.244844747] [robot4.fragment_exec_node]: Execution of fragment f4-11 completed!
[INFO] [1787694555.404811447] [robot4.fragment_exec_node]: Received fragment: {'robot': 'robot5', 'fragment': {'id': 'f4-12', 'mission': 'm4', 'state': 'assigned', 'wait': ['m4/s4/scan'], 'tasks': [{'name': 'transport', 'params': {'x': 11, 'y': 6}}], 'arrive_timestamp': 1787694433, 'priority': 1, 'segment': 's4', 'preconditions': ['picked-o4-4'], 'postconditions': []}}
[INFO] [1787694587.408969210] [robot4.fragment_exec_node]: Received fragment: {'robot': 'robot4', 'fragment': {'id': 'f4-13', 'mission': 'm4', 'state': 'assigned', 'wait': ['m4/s1/transport', 'm4/s2/transport', 'm4/s3/transport', 'm4/s4/transport'], 'tasks': [{'name': 'pack', 'params': {'x': 11, 'y': 6, 'items': 4}}], 'arrive_timestamp': 1787694433, 'priority': 1, 'segment': '', 'preconditions': [], 'postconditions': []}}
[INFO] [1787694587.411861292] [robot4.fragment_exec_node]: Received fragment assignment: f4-13. Starting execution.
[INFO] [1787694587.413727588] [robot4.fragment_exec_node]: Waiting for coordination messages before executing fragment f4-13: ['m4/s1/transport', 'm4/s2/transport', 'm4/s3/transport', 'm4/s4/transport']
[INFO] [1787694589.418913194] [robot4.fragment_exec_node]: Executing task pack. Params: {'x': 11, 'y': 6, 'items': 4}, Virtual state: {'position': {'x': 2, 'y': 4, 'z': 0.0}, 'docked': False, 'battery': 100.0, 'conditions': ['picked-o1-2', 'picked-o3-3']}
[INFO] [1787694589.421722478] [robot4.fragment_exec_node]: EventType: Control (Task: pack), Activity: navigate, Robot: robot4, Mission: m4, Segment: , Start: 20606.414733194
[INFO] [1787694589.424031790] [robot4.fragment_exec_node]: Simulating navigate skill from position (2, 4) to (11, 6) (19.697715603592208 seconds)...
[INFO] [1787694609.126357590] [robot4.fragment_exec_node]: Navigation completed!
[INFO] [1787694609.130557352] [robot4.fragment_exec_node]: EventType: Control (Task: pack), Activity: navigate, Robot: robot4, Mission: m4, Segment: , End: 20626.122965365
[INFO] [1787694609.133496857] [robot4.fragment_exec_node]: EventType: Task, Activity: pack, Robot: robot4, Mission: m4, Segment: , Start: 20626.126873117
[INFO] [1787694609.136392730] [robot4.fragment_exec_node]: Simulating pack skill...
[INFO] [1787694633.140240670] [robot4.fragment_exec_node]: Packing completed!
[INFO] [1787694633.142598630] [robot4.fragment_exec_node]: EventType: Task, Activity: pack, Robot: robot4, Mission: m4, Segment: , End: 20650.137464044
[INFO] [1787694633.146995934] [robot4.fragment_exec_node]: Execution of fragment f4-13 completed!
Traceback (most recent call last):
  File "/root/ros2_ws/install/multi3_executor/lib/multi3_executor/executor", line 33, in <module>
    sys.exit(load_entry_point('multi3-executor==0.0.0', 'console_scripts', 'executor')())
  File "/root/ros2_ws/install/multi3_executor/lib/python3.10/site-packages/multi3_executor/nodes/executor.py", line 236, in main
    rclpy.shutdown()
  File "/opt/ros/humble/local/lib/python3.10/dist-packages/rclpy/__init__.py", line 130, in shutdown
    _shutdown(context=context)
  File "/opt/ros/humble/local/lib/python3.10/dist-packages/rclpy/utilities.py", line 58, in shutdown
    return context.shutdown()
  File "/opt/ros/humble/local/lib/python3.10/dist-packages/rclpy/context.py", line 102, in shutdown
    self.__context.shutdown()
rclpy._rclpy_pybind11.RCLError: failed to shutdown: rcl_shutdown already called on the given context, at ./src/rcl/init.c:241

--- executor_robot5.log ---
[INFO] [1787694429.048750389] [robot5.fragment_exec_node]: Setting up skill: PickSkill
[INFO] [1787694429.049540601] [robot5.fragment_exec_node]: Setting up skill: ScanSkill
[INFO] [1787694429.050065234] [robot5.fragment_exec_node]: Setting up skill: NavigateSkill
[INFO] [1787694429.050568378] [robot5.fragment_exec_node]: Setting up skill: NavigateSkill
[INFO] [1787694429.051126025] [robot5.fragment_exec_node]: Setting up skill: DockSkill
[INFO] [1787694429.051669710] [robot5.fragment_exec_node]: Setting up skill: UndockSkill
[INFO] [1787694429.052156094] [robot5.fragment_exec_node]: Setting up skill: PackSkill
[INFO] [1787694429.060099427] [robot5.fragment_exec_node]: Published robot registration: {'name': 'robot5', 'operational_state': 'idle', 'capabilities': ['pick', 'scan', 'transport', 'pack'], 'state': {'position': {'x': 0.0, 'y': 0.0, 'z': 0.0}, 'docked': True, 'battery': 100.0, 'conditions': []}}
[INFO] [1787694434.425947443] [robot5.fragment_exec_node]: Received fragment: {'robot': 'robot1', 'fragment': {'id': 'f3-1', 'mission': 'm3', 'state': 'assigned', 'wait': [], 'tasks': [{'name': 'pick', 'params': {'weight': 3, 'x': 7, 'y': 3}}], 'arrive_timestamp': 1787694432, 'priority': 1, 'segment': 's1', 'preconditions': [], 'postconditions': ['picked-o1-3']}}
[INFO] [1787694434.428891660] [robot5.fragment_exec_node]: Received fragment: {'robot': 'robot3', 'fragment': {'id': 'f2-4', 'mission': 'm2', 'state': 'assigned', 'wait': [], 'tasks': [{'name': 'pick', 'params': {'weight': 7, 'x': 9, 'y': 5}}], 'arrive_timestamp': 1787694431, 'priority': 1, 'segment': 's2', 'preconditions': [], 'postconditions': ['picked-o2-2']}}
[INFO] [1787694434.431257015] [robot5.fragment_exec_node]: Received fragment: {'robot': 'robot2', 'fragment': {'id': 'f3-4', 'mission': 'm3', 'state': 'assigned', 'wait': [], 'tasks': [{'name': 'pick', 'params': {'weight': 5, 'x': 2, 'y': 3}}], 'arrive_timestamp': 1787694432, 'priority': 1, 'segment': 's2', 'preconditions': [], 'postconditions': ['picked-o2-3']}}
[INFO] [1787694434.434048226] [robot5.fragment_exec_node]: Received fragment: {'robot': 'robot5', 'fragment': {'id': 'f1-1', 'mission': 'm1', 'state': 'assigned', 'wait': [], 'tasks': [{'name': 'pick', 'params': {'x': 5, 'y': 8, 'weight': 8}}], 'arrive_timestamp': 1787694430, 'priority': 1, 'segment': 's1', 'preconditions': [], 'postconditions': ['picked-o1-1']}}
[INFO] [1787694434.435057875] [robot5.fragment_exec_node]: Received fragment assignment: f1-1. Starting execution.
[INFO] [1787694434.436640064] [robot5.fragment_exec_node]: Received fragment: {'robot': 'robot4', 'fragment': {'id': 'f2-1', 'mission': 'm2', 'state': 'assigned', 'wait': [], 'tasks': [{'name': 'pick', 'params': {'weight': 5, 'x': 2, 'y': 3}}], 'arrive_timestamp': 1787694431, 'priority': 1, 'segment': 's1', 'preconditions': [], 'postconditions': ['picked-o1-2']}}
[INFO] [1787694434.437865877] [robot5.fragment_exec_node]: Executing task pick. Params: {'x': 5, 'y': 8, 'weight': 8}, Virtual state: {'position': {'x': 0.0, 'y': 0.0, 'z': 0.0}, 'docked': True, 'battery': 100.0, 'conditions': []}
[INFO] [1787694434.439049873] [robot5.fragment_exec_node]: EventType: Control (Task: pick), Activity: undock, Robot: robot5, Mission: m1, Segment: s1, Start: 20451.431126574
[INFO] [1787694434.439913612] [robot5.fragment_exec_node]: Simulating undock skill...
[INFO] [1787694438.443629974] [robot5.fragment_exec_node]: Undock completed!
[INFO] [1787694438.445625945] [robot5.fragment_exec_node]: EventType: Control (Task: pick), Activity: undock, Robot: robot5, Mission: m1, Segment: s1, End: 20455.437333074
[INFO] [1787694438.447492328] [robot5.fragment_exec_node]: EventType: Control (Task: pick), Activity: navigate, Robot: robot5, Mission: m1, Segment: s1, Start: 20455.439109937
[INFO] [1787694438.450061060] [robot5.fragment_exec_node]: Simulating navigate skill from position (0.0, 0.0) to (5, 8) (18.867962264113206 seconds)...
[INFO] [1787694451.417174325] [robot5.fragment_exec_node]: Received fragment: {'robot': 'robot2', 'fragment': {'id': 'f2-2', 'mission': 'm2', 'state': 'assigned', 'wait': ['m2/s1/pick'], 'tasks': [{'name': 'scan', 'params': {'x': 2, 'y': 3}}], 'arrive_timestamp': 1787694431, 'priority': 1, 'segment': 's1', 'preconditions': [], 'postconditions': []}}
[INFO] [1787694451.419982251] [robot5.fragment_exec_node]: Received fragment: {'robot': 'robot4', 'fragment': {'id': 'f3-5', 'mission': 'm3', 'state': 'assigned', 'wait': ['m3/s2/pick'], 'tasks': [{'name': 'scan', 'params': {'x': 2, 'y': 3}}], 'arrive_timestamp': 1787694432, 'priority': 1, 'segment': 's2', 'preconditions': [], 'postconditions': []}}
[INFO] [1787694457.320199024] [robot5.fragment_exec_node]: Navigation completed!
[INFO] [1787694457.322564720] [robot5.fragment_exec_node]: EventType: Control (Task: pick), Activity: navigate, Robot: robot5, Mission: m1, Segment: s1, End: 20474.315520002
[INFO] [1787694457.324314728] [robot5.fragment_exec_node]: EventType: Task, Activity: pick, Robot: robot5, Mission: m1, Segment: s1, Start: 20474.317583261
[INFO] [1787694457.326002262] [robot5.fragment_exec_node]: Simulating pick skill...
[INFO] [1787694457.417637047] [robot5.fragment_exec_node]: Received fragment: {'robot': 'robot4', 'fragment': {'id': 'f3-2', 'mission': 'm3', 'state': 'assigned', 'wait': ['m3/s1/pick'], 'tasks': [{'name': 'scan', 'params': {'x': 7, 'y': 3}}], 'arrive_timestamp': 1787694432, 'priority': 1, 'segment': 's1', 'preconditions': [], 'postconditions': []}}
[INFO] [1787694457.423430613] [robot5.fragment_exec_node]: Received fragment: {'robot': 'robot2', 'fragment': {'id': 'f3-6', 'mission': 'm3', 'state': 'assigned', 'wait': ['m3/s2/scan'], 'tasks': [{'name': 'transport', 'params': {'x': 11, 'y': 6}}], 'arrive_timestamp': 1787694432, 'priority': 1, 'segment': 's2', 'preconditions': ['picked-o2-3'], 'postconditions': []}}
[INFO] [1787694457.425684397] [robot5.fragment_exec_node]: Received fragment: {'robot': 'robot1', 'fragment': {'id': 'f2-3', 'mission': 'm2', 'state': 'assigned', 'wait': ['m2/s1/scan'], 'tasks': [{'name': 'transport', 'params': {'x': 11, 'y': 6}}], 'arrive_timestamp': 1787694431, 'priority': 1, 'segment': 's1', 'preconditions': [], 'postconditions': []}}
[INFO] [1787694465.330144571] [robot5.fragment_exec_node]: Pick completed!
[INFO] [1787694465.333063433] [robot5.fragment_exec_node]: EventType: Task, Activity: pick, Robot: robot5, Mission: m1, Segment: s1, End: 20482.325589588
[INFO] [1787694465.335582153] [robot5.fragment_exec_node]: Execution of fragment f1-1 completed!
[INFO] [1787694465.452141254] [robot5.fragment_exec_node]: Received fragment: {'robot': 'robot5', 'fragment': {'id': 'f1-2', 'mission': 'm1', 'state': 'assigned', 'wait': ['m1/s1/pick'], 'tasks': [{'name': 'scan', 'params': {'x': 5, 'y': 8}}], 'arrive_timestamp': 1787694430, 'priority': 1, 'segment': 's1', 'preconditions': [], 'postconditions': []}}
[INFO] [1787694465.452706905] [robot5.fragment_exec_node]: Received fragment assignment: f1-2. Starting execution.
[INFO] [1787694465.453312796] [robot5.fragment_exec_node]: Waiting for coordination messages before executing fragment f1-2: ['m1/s1/pick']
[INFO] [1787694466.408274247] [robot5.fragment_exec_node]: Received fragment: {'robot': 'robot3', 'fragment': {'id': 'f2-5', 'mission': 'm2', 'state': 'assigned', 'wait': ['m2/s2/pick'], 'tasks': [{'name': 'scan', 'params': {'x': 9, 'y': 5}}], 'arrive_timestamp': 1787694431, 'priority': 1, 'segment': 's2', 'preconditions': [], 'postconditions': []}}
[INFO] [1787694467.456820430] [robot5.fragment_exec_node]: Executing task scan. Params: {'x': 5, 'y': 8}, Virtual state: {'position': {'x': 5, 'y': 8, 'z': 0.0}, 'docked': False, 'battery': 100.0, 'conditions': ['picked-o1-1']}
[INFO] [1787694467.458537558] [robot5.fragment_exec_node]: EventType: Task, Activity: scan, Robot: robot5, Mission: m1, Segment: s1, Start: 20484.451812322
[INFO] [1787694467.460129081] [robot5.fragment_exec_node]: Simulating scan skill...
[INFO] [1787694470.464568202] [robot5.fragment_exec_node]: Scan completed!
[INFO] [1787694470.466638955] [robot5.fragment_exec_node]: EventType: Task, Activity: scan, Robot: robot5, Mission: m1, Segment: s1, End: 20487.459908835
[INFO] [1787694470.469735077] [robot5.fragment_exec_node]: Execution of fragment f1-2 completed!
[INFO] [1787694471.415474869] [robot5.fragment_exec_node]: Received fragment: {'robot': 'robot5', 'fragment': {'id': 'f1-3', 'mission': 'm1', 'state': 'assigned', 'wait': ['m1/s1/scan'], 'tasks': [{'name': 'transport', 'params': {'x': 11, 'y': 6}}], 'arrive_timestamp': 1787694430, 'priority': 1, 'segment': 's1', 'preconditions': ['picked-o1-1'], 'postconditions': []}}
[INFO] [1787694471.416516045] [robot5.fragment_exec_node]: Received fragment assignment: f1-3. Starting execution.
[INFO] [1787694471.417744777] [robot5.fragment_exec_node]: Waiting for coordination messages before executing fragment f1-3: ['m1/s1/scan']
[INFO] [1787694472.410711365] [robot5.fragment_exec_node]: Received fragment: {'robot': 'robot3', 'fragment': {'id': 'f2-6', 'mission': 'm2', 'state': 'assigned', 'wait': ['m2/s2/scan'], 'tasks': [{'name': 'transport', 'params': {'x': 11, 'y': 6}}], 'arrive_timestamp': 1787694431, 'priority': 1, 'segment': 's2', 'preconditions': ['picked-o2-2'], 'postconditions': []}}
[INFO] [1787694473.414701877] [robot5.fragment_exec_node]: Received fragment: {'robot': 'robot4', 'fragment': {'id': 'f3-7', 'mission': 'm3', 'state': 'assigned', 'wait': [], 'tasks': [{'name': 'pick', 'params': {'weight': 2, 'x': 1, 'y': 9}}], 'arrive_timestamp': 1787694432, 'priority': 1, 'segment': 's3', 'preconditions': [], 'postconditions': ['picked-o3-3']}}
[INFO] [1787694473.421435493] [robot5.fragment_exec_node]: Executing task transport. Params: {'x': 11, 'y': 6}, Virtual state: {'position': {'x': 5, 'y': 8, 'z': 0.0}, 'docked': False, 'battery': 100.0, 'conditions': ['picked-o1-1']}
[INFO] [1787694473.422329264] [robot5.fragment_exec_node]: EventType: Control (Task: transport), Activity: navigate, Robot: robot5, Mission: m1, Segment: s1, Start: 20490.416198907
[INFO] [1787694473.423239797] [robot5.fragment_exec_node]: Simulating navigate skill from position (5, 8) to (11, 6) (12.165525060596439 seconds)...
[INFO] [1787694478.407598413] [robot5.fragment_exec_node]: Received fragment: {'robot': 'robot1', 'fragment': {'id': 'f3-3', 'mission': 'm3', 'state': 'assigned', 'wait': ['m3/s1/scan'], 'tasks': [{'name': 'transport', 'params': {'x': 11, 'y': 6}}], 'arrive_timestamp': 1787694432, 'priority': 1, 'segment': 's1', 'preconditions': ['picked-o1-3'], 'postconditions': []}}
[INFO] [1787694485.592013310] [robot5.fragment_exec_node]: Navigation completed!
[INFO] [1787694485.595095118] [robot5.fragment_exec_node]: EventType: Control (Task: transport), Activity: navigate, Robot: robot5, Mission: m1, Segment: s1, End: 20502.587716562
[INFO] [1787694485.596587588] [robot5.fragment_exec_node]: EventType: Task, Activity: transport, Robot: robot5, Mission: m1, Segment: s1, Start: 20502.59019773
[INFO] [1787694485.598319397] [robot5.fragment_exec_node]: Simulating navigate skill from position (11, 6) to (11, 6) (10.0 seconds)...
[INFO] [1787694488.410582007] [robot5.fragment_exec_node]: Received fragment: {'robot': 'robot4', 'fragment': {'id': 'f3-8', 'mission': 'm3', 'state': 'assigned', 'wait': ['m3/s3/pick'], 'tasks': [{'name': 'scan', 'params': {'x': 1, 'y': 9}}], 'arrive_timestamp': 1787694432, 'priority': 1, 'segment': 's3', 'preconditions': [], 'postconditions': []}}
[INFO] [1787694489.416009030] [robot5.fragment_exec_node]: Received fragment: {'robot': 'robot2', 'fragment': {'id': 'f4-1', 'mission': 'm4', 'state': 'assigned', 'wait': [], 'tasks': [{'name': 'pick', 'params': {'weight': 5, 'x': 2, 'y': 8}}], 'arrive_timestamp': 1787694433, 'priority': 1, 'segment': 's1', 'preconditions': [], 'postconditions': ['picked-o1-4']}}
[INFO] [1787694489.418378705] [robot5.fragment_exec_node]: Received fragment: {'robot': 'robot1', 'fragment': {'id': 'f4-4', 'mission': 'm4', 'state': 'assigned', 'wait': [], 'tasks': [{'name': 'pick', 'params': {'weight': 7, 'x': 10, 'y': 4}}], 'arrive_timestamp': 1787694433, 'priority': 1, 'segment': 's2', 'preconditions': [], 'postconditions': ['picked-o2-4']}}
[INFO] [1787694490.415566701] [robot5.fragment_exec_node]: Received fragment: {'robot': 'robot3', 'fragment': {'id': 'f2-7', 'mission': 'm2', 'state': 'assigned', 'wait': ['m2/s1/transport', 'm2/s2/transport'], 'tasks': [{'name': 'pack', 'params': {'x': 11, 'y': 6, 'items': 2}}], 'arrive_timestamp': 1787694431, 'priority': 1, 'segment': '', 'preconditions': [], 'postconditions': []}}
[INFO] [1787694494.408316799] [robot5.fragment_exec_node]: Received fragment: {'robot': 'robot4', 'fragment': {'id': 'f3-9', 'mission': 'm3', 'state': 'assigned', 'wait': ['m3/s3/scan'], 'tasks': [{'name': 'transport', 'params': {'x': 11, 'y': 6}}], 'arrive_timestamp': 1787694432, 'priority': 1, 'segment': 's3', 'preconditions': ['picked-o3-3'], 'postconditions': []}}
[INFO] [1787694495.602324474] [robot5.fragment_exec_node]: Navigation completed!
[INFO] [1787694495.605266267] [robot5.fragment_exec_node]: EventType: Task, Activity: transport, Robot: robot5, Mission: m1, Segment: s1, End: 20512.597851255
[INFO] [1787694495.608491220] [robot5.fragment_exec_node]: Execution of fragment f1-3 completed!
[INFO] [1787694496.422046354] [robot5.fragment_exec_node]: Received fragment: {'robot': 'robot5', 'fragment': {'id': 'f1-4', 'mission': 'm1', 'state': 'assigned', 'wait': ['m1/s1/transport'], 'tasks': [{'name': 'pack', 'params': {'x': 11, 'y': 6, 'items': 1}}], 'arrive_timestamp': 1787694430, 'priority': 1, 'segment': '', 'preconditions': [], 'postconditions': []}}
[INFO] [1787694496.423124240] [robot5.fragment_exec_node]: Received fragment assignment: f1-4. Starting execution.
[INFO] [1787694496.424523324] [robot5.fragment_exec_node]: Executing task pack. Params: {'x': 11, 'y': 6, 'items': 1}, Virtual state: {'position': {'x': 11, 'y': 6, 'z': 0.0}, 'docked': False, 'battery': 100.0, 'conditions': ['picked-o1-1']}
[INFO] [1787694496.425299631] [robot5.fragment_exec_node]: EventType: Task, Activity: pack, Robot: robot5, Mission: m1, Segment: , Start: 20513.419305861
[INFO] [1787694496.426201664] [robot5.fragment_exec_node]: Simulating pack skill...
[INFO] [1787694502.427707166] [robot5.fragment_exec_node]: Packing completed!
[INFO] [1787694502.429672751] [robot5.fragment_exec_node]: EventType: Task, Activity: pack, Robot: robot5, Mission: m1, Segment: , End: 20519.423431666
[INFO] [1787694502.431624070] [robot5.fragment_exec_node]: Execution of fragment f1-4 completed!
[INFO] [1787694503.432587819] [robot5.fragment_exec_node]: Received fragment: {'robot': 'robot5', 'fragment': {'id': "f4-10'", 'mission': 'm4', 'state': 'assigned', 'wait': [], 'tasks': [{'name': 'pick', 'params': {'weight': 1, 'x': 2, 'y': 4}}], 'arrive_timestamp': 1787694433, 'priority': 1, 'segment': 's4', 'preconditions': [], 'postconditions': ['picked-o4-4']}}
[INFO] [1787694503.433398369] [robot5.fragment_exec_node]: Received fragment: {'robot': 'robot3', 'fragment': {'id': 'f4-7', 'mission': 'm4', 'state': 'assigned', 'wait': [], 'tasks': [{'name': 'pick', 'params': {'weight': 2, 'x': 9, 'y': 1}}], 'arrive_timestamp': 1787694433, 'priority': 1, 'segment': 's3', 'preconditions': [], 'postconditions': ['picked-o3-4']}}
[INFO] [1787694503.434860024] [robot5.fragment_exec_node]: Received fragment assignment: f4-10'. Starting execution.
[INFO] [1787694503.435833015] [robot5.fragment_exec_node]: Executing task pick. Params: {'weight': 1, 'x': 2, 'y': 4}, Virtual state: {'position': {'x': 11, 'y': 6, 'z': 0.0}, 'docked': False, 'battery': 100.0, 'conditions': ['picked-o1-1']}
[INFO] [1787694503.436536924] [robot5.fragment_exec_node]: EventType: Control (Task: pick), Activity: navigate, Robot: robot5, Mission: m4, Segment: s4, Start: 20520.430596313
[INFO] [1787694503.437209084] [robot5.fragment_exec_node]: Simulating navigate skill from position (11, 6) to (2, 4) (22.80350850198276 seconds)...
[INFO] [1787694511.407514353] [robot5.fragment_exec_node]: Received fragment: {'robot': 'robot1', 'fragment': {'id': 'f4-5', 'mission': 'm4', 'state': 'assigned', 'wait': ['m4/s2/pick'], 'tasks': [{'name': 'scan', 'params': {'x': 10, 'y': 4}}], 'arrive_timestamp': 1787694433, 'priority': 1, 'segment': 's2', 'preconditions': [], 'postconditions': []}}
[INFO] [1787694514.406464403] [robot5.fragment_exec_node]: Received fragment: {'robot': 'robot2', 'fragment': {'id': 'f4-2', 'mission': 'm4', 'state': 'assigned', 'wait': ['m4/s1/pick'], 'tasks': [{'name': 'scan', 'params': {'x': 2, 'y': 8}}], 'arrive_timestamp': 1787694433, 'priority': 1, 'segment': 's1', 'preconditions': [], 'postconditions': []}}
[INFO] [1787694517.408732028] [robot5.fragment_exec_node]: Received fragment: {'robot': 'robot1', 'fragment': {'id': 'f4-6', 'mission': 'm4', 'state': 'assigned', 'wait': ['m4/s2/scan'], 'tasks': [{'name': 'transport', 'params': {'x': 11, 'y': 6}}], 'arrive_timestamp': 1787694433, 'priority': 1, 'segment': 's2', 'preconditions': ['picked-o2-4'], 'postconditions': []}}
[INFO] [1787694518.407925453] [robot5.fragment_exec_node]: Received fragment: {'robot': 'robot2', 'fragment': {'id': 'f4-3', 'mission': 'm4', 'state': 'assigned', 'wait': ['m4/s1/scan'], 'tasks': [{'name': 'transport', 'params': {'x': 11, 'y': 6}}], 'arrive_timestamp': 1787694433, 'priority': 1, 'segment': 's1', 'preconditions': ['picked-o1-4'], 'postconditions': []}}
[INFO] [1787694526.244822279] [robot5.fragment_exec_node]: Navigation completed!
[INFO] [1787694526.247761056] [robot5.fragment_exec_node]: EventType: Control (Task: pick), Activity: navigate, Robot: robot5, Mission: m4, Segment: s4, End: 20543.240024745
[INFO] [1787694526.249541370] [robot5.fragment_exec_node]: EventType: Task, Activity: pick, Robot: robot5, Mission: m4, Segment: s4, Start: 20543.242501685
[INFO] [1787694526.251282237] [robot5.fragment_exec_node]: Simulating pick skill...
[INFO] [1787694526.415512485] [robot5.fragment_exec_node]: Received fragment: {'robot': 'robot3', 'fragment': {'id': 'f4-8', 'mission': 'm4', 'state': 'assigned', 'wait': ['m4/s3/pick'], 'tasks': [{'name': 'scan', 'params': {'x': 9, 'y': 1}}], 'arrive_timestamp': 1787694433, 'priority': 1, 'segment': 's3', 'preconditions': [], 'postconditions': []}}
[INFO] [1787694527.255882678] [robot5.fragment_exec_node]: Pick completed!
[INFO] [1787694527.258823780] [robot5.fragment_exec_node]: EventType: Task, Activity: pick, Robot: robot5, Mission: m4, Segment: s4, End: 20544.251049859
[INFO] [1787694527.262667316] [robot5.fragment_exec_node]: Execution of fragment f4-10' completed!
[INFO] [1787694527.419890158] [robot5.fragment_exec_node]: Received fragment: {'robot': 'robot5', 'fragment': {'id': 'f3-10', 'mission': 'm3', 'state': 'assigned', 'wait': ['m3/s1/transport', 'm3/s2/transport', 'm3/s3/transport'], 'tasks': [{'name': 'pack', 'params': {'x': 2, 'y': 3, 'items': 3}}], 'arrive_timestamp': 1787694432, 'priority': 1, 'segment': '', 'preconditions': [], 'postconditions': []}}
[INFO] [1787694527.421153674] [robot5.fragment_exec_node]: Received fragment: {'robot': 'robot4', 'fragment': {'id': 'f4-11', 'mission': 'm4', 'state': 'assigned', 'wait': ['m4/s4/pick'], 'tasks': [{'name': 'scan', 'params': {'x': 2, 'y': 4}}], 'arrive_timestamp': 1787694433, 'priority': 1, 'segment': 's4', 'preconditions': [], 'postconditions': []}}
[INFO] [1787694527.422339203] [robot5.fragment_exec_node]: Received fragment assignment: f3-10. Starting execution.
[INFO] [1787694527.423726077] [robot5.fragment_exec_node]: Waiting for coordination messages before executing fragment f3-10: ['m3/s1/transport', 'm3/s2/transport', 'm3/s3/transport']
[INFO] [1787694529.429693666] [robot5.fragment_exec_node]: Executing task pack. Params: {'x': 2, 'y': 3, 'items': 3}, Virtual state: {'position': {'x': 2, 'y': 4, 'z': 0.0}, 'docked': False, 'battery': 100.0, 'conditions': ['picked-o1-1', 'picked-o4-4']}
[INFO] [1787694529.432405754] [robot5.fragment_exec_node]: EventType: Control (Task: pack), Activity: navigate, Robot: robot5, Mission: m3, Segment: , Start: 20546.424880076
[INFO] [1787694529.434058431] [robot5.fragment_exec_node]: Simulating navigate skill from position (2, 4) to (2, 3) (2.0 seconds)...
[INFO] [1787694531.436690227] [robot5.fragment_exec_node]: Navigation completed!
[INFO] [1787694531.438676253] [robot5.fragment_exec_node]: EventType: Control (Task: pack), Activity: navigate, Robot: robot5, Mission: m3, Segment: , End: 20548.431599573
[INFO] [1787694531.440596232] [robot5.fragment_exec_node]: EventType: Task, Activity: pack, Robot: robot5, Mission: m3, Segment: , Start: 20548.433745204
[INFO] [1787694531.441786059] [robot5.fragment_exec_node]: Simulating pack skill...
[INFO] [1787694532.408834620] [robot5.fragment_exec_node]: Received fragment: {'robot': 'robot3', 'fragment': {'id': 'f4-9', 'mission': 'm4', 'state': 'assigned', 'wait': ['m4/s3/scan'], 'tasks': [{'name': 'transport', 'params': {'x': 11, 'y': 6}}], 'arrive_timestamp': 1787694433, 'priority': 1, 'segment': 's3', 'preconditions': ['picked-o3-4'], 'postconditions': []}}
[INFO] [1787694549.443342803] [robot5.fragment_exec_node]: Packing completed!
[INFO] [1787694549.446507439] [robot5.fragment_exec_node]: EventType: Task, Activity: pack, Robot: robot5, Mission: m3, Segment: , End: 20566.440529672
[INFO] [1787694549.450909754] [robot5.fragment_exec_node]: Execution of fragment f3-10 completed!
[INFO] [1787694555.405764912] [robot5.fragment_exec_node]: Received fragment: {'robot': 'robot5', 'fragment': {'id': 'f4-12', 'mission': 'm4', 'state': 'assigned', 'wait': ['m4/s4/scan'], 'tasks': [{'name': 'transport', 'params': {'x': 11, 'y': 6}}], 'arrive_timestamp': 1787694433, 'priority': 1, 'segment': 's4', 'preconditions': ['picked-o4-4'], 'postconditions': []}}
[INFO] [1787694555.407177182] [robot5.fragment_exec_node]: Received fragment assignment: f4-12. Starting execution.
[INFO] [1787694555.408248992] [robot5.fragment_exec_node]: Waiting for coordination messages before executing fragment f4-12: ['m4/s4/scan']
[INFO] [1787694557.413343090] [robot5.fragment_exec_node]: Executing task transport. Params: {'x': 11, 'y': 6}, Virtual state: {'position': {'x': 2, 'y': 3, 'z': 0.0}, 'docked': False, 'battery': 100.0, 'conditions': ['picked-o1-1', 'picked-o4-4']}
[INFO] [1787694557.416277395] [robot5.fragment_exec_node]: EventType: Control (Task: transport), Activity: navigate, Robot: robot5, Mission: m4, Segment: s4, Start: 20574.41055131
[INFO] [1787694557.418098239] [robot5.fragment_exec_node]: Simulating navigate skill from position (2, 3) to (11, 6) (19.697715603592208 seconds)...
[INFO] [1787694577.120560151] [robot5.fragment_exec_node]: Navigation completed!
[INFO] [1787694577.124401449] [robot5.fragment_exec_node]: EventType: Control (Task: transport), Activity: navigate, Robot: robot5, Mission: m4, Segment: s4, End: 20594.117504039
[INFO] [1787694577.126516854] [robot5.fragment_exec_node]: EventType: Task, Activity: transport, Robot: robot5, Mission: m4, Segment: s4, Start: 20594.120103199
[INFO] [1787694577.128272422] [robot5.fragment_exec_node]: Simulating navigate skill from position (11, 6) to (11, 6) (10.0 seconds)...
[INFO] [1787694587.131055068] [robot5.fragment_exec_node]: Navigation completed!
[INFO] [1787694587.132726852] [robot5.fragment_exec_node]: EventType: Task, Activity: transport, Robot: robot5, Mission: m4, Segment: s4, End: 20604.126554669
[INFO] [1787694587.134722440] [robot5.fragment_exec_node]: Execution of fragment f4-12 completed!
[INFO] [1787694587.406257996] [robot5.fragment_exec_node]: Received fragment: {'robot': 'robot4', 'fragment': {'id': 'f4-13', 'mission': 'm4', 'state': 'assigned', 'wait': ['m4/s1/transport', 'm4/s2/transport', 'm4/s3/transport', 'm4/s4/transport'], 'tasks': [{'name': 'pack', 'params': {'x': 11, 'y': 6, 'items': 4}}], 'arrive_timestamp': 1787694433, 'priority': 1, 'segment': '', 'preconditions': [], 'postconditions': []}}
Traceback (most recent call last):
  File "/root/ros2_ws/install/multi3_executor/lib/multi3_executor/executor", line 33, in <module>
    sys.exit(load_entry_point('multi3-executor==0.0.0', 'console_scripts', 'executor')())
  File "/root/ros2_ws/install/multi3_executor/lib/python3.10/site-packages/multi3_executor/nodes/executor.py", line 236, in main
    rclpy.shutdown()
  File "/opt/ros/humble/local/lib/python3.10/dist-packages/rclpy/__init__.py", line 130, in shutdown
    _shutdown(context=context)
  File "/opt/ros/humble/local/lib/python3.10/dist-packages/rclpy/utilities.py", line 58, in shutdown
    return context.shutdown()
  File "/opt/ros/humble/local/lib/python3.10/dist-packages/rclpy/context.py", line 102, in shutdown
    self.__context.shutdown()
rclpy._rclpy_pybind11.RCLError: failed to shutdown: rcl_shutdown already called on the given context, at ./src/rcl/init.c:241
