=== Test: spec: robots=1, missions=[2, 3, 4], strategy=baseline


--- coordinator.log ---
[INFO] [1787682455.366697974] [multi3_coordinator_node]: Assignment strategy parameter: baseline
[INFO] [1787682455.367588401] [multi3_coordinator_node]: Using assignment strategy: baseline
[INFO] [1787682455.373546551] [multi3_coordinator_node]: Coordinator node started.
[INFO] [1787682458.254221637] [multi3_coordinator_node]: Received new robot info: {'name': 'robot1', 'operational_state': 'idle', 'capabilities': ['pick', 'scan', 'transport', 'pack'], 'state': {'position': {'x': 0.0, 'y': 0.0, 'z': 0.0}, 'docked': True, 'battery': 100.0, 'conditions': []}, 'last_heartbeat': 1787682458}
[INFO] [1787682460.431960142] [multi3_coordinator_node]: Received mission: {'mission': 'm2', 'priority': 1, 'fragments': [{'id': 'f2-1', 'wait': [], 'tasks': [{'name': 'pick', 'params': {'weight': 5, 'x': 2, 'y': 3}}], 'postconditions': ['picked-o1-2'], 'segment': 's1'}, {'id': 'f2-2', 'wait': ['m2/s1/pick'], 'tasks': [{'name': 'scan', 'params': {'x': 2, 'y': 3}}], 'segment': 's1'}, {'id': 'f2-3', 'wait': ['m2/s1/scan'], 'tasks': [{'name': 'transport', 'params': {'x': 11, 'y': 6}}], 'segment': 's1'}, {'id': 'f2-4', 'wait': [], 'tasks': [{'name': 'pick', 'params': {'weight': 7, 'x': 9, 'y': 5}}], 'postconditions': ['picked-o2-2'], 'segment': 's2'}, {'id': 'f2-5', 'wait': ['m2/s2/pick'], 'tasks': [{'name': 'scan', 'params': {'x': 9, 'y': 5}}], 'segment': 's2'}, {'id': 'f2-6', 'wait': ['m2/s2/scan'], 'tasks': [{'name': 'transport', 'params': {'x': 11, 'y': 6}}], 'preconditions': ['picked-o2-2'], 'segment': 's2'}, {'id': 'f2-7', 'wait': ['m2/s1/transport', 'm2/s2/transport'], 'tasks': [{'name': 'pack', 'params': {'x': 11, 'y': 6, 'items': 2}}], 'segment': ''}]}
[INFO] [1787682460.433916508] [multi3_coordinator_node]: Fragment f2-1 is now executable because all signal messages were received.
[INFO] [1787682460.435687643] [multi3_coordinator_node]: Fragment f2-4 is now executable because all signal messages were received.
[INFO] [1787682461.246290129] [multi3_coordinator_node]: Received mission: {'mission': 'm3', 'priority': 1, 'fragments': [{'id': 'f3-1', 'wait': [], 'tasks': [{'name': 'pick', 'params': {'weight': 3, 'x': 7, 'y': 3}}], 'postconditions': ['picked-o1-3'], 'segment': 's1'}, {'id': 'f3-2', 'wait': ['m3/s1/pick'], 'tasks': [{'name': 'scan', 'params': {'x': 7, 'y': 3}}], 'segment': 's1'}, {'id': 'f3-3', 'wait': ['m3/s1/scan'], 'tasks': [{'name': 'transport', 'params': {'x': 11, 'y': 6}}], 'preconditions': ['picked-o1-3'], 'segment': 's1'}, {'id': 'f3-4', 'wait': [], 'tasks': [{'name': 'pick', 'params': {'weight': 5, 'x': 2, 'y': 3}}], 'postconditions': ['picked-o2-3'], 'segment': 's2'}, {'id': 'f3-5', 'wait': ['m3/s2/pick'], 'tasks': [{'name': 'scan', 'params': {'x': 2, 'y': 3}}], 'segment': 's2'}, {'id': 'f3-6', 'wait': ['m3/s2/scan'], 'tasks': [{'name': 'transport', 'params': {'x': 11, 'y': 6}}], 'preconditions': ['picked-o2-3'], 'segment': 's2'}, {'id': 'f3-7', 'wait': [], 'tasks': [{'name': 'pick', 'params': {'weight': 2, 'x': 1, 'y': 9}}], 'postconditions': ['picked-o3-3'], 'segment': 's3'}, {'id': 'f3-8', 'wait': ['m3/s3/pick'], 'tasks': [{'name': 'scan', 'params': {'x': 1, 'y': 9}}], 'segment': 's3'}, {'id': 'f3-9', 'wait': ['m3/s3/scan'], 'tasks': [{'name': 'transport', 'params': {'x': 11, 'y': 6}}], 'preconditions': ['picked-o3-3'], 'segment': 's3'}, {'id': 'f3-10', 'wait': ['m3/s1/transport', 'm3/s2/transport', 'm3/s3/transport'], 'tasks': [{'name': 'pack', 'params': {'x': 2, 'y': 3, 'items': 3}}], 'segment': ''}]}
[INFO] [1787682461.248436715] [multi3_coordinator_node]: Fragment f3-1 is now executable because all signal messages were received.
[INFO] [1787682461.249952912] [multi3_coordinator_node]: Fragment f3-4 is now executable because all signal messages were received.
[INFO] [1787682461.251575930] [multi3_coordinator_node]: Fragment f3-7 is now executable because all signal messages were received.
[INFO] [1787682462.059580862] [multi3_coordinator_node]: Received mission: {'mission': 'm4', 'priority': 1, 'fragments': [{'id': 'f4-1', 'wait': [], 'tasks': [{'name': 'pick', 'params': {'weight': 5, 'x': 2, 'y': 8}}], 'postconditions': ['picked-o1-4'], 'segment': 's1'}, {'id': 'f4-2', 'wait': ['m4/s1/pick'], 'tasks': [{'name': 'scan', 'params': {'x': 2, 'y': 8}}], 'segment': 's1'}, {'id': 'f4-3', 'wait': ['m4/s1/scan'], 'tasks': [{'name': 'transport', 'params': {'x': 11, 'y': 6}}], 'preconditions': ['picked-o1-4'], 'segment': 's1'}, {'id': 'f4-4', 'wait': [], 'tasks': [{'name': 'pick', 'params': {'weight': 7, 'x': 10, 'y': 4}}], 'postconditions': ['picked-o2-4'], 'segment': 's2'}, {'id': 'f4-5', 'wait': ['m4/s2/pick'], 'tasks': [{'name': 'scan', 'params': {'x': 10, 'y': 4}}], 'segment': 's2'}, {'id': 'f4-6', 'wait': ['m4/s2/scan'], 'tasks': [{'name': 'transport', 'params': {'x': 11, 'y': 6}}], 'preconditions': ['picked-o2-4'], 'segment': 's2'}, {'id': 'f4-7', 'wait': [], 'tasks': [{'name': 'pick', 'params': {'weight': 2, 'x': 9, 'y': 1}}], 'postconditions': ['picked-o3-4'], 'segment': 's3'}, {'id': 'f4-8', 'wait': ['m4/s3/pick'], 'tasks': [{'name': 'scan', 'params': {'x': 9, 'y': 1}}], 'segment': 's3'}, {'id': 'f4-9', 'wait': ['m4/s3/scan'], 'tasks': [{'name': 'transport', 'params': {'x': 11, 'y': 6}}], 'preconditions': ['picked-o3-4'], 'segment': 's3'}, {'id': "f4-10'", 'wait': [], 'tasks': [{'name': 'pick', 'params': {'weight': 1, 'x': 2, 'y': 4}}], 'postconditions': ['picked-o4-4'], 'segment': 's4'}, {'id': 'f4-11', 'wait': ['m4/s4/pick'], 'tasks': [{'name': 'scan', 'params': {'x': 2, 'y': 4}}], 'segment': 's4'}, {'id': 'f4-12', 'wait': ['m4/s4/scan'], 'tasks': [{'name': 'transport', 'params': {'x': 11, 'y': 6}}], 'preconditions': ['picked-o4-4'], 'segment': 's4'}, {'id': 'f4-13', 'wait': ['m4/s1/transport', 'm4/s2/transport', 'm4/s3/transport', 'm4/s4/transport'], 'tasks': [{'name': 'pack', 'params': {'x': 11, 'y': 6, 'items': 4}}], 'segment': ''}]}
[INFO] [1787682462.062160919] [multi3_coordinator_node]: Fragment f4-1 is now executable because all signal messages were received.
[INFO] [1787682462.063868715] [multi3_coordinator_node]: Fragment f4-4 is now executable because all signal messages were received.
[INFO] [1787682462.065605910] [multi3_coordinator_node]: Fragment f4-7 is now executable because all signal messages were received.
[INFO] [1787682462.066878388] [multi3_coordinator_node]: Fragment f4-10' is now executable because all signal messages were received.
[INFO] [1787682462.370676418] [multi3_coordinator_node]: Execution start signal received. Starting fragment assignment.
[INFO] [1787682463.375731538] [multi3_coordinator_node]: Assigned fragment f2-1 to robot robot1.
[INFO] [1787682463.389629300] [multi3_coordinator_node]: Received robot state update: {'operational_state': 'working', 'current_assigned_fragment': 'f2-1', 'conditions': [], 'state': {'position': {'x': 0.0, 'y': 0.0, 'z': 0.0}, 'docked': True, 'battery': 100.0, 'conditions': []}}
[INFO] [1787682479.632060899] [multi3_coordinator_node]: Fragment f2-2 is now executable because all signal messages were received.
[INFO] [1787682479.634391886] [multi3_coordinator_node]: Received coordination message: {'robot_name': 'robot1', 'completed_task': 'm2/s1/pick'}
[INFO] [1787682479.636725835] [multi3_coordinator_node]: Received robot state update: {'operational_state': 'idle', 'current_assigned_fragment': None, 'conditions': ['picked-o1-2'], 'state': {'position': {'x': 2, 'y': 3, 'z': 0.0}, 'docked': False, 'battery': 100.0, 'conditions': ['picked-o1-2']}}
[INFO] [1787682479.638209852] [multi3_coordinator_node]: Received coordination message: {'robot_name': 'robot1', 'completed_fragment': 'f2-1', 'state': {'position': {'x': 2, 'y': 3, 'z': 0.0}, 'docked': False, 'battery': 100.0, 'conditions': ['picked-o1-2']}}
[INFO] [1787682480.375967207] [multi3_coordinator_node]: Assigned fragment f2-2 to robot robot1.
[INFO] [1787682480.434852473] [multi3_coordinator_node]: Received robot state update: {'operational_state': 'working', 'current_assigned_fragment': 'f2-2', 'conditions': ['picked-o1-2'], 'state': {'position': {'x': 2, 'y': 3, 'z': 0.0}, 'docked': False, 'battery': 100.0, 'conditions': ['picked-o1-2']}}
[INFO] [1787682485.451106163] [multi3_coordinator_node]: Fragment f2-3 is now executable because all signal messages were received.
[INFO] [1787682485.453895977] [multi3_coordinator_node]: Received coordination message: {'robot_name': 'robot1', 'completed_task': 'm2/s1/scan'}
[INFO] [1787682485.456107402] [multi3_coordinator_node]: Received robot state update: {'operational_state': 'idle', 'current_assigned_fragment': None, 'conditions': ['picked-o1-2'], 'state': {'position': {'x': 2, 'y': 3, 'z': 0.0}, 'docked': False, 'battery': 100.0, 'conditions': ['picked-o1-2']}}
[INFO] [1787682485.457650492] [multi3_coordinator_node]: Received coordination message: {'robot_name': 'robot1', 'completed_fragment': 'f2-2', 'state': {'position': {'x': 2, 'y': 3, 'z': 0.0}, 'docked': False, 'battery': 100.0, 'conditions': ['picked-o1-2']}}
[INFO] [1787682486.375675133] [multi3_coordinator_node]: Assigned fragment f2-3 to robot robot1.
[INFO] [1787682486.384246146] [multi3_coordinator_node]: Received robot state update: {'operational_state': 'working', 'current_assigned_fragment': 'f2-3', 'conditions': ['picked-o1-2'], 'state': {'position': {'x': 2, 'y': 3, 'z': 0.0}, 'docked': False, 'battery': 100.0, 'conditions': ['picked-o1-2']}}
[INFO] [1787682518.112343059] [multi3_coordinator_node]: Received coordination message: {'robot_name': 'robot1', 'completed_task': 'm2/s1/transport'}
[INFO] [1787682518.115088225] [multi3_coordinator_node]: Received robot state update: {'operational_state': 'idle', 'current_assigned_fragment': None, 'conditions': ['picked-o1-2'], 'state': {'position': {'x': 11, 'y': 6, 'z': 0.0}, 'docked': False, 'battery': 100.0, 'conditions': ['picked-o1-2']}}
[INFO] [1787682518.117125657] [multi3_coordinator_node]: Received coordination message: {'robot_name': 'robot1', 'completed_fragment': 'f2-3', 'state': {'position': {'x': 11, 'y': 6, 'z': 0.0}, 'docked': False, 'battery': 100.0, 'conditions': ['picked-o1-2']}}
[INFO] [1787682518.376208410] [multi3_coordinator_node]: Assigned fragment f2-4 to robot robot1.
[INFO] [1787682518.387373531] [multi3_coordinator_node]: Received robot state update: {'operational_state': 'working', 'current_assigned_fragment': 'f2-4', 'conditions': ['picked-o1-2'], 'state': {'position': {'x': 11, 'y': 6, 'z': 0.0}, 'docked': False, 'battery': 100.0, 'conditions': ['picked-o1-2']}}
[INFO] [1787682538.060783631] [multi3_coordinator_node]: Fragment f2-5 is now executable because all signal messages were received.
[INFO] [1787682538.062901195] [multi3_coordinator_node]: Received coordination message: {'robot_name': 'robot1', 'completed_task': 'm2/s2/pick'}
[INFO] [1787682538.065487873] [multi3_coordinator_node]: Received robot state update: {'operational_state': 'idle', 'current_assigned_fragment': None, 'conditions': ['picked-o1-2', 'picked-o2-2'], 'state': {'position': {'x': 9, 'y': 5, 'z': 0.0}, 'docked': False, 'battery': 100.0, 'conditions': ['picked-o1-2', 'picked-o2-2']}}
[INFO] [1787682538.067177554] [multi3_coordinator_node]: Received coordination message: {'robot_name': 'robot1', 'completed_fragment': 'f2-4', 'state': {'position': {'x': 9, 'y': 5, 'z': 0.0}, 'docked': False, 'battery': 100.0, 'conditions': ['picked-o1-2', 'picked-o2-2']}}
[INFO] [1787682538.376073650] [multi3_coordinator_node]: Assigned fragment f2-5 to robot robot1.
[INFO] [1787682538.397107042] [multi3_coordinator_node]: Received robot state update: {'operational_state': 'working', 'current_assigned_fragment': 'f2-5', 'conditions': ['picked-o1-2', 'picked-o2-2'], 'state': {'position': {'x': 9, 'y': 5, 'z': 0.0}, 'docked': False, 'battery': 100.0, 'conditions': ['picked-o1-2', 'picked-o2-2']}}
[INFO] [1787682543.413091505] [multi3_coordinator_node]: Fragment f2-6 is now executable because all signal messages were received.
[INFO] [1787682543.414907381] [multi3_coordinator_node]: Received coordination message: {'robot_name': 'robot1', 'completed_task': 'm2/s2/scan'}
[INFO] [1787682543.417654939] [multi3_coordinator_node]: Received robot state update: {'operational_state': 'idle', 'current_assigned_fragment': None, 'conditions': ['picked-o1-2', 'picked-o2-2'], 'state': {'position': {'x': 9, 'y': 5, 'z': 0.0}, 'docked': False, 'battery': 100.0, 'conditions': ['picked-o1-2', 'picked-o2-2']}}
[INFO] [1787682543.419824200] [multi3_coordinator_node]: Received coordination message: {'robot_name': 'robot1', 'completed_fragment': 'f2-5', 'state': {'position': {'x': 9, 'y': 5, 'z': 0.0}, 'docked': False, 'battery': 100.0, 'conditions': ['picked-o1-2', 'picked-o2-2']}}
[INFO] [1787682544.376602411] [multi3_coordinator_node]: Assigned fragment f2-6 to robot robot1.
[INFO] [1787682544.396052952] [multi3_coordinator_node]: Received robot state update: {'operational_state': 'working', 'current_assigned_fragment': 'f2-6', 'conditions': ['picked-o1-2', 'picked-o2-2'], 'state': {'position': {'x': 9, 'y': 5, 'z': 0.0}, 'docked': False, 'battery': 100.0, 'conditions': ['picked-o1-2', 'picked-o2-2']}}
[INFO] [1787682563.636070653] [multi3_coordinator_node]: Fragment f2-7 is now executable because all signal messages were received.
[INFO] [1787682563.638258648] [multi3_coordinator_node]: Received coordination message: {'robot_name': 'robot1', 'completed_task': 'm2/s2/transport'}
[INFO] [1787682563.640930632] [multi3_coordinator_node]: Received robot state update: {'operational_state': 'idle', 'current_assigned_fragment': None, 'conditions': ['picked-o1-2', 'picked-o2-2'], 'state': {'position': {'x': 11, 'y': 6, 'z': 0.0}, 'docked': False, 'battery': 100.0, 'conditions': ['picked-o1-2', 'picked-o2-2']}}
[INFO] [1787682563.642788556] [multi3_coordinator_node]: Received coordination message: {'robot_name': 'robot1', 'completed_fragment': 'f2-6', 'state': {'position': {'x': 11, 'y': 6, 'z': 0.0}, 'docked': False, 'battery': 100.0, 'conditions': ['picked-o1-2', 'picked-o2-2']}}
[INFO] [1787682564.375912889] [multi3_coordinator_node]: Assigned fragment f2-7 to robot robot1.
[INFO] [1787682564.394034602] [multi3_coordinator_node]: Received robot state update: {'operational_state': 'working', 'current_assigned_fragment': 'f2-7', 'conditions': ['picked-o1-2', 'picked-o2-2'], 'state': {'position': {'x': 11, 'y': 6, 'z': 0.0}, 'docked': False, 'battery': 100.0, 'conditions': ['picked-o1-2', 'picked-o2-2']}}
[INFO] [1787682578.407960362] [multi3_coordinator_node]: Received coordination message: {'robot_name': 'robot1', 'completed_task': 'm2//pack'}
[INFO] [1787682578.411089547] [multi3_coordinator_node]: Received robot state update: {'operational_state': 'idle', 'current_assigned_fragment': None, 'conditions': ['picked-o1-2', 'picked-o2-2'], 'state': {'position': {'x': 11, 'y': 6, 'z': 0.0}, 'docked': False, 'battery': 100.0, 'conditions': ['picked-o1-2', 'picked-o2-2']}}
[INFO] [1787682578.413095551] [multi3_coordinator_node]: Received coordination message: {'robot_name': 'robot1', 'completed_fragment': 'f2-7', 'state': {'position': {'x': 11, 'y': 6, 'z': 0.0}, 'docked': False, 'battery': 100.0, 'conditions': ['picked-o1-2', 'picked-o2-2']}}
[INFO] [1787682579.375651680] [multi3_coordinator_node]: Assigned fragment f3-1 to robot robot1.
[INFO] [1787682579.403360934] [multi3_coordinator_node]: Received robot state update: {'operational_state': 'working', 'current_assigned_fragment': 'f3-1', 'conditions': ['picked-o1-2', 'picked-o2-2'], 'state': {'position': {'x': 11, 'y': 6, 'z': 0.0}, 'docked': False, 'battery': 100.0, 'conditions': ['picked-o1-2', 'picked-o2-2']}}
[INFO] [1787682600.310147529] [multi3_coordinator_node]: Fragment f3-2 is now executable because all signal messages were received.
[INFO] [1787682600.312518932] [multi3_coordinator_node]: Received coordination message: {'robot_name': 'robot1', 'completed_task': 'm3/s1/pick'}
[INFO] [1787682600.315082108] [multi3_coordinator_node]: Received robot state update: {'operational_state': 'idle', 'current_assigned_fragment': None, 'conditions': ['picked-o1-2', 'picked-o2-2', 'picked-o1-3'], 'state': {'position': {'x': 7, 'y': 3, 'z': 0.0}, 'docked': False, 'battery': 100.0, 'conditions': ['picked-o1-2', 'picked-o2-2', 'picked-o1-3']}}
[INFO] [1787682600.316893300] [multi3_coordinator_node]: Received coordination message: {'robot_name': 'robot1', 'completed_fragment': 'f3-1', 'state': {'position': {'x': 7, 'y': 3, 'z': 0.0}, 'docked': False, 'battery': 100.0, 'conditions': ['picked-o1-2', 'picked-o2-2', 'picked-o1-3']}}
[INFO] [1787682600.376564982] [multi3_coordinator_node]: Assigned fragment f3-2 to robot robot1.
[INFO] [1787682600.387324486] [multi3_coordinator_node]: Received robot state update: {'operational_state': 'working', 'current_assigned_fragment': 'f3-2', 'conditions': ['picked-o1-2', 'picked-o2-2', 'picked-o1-3'], 'state': {'position': {'x': 7, 'y': 3, 'z': 0.0}, 'docked': False, 'battery': 100.0, 'conditions': ['picked-o1-2', 'picked-o2-2', 'picked-o1-3']}}
[INFO] [1787682605.406441362] [multi3_coordinator_node]: Fragment f3-3 is now executable because all signal messages were received.
[INFO] [1787682605.408124150] [multi3_coordinator_node]: Received coordination message: {'robot_name': 'robot1', 'completed_task': 'm3/s1/scan'}
[INFO] [1787682605.410148506] [multi3_coordinator_node]: Received robot state update: {'operational_state': 'idle', 'current_assigned_fragment': None, 'conditions': ['picked-o1-2', 'picked-o2-2', 'picked-o1-3'], 'state': {'position': {'x': 7, 'y': 3, 'z': 0.0}, 'docked': False, 'battery': 100.0, 'conditions': ['picked-o1-2', 'picked-o2-2', 'picked-o1-3']}}
[INFO] [1787682605.411554423] [multi3_coordinator_node]: Received coordination message: {'robot_name': 'robot1', 'completed_fragment': 'f3-2', 'state': {'position': {'x': 7, 'y': 3, 'z': 0.0}, 'docked': False, 'battery': 100.0, 'conditions': ['picked-o1-2', 'picked-o2-2', 'picked-o1-3']}}
[INFO] [1787682606.376684434] [multi3_coordinator_node]: Assigned fragment f3-3 to robot robot1.
[INFO] [1787682606.384843436] [multi3_coordinator_node]: Received robot state update: {'operational_state': 'working', 'current_assigned_fragment': 'f3-3', 'conditions': ['picked-o1-2', 'picked-o2-2', 'picked-o1-3'], 'state': {'position': {'x': 7, 'y': 3, 'z': 0.0}, 'docked': False, 'battery': 100.0, 'conditions': ['picked-o1-2', 'picked-o2-2', 'picked-o1-3']}}
[INFO] [1787682626.660352701] [multi3_coordinator_node]: Received coordination message: {'robot_name': 'robot1', 'completed_task': 'm3/s1/transport'}
[INFO] [1787682626.663094777] [multi3_coordinator_node]: Received robot state update: {'operational_state': 'idle', 'current_assigned_fragment': None, 'conditions': ['picked-o1-2', 'picked-o2-2', 'picked-o1-3'], 'state': {'position': {'x': 11, 'y': 6, 'z': 0.0}, 'docked': False, 'battery': 100.0, 'conditions': ['picked-o1-2', 'picked-o2-2', 'picked-o1-3']}}
[INFO] [1787682626.664933672] [multi3_coordinator_node]: Received coordination message: {'robot_name': 'robot1', 'completed_fragment': 'f3-3', 'state': {'position': {'x': 11, 'y': 6, 'z': 0.0}, 'docked': False, 'battery': 100.0, 'conditions': ['picked-o1-2', 'picked-o2-2', 'picked-o1-3']}}
[INFO] [1787682627.379472670] [multi3_coordinator_node]: Assigned fragment f3-4 to robot robot1.
[INFO] [1787682627.405073606] [multi3_coordinator_node]: Received robot state update: {'operational_state': 'working', 'current_assigned_fragment': 'f3-4', 'conditions': ['picked-o1-2', 'picked-o2-2', 'picked-o1-3'], 'state': {'position': {'x': 11, 'y': 6, 'z': 0.0}, 'docked': False, 'battery': 100.0, 'conditions': ['picked-o1-2', 'picked-o2-2', 'picked-o1-3']}}
[INFO] [1787682656.509462048] [multi3_coordinator_node]: Fragment f3-5 is now executable because all signal messages were received.
[INFO] [1787682656.511488203] [multi3_coordinator_node]: Received coordination message: {'robot_name': 'robot1', 'completed_task': 'm3/s2/pick'}
[INFO] [1787682656.514047383] [multi3_coordinator_node]: Received robot state update: {'operational_state': 'idle', 'current_assigned_fragment': None, 'conditions': ['picked-o1-2', 'picked-o2-2', 'picked-o1-3', 'picked-o2-3'], 'state': {'position': {'x': 2, 'y': 3, 'z': 0.0}, 'docked': False, 'battery': 100.0, 'conditions': ['picked-o1-2', 'picked-o2-2', 'picked-o1-3', 'picked-o2-3']}}
[INFO] [1787682656.515638961] [multi3_coordinator_node]: Received coordination message: {'robot_name': 'robot1', 'completed_fragment': 'f3-4', 'state': {'position': {'x': 2, 'y': 3, 'z': 0.0}, 'docked': False, 'battery': 100.0, 'conditions': ['picked-o1-2', 'picked-o2-2', 'picked-o1-3', 'picked-o2-3']}}
[INFO] [1787682657.376064532] [multi3_coordinator_node]: Assigned fragment f3-5 to robot robot1.
[INFO] [1787682657.408025747] [multi3_coordinator_node]: Received robot state update: {'operational_state': 'working', 'current_assigned_fragment': 'f3-5', 'conditions': ['picked-o1-2', 'picked-o2-2', 'picked-o1-3', 'picked-o2-3'], 'state': {'position': {'x': 2, 'y': 3, 'z': 0.0}, 'docked': False, 'battery': 100.0, 'conditions': ['picked-o1-2', 'picked-o2-2', 'picked-o1-3', 'picked-o2-3']}}
[INFO] [1787682660.449397010] [multi3_coordinator_node]: Fragment f3-6 is now executable because all signal messages were received.
[INFO] [1787682660.450319705] [multi3_coordinator_node]: Received coordination message: {'robot_name': 'robot1', 'completed_task': 'm3/s2/scan'}
[INFO] [1787682660.451483092] [multi3_coordinator_node]: Received robot state update: {'operational_state': 'idle', 'current_assigned_fragment': None, 'conditions': ['picked-o1-2', 'picked-o2-2', 'picked-o1-3', 'picked-o2-3'], 'state': {'position': {'x': 2, 'y': 3, 'z': 0.0}, 'docked': False, 'battery': 100.0, 'conditions': ['picked-o1-2', 'picked-o2-2', 'picked-o1-3', 'picked-o2-3']}}
[INFO] [1787682660.452337614] [multi3_coordinator_node]: Received coordination message: {'robot_name': 'robot1', 'completed_fragment': 'f3-5', 'state': {'position': {'x': 2, 'y': 3, 'z': 0.0}, 'docked': False, 'battery': 100.0, 'conditions': ['picked-o1-2', 'picked-o2-2', 'picked-o1-3', 'picked-o2-3']}}
[INFO] [1787682661.375193814] [multi3_coordinator_node]: Assigned fragment f3-6 to robot robot1.
[INFO] [1787682661.402870369] [multi3_coordinator_node]: Received robot state update: {'operational_state': 'working', 'current_assigned_fragment': 'f3-6', 'conditions': ['picked-o1-2', 'picked-o2-2', 'picked-o1-3', 'picked-o2-3'], 'state': {'position': {'x': 2, 'y': 3, 'z': 0.0}, 'docked': False, 'battery': 100.0, 'conditions': ['picked-o1-2', 'picked-o2-2', 'picked-o1-3', 'picked-o2-3']}}
[INFO] [1787682691.123320025] [multi3_coordinator_node]: Received coordination message: {'robot_name': 'robot1', 'completed_task': 'm3/s2/transport'}
[INFO] [1787682691.126601817] [multi3_coordinator_node]: Received robot state update: {'operational_state': 'idle', 'current_assigned_fragment': None, 'conditions': ['picked-o1-2', 'picked-o2-2', 'picked-o1-3', 'picked-o2-3'], 'state': {'position': {'x': 11, 'y': 6, 'z': 0.0}, 'docked': False, 'battery': 100.0, 'conditions': ['picked-o1-2', 'picked-o2-2', 'picked-o1-3', 'picked-o2-3']}}
[INFO] [1787682691.128307081] [multi3_coordinator_node]: Received coordination message: {'robot_name': 'robot1', 'completed_fragment': 'f3-6', 'state': {'position': {'x': 11, 'y': 6, 'z': 0.0}, 'docked': False, 'battery': 100.0, 'conditions': ['picked-o1-2', 'picked-o2-2', 'picked-o1-3', 'picked-o2-3']}}
[INFO] [1787682691.375880545] [multi3_coordinator_node]: Assigned fragment f3-7 to robot robot1.
[INFO] [1787682691.390757119] [multi3_coordinator_node]: Received robot state update: {'operational_state': 'working', 'current_assigned_fragment': 'f3-7', 'conditions': ['picked-o1-2', 'picked-o2-2', 'picked-o1-3', 'picked-o2-3'], 'state': {'position': {'x': 11, 'y': 6, 'z': 0.0}, 'docked': False, 'battery': 100.0, 'conditions': ['picked-o1-2', 'picked-o2-2', 'picked-o1-3', 'picked-o2-3']}}
[INFO] [1787682713.810908888] [multi3_coordinator_node]: Fragment f3-8 is now executable because all signal messages were received.
[INFO] [1787682713.813004356] [multi3_coordinator_node]: Received coordination message: {'robot_name': 'robot1', 'completed_task': 'm3/s3/pick'}
[INFO] [1787682713.815779764] [multi3_coordinator_node]: Received robot state update: {'operational_state': 'idle', 'current_assigned_fragment': None, 'conditions': ['picked-o1-2', 'picked-o2-2', 'picked-o1-3', 'picked-o2-3', 'picked-o3-3'], 'state': {'position': {'x': 1, 'y': 9, 'z': 0.0}, 'docked': False, 'battery': 100.0, 'conditions': ['picked-o1-2', 'picked-o2-2', 'picked-o1-3', 'picked-o2-3', 'picked-o3-3']}}
[INFO] [1787682713.817845609] [multi3_coordinator_node]: Received coordination message: {'robot_name': 'robot1', 'completed_fragment': 'f3-7', 'state': {'position': {'x': 1, 'y': 9, 'z': 0.0}, 'docked': False, 'battery': 100.0, 'conditions': ['picked-o1-2', 'picked-o2-2', 'picked-o1-3', 'picked-o2-3', 'picked-o3-3']}}
[INFO] [1787682714.375878153] [multi3_coordinator_node]: Assigned fragment f3-8 to robot robot1.
[INFO] [1787682714.394911237] [multi3_coordinator_node]: Received robot state update: {'operational_state': 'working', 'current_assigned_fragment': 'f3-8', 'conditions': ['picked-o1-2', 'picked-o2-2', 'picked-o1-3', 'picked-o2-3', 'picked-o3-3'], 'state': {'position': {'x': 1, 'y': 9, 'z': 0.0}, 'docked': False, 'battery': 100.0, 'conditions': ['picked-o1-2', 'picked-o2-2', 'picked-o1-3', 'picked-o2-3', 'picked-o3-3']}}
[INFO] [1787682719.416775615] [multi3_coordinator_node]: Fragment f3-9 is now executable because all signal messages were received.
[INFO] [1787682719.419252761] [multi3_coordinator_node]: Received coordination message: {'robot_name': 'robot1', 'completed_task': 'm3/s3/scan'}
[INFO] [1787682719.421800314] [multi3_coordinator_node]: Received robot state update: {'operational_state': 'idle', 'current_assigned_fragment': None, 'conditions': ['picked-o1-2', 'picked-o2-2', 'picked-o1-3', 'picked-o2-3', 'picked-o3-3'], 'state': {'position': {'x': 1, 'y': 9, 'z': 0.0}, 'docked': False, 'battery': 100.0, 'conditions': ['picked-o1-2', 'picked-o2-2', 'picked-o1-3', 'picked-o2-3', 'picked-o3-3']}}
[INFO] [1787682719.423309155] [multi3_coordinator_node]: Received coordination message: {'robot_name': 'robot1', 'completed_fragment': 'f3-8', 'state': {'position': {'x': 1, 'y': 9, 'z': 0.0}, 'docked': False, 'battery': 100.0, 'conditions': ['picked-o1-2', 'picked-o2-2', 'picked-o1-3', 'picked-o2-3', 'picked-o3-3']}}
[INFO] [1787682720.376252348] [multi3_coordinator_node]: Assigned fragment f3-9 to robot robot1.
[INFO] [1787682720.402914081] [multi3_coordinator_node]: Received robot state update: {'operational_state': 'working', 'current_assigned_fragment': 'f3-9', 'conditions': ['picked-o1-2', 'picked-o2-2', 'picked-o1-3', 'picked-o2-3', 'picked-o3-3'], 'state': {'position': {'x': 1, 'y': 9, 'z': 0.0}, 'docked': False, 'battery': 100.0, 'conditions': ['picked-o1-2', 'picked-o2-2', 'picked-o1-3', 'picked-o2-3', 'picked-o3-3']}}
[INFO] [1787682754.794077796] [multi3_coordinator_node]: Fragment f3-10 is now executable because all signal messages were received.
[INFO] [1787682754.796775505] [multi3_coordinator_node]: Received coordination message: {'robot_name': 'robot1', 'completed_task': 'm3/s3/transport'}
[INFO] [1787682754.799477857] [multi3_coordinator_node]: Received robot state update: {'operational_state': 'idle', 'current_assigned_fragment': None, 'conditions': ['picked-o1-2', 'picked-o2-2', 'picked-o1-3', 'picked-o2-3', 'picked-o3-3'], 'state': {'position': {'x': 11, 'y': 6, 'z': 0.0}, 'docked': False, 'battery': 100.0, 'conditions': ['picked-o1-2', 'picked-o2-2', 'picked-o1-3', 'picked-o2-3', 'picked-o3-3']}}
[INFO] [1787682754.801024993] [multi3_coordinator_node]: Received coordination message: {'robot_name': 'robot1', 'completed_fragment': 'f3-9', 'state': {'position': {'x': 11, 'y': 6, 'z': 0.0}, 'docked': False, 'battery': 100.0, 'conditions': ['picked-o1-2', 'picked-o2-2', 'picked-o1-3', 'picked-o2-3', 'picked-o3-3']}}
[INFO] [1787682755.376274380] [multi3_coordinator_node]: Assigned fragment f3-10 to robot robot1.
[INFO] [1787682755.451804878] [multi3_coordinator_node]: Received robot state update: {'operational_state': 'working', 'current_assigned_fragment': 'f3-10', 'conditions': ['picked-o1-2', 'picked-o2-2', 'picked-o1-3', 'picked-o2-3', 'picked-o3-3'], 'state': {'position': {'x': 11, 'y': 6, 'z': 0.0}, 'docked': False, 'battery': 100.0, 'conditions': ['picked-o1-2', 'picked-o2-2', 'picked-o1-3', 'picked-o2-3', 'picked-o3-3']}}
[INFO] [1787682797.555278915] [multi3_coordinator_node]: Received coordination message: {'robot_name': 'robot1', 'completed_task': 'm3//pack'}
[INFO] [1787682797.558409224] [multi3_coordinator_node]: Received robot state update: {'operational_state': 'idle', 'current_assigned_fragment': None, 'conditions': ['picked-o1-2', 'picked-o2-2', 'picked-o1-3', 'picked-o2-3', 'picked-o3-3'], 'state': {'position': {'x': 2, 'y': 3, 'z': 0.0}, 'docked': False, 'battery': 100.0, 'conditions': ['picked-o1-2', 'picked-o2-2', 'picked-o1-3', 'picked-o2-3', 'picked-o3-3']}}
[INFO] [1787682797.560524351] [multi3_coordinator_node]: Received coordination message: {'robot_name': 'robot1', 'completed_fragment': 'f3-10', 'state': {'position': {'x': 2, 'y': 3, 'z': 0.0}, 'docked': False, 'battery': 100.0, 'conditions': ['picked-o1-2', 'picked-o2-2', 'picked-o1-3', 'picked-o2-3', 'picked-o3-3']}}
[INFO] [1787682798.376012014] [multi3_coordinator_node]: Assigned fragment f4-1 to robot robot1.
[INFO] [1787682798.387747193] [multi3_coordinator_node]: Received robot state update: {'operational_state': 'working', 'current_assigned_fragment': 'f4-1', 'conditions': ['picked-o1-2', 'picked-o2-2', 'picked-o1-3', 'picked-o2-3', 'picked-o3-3'], 'state': {'position': {'x': 2, 'y': 3, 'z': 0.0}, 'docked': False, 'battery': 100.0, 'conditions': ['picked-o1-2', 'picked-o2-2', 'picked-o1-3', 'picked-o2-3', 'picked-o3-3']}}
[INFO] [1787682815.402544789] [multi3_coordinator_node]: Fragment f4-2 is now executable because all signal messages were received.
[INFO] [1787682815.403195119] [multi3_coordinator_node]: Received coordination message: {'robot_name': 'robot1', 'completed_task': 'm4/s1/pick'}
[INFO] [1787682815.404287552] [multi3_coordinator_node]: Received robot state update: {'operational_state': 'idle', 'current_assigned_fragment': None, 'conditions': ['picked-o1-2', 'picked-o2-2', 'picked-o1-3', 'picked-o2-3', 'picked-o3-3', 'picked-o1-4'], 'state': {'position': {'x': 2, 'y': 8, 'z': 0.0}, 'docked': False, 'battery': 100.0, 'conditions': ['picked-o1-2', 'picked-o2-2', 'picked-o1-3', 'picked-o2-3', 'picked-o3-3', 'picked-o1-4']}}
[INFO] [1787682815.405022444] [multi3_coordinator_node]: Received coordination message: {'robot_name': 'robot1', 'completed_fragment': 'f4-1', 'state': {'position': {'x': 2, 'y': 8, 'z': 0.0}, 'docked': False, 'battery': 100.0, 'conditions': ['picked-o1-2', 'picked-o2-2', 'picked-o1-3', 'picked-o2-3', 'picked-o3-3', 'picked-o1-4']}}
[INFO] [1787682816.374899363] [multi3_coordinator_node]: Assigned fragment f4-2 to robot robot1.
[INFO] [1787682816.389341602] [multi3_coordinator_node]: Received robot state update: {'operational_state': 'working', 'current_assigned_fragment': 'f4-2', 'conditions': ['picked-o1-2', 'picked-o2-2', 'picked-o1-3', 'picked-o2-3', 'picked-o3-3', 'picked-o1-4'], 'state': {'position': {'x': 2, 'y': 8, 'z': 0.0}, 'docked': False, 'battery': 100.0, 'conditions': ['picked-o1-2', 'picked-o2-2', 'picked-o1-3', 'picked-o2-3', 'picked-o3-3', 'picked-o1-4']}}
[INFO] [1787682821.410100751] [multi3_coordinator_node]: Fragment f4-3 is now executable because all signal messages were received.
[INFO] [1787682821.411948828] [multi3_coordinator_node]: Received coordination message: {'robot_name': 'robot1', 'completed_task': 'm4/s1/scan'}
[INFO] [1787682821.414723300] [multi3_coordinator_node]: Received robot state update: {'operational_state': 'idle', 'current_assigned_fragment': None, 'conditions': ['picked-o1-2', 'picked-o2-2', 'picked-o1-3', 'picked-o2-3', 'picked-o3-3', 'picked-o1-4'], 'state': {'position': {'x': 2, 'y': 8, 'z': 0.0}, 'docked': False, 'battery': 100.0, 'conditions': ['picked-o1-2', 'picked-o2-2', 'picked-o1-3', 'picked-o2-3', 'picked-o3-3', 'picked-o1-4']}}
[INFO] [1787682821.416858608] [multi3_coordinator_node]: Received coordination message: {'robot_name': 'robot1', 'completed_fragment': 'f4-2', 'state': {'position': {'x': 2, 'y': 8, 'z': 0.0}, 'docked': False, 'battery': 100.0, 'conditions': ['picked-o1-2', 'picked-o2-2', 'picked-o1-3', 'picked-o2-3', 'picked-o3-3', 'picked-o1-4']}}
[INFO] [1787682822.376750947] [multi3_coordinator_node]: Assigned fragment f4-3 to robot robot1.
[INFO] [1787682822.385873646] [multi3_coordinator_node]: Received robot state update: {'operational_state': 'working', 'current_assigned_fragment': 'f4-3', 'conditions': ['picked-o1-2', 'picked-o2-2', 'picked-o1-3', 'picked-o2-3', 'picked-o3-3', 'picked-o1-4'], 'state': {'position': {'x': 2, 'y': 8, 'z': 0.0}, 'docked': False, 'battery': 100.0, 'conditions': ['picked-o1-2', 'picked-o2-2', 'picked-o1-3', 'picked-o2-3', 'picked-o3-3', 'picked-o1-4']}}
[INFO] [1787682854.105829421] [multi3_coordinator_node]: Received coordination message: {'robot_name': 'robot1', 'completed_task': 'm4/s1/transport'}
[INFO] [1787682854.107402895] [multi3_coordinator_node]: Received robot state update: {'operational_state': 'idle', 'current_assigned_fragment': None, 'conditions': ['picked-o1-2', 'picked-o2-2', 'picked-o1-3', 'picked-o2-3', 'picked-o3-3', 'picked-o1-4'], 'state': {'position': {'x': 11, 'y': 6, 'z': 0.0}, 'docked': False, 'battery': 100.0, 'conditions': ['picked-o1-2', 'picked-o2-2', 'picked-o1-3', 'picked-o2-3', 'picked-o3-3', 'picked-o1-4']}}
[INFO] [1787682854.108513548] [multi3_coordinator_node]: Received coordination message: {'robot_name': 'robot1', 'completed_fragment': 'f4-3', 'state': {'position': {'x': 11, 'y': 6, 'z': 0.0}, 'docked': False, 'battery': 100.0, 'conditions': ['picked-o1-2', 'picked-o2-2', 'picked-o1-3', 'picked-o2-3', 'picked-o3-3', 'picked-o1-4']}}
[INFO] [1787682854.376191421] [multi3_coordinator_node]: Assigned fragment f4-4 to robot robot1.
[INFO] [1787682854.385607244] [multi3_coordinator_node]: Received robot state update: {'operational_state': 'working', 'current_assigned_fragment': 'f4-4', 'conditions': ['picked-o1-2', 'picked-o2-2', 'picked-o1-3', 'picked-o2-3', 'picked-o3-3', 'picked-o1-4'], 'state': {'position': {'x': 11, 'y': 6, 'z': 0.0}, 'docked': False, 'battery': 100.0, 'conditions': ['picked-o1-2', 'picked-o2-2', 'picked-o1-3', 'picked-o2-3', 'picked-o3-3', 'picked-o1-4']}}
[INFO] [1787682875.550404263] [multi3_coordinator_node]: Fragment f4-5 is now executable because all signal messages were received.
[INFO] [1787682875.552254823] [multi3_coordinator_node]: Received coordination message: {'robot_name': 'robot1', 'completed_task': 'm4/s2/pick'}
[INFO] [1787682875.554683572] [multi3_coordinator_node]: Received robot state update: {'operational_state': 'idle', 'current_assigned_fragment': None, 'conditions': ['picked-o1-2', 'picked-o2-2', 'picked-o1-3', 'picked-o2-3', 'picked-o3-3', 'picked-o1-4', 'picked-o2-4'], 'state': {'position': {'x': 10, 'y': 4, 'z': 0.0}, 'docked': False, 'battery': 100.0, 'conditions': ['picked-o1-2', 'picked-o2-2', 'picked-o1-3', 'picked-o2-3', 'picked-o3-3', 'picked-o1-4', 'picked-o2-4']}}
[INFO] [1787682875.556180888] [multi3_coordinator_node]: Received coordination message: {'robot_name': 'robot1', 'completed_fragment': 'f4-4', 'state': {'position': {'x': 10, 'y': 4, 'z': 0.0}, 'docked': False, 'battery': 100.0, 'conditions': ['picked-o1-2', 'picked-o2-2', 'picked-o1-3', 'picked-o2-3', 'picked-o3-3', 'picked-o1-4', 'picked-o2-4']}}
[INFO] [1787682876.376916820] [multi3_coordinator_node]: Assigned fragment f4-5 to robot robot1.
[INFO] [1787682876.396693428] [multi3_coordinator_node]: Received robot state update: {'operational_state': 'working', 'current_assigned_fragment': 'f4-5', 'conditions': ['picked-o1-2', 'picked-o2-2', 'picked-o1-3', 'picked-o2-3', 'picked-o3-3', 'picked-o1-4', 'picked-o2-4'], 'state': {'position': {'x': 10, 'y': 4, 'z': 0.0}, 'docked': False, 'battery': 100.0, 'conditions': ['picked-o1-2', 'picked-o2-2', 'picked-o1-3', 'picked-o2-3', 'picked-o3-3', 'picked-o1-4', 'picked-o2-4']}}
[INFO] [1787682881.415901403] [multi3_coordinator_node]: Fragment f4-6 is now executable because all signal messages were received.
[INFO] [1787682881.417626410] [multi3_coordinator_node]: Received coordination message: {'robot_name': 'robot1', 'completed_task': 'm4/s2/scan'}
[INFO] [1787682881.420169594] [multi3_coordinator_node]: Received robot state update: {'operational_state': 'idle', 'current_assigned_fragment': None, 'conditions': ['picked-o1-2', 'picked-o2-2', 'picked-o1-3', 'picked-o2-3', 'picked-o3-3', 'picked-o1-4', 'picked-o2-4'], 'state': {'position': {'x': 10, 'y': 4, 'z': 0.0}, 'docked': False, 'battery': 100.0, 'conditions': ['picked-o1-2', 'picked-o2-2', 'picked-o1-3', 'picked-o2-3', 'picked-o3-3', 'picked-o1-4', 'picked-o2-4']}}
[INFO] [1787682881.422098530] [multi3_coordinator_node]: Received coordination message: {'robot_name': 'robot1', 'completed_fragment': 'f4-5', 'state': {'position': {'x': 10, 'y': 4, 'z': 0.0}, 'docked': False, 'battery': 100.0, 'conditions': ['picked-o1-2', 'picked-o2-2', 'picked-o1-3', 'picked-o2-3', 'picked-o3-3', 'picked-o1-4', 'picked-o2-4']}}
[INFO] [1787682882.375762114] [multi3_coordinator_node]: Assigned fragment f4-6 to robot robot1.
[INFO] [1787682882.384815191] [multi3_coordinator_node]: Received robot state update: {'operational_state': 'working', 'current_assigned_fragment': 'f4-6', 'conditions': ['picked-o1-2', 'picked-o2-2', 'picked-o1-3', 'picked-o2-3', 'picked-o3-3', 'picked-o1-4', 'picked-o2-4'], 'state': {'position': {'x': 10, 'y': 4, 'z': 0.0}, 'docked': False, 'battery': 100.0, 'conditions': ['picked-o1-2', 'picked-o2-2', 'picked-o1-3', 'picked-o2-3', 'picked-o3-3', 'picked-o1-4', 'picked-o2-4']}}
[INFO] [1787682902.658685204] [multi3_coordinator_node]: Received coordination message: {'robot_name': 'robot1', 'completed_task': 'm4/s2/transport'}
[INFO] [1787682902.661192965] [multi3_coordinator_node]: Received robot state update: {'operational_state': 'idle', 'current_assigned_fragment': None, 'conditions': ['picked-o1-2', 'picked-o2-2', 'picked-o1-3', 'picked-o2-3', 'picked-o3-3', 'picked-o1-4', 'picked-o2-4'], 'state': {'position': {'x': 11, 'y': 6, 'z': 0.0}, 'docked': False, 'battery': 100.0, 'conditions': ['picked-o1-2', 'picked-o2-2', 'picked-o1-3', 'picked-o2-3', 'picked-o3-3', 'picked-o1-4', 'picked-o2-4']}}
[INFO] [1787682902.662595012] [multi3_coordinator_node]: Received coordination message: {'robot_name': 'robot1', 'completed_fragment': 'f4-6', 'state': {'position': {'x': 11, 'y': 6, 'z': 0.0}, 'docked': False, 'battery': 100.0, 'conditions': ['picked-o1-2', 'picked-o2-2', 'picked-o1-3', 'picked-o2-3', 'picked-o3-3', 'picked-o1-4', 'picked-o2-4']}}
[INFO] [1787682903.375765647] [multi3_coordinator_node]: Assigned fragment f4-7 to robot robot1.
[INFO] [1787682903.472832572] [multi3_coordinator_node]: Received robot state update: {'operational_state': 'working', 'current_assigned_fragment': 'f4-7', 'conditions': ['picked-o1-2', 'picked-o2-2', 'picked-o1-3', 'picked-o2-3', 'picked-o3-3', 'picked-o1-4', 'picked-o2-4'], 'state': {'position': {'x': 11, 'y': 6, 'z': 0.0}, 'docked': False, 'battery': 100.0, 'conditions': ['picked-o1-2', 'picked-o2-2', 'picked-o1-3', 'picked-o2-3', 'picked-o3-3', 'picked-o1-4', 'picked-o2-4']}}
[INFO] [1787682925.887111012] [multi3_coordinator_node]: Fragment f4-8 is now executable because all signal messages were received.
[INFO] [1787682925.889158229] [multi3_coordinator_node]: Received coordination message: {'robot_name': 'robot1', 'completed_task': 'm4/s3/pick'}
[INFO] [1787682925.891786968] [multi3_coordinator_node]: Received robot state update: {'operational_state': 'idle', 'current_assigned_fragment': None, 'conditions': ['picked-o1-2', 'picked-o2-2', 'picked-o1-3', 'picked-o2-3', 'picked-o3-3', 'picked-o1-4', 'picked-o2-4', 'picked-o3-4'], 'state': {'position': {'x': 9, 'y': 1, 'z': 0.0}, 'docked': False, 'battery': 100.0, 'conditions': ['picked-o1-2', 'picked-o2-2', 'picked-o1-3', 'picked-o2-3', 'picked-o3-3', 'picked-o1-4', 'picked-o2-4', 'picked-o3-4']}}
[INFO] [1787682925.893646720] [multi3_coordinator_node]: Received coordination message: {'robot_name': 'robot1', 'completed_fragment': 'f4-7', 'state': {'position': {'x': 9, 'y': 1, 'z': 0.0}, 'docked': False, 'battery': 100.0, 'conditions': ['picked-o1-2', 'picked-o2-2', 'picked-o1-3', 'picked-o2-3', 'picked-o3-3', 'picked-o1-4', 'picked-o2-4', 'picked-o3-4']}}
[INFO] [1787682926.376095838] [multi3_coordinator_node]: Assigned fragment f4-8 to robot robot1.
[INFO] [1787682926.391618762] [multi3_coordinator_node]: Received robot state update: {'operational_state': 'working', 'current_assigned_fragment': 'f4-8', 'conditions': ['picked-o1-2', 'picked-o2-2', 'picked-o1-3', 'picked-o2-3', 'picked-o3-3', 'picked-o1-4', 'picked-o2-4', 'picked-o3-4'], 'state': {'position': {'x': 9, 'y': 1, 'z': 0.0}, 'docked': False, 'battery': 100.0, 'conditions': ['picked-o1-2', 'picked-o2-2', 'picked-o1-3', 'picked-o2-3', 'picked-o3-3', 'picked-o1-4', 'picked-o2-4', 'picked-o3-4']}}
[INFO] [1787682931.407280196] [multi3_coordinator_node]: Fragment f4-9 is now executable because all signal messages were received.
[INFO] [1787682931.408400689] [multi3_coordinator_node]: Received coordination message: {'robot_name': 'robot1', 'completed_task': 'm4/s3/scan'}
[INFO] [1787682931.410258328] [multi3_coordinator_node]: Received robot state update: {'operational_state': 'idle', 'current_assigned_fragment': None, 'conditions': ['picked-o1-2', 'picked-o2-2', 'picked-o1-3', 'picked-o2-3', 'picked-o3-3', 'picked-o1-4', 'picked-o2-4', 'picked-o3-4'], 'state': {'position': {'x': 9, 'y': 1, 'z': 0.0}, 'docked': False, 'battery': 100.0, 'conditions': ['picked-o1-2', 'picked-o2-2', 'picked-o1-3', 'picked-o2-3', 'picked-o3-3', 'picked-o1-4', 'picked-o2-4', 'picked-o3-4']}}
[INFO] [1787682931.411679838] [multi3_coordinator_node]: Received coordination message: {'robot_name': 'robot1', 'completed_fragment': 'f4-8', 'state': {'position': {'x': 9, 'y': 1, 'z': 0.0}, 'docked': False, 'battery': 100.0, 'conditions': ['picked-o1-2', 'picked-o2-2', 'picked-o1-3', 'picked-o2-3', 'picked-o3-3', 'picked-o1-4', 'picked-o2-4', 'picked-o3-4']}}
[INFO] [1787682932.376337942] [multi3_coordinator_node]: Assigned fragment f4-9 to robot robot1.
[INFO] [1787682932.387651363] [multi3_coordinator_node]: Received robot state update: {'operational_state': 'working', 'current_assigned_fragment': 'f4-9', 'conditions': ['picked-o1-2', 'picked-o2-2', 'picked-o1-3', 'picked-o2-3', 'picked-o3-3', 'picked-o1-4', 'picked-o2-4', 'picked-o3-4'], 'state': {'position': {'x': 9, 'y': 1, 'z': 0.0}, 'docked': False, 'battery': 100.0, 'conditions': ['picked-o1-2', 'picked-o2-2', 'picked-o1-3', 'picked-o2-3', 'picked-o3-3', 'picked-o1-4', 'picked-o2-4', 'picked-o3-4']}}
[INFO] [1787682951.630037766] [multi3_coordinator_node]: Received coordination message: {'robot_name': 'robot1', 'completed_task': 'm4/s3/transport'}
[INFO] [1787682951.633477996] [multi3_coordinator_node]: Received robot state update: {'operational_state': 'idle', 'current_assigned_fragment': None, 'conditions': ['picked-o1-2', 'picked-o2-2', 'picked-o1-3', 'picked-o2-3', 'picked-o3-3', 'picked-o1-4', 'picked-o2-4', 'picked-o3-4'], 'state': {'position': {'x': 11, 'y': 6, 'z': 0.0}, 'docked': False, 'battery': 100.0, 'conditions': ['picked-o1-2', 'picked-o2-2', 'picked-o1-3', 'picked-o2-3', 'picked-o3-3', 'picked-o1-4', 'picked-o2-4', 'picked-o3-4']}}
[INFO] [1787682951.635313072] [multi3_coordinator_node]: Received coordination message: {'robot_name': 'robot1', 'completed_fragment': 'f4-9', 'state': {'position': {'x': 11, 'y': 6, 'z': 0.0}, 'docked': False, 'battery': 100.0, 'conditions': ['picked-o1-2', 'picked-o2-2', 'picked-o1-3', 'picked-o2-3', 'picked-o3-3', 'picked-o1-4', 'picked-o2-4', 'picked-o3-4']}}
[INFO] [1787682952.374169613] [multi3_coordinator_node]: Assigned fragment f4-10' to robot robot1.
[INFO] [1787682952.380972796] [multi3_coordinator_node]: Received robot state update: {'operational_state': 'working', 'current_assigned_fragment': "f4-10'", 'conditions': ['picked-o1-2', 'picked-o2-2', 'picked-o1-3', 'picked-o2-3', 'picked-o3-3', 'picked-o1-4', 'picked-o2-4', 'picked-o3-4'], 'state': {'position': {'x': 11, 'y': 6, 'z': 0.0}, 'docked': False, 'battery': 100.0, 'conditions': ['picked-o1-2', 'picked-o2-2', 'picked-o1-3', 'picked-o2-3', 'picked-o3-3', 'picked-o1-4', 'picked-o2-4', 'picked-o3-4']}}
[INFO] [1787682976.201222073] [multi3_coordinator_node]: Fragment f4-11 is now executable because all signal messages were received.
[INFO] [1787682976.203456233] [multi3_coordinator_node]: Received coordination message: {'robot_name': 'robot1', 'completed_task': 'm4/s4/pick'}
[INFO] [1787682976.206217864] [multi3_coordinator_node]: Received robot state update: {'operational_state': 'idle', 'current_assigned_fragment': None, 'conditions': ['picked-o1-2', 'picked-o2-2', 'picked-o1-3', 'picked-o2-3', 'picked-o3-3', 'picked-o1-4', 'picked-o2-4', 'picked-o3-4', 'picked-o4-4'], 'state': {'position': {'x': 2, 'y': 4, 'z': 0.0}, 'docked': False, 'battery': 100.0, 'conditions': ['picked-o1-2', 'picked-o2-2', 'picked-o1-3', 'picked-o2-3', 'picked-o3-3', 'picked-o1-4', 'picked-o2-4', 'picked-o3-4', 'picked-o4-4']}}
[INFO] [1787682976.208980383] [multi3_coordinator_node]: Received coordination message: {'robot_name': 'robot1', 'completed_fragment': "f4-10'", 'state': {'position': {'x': 2, 'y': 4, 'z': 0.0}, 'docked': False, 'battery': 100.0, 'conditions': ['picked-o1-2', 'picked-o2-2', 'picked-o1-3', 'picked-o2-3', 'picked-o3-3', 'picked-o1-4', 'picked-o2-4', 'picked-o3-4', 'picked-o4-4']}}
[INFO] [1787682976.376418306] [multi3_coordinator_node]: Assigned fragment f4-11 to robot robot1.
[INFO] [1787682976.400323344] [multi3_coordinator_node]: Received robot state update: {'operational_state': 'working', 'current_assigned_fragment': 'f4-11', 'conditions': ['picked-o1-2', 'picked-o2-2', 'picked-o1-3', 'picked-o2-3', 'picked-o3-3', 'picked-o1-4', 'picked-o2-4', 'picked-o3-4', 'picked-o4-4'], 'state': {'position': {'x': 2, 'y': 4, 'z': 0.0}, 'docked': False, 'battery': 100.0, 'conditions': ['picked-o1-2', 'picked-o2-2', 'picked-o1-3', 'picked-o2-3', 'picked-o3-3', 'picked-o1-4', 'picked-o2-4', 'picked-o3-4', 'picked-o4-4']}}
[INFO] [1787682981.419378355] [multi3_coordinator_node]: Fragment f4-12 is now executable because all signal messages were received.
[INFO] [1787682981.421169837] [multi3_coordinator_node]: Received coordination message: {'robot_name': 'robot1', 'completed_task': 'm4/s4/scan'}
[INFO] [1787682981.424256903] [multi3_coordinator_node]: Received robot state update: {'operational_state': 'idle', 'current_assigned_fragment': None, 'conditions': ['picked-o1-2', 'picked-o2-2', 'picked-o1-3', 'picked-o2-3', 'picked-o3-3', 'picked-o1-4', 'picked-o2-4', 'picked-o3-4', 'picked-o4-4'], 'state': {'position': {'x': 2, 'y': 4, 'z': 0.0}, 'docked': False, 'battery': 100.0, 'conditions': ['picked-o1-2', 'picked-o2-2', 'picked-o1-3', 'picked-o2-3', 'picked-o3-3', 'picked-o1-4', 'picked-o2-4', 'picked-o3-4', 'picked-o4-4']}}
[INFO] [1787682981.426197957] [multi3_coordinator_node]: Received coordination message: {'robot_name': 'robot1', 'completed_fragment': 'f4-11', 'state': {'position': {'x': 2, 'y': 4, 'z': 0.0}, 'docked': False, 'battery': 100.0, 'conditions': ['picked-o1-2', 'picked-o2-2', 'picked-o1-3', 'picked-o2-3', 'picked-o3-3', 'picked-o1-4', 'picked-o2-4', 'picked-o3-4', 'picked-o4-4']}}
[INFO] [1787682982.376516732] [multi3_coordinator_node]: Assigned fragment f4-12 to robot robot1.
[INFO] [1787682982.414572249] [multi3_coordinator_node]: Received robot state update: {'operational_state': 'working', 'current_assigned_fragment': 'f4-12', 'conditions': ['picked-o1-2', 'picked-o2-2', 'picked-o1-3', 'picked-o2-3', 'picked-o3-3', 'picked-o1-4', 'picked-o2-4', 'picked-o3-4', 'picked-o4-4'], 'state': {'position': {'x': 2, 'y': 4, 'z': 0.0}, 'docked': False, 'battery': 100.0, 'conditions': ['picked-o1-2', 'picked-o2-2', 'picked-o1-3', 'picked-o2-3', 'picked-o3-3', 'picked-o1-4', 'picked-o2-4', 'picked-o3-4', 'picked-o4-4']}}
[INFO] [1787683014.144245995] [multi3_coordinator_node]: Fragment f4-13 is now executable because all signal messages were received.
[INFO] [1787683014.146477642] [multi3_coordinator_node]: Received coordination message: {'robot_name': 'robot1', 'completed_task': 'm4/s4/transport'}
[INFO] [1787683014.148983561] [multi3_coordinator_node]: Received robot state update: {'operational_state': 'idle', 'current_assigned_fragment': None, 'conditions': ['picked-o1-2', 'picked-o2-2', 'picked-o1-3', 'picked-o2-3', 'picked-o3-3', 'picked-o1-4', 'picked-o2-4', 'picked-o3-4', 'picked-o4-4'], 'state': {'position': {'x': 11, 'y': 6, 'z': 0.0}, 'docked': False, 'battery': 100.0, 'conditions': ['picked-o1-2', 'picked-o2-2', 'picked-o1-3', 'picked-o2-3', 'picked-o3-3', 'picked-o1-4', 'picked-o2-4', 'picked-o3-4', 'picked-o4-4']}}
[INFO] [1787683014.151013894] [multi3_coordinator_node]: Received coordination message: {'robot_name': 'robot1', 'completed_fragment': 'f4-12', 'state': {'position': {'x': 11, 'y': 6, 'z': 0.0}, 'docked': False, 'battery': 100.0, 'conditions': ['picked-o1-2', 'picked-o2-2', 'picked-o1-3', 'picked-o2-3', 'picked-o3-3', 'picked-o1-4', 'picked-o2-4', 'picked-o3-4', 'picked-o4-4']}}
[INFO] [1787683014.376255752] [multi3_coordinator_node]: Assigned fragment f4-13 to robot robot1.
[INFO] [1787683014.391495658] [multi3_coordinator_node]: Received robot state update: {'operational_state': 'working', 'current_assigned_fragment': 'f4-13', 'conditions': ['picked-o1-2', 'picked-o2-2', 'picked-o1-3', 'picked-o2-3', 'picked-o3-3', 'picked-o1-4', 'picked-o2-4', 'picked-o3-4', 'picked-o4-4'], 'state': {'position': {'x': 11, 'y': 6, 'z': 0.0}, 'docked': False, 'battery': 100.0, 'conditions': ['picked-o1-2', 'picked-o2-2', 'picked-o1-3', 'picked-o2-3', 'picked-o3-3', 'picked-o1-4', 'picked-o2-4', 'picked-o3-4', 'picked-o4-4']}}
[INFO] [1787683040.412371458] [multi3_coordinator_node]: Received coordination message: {'robot_name': 'robot1', 'completed_task': 'm4//pack'}
[INFO] [1787683040.415594429] [multi3_coordinator_node]: Received robot state update: {'operational_state': 'idle', 'current_assigned_fragment': None, 'conditions': ['picked-o1-2', 'picked-o2-2', 'picked-o1-3', 'picked-o2-3', 'picked-o3-3', 'picked-o1-4', 'picked-o2-4', 'picked-o3-4', 'picked-o4-4'], 'state': {'position': {'x': 11, 'y': 6, 'z': 0.0}, 'docked': False, 'battery': 100.0, 'conditions': ['picked-o1-2', 'picked-o2-2', 'picked-o1-3', 'picked-o2-3', 'picked-o3-3', 'picked-o1-4', 'picked-o2-4', 'picked-o3-4', 'picked-o4-4']}}
[INFO] [1787683040.417220592] [multi3_coordinator_node]: Received coordination message: {'robot_name': 'robot1', 'completed_fragment': 'f4-13', 'state': {'position': {'x': 11, 'y': 6, 'z': 0.0}, 'docked': False, 'battery': 100.0, 'conditions': ['picked-o1-2', 'picked-o2-2', 'picked-o1-3', 'picked-o2-3', 'picked-o3-3', 'picked-o1-4', 'picked-o2-4', 'picked-o3-4', 'picked-o4-4']}}
Traceback (most recent call last):
  File "/root/ros2_ws/install/multi3_coordinator/lib/python3.10/site-packages/nodes/coordinator.py", line 294, in main
    rclpy.spin(node)
  File "/opt/ros/humble/local/lib/python3.10/dist-packages/rclpy/__init__.py", line 229, in spin
    executor.spin_once()
  File "/opt/ros/humble/local/lib/python3.10/dist-packages/rclpy/executors.py", line 808, in spin_once
    self._spin_once_impl(timeout_sec)
  File "/opt/ros/humble/local/lib/python3.10/dist-packages/rclpy/executors.py", line 797, in _spin_once_impl
    handler, entity, node = self.wait_for_ready_callbacks(timeout_sec=timeout_sec)
  File "/opt/ros/humble/local/lib/python3.10/dist-packages/rclpy/executors.py", line 780, in wait_for_ready_callbacks
    return next(self._cb_iter)
  File "/opt/ros/humble/local/lib/python3.10/dist-packages/rclpy/executors.py", line 681, in _wait_for_ready_callbacks
    raise ExternalShutdownException()
rclpy.executors.ExternalShutdownException

During handling of the above exception, another exception occurred:

Traceback (most recent call last):
  File "/root/ros2_ws/install/multi3_coordinator/lib/multi3_coordinator/coordinator", line 33, in <module>
    sys.exit(load_entry_point('multi3-coordinator==0.0.0', 'console_scripts', 'coordinator')())
  File "/root/ros2_ws/install/multi3_coordinator/lib/python3.10/site-packages/nodes/coordinator.py", line 299, in main
    rclpy.shutdown()
  File "/opt/ros/humble/local/lib/python3.10/dist-packages/rclpy/__init__.py", line 130, in shutdown
    _shutdown(context=context)
  File "/opt/ros/humble/local/lib/python3.10/dist-packages/rclpy/utilities.py", line 58, in shutdown
    return context.shutdown()
  File "/opt/ros/humble/local/lib/python3.10/dist-packages/rclpy/context.py", line 102, in shutdown
    self.__context.shutdown()
rclpy._rclpy_pybind11.RCLError: failed to shutdown: rcl_shutdown already called on the given context, at ./src/rcl/init.c:241

--- executor_robot1.log ---
[INFO] [1787682458.241462871] [robot1.fragment_exec_node]: Setting up skill: PickSkill
[INFO] [1787682458.242873373] [robot1.fragment_exec_node]: Setting up skill: ScanSkill
[INFO] [1787682458.243605412] [robot1.fragment_exec_node]: Setting up skill: NavigateSkill
[INFO] [1787682458.244302269] [robot1.fragment_exec_node]: Setting up skill: NavigateSkill
[INFO] [1787682458.245413543] [robot1.fragment_exec_node]: Setting up skill: DockSkill
[INFO] [1787682458.246329096] [robot1.fragment_exec_node]: Setting up skill: UndockSkill
[INFO] [1787682458.247200552] [robot1.fragment_exec_node]: Setting up skill: PackSkill
[INFO] [1787682458.254087276] [robot1.fragment_exec_node]: Published robot registration: {'name': 'robot1', 'operational_state': 'idle', 'capabilities': ['pick', 'scan', 'transport', 'pack'], 'state': {'position': {'x': 0.0, 'y': 0.0, 'z': 0.0}, 'docked': True, 'battery': 100.0, 'conditions': []}}
[INFO] [1787682463.386049035] [robot1.fragment_exec_node]: Received fragment: {'robot': 'robot1', 'fragment': {'id': 'f2-1', 'mission': 'm2', 'state': 'assigned', 'wait': [], 'tasks': [{'name': 'pick', 'params': {'weight': 5, 'x': 2, 'y': 3}}], 'arrive_timestamp': 1787682460, 'priority': 1, 'segment': 's1', 'preconditions': [], 'postconditions': ['picked-o1-2']}}
[INFO] [1787682463.387512995] [robot1.fragment_exec_node]: Received fragment assignment: f2-1. Starting execution.
[INFO] [1787682463.389123825] [robot1.fragment_exec_node]: Executing task pick. Params: {'weight': 5, 'x': 2, 'y': 3}, Virtual state: {'position': {'x': 0.0, 'y': 0.0, 'z': 0.0}, 'docked': True, 'battery': 100.0, 'conditions': []}
[INFO] [1787682463.390352601] [robot1.fragment_exec_node]: EventType: Control (Task: pick), Activity: undock, Robot: robot1, Mission: m2, Segment: s1, Start: 8480.139798623
[INFO] [1787682463.391518923] [robot1.fragment_exec_node]: Simulating undock skill...
[INFO] [1787682467.395014204] [robot1.fragment_exec_node]: Undock completed!
[INFO] [1787682467.397729856] [robot1.fragment_exec_node]: EventType: Control (Task: pick), Activity: undock, Robot: robot1, Mission: m2, Segment: s1, End: 8484.146263977
[INFO] [1787682467.399473209] [robot1.fragment_exec_node]: EventType: Control (Task: pick), Activity: navigate, Robot: robot1, Mission: m2, Segment: s1, Start: 8484.148536921
[INFO] [1787682467.401430326] [robot1.fragment_exec_node]: Simulating navigate skill from position (0.0, 0.0) to (2, 3) (7.211102550927978 seconds)...
[INFO] [1787682474.616458059] [robot1.fragment_exec_node]: Navigation completed!
[INFO] [1787682474.619227246] [robot1.fragment_exec_node]: EventType: Control (Task: pick), Activity: navigate, Robot: robot1, Mission: m2, Segment: s1, End: 8491.367768202
[INFO] [1787682474.620990450] [robot1.fragment_exec_node]: EventType: Task, Activity: pick, Robot: robot1, Mission: m2, Segment: s1, Start: 8491.370256854
[INFO] [1787682474.622694608] [robot1.fragment_exec_node]: Simulating pick skill...
[INFO] [1787682479.625923527] [robot1.fragment_exec_node]: Pick completed!
[INFO] [1787682479.628916757] [robot1.fragment_exec_node]: EventType: Task, Activity: pick, Robot: robot1, Mission: m2, Segment: s1, End: 8496.378066933
[INFO] [1787682479.631687402] [robot1.fragment_exec_node]: Execution of fragment f2-1 completed!
[INFO] [1787682480.433095036] [robot1.fragment_exec_node]: Received fragment: {'robot': 'robot1', 'fragment': {'id': 'f2-2', 'mission': 'm2', 'state': 'assigned', 'wait': ['m2/s1/pick'], 'tasks': [{'name': 'scan', 'params': {'x': 2, 'y': 3}}], 'arrive_timestamp': 1787682460, 'priority': 1, 'segment': 's1', 'preconditions': [], 'postconditions': []}}
[INFO] [1787682480.433665309] [robot1.fragment_exec_node]: Received fragment assignment: f2-2. Starting execution.
[INFO] [1787682480.434487833] [robot1.fragment_exec_node]: Waiting for coordination messages before executing fragment f2-2: ['m2/s1/pick']
[INFO] [1787682482.438356464] [robot1.fragment_exec_node]: Executing task scan. Params: {'x': 2, 'y': 3}, Virtual state: {'position': {'x': 2, 'y': 3, 'z': 0.0}, 'docked': False, 'battery': 100.0, 'conditions': ['picked-o1-2']}
[INFO] [1787682482.440459234] [robot1.fragment_exec_node]: EventType: Task, Activity: scan, Robot: robot1, Mission: m2, Segment: s1, Start: 8499.190685236
[INFO] [1787682482.441649252] [robot1.fragment_exec_node]: Simulating scan skill...
[INFO] [1787682485.445229110] [robot1.fragment_exec_node]: Scan completed!
[INFO] [1787682485.447797256] [robot1.fragment_exec_node]: EventType: Task, Activity: scan, Robot: robot1, Mission: m2, Segment: s1, End: 8502.197327366
[INFO] [1787682485.450707672] [robot1.fragment_exec_node]: Execution of fragment f2-2 completed!
[INFO] [1787682486.379836536] [robot1.fragment_exec_node]: Received fragment: {'robot': 'robot1', 'fragment': {'id': 'f2-3', 'mission': 'm2', 'state': 'assigned', 'wait': ['m2/s1/scan'], 'tasks': [{'name': 'transport', 'params': {'x': 11, 'y': 6}}], 'arrive_timestamp': 1787682460, 'priority': 1, 'segment': 's1', 'preconditions': [], 'postconditions': []}}
[INFO] [1787682486.381640764] [robot1.fragment_exec_node]: Received fragment assignment: f2-3. Starting execution.
[INFO] [1787682486.383739377] [robot1.fragment_exec_node]: Waiting for coordination messages before executing fragment f2-3: ['m2/s1/scan']
[INFO] [1787682488.389403217] [robot1.fragment_exec_node]: Executing task transport. Params: {'x': 11, 'y': 6}, Virtual state: {'position': {'x': 2, 'y': 3, 'z': 0.0}, 'docked': False, 'battery': 100.0, 'conditions': ['picked-o1-2']}
[INFO] [1787682488.392004496] [robot1.fragment_exec_node]: EventType: Control (Task: transport), Activity: navigate, Robot: robot1, Mission: m2, Segment: s1, Start: 8505.141508521
[INFO] [1787682488.393761283] [robot1.fragment_exec_node]: Simulating navigate skill from position (2, 3) to (11, 6) (19.697715603592208 seconds)...
[INFO] [1787682508.096189880] [robot1.fragment_exec_node]: Navigation completed!
[INFO] [1787682508.098590184] [robot1.fragment_exec_node]: EventType: Control (Task: transport), Activity: navigate, Robot: robot1, Mission: m2, Segment: s1, End: 8524.848039791
[INFO] [1787682508.100319822] [robot1.fragment_exec_node]: EventType: Task, Activity: transport, Robot: robot1, Mission: m2, Segment: s1, Start: 8524.849819073
[INFO] [1787682508.102074242] [robot1.fragment_exec_node]: Simulating navigate skill from position (11, 6) to (11, 6) (10.0 seconds)...
[INFO] [1787682518.106332513] [robot1.fragment_exec_node]: Navigation completed!
[INFO] [1787682518.109116578] [robot1.fragment_exec_node]: EventType: Task, Activity: transport, Robot: robot1, Mission: m2, Segment: s1, End: 8534.858567955
[INFO] [1787682518.111539483] [robot1.fragment_exec_node]: Execution of fragment f2-3 completed!
[INFO] [1787682518.383297920] [robot1.fragment_exec_node]: Received fragment: {'robot': 'robot1', 'fragment': {'id': 'f2-4', 'mission': 'm2', 'state': 'assigned', 'wait': [], 'tasks': [{'name': 'pick', 'params': {'weight': 7, 'x': 9, 'y': 5}}], 'arrive_timestamp': 1787682460, 'priority': 1, 'segment': 's2', 'preconditions': [], 'postconditions': ['picked-o2-2']}}
[INFO] [1787682518.384935515] [robot1.fragment_exec_node]: Received fragment assignment: f2-4. Starting execution.
[INFO] [1787682518.386692661] [robot1.fragment_exec_node]: Executing task pick. Params: {'weight': 7, 'x': 9, 'y': 5}, Virtual state: {'position': {'x': 11, 'y': 6, 'z': 0.0}, 'docked': False, 'battery': 100.0, 'conditions': ['picked-o1-2']}
[INFO] [1787682518.388025379] [robot1.fragment_exec_node]: EventType: Control (Task: pick), Activity: navigate, Robot: robot1, Mission: m2, Segment: s2, Start: 8535.137675299
[INFO] [1787682518.389202581] [robot1.fragment_exec_node]: Simulating navigate skill from position (11, 6) to (9, 5) (12.649110640673518 seconds)...
[INFO] [1787682531.042144315] [robot1.fragment_exec_node]: Navigation completed!
[INFO] [1787682531.044944347] [robot1.fragment_exec_node]: EventType: Control (Task: pick), Activity: navigate, Robot: robot1, Mission: m2, Segment: s2, End: 8547.793637722
[INFO] [1787682531.047379036] [robot1.fragment_exec_node]: EventType: Task, Activity: pick, Robot: robot1, Mission: m2, Segment: s2, Start: 8547.796414114
[INFO] [1787682531.049966231] [robot1.fragment_exec_node]: Simulating pick skill...
[INFO] [1787682538.054056573] [robot1.fragment_exec_node]: Pick completed!
[INFO] [1787682538.056792564] [robot1.fragment_exec_node]: EventType: Task, Activity: pick, Robot: robot1, Mission: m2, Segment: s2, End: 8554.805564083
[INFO] [1787682538.060260102] [robot1.fragment_exec_node]: Execution of fragment f2-4 completed!
[INFO] [1787682538.394113989] [robot1.fragment_exec_node]: Received fragment: {'robot': 'robot1', 'fragment': {'id': 'f2-5', 'mission': 'm2', 'state': 'assigned', 'wait': ['m2/s2/pick'], 'tasks': [{'name': 'scan', 'params': {'x': 9, 'y': 5}}], 'arrive_timestamp': 1787682460, 'priority': 1, 'segment': 's2', 'preconditions': [], 'postconditions': []}}
[INFO] [1787682538.395160377] [robot1.fragment_exec_node]: Received fragment assignment: f2-5. Starting execution.
[INFO] [1787682538.396381233] [robot1.fragment_exec_node]: Waiting for coordination messages before executing fragment f2-5: ['m2/s2/pick']
[INFO] [1787682540.400678857] [robot1.fragment_exec_node]: Executing task scan. Params: {'x': 9, 'y': 5}, Virtual state: {'position': {'x': 9, 'y': 5, 'z': 0.0}, 'docked': False, 'battery': 100.0, 'conditions': ['picked-o1-2', 'picked-o2-2']}
[INFO] [1787682540.401393988] [robot1.fragment_exec_node]: EventType: Task, Activity: scan, Robot: robot1, Mission: m2, Segment: s2, Start: 8557.151750462
[INFO] [1787682540.402007466] [robot1.fragment_exec_node]: Simulating scan skill...
[INFO] [1787682543.406100219] [robot1.fragment_exec_node]: Scan completed!
[INFO] [1787682543.409159012] [robot1.fragment_exec_node]: EventType: Task, Activity: scan, Robot: robot1, Mission: m2, Segment: s2, End: 8560.157748839
[INFO] [1787682543.412781845] [robot1.fragment_exec_node]: Execution of fragment f2-5 completed!
[INFO] [1787682544.392955126] [robot1.fragment_exec_node]: Received fragment: {'robot': 'robot1', 'fragment': {'id': 'f2-6', 'mission': 'm2', 'state': 'assigned', 'wait': ['m2/s2/scan'], 'tasks': [{'name': 'transport', 'params': {'x': 11, 'y': 6}}], 'arrive_timestamp': 1787682460, 'priority': 1, 'segment': 's2', 'preconditions': ['picked-o2-2'], 'postconditions': []}}
[INFO] [1787682544.393979523] [robot1.fragment_exec_node]: Received fragment assignment: f2-6. Starting execution.
[INFO] [1787682544.395270562] [robot1.fragment_exec_node]: Waiting for coordination messages before executing fragment f2-6: ['m2/s2/scan']
[INFO] [1787682546.400665261] [robot1.fragment_exec_node]: Executing task transport. Params: {'x': 11, 'y': 6}, Virtual state: {'position': {'x': 9, 'y': 5, 'z': 0.0}, 'docked': False, 'battery': 100.0, 'conditions': ['picked-o1-2', 'picked-o2-2']}
[INFO] [1787682546.403068011] [robot1.fragment_exec_node]: EventType: Control (Task: transport), Activity: navigate, Robot: robot1, Mission: m2, Segment: s2, Start: 8563.152252914
[INFO] [1787682546.404650874] [robot1.fragment_exec_node]: Simulating navigate skill from position (9, 5) to (11, 6) (7.211102550927978 seconds)...
[INFO] [1787682553.618735684] [robot1.fragment_exec_node]: Navigation completed!
[INFO] [1787682553.621398772] [robot1.fragment_exec_node]: EventType: Control (Task: transport), Activity: navigate, Robot: robot1, Mission: m2, Segment: s2, End: 8570.370277323
[INFO] [1787682553.623604749] [robot1.fragment_exec_node]: EventType: Task, Activity: transport, Robot: robot1, Mission: m2, Segment: s2, Start: 8570.372779319
[INFO] [1787682553.625216058] [robot1.fragment_exec_node]: Simulating navigate skill from position (11, 6) to (11, 6) (10.0 seconds)...
[INFO] [1787682563.629071999] [robot1.fragment_exec_node]: Navigation completed!
[INFO] [1787682563.631917627] [robot1.fragment_exec_node]: EventType: Task, Activity: transport, Robot: robot1, Mission: m2, Segment: s2, End: 8580.380688676
[INFO] [1787682563.635361783] [robot1.fragment_exec_node]: Execution of fragment f2-6 completed!
[INFO] [1787682564.390348428] [robot1.fragment_exec_node]: Received fragment: {'robot': 'robot1', 'fragment': {'id': 'f2-7', 'mission': 'm2', 'state': 'assigned', 'wait': ['m2/s1/transport', 'm2/s2/transport'], 'tasks': [{'name': 'pack', 'params': {'x': 11, 'y': 6, 'items': 2}}], 'arrive_timestamp': 1787682460, 'priority': 1, 'segment': '', 'preconditions': [], 'postconditions': []}}
[INFO] [1787682564.391845921] [robot1.fragment_exec_node]: Received fragment assignment: f2-7. Starting execution.
[INFO] [1787682564.393266109] [robot1.fragment_exec_node]: Waiting for coordination messages before executing fragment f2-7: ['m2/s1/transport', 'm2/s2/transport']
[INFO] [1787682566.397591695] [robot1.fragment_exec_node]: Executing task pack. Params: {'x': 11, 'y': 6, 'items': 2}, Virtual state: {'position': {'x': 11, 'y': 6, 'z': 0.0}, 'docked': False, 'battery': 100.0, 'conditions': ['picked-o1-2', 'picked-o2-2']}
[INFO] [1787682566.398202742] [robot1.fragment_exec_node]: EventType: Task, Activity: pack, Robot: robot1, Mission: m2, Segment: , Start: 8583.148554457
[INFO] [1787682566.398893503] [robot1.fragment_exec_node]: Simulating pack skill...
[INFO] [1787682578.400962772] [robot1.fragment_exec_node]: Packing completed!
[INFO] [1787682578.403833625] [robot1.fragment_exec_node]: EventType: Task, Activity: pack, Robot: robot1, Mission: m2, Segment: , End: 8595.153968512
[INFO] [1787682578.407343755] [robot1.fragment_exec_node]: Execution of fragment f2-7 completed!
[INFO] [1787682579.401051126] [robot1.fragment_exec_node]: Received fragment: {'robot': 'robot1', 'fragment': {'id': 'f3-1', 'mission': 'm3', 'state': 'assigned', 'wait': [], 'tasks': [{'name': 'pick', 'params': {'weight': 3, 'x': 7, 'y': 3}}], 'arrive_timestamp': 1787682461, 'priority': 1, 'segment': 's1', 'preconditions': [], 'postconditions': ['picked-o1-3']}}
[INFO] [1787682579.401876007] [robot1.fragment_exec_node]: Received fragment assignment: f3-1. Starting execution.
[INFO] [1787682579.402761172] [robot1.fragment_exec_node]: Executing task pick. Params: {'weight': 3, 'x': 7, 'y': 3}, Virtual state: {'position': {'x': 11, 'y': 6, 'z': 0.0}, 'docked': False, 'battery': 100.0, 'conditions': ['picked-o1-2', 'picked-o2-2']}
[INFO] [1787682579.403440102] [robot1.fragment_exec_node]: EventType: Control (Task: pick), Activity: navigate, Robot: robot1, Mission: m3, Segment: s1, Start: 8596.15498584
[INFO] [1787682579.404004456] [robot1.fragment_exec_node]: Simulating navigate skill from position (11, 6) to (7, 3) (17.88854381999832 seconds)...
[INFO] [1787682597.295323478] [robot1.fragment_exec_node]: Navigation completed!
[INFO] [1787682597.296780243] [robot1.fragment_exec_node]: EventType: Control (Task: pick), Activity: navigate, Robot: robot1, Mission: m3, Segment: s1, End: 8614.048533597
[INFO] [1787682597.297769724] [robot1.fragment_exec_node]: EventType: Task, Activity: pick, Robot: robot1, Mission: m3, Segment: s1, Start: 8614.049724202
[INFO] [1787682597.299087033] [robot1.fragment_exec_node]: Simulating pick skill...
[INFO] [1787682600.303225725] [robot1.fragment_exec_node]: Pick completed!
[INFO] [1787682600.305977773] [robot1.fragment_exec_node]: EventType: Task, Activity: pick, Robot: robot1, Mission: m3, Segment: s1, End: 8617.056800985
[INFO] [1787682600.309423426] [robot1.fragment_exec_node]: Execution of fragment f3-1 completed!
[INFO] [1787682600.382870266] [robot1.fragment_exec_node]: Received fragment: {'robot': 'robot1', 'fragment': {'id': 'f3-2', 'mission': 'm3', 'state': 'assigned', 'wait': ['m3/s1/pick'], 'tasks': [{'name': 'scan', 'params': {'x': 7, 'y': 3}}], 'arrive_timestamp': 1787682461, 'priority': 1, 'segment': 's1', 'preconditions': [], 'postconditions': []}}
[INFO] [1787682600.384726060] [robot1.fragment_exec_node]: Received fragment assignment: f3-2. Starting execution.
[INFO] [1787682600.386496774] [robot1.fragment_exec_node]: Waiting for coordination messages before executing fragment f3-2: ['m3/s1/pick']
[INFO] [1787682602.392131770] [robot1.fragment_exec_node]: Executing task scan. Params: {'x': 7, 'y': 3}, Virtual state: {'position': {'x': 7, 'y': 3, 'z': 0.0}, 'docked': False, 'battery': 100.0, 'conditions': ['picked-o1-2', 'picked-o2-2', 'picked-o1-3']}
[INFO] [1787682602.394761611] [robot1.fragment_exec_node]: EventType: Task, Activity: scan, Robot: robot1, Mission: m3, Segment: s1, Start: 8619.145873409
[INFO] [1787682602.396969383] [robot1.fragment_exec_node]: Simulating scan skill...
[INFO] [1787682605.401300374] [robot1.fragment_exec_node]: Scan completed!
[INFO] [1787682605.403400336] [robot1.fragment_exec_node]: EventType: Task, Activity: scan, Robot: robot1, Mission: m3, Segment: s1, End: 8622.154714371
[INFO] [1787682605.405875427] [robot1.fragment_exec_node]: Execution of fragment f3-2 completed!
[INFO] [1787682606.380006574] [robot1.fragment_exec_node]: Received fragment: {'robot': 'robot1', 'fragment': {'id': 'f3-3', 'mission': 'm3', 'state': 'assigned', 'wait': ['m3/s1/scan'], 'tasks': [{'name': 'transport', 'params': {'x': 11, 'y': 6}}], 'arrive_timestamp': 1787682461, 'priority': 1, 'segment': 's1', 'preconditions': ['picked-o1-3'], 'postconditions': []}}
[INFO] [1787682606.381553261] [robot1.fragment_exec_node]: Received fragment assignment: f3-3. Starting execution.
[INFO] [1787682606.383687850] [robot1.fragment_exec_node]: Waiting for coordination messages before executing fragment f3-3: ['m3/s1/scan']
[INFO] [1787682608.388792043] [robot1.fragment_exec_node]: Executing task transport. Params: {'x': 11, 'y': 6}, Virtual state: {'position': {'x': 7, 'y': 3, 'z': 0.0}, 'docked': False, 'battery': 100.0, 'conditions': ['picked-o1-2', 'picked-o2-2', 'picked-o1-3']}
[INFO] [1787682608.391280723] [robot1.fragment_exec_node]: EventType: Control (Task: transport), Activity: navigate, Robot: robot1, Mission: m3, Segment: s1, Start: 8625.142367572
[INFO] [1787682608.393421803] [robot1.fragment_exec_node]: Simulating navigate skill from position (7, 3) to (11, 6) (8.246211251235321 seconds)...
[INFO] [1787682616.643358404] [robot1.fragment_exec_node]: Navigation completed!
[INFO] [1787682616.646177936] [robot1.fragment_exec_node]: EventType: Control (Task: transport), Activity: navigate, Robot: robot1, Mission: m3, Segment: s1, End: 8633.397471057
[INFO] [1787682616.647978428] [robot1.fragment_exec_node]: EventType: Task, Activity: transport, Robot: robot1, Mission: m3, Segment: s1, Start: 8633.399490316
[INFO] [1787682616.649862329] [robot1.fragment_exec_node]: Simulating navigate skill from position (11, 6) to (11, 6) (10.0 seconds)...
[INFO] [1787682626.653977782] [robot1.fragment_exec_node]: Navigation completed!
[INFO] [1787682626.657006436] [robot1.fragment_exec_node]: EventType: Task, Activity: transport, Robot: robot1, Mission: m3, Segment: s1, End: 8643.40786982
[INFO] [1787682626.659332379] [robot1.fragment_exec_node]: Execution of fragment f3-3 completed!
[INFO] [1787682627.402128196] [robot1.fragment_exec_node]: Received fragment: {'robot': 'robot1', 'fragment': {'id': 'f3-4', 'mission': 'm3', 'state': 'assigned', 'wait': [], 'tasks': [{'name': 'pick', 'params': {'weight': 5, 'x': 2, 'y': 3}}], 'arrive_timestamp': 1787682461, 'priority': 1, 'segment': 's2', 'preconditions': [], 'postconditions': ['picked-o2-3']}}
[INFO] [1787682627.403165306] [robot1.fragment_exec_node]: Received fragment assignment: f3-4. Starting execution.
[INFO] [1787682627.404379908] [robot1.fragment_exec_node]: Executing task pick. Params: {'weight': 5, 'x': 2, 'y': 3}, Virtual state: {'position': {'x': 11, 'y': 6, 'z': 0.0}, 'docked': False, 'battery': 100.0, 'conditions': ['picked-o1-2', 'picked-o2-2', 'picked-o1-3']}
[INFO] [1787682627.405280727] [robot1.fragment_exec_node]: EventType: Control (Task: pick), Activity: navigate, Robot: robot1, Mission: m3, Segment: s2, Start: 8644.155185405
[INFO] [1787682627.406210451] [robot1.fragment_exec_node]: Simulating navigate skill from position (11, 6) to (2, 3) (24.08318915758459 seconds)...
[INFO] [1787682651.493313726] [robot1.fragment_exec_node]: Navigation completed!
[INFO] [1787682651.495669543] [robot1.fragment_exec_node]: EventType: Control (Task: pick), Activity: navigate, Robot: robot1, Mission: m3, Segment: s2, End: 8668.24493481
[INFO] [1787682651.497503670] [robot1.fragment_exec_node]: EventType: Task, Activity: pick, Robot: robot1, Mission: m3, Segment: s2, Start: 8668.246794601
[INFO] [1787682651.499613520] [robot1.fragment_exec_node]: Simulating pick skill...
[INFO] [1787682656.503081181] [robot1.fragment_exec_node]: Pick completed!
[INFO] [1787682656.505864937] [robot1.fragment_exec_node]: EventType: Task, Activity: pick, Robot: robot1, Mission: m3, Segment: s2, End: 8673.254574784
[INFO] [1787682656.508766741] [robot1.fragment_exec_node]: Execution of fragment f3-4 completed!
[INFO] [1787682657.405585163] [robot1.fragment_exec_node]: Received fragment: {'robot': 'robot1', 'fragment': {'id': 'f3-5', 'mission': 'm3', 'state': 'assigned', 'wait': ['m3/s2/pick'], 'tasks': [{'name': 'scan', 'params': {'x': 2, 'y': 3}}], 'arrive_timestamp': 1787682461, 'priority': 1, 'segment': 's2', 'preconditions': [], 'postconditions': []}}
[INFO] [1787682657.406477565] [robot1.fragment_exec_node]: Received fragment assignment: f3-5. Starting execution.
[INFO] [1787682657.407419287] [robot1.fragment_exec_node]: Executing task scan. Params: {'x': 2, 'y': 3}, Virtual state: {'position': {'x': 2, 'y': 3, 'z': 0.0}, 'docked': False, 'battery': 100.0, 'conditions': ['picked-o1-2', 'picked-o2-2', 'picked-o1-3', 'picked-o2-3']}
[INFO] [1787682657.408129479] [robot1.fragment_exec_node]: EventType: Task, Activity: scan, Robot: robot1, Mission: m3, Segment: s2, Start: 8674.158209672
[INFO] [1787682657.408955749] [robot1.fragment_exec_node]: Simulating scan skill...
[INFO] [1787682660.411873863] [robot1.fragment_exec_node]: Scan completed!
[INFO] [1787682660.447436606] [robot1.fragment_exec_node]: EventType: Task, Activity: scan, Robot: robot1, Mission: m3, Segment: s2, End: 8677.19656283
[INFO] [1787682660.449200381] [robot1.fragment_exec_node]: Execution of fragment f3-5 completed!
[INFO] [1787682661.400528834] [robot1.fragment_exec_node]: Received fragment: {'robot': 'robot1', 'fragment': {'id': 'f3-6', 'mission': 'm3', 'state': 'assigned', 'wait': ['m3/s2/scan'], 'tasks': [{'name': 'transport', 'params': {'x': 11, 'y': 6}}], 'arrive_timestamp': 1787682461, 'priority': 1, 'segment': 's2', 'preconditions': ['picked-o2-3'], 'postconditions': []}}
[INFO] [1787682661.401477592] [robot1.fragment_exec_node]: Received fragment assignment: f3-6. Starting execution.
[INFO] [1787682661.402280082] [robot1.fragment_exec_node]: Executing task transport. Params: {'x': 11, 'y': 6}, Virtual state: {'position': {'x': 2, 'y': 3, 'z': 0.0}, 'docked': False, 'battery': 100.0, 'conditions': ['picked-o1-2', 'picked-o2-2', 'picked-o1-3', 'picked-o2-3']}
[INFO] [1787682661.402970543] [robot1.fragment_exec_node]: EventType: Control (Task: transport), Activity: navigate, Robot: robot1, Mission: m3, Segment: s2, Start: 8678.153033949
[INFO] [1787682661.403534594] [robot1.fragment_exec_node]: Simulating navigate skill from position (2, 3) to (11, 6) (19.697715603592208 seconds)...
[INFO] [1787682681.105335458] [robot1.fragment_exec_node]: Navigation completed!
[INFO] [1787682681.108846131] [robot1.fragment_exec_node]: EventType: Control (Task: transport), Activity: navigate, Robot: robot1, Mission: m3, Segment: s2, End: 8697.857543456
[INFO] [1787682681.111637410] [robot1.fragment_exec_node]: EventType: Task, Activity: transport, Robot: robot1, Mission: m3, Segment: s2, Start: 8697.860598504
[INFO] [1787682681.113539579] [robot1.fragment_exec_node]: Simulating navigate skill from position (11, 6) to (11, 6) (10.0 seconds)...
[INFO] [1787682691.116599061] [robot1.fragment_exec_node]: Navigation completed!
[INFO] [1787682691.120242463] [robot1.fragment_exec_node]: EventType: Task, Activity: transport, Robot: robot1, Mission: m3, Segment: s2, End: 8707.869259688
[INFO] [1787682691.123184977] [robot1.fragment_exec_node]: Execution of fragment f3-6 completed!
[INFO] [1787682691.386578260] [robot1.fragment_exec_node]: Received fragment: {'robot': 'robot1', 'fragment': {'id': 'f3-7', 'mission': 'm3', 'state': 'assigned', 'wait': [], 'tasks': [{'name': 'pick', 'params': {'weight': 2, 'x': 1, 'y': 9}}], 'arrive_timestamp': 1787682461, 'priority': 1, 'segment': 's3', 'preconditions': [], 'postconditions': ['picked-o3-3']}}
[INFO] [1787682691.387876235] [robot1.fragment_exec_node]: Received fragment assignment: f3-7. Starting execution.
[INFO] [1787682691.390032317] [robot1.fragment_exec_node]: Executing task pick. Params: {'weight': 2, 'x': 1, 'y': 9}, Virtual state: {'position': {'x': 11, 'y': 6, 'z': 0.0}, 'docked': False, 'battery': 100.0, 'conditions': ['picked-o1-2', 'picked-o2-2', 'picked-o1-3', 'picked-o2-3']}
[INFO] [1787682691.391595682] [robot1.fragment_exec_node]: EventType: Control (Task: pick), Activity: navigate, Robot: robot1, Mission: m3, Segment: s3, Start: 8708.141607836
[INFO] [1787682691.393027394] [robot1.fragment_exec_node]: Simulating navigate skill from position (11, 6) to (1, 9) (20.396078054371138 seconds)...
[INFO] [1787682711.792771746] [robot1.fragment_exec_node]: Navigation completed!
[INFO] [1787682711.795846020] [robot1.fragment_exec_node]: EventType: Control (Task: pick), Activity: navigate, Robot: robot1, Mission: m3, Segment: s3, End: 8728.544997913
[INFO] [1787682711.797686407] [robot1.fragment_exec_node]: EventType: Task, Activity: pick, Robot: robot1, Mission: m3, Segment: s3, Start: 8728.54750398
[INFO] [1787682711.799520810] [robot1.fragment_exec_node]: Simulating pick skill...
[INFO] [1787682713.803737845] [robot1.fragment_exec_node]: Pick completed!
[INFO] [1787682713.806751277] [robot1.fragment_exec_node]: EventType: Task, Activity: pick, Robot: robot1, Mission: m3, Segment: s3, End: 8730.555808055
[INFO] [1787682713.810137868] [robot1.fragment_exec_node]: Execution of fragment f3-7 completed!
[INFO] [1787682714.391401500] [robot1.fragment_exec_node]: Received fragment: {'robot': 'robot1', 'fragment': {'id': 'f3-8', 'mission': 'm3', 'state': 'assigned', 'wait': ['m3/s3/pick'], 'tasks': [{'name': 'scan', 'params': {'x': 1, 'y': 9}}], 'arrive_timestamp': 1787682461, 'priority': 1, 'segment': 's3', 'preconditions': [], 'postconditions': []}}
[INFO] [1787682714.392656504] [robot1.fragment_exec_node]: Received fragment assignment: f3-8. Starting execution.
[INFO] [1787682714.394080865] [robot1.fragment_exec_node]: Waiting for coordination messages before executing fragment f3-8: ['m3/s3/pick']
[INFO] [1787682716.399738780] [robot1.fragment_exec_node]: Executing task scan. Params: {'x': 1, 'y': 9}, Virtual state: {'position': {'x': 1, 'y': 9, 'z': 0.0}, 'docked': False, 'battery': 100.0, 'conditions': ['picked-o1-2', 'picked-o2-2', 'picked-o1-3', 'picked-o2-3', 'picked-o3-3']}
[INFO] [1787682716.402959552] [robot1.fragment_exec_node]: EventType: Task, Activity: scan, Robot: robot1, Mission: m3, Segment: s3, Start: 8733.151926556
[INFO] [1787682716.405566250] [robot1.fragment_exec_node]: Simulating scan skill...
[INFO] [1787682719.409659304] [robot1.fragment_exec_node]: Scan completed!
[INFO] [1787682719.412939547] [robot1.fragment_exec_node]: EventType: Task, Activity: scan, Robot: robot1, Mission: m3, Segment: s3, End: 8736.161494714
[INFO] [1787682719.416081880] [robot1.fragment_exec_node]: Execution of fragment f3-8 completed!
[INFO] [1787682720.400487234] [robot1.fragment_exec_node]: Received fragment: {'robot': 'robot1', 'fragment': {'id': 'f3-9', 'mission': 'm3', 'state': 'assigned', 'wait': ['m3/s3/scan'], 'tasks': [{'name': 'transport', 'params': {'x': 11, 'y': 6}}], 'arrive_timestamp': 1787682461, 'priority': 1, 'segment': 's3', 'preconditions': ['picked-o3-3'], 'postconditions': []}}
[INFO] [1787682720.401264330] [robot1.fragment_exec_node]: Received fragment assignment: f3-9. Starting execution.
[INFO] [1787682720.402194878] [robot1.fragment_exec_node]: Waiting for coordination messages before executing fragment f3-9: ['m3/s3/scan']
[INFO] [1787682722.407039549] [robot1.fragment_exec_node]: Executing task transport. Params: {'x': 11, 'y': 6}, Virtual state: {'position': {'x': 1, 'y': 9, 'z': 0.0}, 'docked': False, 'battery': 100.0, 'conditions': ['picked-o1-2', 'picked-o2-2', 'picked-o1-3', 'picked-o2-3', 'picked-o3-3']}
[INFO] [1787682722.409570999] [robot1.fragment_exec_node]: EventType: Control (Task: transport), Activity: navigate, Robot: robot1, Mission: m3, Segment: s3, Start: 8739.158434874
[INFO] [1787682722.412435879] [robot1.fragment_exec_node]: Simulating navigate skill from position (1, 9) to (11, 6) (22.360679774997898 seconds)...
[INFO] [1787682744.777062421] [robot1.fragment_exec_node]: Navigation completed!
[INFO] [1787682744.779917534] [robot1.fragment_exec_node]: EventType: Control (Task: transport), Activity: navigate, Robot: robot1, Mission: m3, Segment: s3, End: 8761.528598458
[INFO] [1787682744.782420796] [robot1.fragment_exec_node]: EventType: Task, Activity: transport, Robot: robot1, Mission: m3, Segment: s3, Start: 8761.531444715
[INFO] [1787682744.784094826] [robot1.fragment_exec_node]: Simulating navigate skill from position (11, 6) to (11, 6) (10.0 seconds)...
[INFO] [1787682754.787429562] [robot1.fragment_exec_node]: Navigation completed!
[INFO] [1787682754.790400350] [robot1.fragment_exec_node]: EventType: Task, Activity: transport, Robot: robot1, Mission: m3, Segment: s3, End: 8771.539500257
[INFO] [1787682754.793574396] [robot1.fragment_exec_node]: Execution of fragment f3-9 completed!
[INFO] [1787682755.450009423] [robot1.fragment_exec_node]: Received fragment: {'robot': 'robot1', 'fragment': {'id': 'f3-10', 'mission': 'm3', 'state': 'assigned', 'wait': ['m3/s1/transport', 'm3/s2/transport', 'm3/s3/transport'], 'tasks': [{'name': 'pack', 'params': {'x': 2, 'y': 3, 'items': 3}}], 'arrive_timestamp': 1787682461, 'priority': 1, 'segment': '', 'preconditions': [], 'postconditions': []}}
[INFO] [1787682755.450622077] [robot1.fragment_exec_node]: Received fragment assignment: f3-10. Starting execution.
[INFO] [1787682755.451413530] [robot1.fragment_exec_node]: Executing task pack. Params: {'x': 2, 'y': 3, 'items': 3}, Virtual state: {'position': {'x': 11, 'y': 6, 'z': 0.0}, 'docked': False, 'battery': 100.0, 'conditions': ['picked-o1-2', 'picked-o2-2', 'picked-o1-3', 'picked-o2-3', 'picked-o3-3']}
[INFO] [1787682755.451915582] [robot1.fragment_exec_node]: EventType: Control (Task: pack), Activity: navigate, Robot: robot1, Mission: m3, Segment: , Start: 8772.20275265
[INFO] [1787682755.452348201] [robot1.fragment_exec_node]: Simulating navigate skill from position (11, 6) to (2, 3) (24.08318915758459 seconds)...
[INFO] [1787682779.538143742] [robot1.fragment_exec_node]: Navigation completed!
[INFO] [1787682779.541378291] [robot1.fragment_exec_node]: EventType: Control (Task: pack), Activity: navigate, Robot: robot1, Mission: m3, Segment: , End: 8796.291010856
[INFO] [1787682779.543482213] [robot1.fragment_exec_node]: EventType: Task, Activity: pack, Robot: robot1, Mission: m3, Segment: , Start: 8796.293864126
[INFO] [1787682779.545285156] [robot1.fragment_exec_node]: Simulating pack skill...
[INFO] [1787682797.549249018] [robot1.fragment_exec_node]: Packing completed!
[INFO] [1787682797.552163477] [robot1.fragment_exec_node]: EventType: Task, Activity: pack, Robot: robot1, Mission: m3, Segment: , End: 8814.30207668
[INFO] [1787682797.554499188] [robot1.fragment_exec_node]: Execution of fragment f3-10 completed!
[INFO] [1787682798.383908230] [robot1.fragment_exec_node]: Received fragment: {'robot': 'robot1', 'fragment': {'id': 'f4-1', 'mission': 'm4', 'state': 'assigned', 'wait': [], 'tasks': [{'name': 'pick', 'params': {'weight': 5, 'x': 2, 'y': 8}}], 'arrive_timestamp': 1787682462, 'priority': 1, 'segment': 's1', 'preconditions': [], 'postconditions': ['picked-o1-4']}}
[INFO] [1787682798.385339352] [robot1.fragment_exec_node]: Received fragment assignment: f4-1. Starting execution.
[INFO] [1787682798.387092543] [robot1.fragment_exec_node]: Executing task pick. Params: {'weight': 5, 'x': 2, 'y': 8}, Virtual state: {'position': {'x': 2, 'y': 3, 'z': 0.0}, 'docked': False, 'battery': 100.0, 'conditions': ['picked-o1-2', 'picked-o2-2', 'picked-o1-3', 'picked-o2-3', 'picked-o3-3']}
[INFO] [1787682798.388353019] [robot1.fragment_exec_node]: EventType: Control (Task: pick), Activity: navigate, Robot: robot1, Mission: m4, Segment: s1, Start: 8815.139148802
[INFO] [1787682798.389439138] [robot1.fragment_exec_node]: Simulating navigate skill from position (2, 3) to (2, 8) (12.0 seconds)...
[INFO] [1787682810.392267627] [robot1.fragment_exec_node]: Navigation completed!
[INFO] [1787682810.394930753] [robot1.fragment_exec_node]: EventType: Control (Task: pick), Activity: navigate, Robot: robot1, Mission: m4, Segment: s1, End: 8827.145604398
[INFO] [1787682810.396735549] [robot1.fragment_exec_node]: EventType: Task, Activity: pick, Robot: robot1, Mission: m4, Segment: s1, Start: 8827.147506421
[INFO] [1787682810.398345819] [robot1.fragment_exec_node]: Simulating pick skill...
[INFO] [1787682815.400142168] [robot1.fragment_exec_node]: Pick completed!
[INFO] [1787682815.400853915] [robot1.fragment_exec_node]: EventType: Task, Activity: pick, Robot: robot1, Mission: m4, Segment: s1, End: 8832.152435335
[INFO] [1787682815.401823808] [robot1.fragment_exec_node]: Execution of fragment f4-1 completed!
[INFO] [1787682816.383781955] [robot1.fragment_exec_node]: Received fragment: {'robot': 'robot1', 'fragment': {'id': 'f4-2', 'mission': 'm4', 'state': 'assigned', 'wait': ['m4/s1/pick'], 'tasks': [{'name': 'scan', 'params': {'x': 2, 'y': 8}}], 'arrive_timestamp': 1787682462, 'priority': 1, 'segment': 's1', 'preconditions': [], 'postconditions': []}}
[INFO] [1787682816.385377026] [robot1.fragment_exec_node]: Received fragment assignment: f4-2. Starting execution.
[INFO] [1787682816.387515471] [robot1.fragment_exec_node]: Waiting for coordination messages before executing fragment f4-2: ['m4/s1/pick']
[INFO] [1787682818.393032473] [robot1.fragment_exec_node]: Executing task scan. Params: {'x': 2, 'y': 8}, Virtual state: {'position': {'x': 2, 'y': 8, 'z': 0.0}, 'docked': False, 'battery': 100.0, 'conditions': ['picked-o1-2', 'picked-o2-2', 'picked-o1-3', 'picked-o2-3', 'picked-o3-3', 'picked-o1-4']}
[INFO] [1787682818.396300056] [robot1.fragment_exec_node]: EventType: Task, Activity: scan, Robot: robot1, Mission: m4, Segment: s1, Start: 8835.146082832
[INFO] [1787682818.398705192] [robot1.fragment_exec_node]: Simulating scan skill...
[INFO] [1787682821.402874888] [robot1.fragment_exec_node]: Scan completed!
[INFO] [1787682821.406086372] [robot1.fragment_exec_node]: EventType: Task, Activity: scan, Robot: robot1, Mission: m4, Segment: s1, End: 8838.156018615
[INFO] [1787682821.409224957] [robot1.fragment_exec_node]: Execution of fragment f4-2 completed!
[INFO] [1787682822.378735899] [robot1.fragment_exec_node]: Received fragment: {'robot': 'robot1', 'fragment': {'id': 'f4-3', 'mission': 'm4', 'state': 'assigned', 'wait': ['m4/s1/scan'], 'tasks': [{'name': 'transport', 'params': {'x': 11, 'y': 6}}], 'arrive_timestamp': 1787682462, 'priority': 1, 'segment': 's1', 'preconditions': ['picked-o1-4'], 'postconditions': []}}
[INFO] [1787682822.383113817] [robot1.fragment_exec_node]: Received fragment assignment: f4-3. Starting execution.
[INFO] [1787682822.385171501] [robot1.fragment_exec_node]: Waiting for coordination messages before executing fragment f4-3: ['m4/s1/scan']
[INFO] [1787682824.391033255] [robot1.fragment_exec_node]: Executing task transport. Params: {'x': 11, 'y': 6}, Virtual state: {'position': {'x': 2, 'y': 8, 'z': 0.0}, 'docked': False, 'battery': 100.0, 'conditions': ['picked-o1-2', 'picked-o2-2', 'picked-o1-3', 'picked-o2-3', 'picked-o3-3', 'picked-o1-4']}
[INFO] [1787682824.394659703] [robot1.fragment_exec_node]: EventType: Control (Task: transport), Activity: navigate, Robot: robot1, Mission: m4, Segment: s1, Start: 8841.144366971
[INFO] [1787682824.397036718] [robot1.fragment_exec_node]: Simulating navigate skill from position (2, 8) to (11, 6) (19.697715603592208 seconds)...
[INFO] [1787682844.097682097] [robot1.fragment_exec_node]: Navigation completed!
[INFO] [1787682844.098910654] [robot1.fragment_exec_node]: EventType: Control (Task: transport), Activity: navigate, Robot: robot1, Mission: m4, Segment: s1, End: 8860.849738131
[INFO] [1787682844.099822263] [robot1.fragment_exec_node]: EventType: Task, Activity: transport, Robot: robot1, Mission: m4, Segment: s1, Start: 8860.850593253
[INFO] [1787682844.100429252] [robot1.fragment_exec_node]: Simulating navigate skill from position (11, 6) to (11, 6) (10.0 seconds)...
[INFO] [1787682854.102656907] [robot1.fragment_exec_node]: Navigation completed!
[INFO] [1787682854.104150324] [robot1.fragment_exec_node]: EventType: Task, Activity: transport, Robot: robot1, Mission: m4, Segment: s1, End: 8870.854933211
[INFO] [1787682854.105472822] [robot1.fragment_exec_node]: Execution of fragment f4-3 completed!
[INFO] [1787682854.380016235] [robot1.fragment_exec_node]: Received fragment: {'robot': 'robot1', 'fragment': {'id': 'f4-4', 'mission': 'm4', 'state': 'assigned', 'wait': [], 'tasks': [{'name': 'pick', 'params': {'weight': 7, 'x': 10, 'y': 4}}], 'arrive_timestamp': 1787682462, 'priority': 1, 'segment': 's2', 'preconditions': [], 'postconditions': ['picked-o2-4']}}
[INFO] [1787682854.381890224] [robot1.fragment_exec_node]: Received fragment assignment: f4-4. Starting execution.
[INFO] [1787682854.384431107] [robot1.fragment_exec_node]: Executing task pick. Params: {'weight': 7, 'x': 10, 'y': 4}, Virtual state: {'position': {'x': 11, 'y': 6, 'z': 0.0}, 'docked': False, 'battery': 100.0, 'conditions': ['picked-o1-2', 'picked-o2-2', 'picked-o1-3', 'picked-o2-3', 'picked-o3-3', 'picked-o1-4']}
[INFO] [1787682854.386236690] [robot1.fragment_exec_node]: EventType: Control (Task: pick), Activity: navigate, Robot: robot1, Mission: m4, Segment: s2, Start: 8871.136434197
[INFO] [1787682854.387606981] [robot1.fragment_exec_node]: Simulating navigate skill from position (11, 6) to (10, 4) (14.142135623730951 seconds)...
[INFO] [1787682868.534360708] [robot1.fragment_exec_node]: Navigation completed!
[INFO] [1787682868.538089105] [robot1.fragment_exec_node]: EventType: Control (Task: pick), Activity: navigate, Robot: robot1, Mission: m4, Segment: s2, End: 8885.28641198
[INFO] [1787682868.540105622] [robot1.fragment_exec_node]: EventType: Task, Activity: pick, Robot: robot1, Mission: m4, Segment: s2, Start: 8885.289144936
[INFO] [1787682868.541767044] [robot1.fragment_exec_node]: Simulating pick skill...
[INFO] [1787682875.544765629] [robot1.fragment_exec_node]: Pick completed!
[INFO] [1787682875.547020257] [robot1.fragment_exec_node]: EventType: Task, Activity: pick, Robot: robot1, Mission: m4, Segment: s2, End: 8892.295972259
[INFO] [1787682875.549773981] [robot1.fragment_exec_node]: Execution of fragment f4-4 completed!
[INFO] [1787682876.393556792] [robot1.fragment_exec_node]: Received fragment: {'robot': 'robot1', 'fragment': {'id': 'f4-5', 'mission': 'm4', 'state': 'assigned', 'wait': ['m4/s2/pick'], 'tasks': [{'name': 'scan', 'params': {'x': 10, 'y': 4}}], 'arrive_timestamp': 1787682462, 'priority': 1, 'segment': 's2', 'preconditions': [], 'postconditions': []}}
[INFO] [1787682876.394612090] [robot1.fragment_exec_node]: Received fragment assignment: f4-5. Starting execution.
[INFO] [1787682876.395788421] [robot1.fragment_exec_node]: Waiting for coordination messages before executing fragment f4-5: ['m4/s2/pick']
[INFO] [1787682878.401389188] [robot1.fragment_exec_node]: Executing task scan. Params: {'x': 10, 'y': 4}, Virtual state: {'position': {'x': 10, 'y': 4, 'z': 0.0}, 'docked': False, 'battery': 100.0, 'conditions': ['picked-o1-2', 'picked-o2-2', 'picked-o1-3', 'picked-o2-3', 'picked-o3-3', 'picked-o1-4', 'picked-o2-4']}
[INFO] [1787682878.404411892] [robot1.fragment_exec_node]: EventType: Task, Activity: scan, Robot: robot1, Mission: m4, Segment: s2, Start: 8895.152626445
[INFO] [1787682878.405990685] [robot1.fragment_exec_node]: Simulating scan skill...
[INFO] [1787682881.410030711] [robot1.fragment_exec_node]: Scan completed!
[INFO] [1787682881.412868066] [robot1.fragment_exec_node]: EventType: Task, Activity: scan, Robot: robot1, Mission: m4, Segment: s2, End: 8898.161283254
[INFO] [1787682881.415610913] [robot1.fragment_exec_node]: Execution of fragment f4-5 completed!
[INFO] [1787682882.379415370] [robot1.fragment_exec_node]: Received fragment: {'robot': 'robot1', 'fragment': {'id': 'f4-6', 'mission': 'm4', 'state': 'assigned', 'wait': ['m4/s2/scan'], 'tasks': [{'name': 'transport', 'params': {'x': 11, 'y': 6}}], 'arrive_timestamp': 1787682462, 'priority': 1, 'segment': 's2', 'preconditions': ['picked-o2-4'], 'postconditions': []}}
[INFO] [1787682882.381837148] [robot1.fragment_exec_node]: Received fragment assignment: f4-6. Starting execution.
[INFO] [1787682882.383959904] [robot1.fragment_exec_node]: Waiting for coordination messages before executing fragment f4-6: ['m4/s2/scan']
[INFO] [1787682884.389568498] [robot1.fragment_exec_node]: Executing task transport. Params: {'x': 11, 'y': 6}, Virtual state: {'position': {'x': 10, 'y': 4, 'z': 0.0}, 'docked': False, 'battery': 100.0, 'conditions': ['picked-o1-2', 'picked-o2-2', 'picked-o1-3', 'picked-o2-3', 'picked-o3-3', 'picked-o1-4', 'picked-o2-4']}
[INFO] [1787682884.392230811] [robot1.fragment_exec_node]: EventType: Control (Task: transport), Activity: navigate, Robot: robot1, Mission: m4, Segment: s2, Start: 8901.140803408
[INFO] [1787682884.393986790] [robot1.fragment_exec_node]: Simulating navigate skill from position (10, 4) to (11, 6) (8.246211251235321 seconds)...
[INFO] [1787682892.644256909] [robot1.fragment_exec_node]: Navigation completed!
[INFO] [1787682892.647873678] [robot1.fragment_exec_node]: EventType: Control (Task: transport), Activity: navigate, Robot: robot1, Mission: m4, Segment: s2, End: 8909.39607679
[INFO] [1787682892.650533745] [robot1.fragment_exec_node]: EventType: Task, Activity: transport, Robot: robot1, Mission: m4, Segment: s2, Start: 8909.399049926
[INFO] [1787682892.652067026] [robot1.fragment_exec_node]: Simulating navigate skill from position (11, 6) to (11, 6) (10.0 seconds)...
[INFO] [1787682902.653732136] [robot1.fragment_exec_node]: Navigation completed!
[INFO] [1787682902.655875043] [robot1.fragment_exec_node]: EventType: Task, Activity: transport, Robot: robot1, Mission: m4, Segment: s2, End: 8919.405845509
[INFO] [1787682902.658630289] [robot1.fragment_exec_node]: Execution of fragment f4-6 completed!
[INFO] [1787682903.471051510] [robot1.fragment_exec_node]: Received fragment: {'robot': 'robot1', 'fragment': {'id': 'f4-7', 'mission': 'm4', 'state': 'assigned', 'wait': [], 'tasks': [{'name': 'pick', 'params': {'weight': 2, 'x': 9, 'y': 1}}], 'arrive_timestamp': 1787682462, 'priority': 1, 'segment': 's3', 'preconditions': [], 'postconditions': ['picked-o3-4']}}
[INFO] [1787682903.471645174] [robot1.fragment_exec_node]: Received fragment assignment: f4-7. Starting execution.
[INFO] [1787682903.472599779] [robot1.fragment_exec_node]: Executing task pick. Params: {'weight': 2, 'x': 9, 'y': 1}, Virtual state: {'position': {'x': 11, 'y': 6, 'z': 0.0}, 'docked': False, 'battery': 100.0, 'conditions': ['picked-o1-2', 'picked-o2-2', 'picked-o1-3', 'picked-o2-3', 'picked-o3-3', 'picked-o1-4', 'picked-o2-4']}
[INFO] [1787682903.473161153] [robot1.fragment_exec_node]: EventType: Control (Task: pick), Activity: navigate, Robot: robot1, Mission: m4, Segment: s3, Start: 8920.223807195
[INFO] [1787682903.473775364] [robot1.fragment_exec_node]: Simulating navigate skill from position (11, 6) to (9, 1) (20.396078054371138 seconds)...
[INFO] [1787682923.872964207] [robot1.fragment_exec_node]: Navigation completed!
[INFO] [1787682923.874490289] [robot1.fragment_exec_node]: EventType: Control (Task: pick), Activity: navigate, Robot: robot1, Mission: m4, Segment: s3, End: 8940.624536516
[INFO] [1787682923.875780040] [robot1.fragment_exec_node]: EventType: Task, Activity: pick, Robot: robot1, Mission: m4, Segment: s3, Start: 8940.625834228
[INFO] [1787682923.876976137] [robot1.fragment_exec_node]: Simulating pick skill...
[INFO] [1787682925.880731735] [robot1.fragment_exec_node]: Pick completed!
[INFO] [1787682925.883371134] [robot1.fragment_exec_node]: EventType: Task, Activity: pick, Robot: robot1, Mission: m4, Segment: s3, End: 8942.632501116
[INFO] [1787682925.886957169] [robot1.fragment_exec_node]: Execution of fragment f4-7 completed!
[INFO] [1787682926.387508807] [robot1.fragment_exec_node]: Received fragment: {'robot': 'robot1', 'fragment': {'id': 'f4-8', 'mission': 'm4', 'state': 'assigned', 'wait': ['m4/s3/pick'], 'tasks': [{'name': 'scan', 'params': {'x': 9, 'y': 1}}], 'arrive_timestamp': 1787682462, 'priority': 1, 'segment': 's3', 'preconditions': [], 'postconditions': []}}
[INFO] [1787682926.389425582] [robot1.fragment_exec_node]: Received fragment assignment: f4-8. Starting execution.
[INFO] [1787682926.391091739] [robot1.fragment_exec_node]: Waiting for coordination messages before executing fragment f4-8: ['m4/s3/pick']
[INFO] [1787682928.396988049] [robot1.fragment_exec_node]: Executing task scan. Params: {'x': 9, 'y': 1}, Virtual state: {'position': {'x': 9, 'y': 1, 'z': 0.0}, 'docked': False, 'battery': 100.0, 'conditions': ['picked-o1-2', 'picked-o2-2', 'picked-o1-3', 'picked-o2-3', 'picked-o3-3', 'picked-o1-4', 'picked-o2-4', 'picked-o3-4']}
[INFO] [1787682928.399720064] [robot1.fragment_exec_node]: EventType: Task, Activity: scan, Robot: robot1, Mission: m4, Segment: s3, Start: 8945.148856082
[INFO] [1787682928.401421700] [robot1.fragment_exec_node]: Simulating scan skill...
[INFO] [1787682931.403419879] [robot1.fragment_exec_node]: Scan completed!
[INFO] [1787682931.404933335] [robot1.fragment_exec_node]: EventType: Task, Activity: scan, Robot: robot1, Mission: m4, Segment: s3, End: 8948.154759243
[INFO] [1787682931.406854164] [robot1.fragment_exec_node]: Execution of fragment f4-8 completed!
[INFO] [1787682932.383156761] [robot1.fragment_exec_node]: Received fragment: {'robot': 'robot1', 'fragment': {'id': 'f4-9', 'mission': 'm4', 'state': 'assigned', 'wait': ['m4/s3/scan'], 'tasks': [{'name': 'transport', 'params': {'x': 11, 'y': 6}}], 'arrive_timestamp': 1787682462, 'priority': 1, 'segment': 's3', 'preconditions': ['picked-o3-4'], 'postconditions': []}}
[INFO] [1787682932.385330446] [robot1.fragment_exec_node]: Received fragment assignment: f4-9. Starting execution.
[INFO] [1787682932.386915519] [robot1.fragment_exec_node]: Waiting for coordination messages before executing fragment f4-9: ['m4/s3/scan']
[INFO] [1787682934.392481866] [robot1.fragment_exec_node]: Executing task transport. Params: {'x': 11, 'y': 6}, Virtual state: {'position': {'x': 9, 'y': 1, 'z': 0.0}, 'docked': False, 'battery': 100.0, 'conditions': ['picked-o1-2', 'picked-o2-2', 'picked-o1-3', 'picked-o2-3', 'picked-o3-3', 'picked-o1-4', 'picked-o2-4', 'picked-o3-4']}
[INFO] [1787682934.394205795] [robot1.fragment_exec_node]: EventType: Control (Task: transport), Activity: navigate, Robot: robot1, Mission: m4, Segment: s3, Start: 8951.143795429
[INFO] [1787682934.395649608] [robot1.fragment_exec_node]: Simulating navigate skill from position (9, 1) to (11, 6) (7.211102550927978 seconds)...
[INFO] [1787682941.610976417] [robot1.fragment_exec_node]: Navigation completed!
[INFO] [1787682941.613667924] [robot1.fragment_exec_node]: EventType: Control (Task: transport), Activity: navigate, Robot: robot1, Mission: m4, Segment: s3, End: 8958.3625033
[INFO] [1787682941.616182166] [robot1.fragment_exec_node]: EventType: Task, Activity: transport, Robot: robot1, Mission: m4, Segment: s3, Start: 8958.365106254
[INFO] [1787682941.619020167] [robot1.fragment_exec_node]: Simulating navigate skill from position (11, 6) to (11, 6) (10.0 seconds)...
[INFO] [1787682951.622930771] [robot1.fragment_exec_node]: Navigation completed!
[INFO] [1787682951.625907502] [robot1.fragment_exec_node]: EventType: Task, Activity: transport, Robot: robot1, Mission: m4, Segment: s3, End: 8968.374599661
[INFO] [1787682951.629553848] [robot1.fragment_exec_node]: Execution of fragment f4-9 completed!
[INFO] [1787682952.378827526] [robot1.fragment_exec_node]: Received fragment: {'robot': 'robot1', 'fragment': {'id': "f4-10'", 'mission': 'm4', 'state': 'assigned', 'wait': [], 'tasks': [{'name': 'pick', 'params': {'weight': 1, 'x': 2, 'y': 4}}], 'arrive_timestamp': 1787682462, 'priority': 1, 'segment': 's4', 'preconditions': [], 'postconditions': ['picked-o4-4']}}
[INFO] [1787682952.379617552] [robot1.fragment_exec_node]: Received fragment assignment: f4-10'. Starting execution.
[INFO] [1787682952.380355808] [robot1.fragment_exec_node]: Executing task pick. Params: {'weight': 1, 'x': 2, 'y': 4}, Virtual state: {'position': {'x': 11, 'y': 6, 'z': 0.0}, 'docked': False, 'battery': 100.0, 'conditions': ['picked-o1-2', 'picked-o2-2', 'picked-o1-3', 'picked-o2-3', 'picked-o3-3', 'picked-o1-4', 'picked-o2-4', 'picked-o3-4']}
[INFO] [1787682952.381464209] [robot1.fragment_exec_node]: EventType: Control (Task: pick), Activity: navigate, Robot: robot1, Mission: m4, Segment: s4, Start: 8969.131837874
[INFO] [1787682952.382075660] [robot1.fragment_exec_node]: Simulating navigate skill from position (11, 6) to (2, 4) (22.80350850198276 seconds)...
[INFO] [1787682975.188002998] [robot1.fragment_exec_node]: Navigation completed!
[INFO] [1787682975.189521151] [robot1.fragment_exec_node]: EventType: Control (Task: pick), Activity: navigate, Robot: robot1, Mission: m4, Segment: s4, End: 8991.939761717
[INFO] [1787682975.190191598] [robot1.fragment_exec_node]: EventType: Task, Activity: pick, Robot: robot1, Mission: m4, Segment: s4, Start: 8991.940407467
[INFO] [1787682975.191022078] [robot1.fragment_exec_node]: Simulating pick skill...
[INFO] [1787682976.194294717] [robot1.fragment_exec_node]: Pick completed!
[INFO] [1787682976.197282190] [robot1.fragment_exec_node]: EventType: Task, Activity: pick, Robot: robot1, Mission: m4, Segment: s4, End: 8992.945954718
[INFO] [1787682976.200383944] [robot1.fragment_exec_node]: Execution of fragment f4-10' completed!
[INFO] [1787682976.396989025] [robot1.fragment_exec_node]: Received fragment: {'robot': 'robot1', 'fragment': {'id': 'f4-11', 'mission': 'm4', 'state': 'assigned', 'wait': ['m4/s4/pick'], 'tasks': [{'name': 'scan', 'params': {'x': 2, 'y': 4}}], 'arrive_timestamp': 1787682462, 'priority': 1, 'segment': 's4', 'preconditions': [], 'postconditions': []}}
[INFO] [1787682976.398115969] [robot1.fragment_exec_node]: Received fragment assignment: f4-11. Starting execution.
[INFO] [1787682976.399385810] [robot1.fragment_exec_node]: Waiting for coordination messages before executing fragment f4-11: ['m4/s4/pick']
[INFO] [1787682978.405030357] [robot1.fragment_exec_node]: Executing task scan. Params: {'x': 2, 'y': 4}, Virtual state: {'position': {'x': 2, 'y': 4, 'z': 0.0}, 'docked': False, 'battery': 100.0, 'conditions': ['picked-o1-2', 'picked-o2-2', 'picked-o1-3', 'picked-o2-3', 'picked-o3-3', 'picked-o1-4', 'picked-o2-4', 'picked-o3-4', 'picked-o4-4']}
[INFO] [1787682978.407655240] [robot1.fragment_exec_node]: EventType: Task, Activity: scan, Robot: robot1, Mission: m4, Segment: s4, Start: 8995.156746799
[INFO] [1787682978.409415582] [robot1.fragment_exec_node]: Simulating scan skill...
[INFO] [1787682981.413135235] [robot1.fragment_exec_node]: Scan completed!
[INFO] [1787682981.415959892] [robot1.fragment_exec_node]: EventType: Task, Activity: scan, Robot: robot1, Mission: m4, Segment: s4, End: 8998.164864599
[INFO] [1787682981.418930248] [robot1.fragment_exec_node]: Execution of fragment f4-11 completed!
[INFO] [1787682982.412244009] [robot1.fragment_exec_node]: Received fragment: {'robot': 'robot1', 'fragment': {'id': 'f4-12', 'mission': 'm4', 'state': 'assigned', 'wait': ['m4/s4/scan'], 'tasks': [{'name': 'transport', 'params': {'x': 11, 'y': 6}}], 'arrive_timestamp': 1787682462, 'priority': 1, 'segment': 's4', 'preconditions': ['picked-o4-4'], 'postconditions': []}}
[INFO] [1787682982.413221190] [robot1.fragment_exec_node]: Received fragment assignment: f4-12. Starting execution.
[INFO] [1787682982.414004193] [robot1.fragment_exec_node]: Waiting for coordination messages before executing fragment f4-12: ['m4/s4/scan']
[INFO] [1787682984.419302386] [robot1.fragment_exec_node]: Executing task transport. Params: {'x': 11, 'y': 6}, Virtual state: {'position': {'x': 2, 'y': 4, 'z': 0.0}, 'docked': False, 'battery': 100.0, 'conditions': ['picked-o1-2', 'picked-o2-2', 'picked-o1-3', 'picked-o2-3', 'picked-o3-3', 'picked-o1-4', 'picked-o2-4', 'picked-o3-4', 'picked-o4-4']}
[INFO] [1787682984.422034785] [robot1.fragment_exec_node]: EventType: Control (Task: transport), Activity: navigate, Robot: robot1, Mission: m4, Segment: s4, Start: 9001.171010832
[INFO] [1787682984.423661950] [robot1.fragment_exec_node]: Simulating navigate skill from position (2, 4) to (11, 6) (19.697715603592208 seconds)...
[INFO] [1787683004.126167413] [robot1.fragment_exec_node]: Navigation completed!
[INFO] [1787683004.130243849] [robot1.fragment_exec_node]: EventType: Control (Task: transport), Activity: navigate, Robot: robot1, Mission: m4, Segment: s4, End: 9020.87911139
[INFO] [1787683004.132917489] [robot1.fragment_exec_node]: EventType: Task, Activity: transport, Robot: robot1, Mission: m4, Segment: s4, Start: 9020.881923598
[INFO] [1787683004.134579305] [robot1.fragment_exec_node]: Simulating navigate skill from position (11, 6) to (11, 6) (10.0 seconds)...
[INFO] [1787683014.138476416] [robot1.fragment_exec_node]: Navigation completed!
[INFO] [1787683014.141004607] [robot1.fragment_exec_node]: EventType: Task, Activity: transport, Robot: robot1, Mission: m4, Segment: s4, End: 9030.890397428
[INFO] [1787683014.143452807] [robot1.fragment_exec_node]: Execution of fragment f4-12 completed!
[INFO] [1787683014.387368991] [robot1.fragment_exec_node]: Received fragment: {'robot': 'robot1', 'fragment': {'id': 'f4-13', 'mission': 'm4', 'state': 'assigned', 'wait': ['m4/s1/transport', 'm4/s2/transport', 'm4/s3/transport', 'm4/s4/transport'], 'tasks': [{'name': 'pack', 'params': {'x': 11, 'y': 6, 'items': 4}}], 'arrive_timestamp': 1787682462, 'priority': 1, 'segment': '', 'preconditions': [], 'postconditions': []}}
[INFO] [1787683014.388797580] [robot1.fragment_exec_node]: Received fragment assignment: f4-13. Starting execution.
[INFO] [1787683014.390464198] [robot1.fragment_exec_node]: Waiting for coordination messages before executing fragment f4-13: ['m4/s1/transport', 'm4/s2/transport', 'm4/s3/transport', 'm4/s4/transport']
[INFO] [1787683016.396026014] [robot1.fragment_exec_node]: Executing task pack. Params: {'x': 11, 'y': 6, 'items': 4}, Virtual state: {'position': {'x': 11, 'y': 6, 'z': 0.0}, 'docked': False, 'battery': 100.0, 'conditions': ['picked-o1-2', 'picked-o2-2', 'picked-o1-3', 'picked-o2-3', 'picked-o3-3', 'picked-o1-4', 'picked-o2-4', 'picked-o3-4', 'picked-o4-4']}
[INFO] [1787683016.399020371] [robot1.fragment_exec_node]: EventType: Task, Activity: pack, Robot: robot1, Mission: m4, Segment: , Start: 9033.147854166
[INFO] [1787683016.400745627] [robot1.fragment_exec_node]: Simulating pack skill...
[INFO] [1787683040.404754787] [robot1.fragment_exec_node]: Packing completed!
[INFO] [1787683040.408902808] [robot1.fragment_exec_node]: EventType: Task, Activity: pack, Robot: robot1, Mission: m4, Segment: , End: 9057.15799874
[INFO] [1787683040.411789562] [robot1.fragment_exec_node]: Execution of fragment f4-13 completed!
Traceback (most recent call last):
  File "/root/ros2_ws/install/multi3_executor/lib/multi3_executor/executor", line 33, in <module>
    sys.exit(load_entry_point('multi3-executor==0.0.0', 'console_scripts', 'executor')())
  File "/root/ros2_ws/install/multi3_executor/lib/python3.10/site-packages/multi3_executor/nodes/executor.py", line 236, in main
    rclpy.shutdown()
  File "/opt/ros/humble/local/lib/python3.10/dist-packages/rclpy/__init__.py", line 130, in shutdown
    _shutdown(context=context)
  File "/opt/ros/humble/local/lib/python3.10/dist-packages/rclpy/utilities.py", line 58, in shutdown
    return context.shutdown()
  File "/opt/ros/humble/local/lib/python3.10/dist-packages/rclpy/context.py", line 102, in shutdown
    self.__context.shutdown()
rclpy._rclpy_pybind11.RCLError: failed to shutdown: rcl_shutdown already called on the given context, at ./src/rcl/init.c:241
