=== Test: spec: robots=2, missions=[2, 3, 4], strategy=baseline


--- coordinator.log ---
[INFO] [1787686342.031866767] [multi3_coordinator_node]: Assignment strategy parameter: baseline
[INFO] [1787686342.033006020] [multi3_coordinator_node]: Using assignment strategy: baseline
[INFO] [1787686342.039520683] [multi3_coordinator_node]: Coordinator node started.
[INFO] [1787686345.031688560] [multi3_coordinator_node]: Received new robot info: {'name': 'robot1', 'operational_state': 'idle', 'capabilities': ['pick', 'scan', 'transport', 'pack'], 'state': {'position': {'x': 0.0, 'y': 0.0, 'z': 0.0}, 'docked': True, 'battery': 100.0, 'conditions': []}, 'last_heartbeat': 1787686345}
[INFO] [1787686347.010005425] [multi3_coordinator_node]: Received new robot info: {'name': 'robot2', 'operational_state': 'idle', 'capabilities': ['pick', 'scan', 'transport', 'pack'], 'state': {'position': {'x': 0.0, 'y': 0.0, 'z': 0.0}, 'docked': True, 'battery': 100.0, 'conditions': []}, 'last_heartbeat': 1787686347}
[INFO] [1787686348.909443534] [multi3_coordinator_node]: Received mission: {'mission': 'm2', 'priority': 1, 'fragments': [{'id': 'f2-1', 'wait': [], 'tasks': [{'name': 'pick', 'params': {'weight': 5, 'x': 2, 'y': 3}}], 'postconditions': ['picked-o1-2'], 'segment': 's1'}, {'id': 'f2-2', 'wait': ['m2/s1/pick'], 'tasks': [{'name': 'scan', 'params': {'x': 2, 'y': 3}}], 'segment': 's1'}, {'id': 'f2-3', 'wait': ['m2/s1/scan'], 'tasks': [{'name': 'transport', 'params': {'x': 11, 'y': 6}}], 'segment': 's1'}, {'id': 'f2-4', 'wait': [], 'tasks': [{'name': 'pick', 'params': {'weight': 7, 'x': 9, 'y': 5}}], 'postconditions': ['picked-o2-2'], 'segment': 's2'}, {'id': 'f2-5', 'wait': ['m2/s2/pick'], 'tasks': [{'name': 'scan', 'params': {'x': 9, 'y': 5}}], 'segment': 's2'}, {'id': 'f2-6', 'wait': ['m2/s2/scan'], 'tasks': [{'name': 'transport', 'params': {'x': 11, 'y': 6}}], 'preconditions': ['picked-o2-2'], 'segment': 's2'}, {'id': 'f2-7', 'wait': ['m2/s1/transport', 'm2/s2/transport'], 'tasks': [{'name': 'pack', 'params': {'x': 11, 'y': 6, 'items': 2}}], 'segment': ''}]}
[INFO] [1787686348.910852918] [multi3_coordinator_node]: Fragment f2-1 is now executable because all signal messages were received.
[INFO] [1787686348.912065809] [multi3_coordinator_node]: Fragment f2-4 is now executable because all signal messages were received.
[INFO] [1787686349.720297730] [multi3_coordinator_node]: Received mission: {'mission': 'm3', 'priority': 1, 'fragments': [{'id': 'f3-1', 'wait': [], 'tasks': [{'name': 'pick', 'params': {'weight': 3, 'x': 7, 'y': 3}}], 'postconditions': ['picked-o1-3'], 'segment': 's1'}, {'id': 'f3-2', 'wait': ['m3/s1/pick'], 'tasks': [{'name': 'scan', 'params': {'x': 7, 'y': 3}}], 'segment': 's1'}, {'id': 'f3-3', 'wait': ['m3/s1/scan'], 'tasks': [{'name': 'transport', 'params': {'x': 11, 'y': 6}}], 'preconditions': ['picked-o1-3'], 'segment': 's1'}, {'id': 'f3-4', 'wait': [], 'tasks': [{'name': 'pick', 'params': {'weight': 5, 'x': 2, 'y': 3}}], 'postconditions': ['picked-o2-3'], 'segment': 's2'}, {'id': 'f3-5', 'wait': ['m3/s2/pick'], 'tasks': [{'name': 'scan', 'params': {'x': 2, 'y': 3}}], 'segment': 's2'}, {'id': 'f3-6', 'wait': ['m3/s2/scan'], 'tasks': [{'name': 'transport', 'params': {'x': 11, 'y': 6}}], 'preconditions': ['picked-o2-3'], 'segment': 's2'}, {'id': 'f3-7', 'wait': [], 'tasks': [{'name': 'pick', 'params': {'weight': 2, 'x': 1, 'y': 9}}], 'postconditions': ['picked-o3-3'], 'segment': 's3'}, {'id': 'f3-8', 'wait': ['m3/s3/pick'], 'tasks': [{'name': 'scan', 'params': {'x': 1, 'y': 9}}], 'segment': 's3'}, {'id': 'f3-9', 'wait': ['m3/s3/scan'], 'tasks': [{'name': 'transport', 'params': {'x': 11, 'y': 6}}], 'preconditions': ['picked-o3-3'], 'segment': 's3'}, {'id': 'f3-10', 'wait': ['m3/s1/transport', 'm3/s2/transport', 'm3/s3/transport'], 'tasks': [{'name': 'pack', 'params': {'x': 2, 'y': 3, 'items': 3}}], 'segment': ''}]}
[INFO] [1787686349.722598432] [multi3_coordinator_node]: Fragment f3-1 is now executable because all signal messages were received.
[INFO] [1787686349.724383778] [multi3_coordinator_node]: Fragment f3-4 is now executable because all signal messages were received.
[INFO] [1787686349.727463438] [multi3_coordinator_node]: Fragment f3-7 is now executable because all signal messages were received.
[INFO] [1787686350.526850012] [multi3_coordinator_node]: Received mission: {'mission': 'm4', 'priority': 1, 'fragments': [{'id': 'f4-1', 'wait': [], 'tasks': [{'name': 'pick', 'params': {'weight': 5, 'x': 2, 'y': 8}}], 'postconditions': ['picked-o1-4'], 'segment': 's1'}, {'id': 'f4-2', 'wait': ['m4/s1/pick'], 'tasks': [{'name': 'scan', 'params': {'x': 2, 'y': 8}}], 'segment': 's1'}, {'id': 'f4-3', 'wait': ['m4/s1/scan'], 'tasks': [{'name': 'transport', 'params': {'x': 11, 'y': 6}}], 'preconditions': ['picked-o1-4'], 'segment': 's1'}, {'id': 'f4-4', 'wait': [], 'tasks': [{'name': 'pick', 'params': {'weight': 7, 'x': 10, 'y': 4}}], 'postconditions': ['picked-o2-4'], 'segment': 's2'}, {'id': 'f4-5', 'wait': ['m4/s2/pick'], 'tasks': [{'name': 'scan', 'params': {'x': 10, 'y': 4}}], 'segment': 's2'}, {'id': 'f4-6', 'wait': ['m4/s2/scan'], 'tasks': [{'name': 'transport', 'params': {'x': 11, 'y': 6}}], 'preconditions': ['picked-o2-4'], 'segment': 's2'}, {'id': 'f4-7', 'wait': [], 'tasks': [{'name': 'pick', 'params': {'weight': 2, 'x': 9, 'y': 1}}], 'postconditions': ['picked-o3-4'], 'segment': 's3'}, {'id': 'f4-8', 'wait': ['m4/s3/pick'], 'tasks': [{'name': 'scan', 'params': {'x': 9, 'y': 1}}], 'segment': 's3'}, {'id': 'f4-9', 'wait': ['m4/s3/scan'], 'tasks': [{'name': 'transport', 'params': {'x': 11, 'y': 6}}], 'preconditions': ['picked-o3-4'], 'segment': 's3'}, {'id': "f4-10'", 'wait': [], 'tasks': [{'name': 'pick', 'params': {'weight': 1, 'x': 2, 'y': 4}}], 'postconditions': ['picked-o4-4'], 'segment': 's4'}, {'id': 'f4-11', 'wait': ['m4/s4/pick'], 'tasks': [{'name': 'scan', 'params': {'x': 2, 'y': 4}}], 'segment': 's4'}, {'id': 'f4-12', 'wait': ['m4/s4/scan'], 'tasks': [{'name': 'transport', 'params': {'x': 11, 'y': 6}}], 'preconditions': ['picked-o4-4'], 'segment': 's4'}, {'id': 'f4-13', 'wait': ['m4/s1/transport', 'm4/s2/transport', 'm4/s3/transport', 'm4/s4/transport'], 'tasks': [{'name': 'pack', 'params': {'x': 11, 'y': 6, 'items': 4}}], 'segment': ''}]}
[INFO] [1787686350.528098126] [multi3_coordinator_node]: Fragment f4-1 is now executable because all signal messages were received.
[INFO] [1787686350.529076331] [multi3_coordinator_node]: Fragment f4-4 is now executable because all signal messages were received.
[INFO] [1787686350.529933021] [multi3_coordinator_node]: Fragment f4-7 is now executable because all signal messages were received.
[INFO] [1787686350.530643029] [multi3_coordinator_node]: Fragment f4-10' is now executable because all signal messages were received.
[INFO] [1787686350.841482043] [multi3_coordinator_node]: Execution start signal received. Starting fragment assignment.
[INFO] [1787686351.847983006] [multi3_coordinator_node]: Assigned fragment f2-1 to robot robot2.
[INFO] [1787686351.851219373] [multi3_coordinator_node]: Assigned fragment f2-4 to robot robot1.
[INFO] [1787686351.877550951] [multi3_coordinator_node]: Received robot state update: {'operational_state': 'working', 'current_assigned_fragment': 'f2-4', 'conditions': [], 'state': {'position': {'x': 0.0, 'y': 0.0, 'z': 0.0}, 'docked': True, 'battery': 100.0, 'conditions': []}}
[INFO] [1787686351.882157295] [multi3_coordinator_node]: Received robot state update: {'operational_state': 'working', 'current_assigned_fragment': 'f2-1', 'conditions': [], 'state': {'position': {'x': 0.0, 'y': 0.0, 'z': 0.0}, 'docked': True, 'battery': 100.0, 'conditions': []}}
[INFO] [1787686368.117135086] [multi3_coordinator_node]: Fragment f2-2 is now executable because all signal messages were received.
[INFO] [1787686368.118660706] [multi3_coordinator_node]: Received coordination message: {'robot_name': 'robot2', 'completed_task': 'm2/s1/pick'}
[INFO] [1787686368.120765305] [multi3_coordinator_node]: Received robot state update: {'operational_state': 'idle', 'current_assigned_fragment': None, 'conditions': ['picked-o1-2'], 'state': {'position': {'x': 2, 'y': 3, 'z': 0.0}, 'docked': False, 'battery': 100.0, 'conditions': ['picked-o1-2']}}
[INFO] [1787686368.122407302] [multi3_coordinator_node]: Received coordination message: {'robot_name': 'robot2', 'completed_fragment': 'f2-1', 'state': {'position': {'x': 2, 'y': 3, 'z': 0.0}, 'docked': False, 'battery': 100.0, 'conditions': ['picked-o1-2']}}
[INFO] [1787686368.847128913] [multi3_coordinator_node]: Assigned fragment f2-2 to robot robot2.
[INFO] [1787686368.862871033] [multi3_coordinator_node]: Received robot state update: {'operational_state': 'working', 'current_assigned_fragment': 'f2-2', 'conditions': ['picked-o1-2'], 'state': {'position': {'x': 2, 'y': 3, 'z': 0.0}, 'docked': False, 'battery': 100.0, 'conditions': ['picked-o1-2']}}
[INFO] [1787686373.873008130] [multi3_coordinator_node]: Fragment f2-3 is now executable because all signal messages were received.
[INFO] [1787686373.873619850] [multi3_coordinator_node]: Received coordination message: {'robot_name': 'robot2', 'completed_task': 'm2/s1/scan'}
[INFO] [1787686373.874659533] [multi3_coordinator_node]: Received robot state update: {'operational_state': 'idle', 'current_assigned_fragment': None, 'conditions': ['picked-o1-2'], 'state': {'position': {'x': 2, 'y': 3, 'z': 0.0}, 'docked': False, 'battery': 100.0, 'conditions': ['picked-o1-2']}}
[INFO] [1787686373.875431687] [multi3_coordinator_node]: Received coordination message: {'robot_name': 'robot2', 'completed_fragment': 'f2-2', 'state': {'position': {'x': 2, 'y': 3, 'z': 0.0}, 'docked': False, 'battery': 100.0, 'conditions': ['picked-o1-2']}}
[INFO] [1787686374.844153470] [multi3_coordinator_node]: Assigned fragment f2-3 to robot robot2.
[INFO] [1787686374.848376290] [multi3_coordinator_node]: Received robot state update: {'operational_state': 'working', 'current_assigned_fragment': 'f2-3', 'conditions': ['picked-o1-2'], 'state': {'position': {'x': 2, 'y': 3, 'z': 0.0}, 'docked': False, 'battery': 100.0, 'conditions': ['picked-o1-2']}}
[INFO] [1787686383.488206078] [multi3_coordinator_node]: Fragment f2-5 is now executable because all signal messages were received.
[INFO] [1787686383.489143922] [multi3_coordinator_node]: Received coordination message: {'robot_name': 'robot1', 'completed_task': 'm2/s2/pick'}
[INFO] [1787686383.490859287] [multi3_coordinator_node]: Received robot state update: {'operational_state': 'idle', 'current_assigned_fragment': None, 'conditions': ['picked-o2-2'], 'state': {'position': {'x': 9, 'y': 5, 'z': 0.0}, 'docked': False, 'battery': 100.0, 'conditions': ['picked-o2-2']}}
[INFO] [1787686383.492039488] [multi3_coordinator_node]: Received coordination message: {'robot_name': 'robot1', 'completed_fragment': 'f2-4', 'state': {'position': {'x': 9, 'y': 5, 'z': 0.0}, 'docked': False, 'battery': 100.0, 'conditions': ['picked-o2-2']}}
[INFO] [1787686383.846516740] [multi3_coordinator_node]: Assigned fragment f2-5 to robot robot1.
[INFO] [1787686383.855048043] [multi3_coordinator_node]: Received robot state update: {'operational_state': 'working', 'current_assigned_fragment': 'f2-5', 'conditions': ['picked-o2-2'], 'state': {'position': {'x': 9, 'y': 5, 'z': 0.0}, 'docked': False, 'battery': 100.0, 'conditions': ['picked-o2-2']}}
[INFO] [1787686388.871615209] [multi3_coordinator_node]: Fragment f2-6 is now executable because all signal messages were received.
[INFO] [1787686388.874397538] [multi3_coordinator_node]: Received coordination message: {'robot_name': 'robot1', 'completed_task': 'm2/s2/scan'}
[INFO] [1787686388.877052148] [multi3_coordinator_node]: Received robot state update: {'operational_state': 'idle', 'current_assigned_fragment': None, 'conditions': ['picked-o2-2'], 'state': {'position': {'x': 9, 'y': 5, 'z': 0.0}, 'docked': False, 'battery': 100.0, 'conditions': ['picked-o2-2']}}
[INFO] [1787686388.878566224] [multi3_coordinator_node]: Received coordination message: {'robot_name': 'robot1', 'completed_fragment': 'f2-5', 'state': {'position': {'x': 9, 'y': 5, 'z': 0.0}, 'docked': False, 'battery': 100.0, 'conditions': ['picked-o2-2']}}
[INFO] [1787686389.846141723] [multi3_coordinator_node]: Assigned fragment f2-6 to robot robot1.
[INFO] [1787686389.858677284] [multi3_coordinator_node]: Received robot state update: {'operational_state': 'working', 'current_assigned_fragment': 'f2-6', 'conditions': ['picked-o2-2'], 'state': {'position': {'x': 9, 'y': 5, 'z': 0.0}, 'docked': False, 'battery': 100.0, 'conditions': ['picked-o2-2']}}
[INFO] [1787686404.557710453] [multi3_coordinator_node]: Received coordination message: {'robot_name': 'robot2', 'completed_task': 'm2/s1/transport'}
[INFO] [1787686404.559388062] [multi3_coordinator_node]: Received robot state update: {'operational_state': 'idle', 'current_assigned_fragment': None, 'conditions': ['picked-o1-2'], 'state': {'position': {'x': 11, 'y': 6, 'z': 0.0}, 'docked': False, 'battery': 100.0, 'conditions': ['picked-o1-2']}}
[INFO] [1787686404.560544092] [multi3_coordinator_node]: Received coordination message: {'robot_name': 'robot2', 'completed_fragment': 'f2-3', 'state': {'position': {'x': 11, 'y': 6, 'z': 0.0}, 'docked': False, 'battery': 100.0, 'conditions': ['picked-o1-2']}}
[INFO] [1787686404.847079948] [multi3_coordinator_node]: Assigned fragment f3-1 to robot robot2.
[INFO] [1787686404.859693244] [multi3_coordinator_node]: Received robot state update: {'operational_state': 'working', 'current_assigned_fragment': 'f3-1', 'conditions': ['picked-o1-2'], 'state': {'position': {'x': 11, 'y': 6, 'z': 0.0}, 'docked': False, 'battery': 100.0, 'conditions': ['picked-o1-2']}}
[INFO] [1787686409.099244196] [multi3_coordinator_node]: Fragment f2-7 is now executable because all signal messages were received.
[INFO] [1787686409.100215233] [multi3_coordinator_node]: Received coordination message: {'robot_name': 'robot1', 'completed_task': 'm2/s2/transport'}
[INFO] [1787686409.101515289] [multi3_coordinator_node]: Received robot state update: {'operational_state': 'idle', 'current_assigned_fragment': None, 'conditions': ['picked-o2-2'], 'state': {'position': {'x': 11, 'y': 6, 'z': 0.0}, 'docked': False, 'battery': 100.0, 'conditions': ['picked-o2-2']}}
[INFO] [1787686409.102444444] [multi3_coordinator_node]: Received coordination message: {'robot_name': 'robot1', 'completed_fragment': 'f2-6', 'state': {'position': {'x': 11, 'y': 6, 'z': 0.0}, 'docked': False, 'battery': 100.0, 'conditions': ['picked-o2-2']}}
[INFO] [1787686409.845865318] [multi3_coordinator_node]: Assigned fragment f2-7 to robot robot1.
[INFO] [1787686409.860747758] [multi3_coordinator_node]: Received robot state update: {'operational_state': 'working', 'current_assigned_fragment': 'f2-7', 'conditions': ['picked-o2-2'], 'state': {'position': {'x': 11, 'y': 6, 'z': 0.0}, 'docked': False, 'battery': 100.0, 'conditions': ['picked-o2-2']}}
[INFO] [1787686423.877329271] [multi3_coordinator_node]: Received coordination message: {'robot_name': 'robot1', 'completed_task': 'm2//pack'}
[INFO] [1787686423.880316600] [multi3_coordinator_node]: Received robot state update: {'operational_state': 'idle', 'current_assigned_fragment': None, 'conditions': ['picked-o2-2'], 'state': {'position': {'x': 11, 'y': 6, 'z': 0.0}, 'docked': False, 'battery': 100.0, 'conditions': ['picked-o2-2']}}
[INFO] [1787686423.882283710] [multi3_coordinator_node]: Received coordination message: {'robot_name': 'robot1', 'completed_fragment': 'f2-7', 'state': {'position': {'x': 11, 'y': 6, 'z': 0.0}, 'docked': False, 'battery': 100.0, 'conditions': ['picked-o2-2']}}
[INFO] [1787686424.844509544] [multi3_coordinator_node]: Assigned fragment f3-4 to robot robot1.
[INFO] [1787686424.854890885] [multi3_coordinator_node]: Received robot state update: {'operational_state': 'working', 'current_assigned_fragment': 'f3-4', 'conditions': ['picked-o2-2'], 'state': {'position': {'x': 11, 'y': 6, 'z': 0.0}, 'docked': False, 'battery': 100.0, 'conditions': ['picked-o2-2']}}
[INFO] [1787686425.765384201] [multi3_coordinator_node]: Fragment f3-2 is now executable because all signal messages were received.
[INFO] [1787686425.766521220] [multi3_coordinator_node]: Received coordination message: {'robot_name': 'robot2', 'completed_task': 'm3/s1/pick'}
[INFO] [1787686425.768053613] [multi3_coordinator_node]: Received robot state update: {'operational_state': 'idle', 'current_assigned_fragment': None, 'conditions': ['picked-o1-2', 'picked-o1-3'], 'state': {'position': {'x': 7, 'y': 3, 'z': 0.0}, 'docked': False, 'battery': 100.0, 'conditions': ['picked-o1-2', 'picked-o1-3']}}
[INFO] [1787686425.769562520] [multi3_coordinator_node]: Received coordination message: {'robot_name': 'robot2', 'completed_fragment': 'f3-1', 'state': {'position': {'x': 7, 'y': 3, 'z': 0.0}, 'docked': False, 'battery': 100.0, 'conditions': ['picked-o1-2', 'picked-o1-3']}}
[INFO] [1787686425.847948774] [multi3_coordinator_node]: Assigned fragment f3-2 to robot robot2.
[INFO] [1787686425.884134605] [multi3_coordinator_node]: Received robot state update: {'operational_state': 'working', 'current_assigned_fragment': 'f3-2', 'conditions': ['picked-o1-2', 'picked-o1-3'], 'state': {'position': {'x': 7, 'y': 3, 'z': 0.0}, 'docked': False, 'battery': 100.0, 'conditions': ['picked-o1-2', 'picked-o1-3']}}
[INFO] [1787686430.899539162] [multi3_coordinator_node]: Fragment f3-3 is now executable because all signal messages were received.
[INFO] [1787686430.901953203] [multi3_coordinator_node]: Received coordination message: {'robot_name': 'robot2', 'completed_task': 'm3/s1/scan'}
[INFO] [1787686430.904787966] [multi3_coordinator_node]: Received robot state update: {'operational_state': 'idle', 'current_assigned_fragment': None, 'conditions': ['picked-o1-2', 'picked-o1-3'], 'state': {'position': {'x': 7, 'y': 3, 'z': 0.0}, 'docked': False, 'battery': 100.0, 'conditions': ['picked-o1-2', 'picked-o1-3']}}
[INFO] [1787686430.906420450] [multi3_coordinator_node]: Received coordination message: {'robot_name': 'robot2', 'completed_fragment': 'f3-2', 'state': {'position': {'x': 7, 'y': 3, 'z': 0.0}, 'docked': False, 'battery': 100.0, 'conditions': ['picked-o1-2', 'picked-o1-3']}}
[INFO] [1787686431.847590240] [multi3_coordinator_node]: Assigned fragment f3-3 to robot robot2.
[INFO] [1787686431.876545217] [multi3_coordinator_node]: Received robot state update: {'operational_state': 'working', 'current_assigned_fragment': 'f3-3', 'conditions': ['picked-o1-2', 'picked-o1-3'], 'state': {'position': {'x': 7, 'y': 3, 'z': 0.0}, 'docked': False, 'battery': 100.0, 'conditions': ['picked-o1-2', 'picked-o1-3']}}
[INFO] [1787686452.144865418] [multi3_coordinator_node]: Received coordination message: {'robot_name': 'robot2', 'completed_task': 'm3/s1/transport'}
[INFO] [1787686452.145984580] [multi3_coordinator_node]: Received robot state update: {'operational_state': 'idle', 'current_assigned_fragment': None, 'conditions': ['picked-o1-2', 'picked-o1-3'], 'state': {'position': {'x': 11, 'y': 6, 'z': 0.0}, 'docked': False, 'battery': 100.0, 'conditions': ['picked-o1-2', 'picked-o1-3']}}
[INFO] [1787686452.146835141] [multi3_coordinator_node]: Received coordination message: {'robot_name': 'robot2', 'completed_fragment': 'f3-3', 'state': {'position': {'x': 11, 'y': 6, 'z': 0.0}, 'docked': False, 'battery': 100.0, 'conditions': ['picked-o1-2', 'picked-o1-3']}}
[INFO] [1787686452.846176796] [multi3_coordinator_node]: Assigned fragment f3-7 to robot robot2.
[INFO] [1787686452.891271006] [multi3_coordinator_node]: Received robot state update: {'operational_state': 'working', 'current_assigned_fragment': 'f3-7', 'conditions': ['picked-o1-2', 'picked-o1-3'], 'state': {'position': {'x': 11, 'y': 6, 'z': 0.0}, 'docked': False, 'battery': 100.0, 'conditions': ['picked-o1-2', 'picked-o1-3']}}
[INFO] [1787686453.948831363] [multi3_coordinator_node]: Fragment f3-5 is now executable because all signal messages were received.
[INFO] [1787686453.949829848] [multi3_coordinator_node]: Received coordination message: {'robot_name': 'robot1', 'completed_task': 'm3/s2/pick'}
[INFO] [1787686453.951060626] [multi3_coordinator_node]: Received robot state update: {'operational_state': 'idle', 'current_assigned_fragment': None, 'conditions': ['picked-o2-2', 'picked-o2-3'], 'state': {'position': {'x': 2, 'y': 3, 'z': 0.0}, 'docked': False, 'battery': 100.0, 'conditions': ['picked-o2-2', 'picked-o2-3']}}
[INFO] [1787686453.951946477] [multi3_coordinator_node]: Received coordination message: {'robot_name': 'robot1', 'completed_fragment': 'f3-4', 'state': {'position': {'x': 2, 'y': 3, 'z': 0.0}, 'docked': False, 'battery': 100.0, 'conditions': ['picked-o2-2', 'picked-o2-3']}}
[INFO] [1787686454.844807198] [multi3_coordinator_node]: Assigned fragment f3-5 to robot robot1.
[INFO] [1787686454.861494966] [multi3_coordinator_node]: Received robot state update: {'operational_state': 'working', 'current_assigned_fragment': 'f3-5', 'conditions': ['picked-o2-2', 'picked-o2-3'], 'state': {'position': {'x': 2, 'y': 3, 'z': 0.0}, 'docked': False, 'battery': 100.0, 'conditions': ['picked-o2-2', 'picked-o2-3']}}
[INFO] [1787686457.870230443] [multi3_coordinator_node]: Fragment f3-6 is now executable because all signal messages were received.
[INFO] [1787686457.871713390] [multi3_coordinator_node]: Received coordination message: {'robot_name': 'robot1', 'completed_task': 'm3/s2/scan'}
[INFO] [1787686457.873820317] [multi3_coordinator_node]: Received robot state update: {'operational_state': 'idle', 'current_assigned_fragment': None, 'conditions': ['picked-o2-2', 'picked-o2-3'], 'state': {'position': {'x': 2, 'y': 3, 'z': 0.0}, 'docked': False, 'battery': 100.0, 'conditions': ['picked-o2-2', 'picked-o2-3']}}
[INFO] [1787686457.875575674] [multi3_coordinator_node]: Received coordination message: {'robot_name': 'robot1', 'completed_fragment': 'f3-5', 'state': {'position': {'x': 2, 'y': 3, 'z': 0.0}, 'docked': False, 'battery': 100.0, 'conditions': ['picked-o2-2', 'picked-o2-3']}}
[INFO] [1787686458.845395423] [multi3_coordinator_node]: Assigned fragment f3-6 to robot robot1.
[INFO] [1787686458.856810825] [multi3_coordinator_node]: Received robot state update: {'operational_state': 'working', 'current_assigned_fragment': 'f3-6', 'conditions': ['picked-o2-2', 'picked-o2-3'], 'state': {'position': {'x': 2, 'y': 3, 'z': 0.0}, 'docked': False, 'battery': 100.0, 'conditions': ['picked-o2-2', 'picked-o2-3']}}
[INFO] [1787686475.301375482] [multi3_coordinator_node]: Fragment f3-8 is now executable because all signal messages were received.
[INFO] [1787686475.302100382] [multi3_coordinator_node]: Received coordination message: {'robot_name': 'robot2', 'completed_task': 'm3/s3/pick'}
[INFO] [1787686475.303232079] [multi3_coordinator_node]: Received robot state update: {'operational_state': 'idle', 'current_assigned_fragment': None, 'conditions': ['picked-o1-2', 'picked-o1-3', 'picked-o3-3'], 'state': {'position': {'x': 1, 'y': 9, 'z': 0.0}, 'docked': False, 'battery': 100.0, 'conditions': ['picked-o1-2', 'picked-o1-3', 'picked-o3-3']}}
[INFO] [1787686475.304138232] [multi3_coordinator_node]: Received coordination message: {'robot_name': 'robot2', 'completed_fragment': 'f3-7', 'state': {'position': {'x': 1, 'y': 9, 'z': 0.0}, 'docked': False, 'battery': 100.0, 'conditions': ['picked-o1-2', 'picked-o1-3', 'picked-o3-3']}}
[INFO] [1787686475.847143215] [multi3_coordinator_node]: Assigned fragment f3-8 to robot robot2.
[INFO] [1787686475.859608363] [multi3_coordinator_node]: Received robot state update: {'operational_state': 'working', 'current_assigned_fragment': 'f3-8', 'conditions': ['picked-o1-2', 'picked-o1-3', 'picked-o3-3'], 'state': {'position': {'x': 1, 'y': 9, 'z': 0.0}, 'docked': False, 'battery': 100.0, 'conditions': ['picked-o1-2', 'picked-o1-3', 'picked-o3-3']}}
[INFO] [1787686480.870061660] [multi3_coordinator_node]: Fragment f3-9 is now executable because all signal messages were received.
[INFO] [1787686480.871062951] [multi3_coordinator_node]: Received coordination message: {'robot_name': 'robot2', 'completed_task': 'm3/s3/scan'}
[INFO] [1787686480.873019232] [multi3_coordinator_node]: Received robot state update: {'operational_state': 'idle', 'current_assigned_fragment': None, 'conditions': ['picked-o1-2', 'picked-o1-3', 'picked-o3-3'], 'state': {'position': {'x': 1, 'y': 9, 'z': 0.0}, 'docked': False, 'battery': 100.0, 'conditions': ['picked-o1-2', 'picked-o1-3', 'picked-o3-3']}}
[INFO] [1787686480.874054724] [multi3_coordinator_node]: Received coordination message: {'robot_name': 'robot2', 'completed_fragment': 'f3-8', 'state': {'position': {'x': 1, 'y': 9, 'z': 0.0}, 'docked': False, 'battery': 100.0, 'conditions': ['picked-o1-2', 'picked-o1-3', 'picked-o3-3']}}
[INFO] [1787686481.847091605] [multi3_coordinator_node]: Assigned fragment f3-9 to robot robot2.
[INFO] [1787686481.883120615] [multi3_coordinator_node]: Received robot state update: {'operational_state': 'working', 'current_assigned_fragment': 'f3-9', 'conditions': ['picked-o1-2', 'picked-o1-3', 'picked-o3-3'], 'state': {'position': {'x': 1, 'y': 9, 'z': 0.0}, 'docked': False, 'battery': 100.0, 'conditions': ['picked-o1-2', 'picked-o1-3', 'picked-o3-3']}}
[INFO] [1787686488.577943066] [multi3_coordinator_node]: Received coordination message: {'robot_name': 'robot1', 'completed_task': 'm3/s2/transport'}
[INFO] [1787686488.581009620] [multi3_coordinator_node]: Received robot state update: {'operational_state': 'idle', 'current_assigned_fragment': None, 'conditions': ['picked-o2-2', 'picked-o2-3'], 'state': {'position': {'x': 11, 'y': 6, 'z': 0.0}, 'docked': False, 'battery': 100.0, 'conditions': ['picked-o2-2', 'picked-o2-3']}}
[INFO] [1787686488.583369322] [multi3_coordinator_node]: Received coordination message: {'robot_name': 'robot1', 'completed_fragment': 'f3-6', 'state': {'position': {'x': 11, 'y': 6, 'z': 0.0}, 'docked': False, 'battery': 100.0, 'conditions': ['picked-o2-2', 'picked-o2-3']}}
[INFO] [1787686488.847825964] [multi3_coordinator_node]: Assigned fragment f4-1 to robot robot1.
[INFO] [1787686488.862255247] [multi3_coordinator_node]: Received robot state update: {'operational_state': 'working', 'current_assigned_fragment': 'f4-1', 'conditions': ['picked-o2-2', 'picked-o2-3'], 'state': {'position': {'x': 11, 'y': 6, 'z': 0.0}, 'docked': False, 'battery': 100.0, 'conditions': ['picked-o2-2', 'picked-o2-3']}}
[INFO] [1787686512.854094084] [multi3_coordinator_node]: Fragment f4-2 is now executable because all signal messages were received.
[INFO] [1787686512.855360447] [multi3_coordinator_node]: Received coordination message: {'robot_name': 'robot1', 'completed_task': 'm4/s1/pick'}
[INFO] [1787686512.857157998] [multi3_coordinator_node]: Received robot state update: {'operational_state': 'idle', 'current_assigned_fragment': None, 'conditions': ['picked-o2-2', 'picked-o2-3', 'picked-o1-4'], 'state': {'position': {'x': 2, 'y': 8, 'z': 0.0}, 'docked': False, 'battery': 100.0, 'conditions': ['picked-o2-2', 'picked-o2-3', 'picked-o1-4']}}
[INFO] [1787686512.858431915] [multi3_coordinator_node]: Received coordination message: {'robot_name': 'robot1', 'completed_fragment': 'f4-1', 'state': {'position': {'x': 2, 'y': 8, 'z': 0.0}, 'docked': False, 'battery': 100.0, 'conditions': ['picked-o2-2', 'picked-o2-3', 'picked-o1-4']}}
[INFO] [1787686513.843490933] [multi3_coordinator_node]: Assigned fragment f4-2 to robot robot1.
[INFO] [1787686513.858687795] [multi3_coordinator_node]: Received robot state update: {'operational_state': 'working', 'current_assigned_fragment': 'f4-2', 'conditions': ['picked-o2-2', 'picked-o2-3', 'picked-o1-4'], 'state': {'position': {'x': 2, 'y': 8, 'z': 0.0}, 'docked': False, 'battery': 100.0, 'conditions': ['picked-o2-2', 'picked-o2-3', 'picked-o1-4']}}
[INFO] [1787686516.266632918] [multi3_coordinator_node]: Fragment f3-10 is now executable because all signal messages were received.
[INFO] [1787686516.268469160] [multi3_coordinator_node]: Received coordination message: {'robot_name': 'robot2', 'completed_task': 'm3/s3/transport'}
[INFO] [1787686516.270958399] [multi3_coordinator_node]: Received robot state update: {'operational_state': 'idle', 'current_assigned_fragment': None, 'conditions': ['picked-o1-2', 'picked-o1-3', 'picked-o3-3'], 'state': {'position': {'x': 11, 'y': 6, 'z': 0.0}, 'docked': False, 'battery': 100.0, 'conditions': ['picked-o1-2', 'picked-o1-3', 'picked-o3-3']}}
[INFO] [1787686516.272284960] [multi3_coordinator_node]: Received coordination message: {'robot_name': 'robot2', 'completed_fragment': 'f3-9', 'state': {'position': {'x': 11, 'y': 6, 'z': 0.0}, 'docked': False, 'battery': 100.0, 'conditions': ['picked-o1-2', 'picked-o1-3', 'picked-o3-3']}}
[INFO] [1787686516.843707737] [multi3_coordinator_node]: Assigned fragment f3-10 to robot robot2.
[INFO] [1787686516.848531764] [multi3_coordinator_node]: Received robot state update: {'operational_state': 'working', 'current_assigned_fragment': 'f3-10', 'conditions': ['picked-o1-2', 'picked-o1-3', 'picked-o3-3'], 'state': {'position': {'x': 11, 'y': 6, 'z': 0.0}, 'docked': False, 'battery': 100.0, 'conditions': ['picked-o1-2', 'picked-o1-3', 'picked-o3-3']}}
[INFO] [1787686518.875943340] [multi3_coordinator_node]: Fragment f4-3 is now executable because all signal messages were received.
[INFO] [1787686518.878127433] [multi3_coordinator_node]: Received coordination message: {'robot_name': 'robot1', 'completed_task': 'm4/s1/scan'}
[INFO] [1787686518.880485763] [multi3_coordinator_node]: Received robot state update: {'operational_state': 'idle', 'current_assigned_fragment': None, 'conditions': ['picked-o2-2', 'picked-o2-3', 'picked-o1-4'], 'state': {'position': {'x': 2, 'y': 8, 'z': 0.0}, 'docked': False, 'battery': 100.0, 'conditions': ['picked-o2-2', 'picked-o2-3', 'picked-o1-4']}}
[INFO] [1787686518.882188654] [multi3_coordinator_node]: Received coordination message: {'robot_name': 'robot1', 'completed_fragment': 'f4-2', 'state': {'position': {'x': 2, 'y': 8, 'z': 0.0}, 'docked': False, 'battery': 100.0, 'conditions': ['picked-o2-2', 'picked-o2-3', 'picked-o1-4']}}
[INFO] [1787686519.843499202] [multi3_coordinator_node]: Assigned fragment f4-3 to robot robot1.
[INFO] [1787686519.848431598] [multi3_coordinator_node]: Received robot state update: {'operational_state': 'working', 'current_assigned_fragment': 'f4-3', 'conditions': ['picked-o2-2', 'picked-o2-3', 'picked-o1-4'], 'state': {'position': {'x': 2, 'y': 8, 'z': 0.0}, 'docked': False, 'battery': 100.0, 'conditions': ['picked-o2-2', 'picked-o2-3', 'picked-o1-4']}}
[INFO] [1787686551.560382661] [multi3_coordinator_node]: Received coordination message: {'robot_name': 'robot1', 'completed_task': 'm4/s1/transport'}
[INFO] [1787686551.561696686] [multi3_coordinator_node]: Received robot state update: {'operational_state': 'idle', 'current_assigned_fragment': None, 'conditions': ['picked-o2-2', 'picked-o2-3', 'picked-o1-4'], 'state': {'position': {'x': 11, 'y': 6, 'z': 0.0}, 'docked': False, 'battery': 100.0, 'conditions': ['picked-o2-2', 'picked-o2-3', 'picked-o1-4']}}
[INFO] [1787686551.562852095] [multi3_coordinator_node]: Received coordination message: {'robot_name': 'robot1', 'completed_fragment': 'f4-3', 'state': {'position': {'x': 11, 'y': 6, 'z': 0.0}, 'docked': False, 'battery': 100.0, 'conditions': ['picked-o2-2', 'picked-o2-3', 'picked-o1-4']}}
[INFO] [1787686551.844876302] [multi3_coordinator_node]: Assigned fragment f4-4 to robot robot1.
[INFO] [1787686551.850773380] [multi3_coordinator_node]: Received robot state update: {'operational_state': 'working', 'current_assigned_fragment': 'f4-4', 'conditions': ['picked-o2-2', 'picked-o2-3', 'picked-o1-4'], 'state': {'position': {'x': 11, 'y': 6, 'z': 0.0}, 'docked': False, 'battery': 100.0, 'conditions': ['picked-o2-2', 'picked-o2-3', 'picked-o1-4']}}
[INFO] [1787686560.957667137] [multi3_coordinator_node]: Received coordination message: {'robot_name': 'robot2', 'completed_task': 'm3//pack'}
[INFO] [1787686560.959211224] [multi3_coordinator_node]: Received robot state update: {'operational_state': 'idle', 'current_assigned_fragment': None, 'conditions': ['picked-o1-2', 'picked-o1-3', 'picked-o3-3'], 'state': {'position': {'x': 2, 'y': 3, 'z': 0.0}, 'docked': False, 'battery': 100.0, 'conditions': ['picked-o1-2', 'picked-o1-3', 'picked-o3-3']}}
[INFO] [1787686560.960534820] [multi3_coordinator_node]: Received coordination message: {'robot_name': 'robot2', 'completed_fragment': 'f3-10', 'state': {'position': {'x': 2, 'y': 3, 'z': 0.0}, 'docked': False, 'battery': 100.0, 'conditions': ['picked-o1-2', 'picked-o1-3', 'picked-o3-3']}}
[INFO] [1787686561.844129377] [multi3_coordinator_node]: Assigned fragment f4-7 to robot robot2.
[INFO] [1787686561.854551067] [multi3_coordinator_node]: Received robot state update: {'operational_state': 'working', 'current_assigned_fragment': 'f4-7', 'conditions': ['picked-o1-2', 'picked-o1-3', 'picked-o3-3'], 'state': {'position': {'x': 2, 'y': 3, 'z': 0.0}, 'docked': False, 'battery': 100.0, 'conditions': ['picked-o1-2', 'picked-o1-3', 'picked-o3-3']}}
[INFO] [1787686573.002830731] [multi3_coordinator_node]: Fragment f4-5 is now executable because all signal messages were received.
[INFO] [1787686573.003661411] [multi3_coordinator_node]: Received coordination message: {'robot_name': 'robot1', 'completed_task': 'm4/s2/pick'}
[INFO] [1787686573.004757272] [multi3_coordinator_node]: Received robot state update: {'operational_state': 'idle', 'current_assigned_fragment': None, 'conditions': ['picked-o2-2', 'picked-o2-3', 'picked-o1-4', 'picked-o2-4'], 'state': {'position': {'x': 10, 'y': 4, 'z': 0.0}, 'docked': False, 'battery': 100.0, 'conditions': ['picked-o2-2', 'picked-o2-3', 'picked-o1-4', 'picked-o2-4']}}
[INFO] [1787686573.005555422] [multi3_coordinator_node]: Received coordination message: {'robot_name': 'robot1', 'completed_fragment': 'f4-4', 'state': {'position': {'x': 10, 'y': 4, 'z': 0.0}, 'docked': False, 'battery': 100.0, 'conditions': ['picked-o2-2', 'picked-o2-3', 'picked-o1-4', 'picked-o2-4']}}
[INFO] [1787686573.843836857] [multi3_coordinator_node]: Assigned fragment f4-5 to robot robot1.
[INFO] [1787686573.848705091] [multi3_coordinator_node]: Received robot state update: {'operational_state': 'working', 'current_assigned_fragment': 'f4-5', 'conditions': ['picked-o2-2', 'picked-o2-3', 'picked-o1-4', 'picked-o2-4'], 'state': {'position': {'x': 10, 'y': 4, 'z': 0.0}, 'docked': False, 'battery': 100.0, 'conditions': ['picked-o2-2', 'picked-o2-3', 'picked-o1-4', 'picked-o2-4']}}
[INFO] [1787686578.021775655] [multi3_coordinator_node]: Fragment f4-8 is now executable because all signal messages were received.
[INFO] [1787686578.023148095] [multi3_coordinator_node]: Received coordination message: {'robot_name': 'robot2', 'completed_task': 'm4/s3/pick'}
[INFO] [1787686578.025370852] [multi3_coordinator_node]: Received robot state update: {'operational_state': 'idle', 'current_assigned_fragment': None, 'conditions': ['picked-o1-2', 'picked-o1-3', 'picked-o3-3', 'picked-o3-4'], 'state': {'position': {'x': 9, 'y': 1, 'z': 0.0}, 'docked': False, 'battery': 100.0, 'conditions': ['picked-o1-2', 'picked-o1-3', 'picked-o3-3', 'picked-o3-4']}}
[INFO] [1787686578.027014589] [multi3_coordinator_node]: Received coordination message: {'robot_name': 'robot2', 'completed_fragment': 'f4-7', 'state': {'position': {'x': 9, 'y': 1, 'z': 0.0}, 'docked': False, 'battery': 100.0, 'conditions': ['picked-o1-2', 'picked-o1-3', 'picked-o3-3', 'picked-o3-4']}}
[INFO] [1787686578.843840615] [multi3_coordinator_node]: Assigned fragment f4-8 to robot robot2.
[INFO] [1787686578.854121487] [multi3_coordinator_node]: Received robot state update: {'operational_state': 'working', 'current_assigned_fragment': 'f4-8', 'conditions': ['picked-o1-2', 'picked-o1-3', 'picked-o3-3', 'picked-o3-4'], 'state': {'position': {'x': 9, 'y': 1, 'z': 0.0}, 'docked': False, 'battery': 100.0, 'conditions': ['picked-o1-2', 'picked-o1-3', 'picked-o3-3', 'picked-o3-4']}}
[INFO] [1787686578.859103959] [multi3_coordinator_node]: Fragment f4-6 is now executable because all signal messages were received.
[INFO] [1787686578.859901204] [multi3_coordinator_node]: Received coordination message: {'robot_name': 'robot1', 'completed_task': 'm4/s2/scan'}
[INFO] [1787686578.861148490] [multi3_coordinator_node]: Received robot state update: {'operational_state': 'idle', 'current_assigned_fragment': None, 'conditions': ['picked-o2-2', 'picked-o2-3', 'picked-o1-4', 'picked-o2-4'], 'state': {'position': {'x': 10, 'y': 4, 'z': 0.0}, 'docked': False, 'battery': 100.0, 'conditions': ['picked-o2-2', 'picked-o2-3', 'picked-o1-4', 'picked-o2-4']}}
[INFO] [1787686578.861846913] [multi3_coordinator_node]: Received coordination message: {'robot_name': 'robot1', 'completed_fragment': 'f4-5', 'state': {'position': {'x': 10, 'y': 4, 'z': 0.0}, 'docked': False, 'battery': 100.0, 'conditions': ['picked-o2-2', 'picked-o2-3', 'picked-o1-4', 'picked-o2-4']}}
[INFO] [1787686579.846803367] [multi3_coordinator_node]: Assigned fragment f4-6 to robot robot1.
[INFO] [1787686579.862874708] [multi3_coordinator_node]: Received robot state update: {'operational_state': 'working', 'current_assigned_fragment': 'f4-6', 'conditions': ['picked-o2-2', 'picked-o2-3', 'picked-o1-4', 'picked-o2-4'], 'state': {'position': {'x': 10, 'y': 4, 'z': 0.0}, 'docked': False, 'battery': 100.0, 'conditions': ['picked-o2-2', 'picked-o2-3', 'picked-o1-4', 'picked-o2-4']}}
[INFO] [1787686581.859492216] [multi3_coordinator_node]: Fragment f4-9 is now executable because all signal messages were received.
[INFO] [1787686581.860237970] [multi3_coordinator_node]: Received coordination message: {'robot_name': 'robot2', 'completed_task': 'm4/s3/scan'}
[INFO] [1787686581.861323968] [multi3_coordinator_node]: Received robot state update: {'operational_state': 'idle', 'current_assigned_fragment': None, 'conditions': ['picked-o1-2', 'picked-o1-3', 'picked-o3-3', 'picked-o3-4'], 'state': {'position': {'x': 9, 'y': 1, 'z': 0.0}, 'docked': False, 'battery': 100.0, 'conditions': ['picked-o1-2', 'picked-o1-3', 'picked-o3-3', 'picked-o3-4']}}
[INFO] [1787686581.862009139] [multi3_coordinator_node]: Received coordination message: {'robot_name': 'robot2', 'completed_fragment': 'f4-8', 'state': {'position': {'x': 9, 'y': 1, 'z': 0.0}, 'docked': False, 'battery': 100.0, 'conditions': ['picked-o1-2', 'picked-o1-3', 'picked-o3-3', 'picked-o3-4']}}
[INFO] [1787686582.847968789] [multi3_coordinator_node]: Assigned fragment f4-9 to robot robot2.
[INFO] [1787686582.859767900] [multi3_coordinator_node]: Received robot state update: {'operational_state': 'working', 'current_assigned_fragment': 'f4-9', 'conditions': ['picked-o1-2', 'picked-o1-3', 'picked-o3-3', 'picked-o3-4'], 'state': {'position': {'x': 9, 'y': 1, 'z': 0.0}, 'docked': False, 'battery': 100.0, 'conditions': ['picked-o1-2', 'picked-o1-3', 'picked-o3-3', 'picked-o3-4']}}
[INFO] [1787686600.081019218] [multi3_coordinator_node]: Received coordination message: {'robot_name': 'robot2', 'completed_task': 'm4/s3/transport'}
[INFO] [1787686600.082296746] [multi3_coordinator_node]: Received robot state update: {'operational_state': 'idle', 'current_assigned_fragment': None, 'conditions': ['picked-o1-2', 'picked-o1-3', 'picked-o3-3', 'picked-o3-4'], 'state': {'position': {'x': 11, 'y': 6, 'z': 0.0}, 'docked': False, 'battery': 100.0, 'conditions': ['picked-o1-2', 'picked-o1-3', 'picked-o3-3', 'picked-o3-4']}}
[INFO] [1787686600.083186528] [multi3_coordinator_node]: Received coordination message: {'robot_name': 'robot2', 'completed_fragment': 'f4-9', 'state': {'position': {'x': 11, 'y': 6, 'z': 0.0}, 'docked': False, 'battery': 100.0, 'conditions': ['picked-o1-2', 'picked-o1-3', 'picked-o3-3', 'picked-o3-4']}}
[INFO] [1787686600.134851878] [multi3_coordinator_node]: Received coordination message: {'robot_name': 'robot1', 'completed_task': 'm4/s2/transport'}
[INFO] [1787686600.137026136] [multi3_coordinator_node]: Received robot state update: {'operational_state': 'idle', 'current_assigned_fragment': None, 'conditions': ['picked-o2-2', 'picked-o2-3', 'picked-o1-4', 'picked-o2-4'], 'state': {'position': {'x': 11, 'y': 6, 'z': 0.0}, 'docked': False, 'battery': 100.0, 'conditions': ['picked-o2-2', 'picked-o2-3', 'picked-o1-4', 'picked-o2-4']}}
[INFO] [1787686600.138641452] [multi3_coordinator_node]: Received coordination message: {'robot_name': 'robot1', 'completed_fragment': 'f4-6', 'state': {'position': {'x': 11, 'y': 6, 'z': 0.0}, 'docked': False, 'battery': 100.0, 'conditions': ['picked-o2-2', 'picked-o2-3', 'picked-o1-4', 'picked-o2-4']}}
[INFO] [1787686600.844647183] [multi3_coordinator_node]: Assigned fragment f4-10' to robot robot1.
[INFO] [1787686600.849600432] [multi3_coordinator_node]: Received robot state update: {'operational_state': 'working', 'current_assigned_fragment': "f4-10'", 'conditions': ['picked-o2-2', 'picked-o2-3', 'picked-o1-4', 'picked-o2-4'], 'state': {'position': {'x': 11, 'y': 6, 'z': 0.0}, 'docked': False, 'battery': 100.0, 'conditions': ['picked-o2-2', 'picked-o2-3', 'picked-o1-4', 'picked-o2-4']}}
[INFO] [1787686624.672639642] [multi3_coordinator_node]: Fragment f4-11 is now executable because all signal messages were received.
[INFO] [1787686624.674134960] [multi3_coordinator_node]: Received coordination message: {'robot_name': 'robot1', 'completed_task': 'm4/s4/pick'}
[INFO] [1787686624.676225750] [multi3_coordinator_node]: Received robot state update: {'operational_state': 'idle', 'current_assigned_fragment': None, 'conditions': ['picked-o2-2', 'picked-o2-3', 'picked-o1-4', 'picked-o2-4', 'picked-o4-4'], 'state': {'position': {'x': 2, 'y': 4, 'z': 0.0}, 'docked': False, 'battery': 100.0, 'conditions': ['picked-o2-2', 'picked-o2-3', 'picked-o1-4', 'picked-o2-4', 'picked-o4-4']}}
[INFO] [1787686624.677858768] [multi3_coordinator_node]: Received coordination message: {'robot_name': 'robot1', 'completed_fragment': "f4-10'", 'state': {'position': {'x': 2, 'y': 4, 'z': 0.0}, 'docked': False, 'battery': 100.0, 'conditions': ['picked-o2-2', 'picked-o2-3', 'picked-o1-4', 'picked-o2-4', 'picked-o4-4']}}
[INFO] [1787686624.843770740] [multi3_coordinator_node]: Assigned fragment f4-11 to robot robot1.
[INFO] [1787686624.847912416] [multi3_coordinator_node]: Received robot state update: {'operational_state': 'working', 'current_assigned_fragment': 'f4-11', 'conditions': ['picked-o2-2', 'picked-o2-3', 'picked-o1-4', 'picked-o2-4', 'picked-o4-4'], 'state': {'position': {'x': 2, 'y': 4, 'z': 0.0}, 'docked': False, 'battery': 100.0, 'conditions': ['picked-o2-2', 'picked-o2-3', 'picked-o1-4', 'picked-o2-4', 'picked-o4-4']}}
[INFO] [1787686629.864652691] [multi3_coordinator_node]: Fragment f4-12 is now executable because all signal messages were received.
[INFO] [1787686629.866286036] [multi3_coordinator_node]: Received coordination message: {'robot_name': 'robot1', 'completed_task': 'm4/s4/scan'}
[INFO] [1787686629.868835977] [multi3_coordinator_node]: Received robot state update: {'operational_state': 'idle', 'current_assigned_fragment': None, 'conditions': ['picked-o2-2', 'picked-o2-3', 'picked-o1-4', 'picked-o2-4', 'picked-o4-4'], 'state': {'position': {'x': 2, 'y': 4, 'z': 0.0}, 'docked': False, 'battery': 100.0, 'conditions': ['picked-o2-2', 'picked-o2-3', 'picked-o1-4', 'picked-o2-4', 'picked-o4-4']}}
[INFO] [1787686629.870487340] [multi3_coordinator_node]: Received coordination message: {'robot_name': 'robot1', 'completed_fragment': 'f4-11', 'state': {'position': {'x': 2, 'y': 4, 'z': 0.0}, 'docked': False, 'battery': 100.0, 'conditions': ['picked-o2-2', 'picked-o2-3', 'picked-o1-4', 'picked-o2-4', 'picked-o4-4']}}
[INFO] [1787686630.844818256] [multi3_coordinator_node]: Assigned fragment f4-12 to robot robot1.
[INFO] [1787686630.857639748] [multi3_coordinator_node]: Received robot state update: {'operational_state': 'working', 'current_assigned_fragment': 'f4-12', 'conditions': ['picked-o2-2', 'picked-o2-3', 'picked-o1-4', 'picked-o2-4', 'picked-o4-4'], 'state': {'position': {'x': 2, 'y': 4, 'z': 0.0}, 'docked': False, 'battery': 100.0, 'conditions': ['picked-o2-2', 'picked-o2-3', 'picked-o1-4', 'picked-o2-4', 'picked-o4-4']}}
[INFO] [1787686660.564898425] [multi3_coordinator_node]: Fragment f4-13 is now executable because all signal messages were received.
[INFO] [1787686660.565935693] [multi3_coordinator_node]: Received coordination message: {'robot_name': 'robot1', 'completed_task': 'm4/s4/transport'}
[INFO] [1787686660.567270189] [multi3_coordinator_node]: Received robot state update: {'operational_state': 'idle', 'current_assigned_fragment': None, 'conditions': ['picked-o2-2', 'picked-o2-3', 'picked-o1-4', 'picked-o2-4', 'picked-o4-4'], 'state': {'position': {'x': 11, 'y': 6, 'z': 0.0}, 'docked': False, 'battery': 100.0, 'conditions': ['picked-o2-2', 'picked-o2-3', 'picked-o1-4', 'picked-o2-4', 'picked-o4-4']}}
[INFO] [1787686660.568269293] [multi3_coordinator_node]: Received coordination message: {'robot_name': 'robot1', 'completed_fragment': 'f4-12', 'state': {'position': {'x': 11, 'y': 6, 'z': 0.0}, 'docked': False, 'battery': 100.0, 'conditions': ['picked-o2-2', 'picked-o2-3', 'picked-o1-4', 'picked-o2-4', 'picked-o4-4']}}
[INFO] [1787686660.847446653] [multi3_coordinator_node]: Assigned fragment f4-13 to robot robot1.
[INFO] [1787686660.866892672] [multi3_coordinator_node]: Received robot state update: {'operational_state': 'working', 'current_assigned_fragment': 'f4-13', 'conditions': ['picked-o2-2', 'picked-o2-3', 'picked-o1-4', 'picked-o2-4', 'picked-o4-4'], 'state': {'position': {'x': 11, 'y': 6, 'z': 0.0}, 'docked': False, 'battery': 100.0, 'conditions': ['picked-o2-2', 'picked-o2-3', 'picked-o1-4', 'picked-o2-4', 'picked-o4-4']}}
[INFO] [1787686686.883597225] [multi3_coordinator_node]: Received coordination message: {'robot_name': 'robot1', 'completed_task': 'm4//pack'}
[INFO] [1787686686.885809986] [multi3_coordinator_node]: Received robot state update: {'operational_state': 'idle', 'current_assigned_fragment': None, 'conditions': ['picked-o2-2', 'picked-o2-3', 'picked-o1-4', 'picked-o2-4', 'picked-o4-4'], 'state': {'position': {'x': 11, 'y': 6, 'z': 0.0}, 'docked': False, 'battery': 100.0, 'conditions': ['picked-o2-2', 'picked-o2-3', 'picked-o1-4', 'picked-o2-4', 'picked-o4-4']}}
[INFO] [1787686686.887004829] [multi3_coordinator_node]: Received coordination message: {'robot_name': 'robot1', 'completed_fragment': 'f4-13', 'state': {'position': {'x': 11, 'y': 6, 'z': 0.0}, 'docked': False, 'battery': 100.0, 'conditions': ['picked-o2-2', 'picked-o2-3', 'picked-o1-4', 'picked-o2-4', 'picked-o4-4']}}
Traceback (most recent call last):
  File "/root/ros2_ws/install/multi3_coordinator/lib/python3.10/site-packages/nodes/coordinator.py", line 294, in main
    rclpy.spin(node)
  File "/opt/ros/humble/local/lib/python3.10/dist-packages/rclpy/__init__.py", line 229, in spin
    executor.spin_once()
  File "/opt/ros/humble/local/lib/python3.10/dist-packages/rclpy/executors.py", line 808, in spin_once
    self._spin_once_impl(timeout_sec)
  File "/opt/ros/humble/local/lib/python3.10/dist-packages/rclpy/executors.py", line 797, in _spin_once_impl
    handler, entity, node = self.wait_for_ready_callbacks(timeout_sec=timeout_sec)
  File "/opt/ros/humble/local/lib/python3.10/dist-packages/rclpy/executors.py", line 780, in wait_for_ready_callbacks
    return next(self._cb_iter)
  File "/opt/ros/humble/local/lib/python3.10/dist-packages/rclpy/executors.py", line 681, in _wait_for_ready_callbacks
    raise ExternalShutdownException()
rclpy.executors.ExternalShutdownException

During handling of the above exception, another exception occurred:

Traceback (most recent call last):
  File "/root/ros2_ws/install/multi3_coordinator/lib/multi3_coordinator/coordinator", line 33, in <module>
    sys.exit(load_entry_point('multi3-coordinator==0.0.0', 'console_scripts', 'coordinator')())
  File "/root/ros2_ws/install/multi3_coordinator/lib/python3.10/site-packages/nodes/coordinator.py", line 299, in main
    rclpy.shutdown()
  File "/opt/ros/humble/local/lib/python3.10/dist-packages/rclpy/__init__.py", line 130, in shutdown
    _shutdown(context=context)
  File "/opt/ros/humble/local/lib/python3.10/dist-packages/rclpy/utilities.py", line 58, in shutdown
    return context.shutdown()
  File "/opt/ros/humble/local/lib/python3.10/dist-packages/rclpy/context.py", line 102, in shutdown
    self.__context.shutdown()
rclpy._rclpy_pybind11.RCLError: failed to shutdown: rcl_shutdown already called on the given context, at ./src/rcl/init.c:241

--- executor_robot1.log ---
[INFO] [1787686345.015889426] [robot1.fragment_exec_node]: Setting up skill: PickSkill
[INFO] [1787686345.016814910] [robot1.fragment_exec_node]: Setting up skill: ScanSkill
[INFO] [1787686345.017562324] [robot1.fragment_exec_node]: Setting up skill: NavigateSkill
[INFO] [1787686345.018365182] [robot1.fragment_exec_node]: Setting up skill: NavigateSkill
[INFO] [1787686345.019080661] [robot1.fragment_exec_node]: Setting up skill: DockSkill
[INFO] [1787686345.019980755] [robot1.fragment_exec_node]: Setting up skill: UndockSkill
[INFO] [1787686345.020956947] [robot1.fragment_exec_node]: Setting up skill: PackSkill
[INFO] [1787686345.032147667] [robot1.fragment_exec_node]: Published robot registration: {'name': 'robot1', 'operational_state': 'idle', 'capabilities': ['pick', 'scan', 'transport', 'pack'], 'state': {'position': {'x': 0.0, 'y': 0.0, 'z': 0.0}, 'docked': True, 'battery': 100.0, 'conditions': []}}
[INFO] [1787686351.873659391] [robot1.fragment_exec_node]: Received fragment: {'robot': 'robot2', 'fragment': {'id': 'f2-1', 'mission': 'm2', 'state': 'assigned', 'wait': [], 'tasks': [{'name': 'pick', 'params': {'weight': 5, 'x': 2, 'y': 3}}], 'arrive_timestamp': 1787686348, 'priority': 1, 'segment': 's1', 'preconditions': [], 'postconditions': ['picked-o1-2']}}
[INFO] [1787686351.874845657] [robot1.fragment_exec_node]: Received fragment: {'robot': 'robot1', 'fragment': {'id': 'f2-4', 'mission': 'm2', 'state': 'assigned', 'wait': [], 'tasks': [{'name': 'pick', 'params': {'weight': 7, 'x': 9, 'y': 5}}], 'arrive_timestamp': 1787686348, 'priority': 1, 'segment': 's2', 'preconditions': [], 'postconditions': ['picked-o2-2']}}
[INFO] [1787686351.875676413] [robot1.fragment_exec_node]: Received fragment assignment: f2-4. Starting execution.
[INFO] [1787686351.876943017] [robot1.fragment_exec_node]: Executing task pick. Params: {'weight': 7, 'x': 9, 'y': 5}, Virtual state: {'position': {'x': 0.0, 'y': 0.0, 'z': 0.0}, 'docked': True, 'battery': 100.0, 'conditions': []}
[INFO] [1787686351.878015889] [robot1.fragment_exec_node]: EventType: Control (Task: pick), Activity: undock, Robot: robot1, Mission: m2, Segment: s2, Start: 12368.686601668
[INFO] [1787686351.878960347] [robot1.fragment_exec_node]: Simulating undock skill...
[INFO] [1787686355.880867395] [robot1.fragment_exec_node]: Undock completed!
[INFO] [1787686355.881979487] [robot1.fragment_exec_node]: EventType: Control (Task: pick), Activity: undock, Robot: robot1, Mission: m2, Segment: s2, End: 12372.690668041
[INFO] [1787686355.883126737] [robot1.fragment_exec_node]: EventType: Control (Task: pick), Activity: navigate, Robot: robot1, Mission: m2, Segment: s2, Start: 12372.691636345
[INFO] [1787686355.884317652] [robot1.fragment_exec_node]: Simulating navigate skill from position (0.0, 0.0) to (9, 5) (20.591260281974 seconds)...
[INFO] [1787686368.856289127] [robot1.fragment_exec_node]: Received fragment: {'robot': 'robot2', 'fragment': {'id': 'f2-2', 'mission': 'm2', 'state': 'assigned', 'wait': ['m2/s1/pick'], 'tasks': [{'name': 'scan', 'params': {'x': 2, 'y': 3}}], 'arrive_timestamp': 1787686348, 'priority': 1, 'segment': 's1', 'preconditions': [], 'postconditions': []}}
[INFO] [1787686374.848846356] [robot1.fragment_exec_node]: Received fragment: {'robot': 'robot2', 'fragment': {'id': 'f2-3', 'mission': 'm2', 'state': 'assigned', 'wait': ['m2/s1/scan'], 'tasks': [{'name': 'transport', 'params': {'x': 11, 'y': 6}}], 'arrive_timestamp': 1787686348, 'priority': 1, 'segment': 's1', 'preconditions': [], 'postconditions': []}}
[INFO] [1787686376.478085412] [robot1.fragment_exec_node]: Navigation completed!
[INFO] [1787686376.479390551] [robot1.fragment_exec_node]: EventType: Control (Task: pick), Activity: navigate, Robot: robot1, Mission: m2, Segment: s2, End: 12393.287935126
[INFO] [1787686376.480477366] [robot1.fragment_exec_node]: EventType: Task, Activity: pick, Robot: robot1, Mission: m2, Segment: s2, Start: 12393.289174254
[INFO] [1787686376.481430082] [robot1.fragment_exec_node]: Simulating pick skill...
[INFO] [1787686383.484666211] [robot1.fragment_exec_node]: Pick completed!
[INFO] [1787686383.486140583] [robot1.fragment_exec_node]: EventType: Task, Activity: pick, Robot: robot1, Mission: m2, Segment: s2, End: 12400.294175905
[INFO] [1787686383.487747871] [robot1.fragment_exec_node]: Execution of fragment f2-4 completed!
[INFO] [1787686383.850061460] [robot1.fragment_exec_node]: Received fragment: {'robot': 'robot1', 'fragment': {'id': 'f2-5', 'mission': 'm2', 'state': 'assigned', 'wait': ['m2/s2/pick'], 'tasks': [{'name': 'scan', 'params': {'x': 9, 'y': 5}}], 'arrive_timestamp': 1787686348, 'priority': 1, 'segment': 's2', 'preconditions': [], 'postconditions': []}}
[INFO] [1787686383.852236598] [robot1.fragment_exec_node]: Received fragment assignment: f2-5. Starting execution.
[INFO] [1787686383.854284502] [robot1.fragment_exec_node]: Waiting for coordination messages before executing fragment f2-5: ['m2/s2/pick']
[INFO] [1787686385.858508815] [robot1.fragment_exec_node]: Executing task scan. Params: {'x': 9, 'y': 5}, Virtual state: {'position': {'x': 9, 'y': 5, 'z': 0.0}, 'docked': False, 'battery': 100.0, 'conditions': ['picked-o2-2']}
[INFO] [1787686385.859572695] [robot1.fragment_exec_node]: EventType: Task, Activity: scan, Robot: robot1, Mission: m2, Segment: s2, Start: 12402.667665517
[INFO] [1787686385.860495800] [robot1.fragment_exec_node]: Simulating scan skill...
[INFO] [1787686388.864072887] [robot1.fragment_exec_node]: Scan completed!
[INFO] [1787686388.867398385] [robot1.fragment_exec_node]: EventType: Task, Activity: scan, Robot: robot1, Mission: m2, Segment: s2, End: 12405.674025079
[INFO] [1787686388.870867970] [robot1.fragment_exec_node]: Execution of fragment f2-5 completed!
[INFO] [1787686389.854729036] [robot1.fragment_exec_node]: Received fragment: {'robot': 'robot1', 'fragment': {'id': 'f2-6', 'mission': 'm2', 'state': 'assigned', 'wait': ['m2/s2/scan'], 'tasks': [{'name': 'transport', 'params': {'x': 11, 'y': 6}}], 'arrive_timestamp': 1787686348, 'priority': 1, 'segment': 's2', 'preconditions': ['picked-o2-2'], 'postconditions': []}}
[INFO] [1787686389.856134013] [robot1.fragment_exec_node]: Received fragment assignment: f2-6. Starting execution.
[INFO] [1787686389.857653490] [robot1.fragment_exec_node]: Waiting for coordination messages before executing fragment f2-6: ['m2/s2/scan']
[INFO] [1787686391.863282393] [robot1.fragment_exec_node]: Executing task transport. Params: {'x': 11, 'y': 6}, Virtual state: {'position': {'x': 9, 'y': 5, 'z': 0.0}, 'docked': False, 'battery': 100.0, 'conditions': ['picked-o2-2']}
[INFO] [1787686391.865980910] [robot1.fragment_exec_node]: EventType: Control (Task: transport), Activity: navigate, Robot: robot1, Mission: m2, Segment: s2, Start: 12408.673385993
[INFO] [1787686391.867843309] [robot1.fragment_exec_node]: Simulating navigate skill from position (9, 5) to (11, 6) (7.211102550927978 seconds)...
[INFO] [1787686399.084273373] [robot1.fragment_exec_node]: Navigation completed!
[INFO] [1787686399.086492573] [robot1.fragment_exec_node]: EventType: Control (Task: transport), Activity: navigate, Robot: robot1, Mission: m2, Segment: s2, End: 12415.893843176
[INFO] [1787686399.091103329] [robot1.fragment_exec_node]: EventType: Task, Activity: transport, Robot: robot1, Mission: m2, Segment: s2, Start: 12415.898553663
[INFO] [1787686399.094289704] [robot1.fragment_exec_node]: Simulating navigate skill from position (11, 6) to (11, 6) (10.0 seconds)...
[INFO] [1787686404.858180623] [robot1.fragment_exec_node]: Received fragment: {'robot': 'robot2', 'fragment': {'id': 'f3-1', 'mission': 'm3', 'state': 'assigned', 'wait': [], 'tasks': [{'name': 'pick', 'params': {'weight': 3, 'x': 7, 'y': 3}}], 'arrive_timestamp': 1787686349, 'priority': 1, 'segment': 's1', 'preconditions': [], 'postconditions': ['picked-o1-3']}}
[INFO] [1787686409.096567729] [robot1.fragment_exec_node]: Navigation completed!
[INFO] [1787686409.097603759] [robot1.fragment_exec_node]: EventType: Task, Activity: transport, Robot: robot1, Mission: m2, Segment: s2, End: 12425.905608118
[INFO] [1787686409.098915251] [robot1.fragment_exec_node]: Execution of fragment f2-6 completed!
[INFO] [1787686409.857853600] [robot1.fragment_exec_node]: Received fragment: {'robot': 'robot1', 'fragment': {'id': 'f2-7', 'mission': 'm2', 'state': 'assigned', 'wait': ['m2/s1/transport', 'm2/s2/transport'], 'tasks': [{'name': 'pack', 'params': {'x': 11, 'y': 6, 'items': 2}}], 'arrive_timestamp': 1787686348, 'priority': 1, 'segment': '', 'preconditions': [], 'postconditions': []}}
[INFO] [1787686409.858925587] [robot1.fragment_exec_node]: Received fragment assignment: f2-7. Starting execution.
[INFO] [1787686409.860144429] [robot1.fragment_exec_node]: Waiting for coordination messages before executing fragment f2-7: ['m2/s1/transport', 'm2/s2/transport']
[INFO] [1787686411.864881175] [robot1.fragment_exec_node]: Executing task pack. Params: {'x': 11, 'y': 6, 'items': 2}, Virtual state: {'position': {'x': 11, 'y': 6, 'z': 0.0}, 'docked': False, 'battery': 100.0, 'conditions': ['picked-o2-2']}
[INFO] [1787686411.865668910] [robot1.fragment_exec_node]: EventType: Task, Activity: pack, Robot: robot1, Mission: m2, Segment: , Start: 12428.673861736
[INFO] [1787686411.866350924] [robot1.fragment_exec_node]: Simulating pack skill...
[INFO] [1787686423.870182329] [robot1.fragment_exec_node]: Packing completed!
[INFO] [1787686423.873412491] [robot1.fragment_exec_node]: EventType: Task, Activity: pack, Robot: robot1, Mission: m2, Segment: , End: 12440.680021935
[INFO] [1787686423.876822604] [robot1.fragment_exec_node]: Execution of fragment f2-7 completed!
[INFO] [1787686424.852318743] [robot1.fragment_exec_node]: Received fragment: {'robot': 'robot1', 'fragment': {'id': 'f3-4', 'mission': 'm3', 'state': 'assigned', 'wait': [], 'tasks': [{'name': 'pick', 'params': {'weight': 5, 'x': 2, 'y': 3}}], 'arrive_timestamp': 1787686349, 'priority': 1, 'segment': 's2', 'preconditions': [], 'postconditions': ['picked-o2-3']}}
[INFO] [1787686424.853207212] [robot1.fragment_exec_node]: Received fragment assignment: f3-4. Starting execution.
[INFO] [1787686424.854422584] [robot1.fragment_exec_node]: Executing task pick. Params: {'weight': 5, 'x': 2, 'y': 3}, Virtual state: {'position': {'x': 11, 'y': 6, 'z': 0.0}, 'docked': False, 'battery': 100.0, 'conditions': ['picked-o2-2']}
[INFO] [1787686424.855552923] [robot1.fragment_exec_node]: EventType: Control (Task: pick), Activity: navigate, Robot: robot1, Mission: m3, Segment: s2, Start: 12441.663502559
[INFO] [1787686424.856307680] [robot1.fragment_exec_node]: Simulating navigate skill from position (11, 6) to (2, 3) (24.08318915758459 seconds)...
[INFO] [1787686425.864942281] [robot1.fragment_exec_node]: Received fragment: {'robot': 'robot2', 'fragment': {'id': 'f3-2', 'mission': 'm3', 'state': 'assigned', 'wait': ['m3/s1/pick'], 'tasks': [{'name': 'scan', 'params': {'x': 7, 'y': 3}}], 'arrive_timestamp': 1787686349, 'priority': 1, 'segment': 's1', 'preconditions': [], 'postconditions': []}}
[INFO] [1787686431.854190110] [robot1.fragment_exec_node]: Received fragment: {'robot': 'robot2', 'fragment': {'id': 'f3-3', 'mission': 'm3', 'state': 'assigned', 'wait': ['m3/s1/scan'], 'tasks': [{'name': 'transport', 'params': {'x': 11, 'y': 6}}], 'arrive_timestamp': 1787686349, 'priority': 1, 'segment': 's1', 'preconditions': ['picked-o1-3'], 'postconditions': []}}
[INFO] [1787686448.941141867] [robot1.fragment_exec_node]: Navigation completed!
[INFO] [1787686448.941976801] [robot1.fragment_exec_node]: EventType: Control (Task: pick), Activity: navigate, Robot: robot1, Mission: m3, Segment: s2, End: 12465.750357563
[INFO] [1787686448.942658714] [robot1.fragment_exec_node]: EventType: Task, Activity: pick, Robot: robot1, Mission: m3, Segment: s2, Start: 12465.750969156
[INFO] [1787686448.943276734] [robot1.fragment_exec_node]: Simulating pick skill...
[INFO] [1787686452.853222622] [robot1.fragment_exec_node]: Received fragment: {'robot': 'robot2', 'fragment': {'id': 'f3-7', 'mission': 'm3', 'state': 'assigned', 'wait': [], 'tasks': [{'name': 'pick', 'params': {'weight': 2, 'x': 1, 'y': 9}}], 'arrive_timestamp': 1787686349, 'priority': 1, 'segment': 's3', 'preconditions': [], 'postconditions': ['picked-o3-3']}}
[INFO] [1787686453.945437603] [robot1.fragment_exec_node]: Pick completed!
[INFO] [1787686453.946821804] [robot1.fragment_exec_node]: EventType: Task, Activity: pick, Robot: robot1, Mission: m3, Segment: s2, End: 12470.754742581
[INFO] [1787686453.948156794] [robot1.fragment_exec_node]: Execution of fragment f3-4 completed!
[INFO] [1787686454.859181537] [robot1.fragment_exec_node]: Received fragment: {'robot': 'robot1', 'fragment': {'id': 'f3-5', 'mission': 'm3', 'state': 'assigned', 'wait': ['m3/s2/pick'], 'tasks': [{'name': 'scan', 'params': {'x': 2, 'y': 3}}], 'arrive_timestamp': 1787686349, 'priority': 1, 'segment': 's2', 'preconditions': [], 'postconditions': []}}
[INFO] [1787686454.860036353] [robot1.fragment_exec_node]: Received fragment assignment: f3-5. Starting execution.
[INFO] [1787686454.860898853] [robot1.fragment_exec_node]: Executing task scan. Params: {'x': 2, 'y': 3}, Virtual state: {'position': {'x': 2, 'y': 3, 'z': 0.0}, 'docked': False, 'battery': 100.0, 'conditions': ['picked-o2-2', 'picked-o2-3']}
[INFO] [1787686454.861755607] [robot1.fragment_exec_node]: EventType: Task, Activity: scan, Robot: robot1, Mission: m3, Segment: s2, Start: 12471.66993473
[INFO] [1787686454.862566030] [robot1.fragment_exec_node]: Simulating scan skill...
[INFO] [1787686457.865383975] [robot1.fragment_exec_node]: Scan completed!
[INFO] [1787686457.867298317] [robot1.fragment_exec_node]: EventType: Task, Activity: scan, Robot: robot1, Mission: m3, Segment: s2, End: 12474.674775717
[INFO] [1787686457.869792866] [robot1.fragment_exec_node]: Execution of fragment f3-5 completed!
[INFO] [1787686458.853775747] [robot1.fragment_exec_node]: Received fragment: {'robot': 'robot1', 'fragment': {'id': 'f3-6', 'mission': 'm3', 'state': 'assigned', 'wait': ['m3/s2/scan'], 'tasks': [{'name': 'transport', 'params': {'x': 11, 'y': 6}}], 'arrive_timestamp': 1787686349, 'priority': 1, 'segment': 's2', 'preconditions': ['picked-o2-3'], 'postconditions': []}}
[INFO] [1787686458.854867439] [robot1.fragment_exec_node]: Received fragment assignment: f3-6. Starting execution.
[INFO] [1787686458.856128850] [robot1.fragment_exec_node]: Executing task transport. Params: {'x': 11, 'y': 6}, Virtual state: {'position': {'x': 2, 'y': 3, 'z': 0.0}, 'docked': False, 'battery': 100.0, 'conditions': ['picked-o2-2', 'picked-o2-3']}
[INFO] [1787686458.857035844] [robot1.fragment_exec_node]: EventType: Control (Task: transport), Activity: navigate, Robot: robot1, Mission: m3, Segment: s2, Start: 12475.665240232
[INFO] [1787686458.857972926] [robot1.fragment_exec_node]: Simulating navigate skill from position (2, 3) to (11, 6) (19.697715603592208 seconds)...
[INFO] [1787686475.849794100] [robot1.fragment_exec_node]: Received fragment: {'robot': 'robot2', 'fragment': {'id': 'f3-8', 'mission': 'm3', 'state': 'assigned', 'wait': ['m3/s3/pick'], 'tasks': [{'name': 'scan', 'params': {'x': 1, 'y': 9}}], 'arrive_timestamp': 1787686349, 'priority': 1, 'segment': 's3', 'preconditions': [], 'postconditions': []}}
[INFO] [1787686478.559027320] [robot1.fragment_exec_node]: Navigation completed!
[INFO] [1787686478.562112047] [robot1.fragment_exec_node]: EventType: Control (Task: transport), Activity: navigate, Robot: robot1, Mission: m3, Segment: s2, End: 12495.368922663
[INFO] [1787686478.564342407] [robot1.fragment_exec_node]: EventType: Task, Activity: transport, Robot: robot1, Mission: m3, Segment: s2, Start: 12495.371836049
[INFO] [1787686478.566037581] [robot1.fragment_exec_node]: Simulating navigate skill from position (11, 6) to (11, 6) (10.0 seconds)...
[INFO] [1787686481.862557591] [robot1.fragment_exec_node]: Received fragment: {'robot': 'robot2', 'fragment': {'id': 'f3-9', 'mission': 'm3', 'state': 'assigned', 'wait': ['m3/s3/scan'], 'tasks': [{'name': 'transport', 'params': {'x': 11, 'y': 6}}], 'arrive_timestamp': 1787686349, 'priority': 1, 'segment': 's3', 'preconditions': ['picked-o3-3'], 'postconditions': []}}
[INFO] [1787686488.570271245] [robot1.fragment_exec_node]: Navigation completed!
[INFO] [1787686488.573186420] [robot1.fragment_exec_node]: EventType: Task, Activity: transport, Robot: robot1, Mission: m3, Segment: s2, End: 12505.38009035
[INFO] [1787686488.577845102] [robot1.fragment_exec_node]: Execution of fragment f3-6 completed!
[INFO] [1787686488.858866929] [robot1.fragment_exec_node]: Received fragment: {'robot': 'robot1', 'fragment': {'id': 'f4-1', 'mission': 'm4', 'state': 'assigned', 'wait': [], 'tasks': [{'name': 'pick', 'params': {'weight': 5, 'x': 2, 'y': 8}}], 'arrive_timestamp': 1787686350, 'priority': 1, 'segment': 's1', 'preconditions': [], 'postconditions': ['picked-o1-4']}}
[INFO] [1787686488.860035036] [robot1.fragment_exec_node]: Received fragment assignment: f4-1. Starting execution.
[INFO] [1787686488.861366513] [robot1.fragment_exec_node]: Executing task pick. Params: {'weight': 5, 'x': 2, 'y': 8}, Virtual state: {'position': {'x': 11, 'y': 6, 'z': 0.0}, 'docked': False, 'battery': 100.0, 'conditions': ['picked-o2-2', 'picked-o2-3']}
[INFO] [1787686488.862638986] [robot1.fragment_exec_node]: EventType: Control (Task: pick), Activity: navigate, Robot: robot1, Mission: m4, Segment: s1, Start: 12505.670650122
[INFO] [1787686488.863906636] [robot1.fragment_exec_node]: Simulating navigate skill from position (11, 6) to (2, 8) (18.973665961010276 seconds)...
[INFO] [1787686507.841250912] [robot1.fragment_exec_node]: Navigation completed!
[INFO] [1787686507.843748427] [robot1.fragment_exec_node]: EventType: Control (Task: pick), Activity: navigate, Robot: robot1, Mission: m4, Segment: s1, End: 12524.650864712
[INFO] [1787686507.845493328] [robot1.fragment_exec_node]: EventType: Task, Activity: pick, Robot: robot1, Mission: m4, Segment: s1, Start: 12524.653171386
[INFO] [1787686507.847162530] [robot1.fragment_exec_node]: Simulating pick skill...
[INFO] [1787686512.850213217] [robot1.fragment_exec_node]: Pick completed!
[INFO] [1787686512.851767106] [robot1.fragment_exec_node]: EventType: Task, Activity: pick, Robot: robot1, Mission: m4, Segment: s1, End: 12529.65947022
[INFO] [1787686512.853945188] [robot1.fragment_exec_node]: Execution of fragment f4-1 completed!
[INFO] [1787686513.856827323] [robot1.fragment_exec_node]: Received fragment: {'robot': 'robot1', 'fragment': {'id': 'f4-2', 'mission': 'm4', 'state': 'assigned', 'wait': ['m4/s1/pick'], 'tasks': [{'name': 'scan', 'params': {'x': 2, 'y': 8}}], 'arrive_timestamp': 1787686350, 'priority': 1, 'segment': 's1', 'preconditions': [], 'postconditions': []}}
[INFO] [1787686513.857401126] [robot1.fragment_exec_node]: Received fragment assignment: f4-2. Starting execution.
[INFO] [1787686513.858120599] [robot1.fragment_exec_node]: Waiting for coordination messages before executing fragment f4-2: ['m4/s1/pick']
[INFO] [1787686515.861453509] [robot1.fragment_exec_node]: Executing task scan. Params: {'x': 2, 'y': 8}, Virtual state: {'position': {'x': 2, 'y': 8, 'z': 0.0}, 'docked': False, 'battery': 100.0, 'conditions': ['picked-o2-2', 'picked-o2-3', 'picked-o1-4']}
[INFO] [1787686515.862553270] [robot1.fragment_exec_node]: EventType: Task, Activity: scan, Robot: robot1, Mission: m4, Segment: s1, Start: 12532.670654536
[INFO] [1787686515.863311370] [robot1.fragment_exec_node]: Simulating scan skill...
[INFO] [1787686516.848115462] [robot1.fragment_exec_node]: Received fragment: {'robot': 'robot2', 'fragment': {'id': 'f3-10', 'mission': 'm3', 'state': 'assigned', 'wait': ['m3/s1/transport', 'm3/s2/transport', 'm3/s3/transport'], 'tasks': [{'name': 'pack', 'params': {'x': 2, 'y': 3, 'items': 3}}], 'arrive_timestamp': 1787686349, 'priority': 1, 'segment': '', 'preconditions': [], 'postconditions': []}}
[INFO] [1787686518.866951554] [robot1.fragment_exec_node]: Scan completed!
[INFO] [1787686518.870279066] [robot1.fragment_exec_node]: EventType: Task, Activity: scan, Robot: robot1, Mission: m4, Segment: s1, End: 12535.676660452
[INFO] [1787686518.874239319] [robot1.fragment_exec_node]: Execution of fragment f4-2 completed!
[INFO] [1787686519.845082208] [robot1.fragment_exec_node]: Received fragment: {'robot': 'robot1', 'fragment': {'id': 'f4-3', 'mission': 'm4', 'state': 'assigned', 'wait': ['m4/s1/scan'], 'tasks': [{'name': 'transport', 'params': {'x': 11, 'y': 6}}], 'arrive_timestamp': 1787686350, 'priority': 1, 'segment': 's1', 'preconditions': ['picked-o1-4'], 'postconditions': []}}
[INFO] [1787686519.847198465] [robot1.fragment_exec_node]: Received fragment assignment: f4-3. Starting execution.
[INFO] [1787686519.847946807] [robot1.fragment_exec_node]: Waiting for coordination messages before executing fragment f4-3: ['m4/s1/scan']
[INFO] [1787686521.851227493] [robot1.fragment_exec_node]: Executing task transport. Params: {'x': 11, 'y': 6}, Virtual state: {'position': {'x': 2, 'y': 8, 'z': 0.0}, 'docked': False, 'battery': 100.0, 'conditions': ['picked-o2-2', 'picked-o2-3', 'picked-o1-4']}
[INFO] [1787686521.852341100] [robot1.fragment_exec_node]: EventType: Control (Task: transport), Activity: navigate, Robot: robot1, Mission: m4, Segment: s1, Start: 12538.660507071
[INFO] [1787686521.853204582] [robot1.fragment_exec_node]: Simulating navigate skill from position (2, 8) to (11, 6) (19.697715603592208 seconds)...
[INFO] [1787686541.552280657] [robot1.fragment_exec_node]: Navigation completed!
[INFO] [1787686541.553612226] [robot1.fragment_exec_node]: EventType: Control (Task: transport), Activity: navigate, Robot: robot1, Mission: m4, Segment: s1, End: 12558.362519614
[INFO] [1787686541.554542055] [robot1.fragment_exec_node]: EventType: Task, Activity: transport, Robot: robot1, Mission: m4, Segment: s1, Start: 12558.363699742
[INFO] [1787686541.555370811] [robot1.fragment_exec_node]: Simulating navigate skill from position (11, 6) to (11, 6) (10.0 seconds)...
[INFO] [1787686551.557292593] [robot1.fragment_exec_node]: Navigation completed!
[INFO] [1787686551.558369050] [robot1.fragment_exec_node]: EventType: Task, Activity: transport, Robot: robot1, Mission: m4, Segment: s1, End: 12568.367339141
[INFO] [1787686551.559873164] [robot1.fragment_exec_node]: Execution of fragment f4-3 completed!
[INFO] [1787686551.848290730] [robot1.fragment_exec_node]: Received fragment: {'robot': 'robot1', 'fragment': {'id': 'f4-4', 'mission': 'm4', 'state': 'assigned', 'wait': [], 'tasks': [{'name': 'pick', 'params': {'weight': 7, 'x': 10, 'y': 4}}], 'arrive_timestamp': 1787686350, 'priority': 1, 'segment': 's2', 'preconditions': [], 'postconditions': ['picked-o2-4']}}
[INFO] [1787686551.849056560] [robot1.fragment_exec_node]: Received fragment assignment: f4-4. Starting execution.
[INFO] [1787686551.850250238] [robot1.fragment_exec_node]: Executing task pick. Params: {'weight': 7, 'x': 10, 'y': 4}, Virtual state: {'position': {'x': 11, 'y': 6, 'z': 0.0}, 'docked': False, 'battery': 100.0, 'conditions': ['picked-o2-2', 'picked-o2-3', 'picked-o1-4']}
[INFO] [1787686551.850942626] [robot1.fragment_exec_node]: EventType: Control (Task: pick), Activity: navigate, Robot: robot1, Mission: m4, Segment: s2, Start: 12568.660122766
[INFO] [1787686551.851566161] [robot1.fragment_exec_node]: Simulating navigate skill from position (11, 6) to (10, 4) (14.142135623730951 seconds)...
[INFO] [1787686561.853538248] [robot1.fragment_exec_node]: Received fragment: {'robot': 'robot2', 'fragment': {'id': 'f4-7', 'mission': 'm4', 'state': 'assigned', 'wait': [], 'tasks': [{'name': 'pick', 'params': {'weight': 2, 'x': 9, 'y': 1}}], 'arrive_timestamp': 1787686350, 'priority': 1, 'segment': 's3', 'preconditions': [], 'postconditions': ['picked-o3-4']}}
[INFO] [1787686565.996238675] [robot1.fragment_exec_node]: Navigation completed!
[INFO] [1787686565.997141567] [robot1.fragment_exec_node]: EventType: Control (Task: pick), Activity: navigate, Robot: robot1, Mission: m4, Segment: s2, End: 12582.80541976
[INFO] [1787686565.997754873] [robot1.fragment_exec_node]: EventType: Task, Activity: pick, Robot: robot1, Mission: m4, Segment: s2, Start: 12582.806145851
[INFO] [1787686565.998536755] [robot1.fragment_exec_node]: Simulating pick skill...
[INFO] [1787686573.000214749] [robot1.fragment_exec_node]: Pick completed!
[INFO] [1787686573.001029156] [robot1.fragment_exec_node]: EventType: Task, Activity: pick, Robot: robot1, Mission: m4, Segment: s2, End: 12589.809412406
[INFO] [1787686573.002338393] [robot1.fragment_exec_node]: Execution of fragment f4-4 completed!
[INFO] [1787686573.846254425] [robot1.fragment_exec_node]: Received fragment: {'robot': 'robot1', 'fragment': {'id': 'f4-5', 'mission': 'm4', 'state': 'assigned', 'wait': ['m4/s2/pick'], 'tasks': [{'name': 'scan', 'params': {'x': 10, 'y': 4}}], 'arrive_timestamp': 1787686350, 'priority': 1, 'segment': 's2', 'preconditions': [], 'postconditions': []}}
[INFO] [1787686573.847019904] [robot1.fragment_exec_node]: Received fragment assignment: f4-5. Starting execution.
[INFO] [1787686573.848137111] [robot1.fragment_exec_node]: Waiting for coordination messages before executing fragment f4-5: ['m4/s2/pick']
[INFO] [1787686575.852594635] [robot1.fragment_exec_node]: Executing task scan. Params: {'x': 10, 'y': 4}, Virtual state: {'position': {'x': 10, 'y': 4, 'z': 0.0}, 'docked': False, 'battery': 100.0, 'conditions': ['picked-o2-2', 'picked-o2-3', 'picked-o1-4', 'picked-o2-4']}
[INFO] [1787686575.853845442] [robot1.fragment_exec_node]: EventType: Task, Activity: scan, Robot: robot1, Mission: m4, Segment: s2, Start: 12592.661888508
[INFO] [1787686575.854997850] [robot1.fragment_exec_node]: Simulating scan skill...
[INFO] [1787686578.850032482] [robot1.fragment_exec_node]: Received fragment: {'robot': 'robot2', 'fragment': {'id': 'f4-8', 'mission': 'm4', 'state': 'assigned', 'wait': ['m4/s3/pick'], 'tasks': [{'name': 'scan', 'params': {'x': 9, 'y': 1}}], 'arrive_timestamp': 1787686350, 'priority': 1, 'segment': 's3', 'preconditions': [], 'postconditions': []}}
[INFO] [1787686578.857236212] [robot1.fragment_exec_node]: Scan completed!
[INFO] [1787686578.857871355] [robot1.fragment_exec_node]: EventType: Task, Activity: scan, Robot: robot1, Mission: m4, Segment: s2, End: 12595.666299712
[INFO] [1787686578.859005181] [robot1.fragment_exec_node]: Execution of fragment f4-5 completed!
[INFO] [1787686579.858648942] [robot1.fragment_exec_node]: Received fragment: {'robot': 'robot1', 'fragment': {'id': 'f4-6', 'mission': 'm4', 'state': 'assigned', 'wait': ['m4/s2/scan'], 'tasks': [{'name': 'transport', 'params': {'x': 11, 'y': 6}}], 'arrive_timestamp': 1787686350, 'priority': 1, 'segment': 's2', 'preconditions': ['picked-o2-4'], 'postconditions': []}}
[INFO] [1787686579.859899466] [robot1.fragment_exec_node]: Received fragment assignment: f4-6. Starting execution.
[INFO] [1787686579.861782463] [robot1.fragment_exec_node]: Waiting for coordination messages before executing fragment f4-6: ['m4/s2/scan']
[INFO] [1787686581.866334156] [robot1.fragment_exec_node]: Executing task transport. Params: {'x': 11, 'y': 6}, Virtual state: {'position': {'x': 10, 'y': 4, 'z': 0.0}, 'docked': False, 'battery': 100.0, 'conditions': ['picked-o2-2', 'picked-o2-3', 'picked-o1-4', 'picked-o2-4']}
[INFO] [1787686581.867349036] [robot1.fragment_exec_node]: EventType: Control (Task: transport), Activity: navigate, Robot: robot1, Mission: m4, Segment: s2, Start: 12598.67567202
[INFO] [1787686581.868199295] [robot1.fragment_exec_node]: Simulating navigate skill from position (10, 4) to (11, 6) (8.246211251235321 seconds)...
[INFO] [1787686582.850452204] [robot1.fragment_exec_node]: Received fragment: {'robot': 'robot2', 'fragment': {'id': 'f4-9', 'mission': 'm4', 'state': 'assigned', 'wait': ['m4/s3/scan'], 'tasks': [{'name': 'transport', 'params': {'x': 11, 'y': 6}}], 'arrive_timestamp': 1787686350, 'priority': 1, 'segment': 's3', 'preconditions': ['picked-o3-4'], 'postconditions': []}}
[INFO] [1787686590.117631921] [robot1.fragment_exec_node]: Navigation completed!
[INFO] [1787686590.120339355] [robot1.fragment_exec_node]: EventType: Control (Task: transport), Activity: navigate, Robot: robot1, Mission: m4, Segment: s2, End: 12606.927886007
[INFO] [1787686590.121892129] [robot1.fragment_exec_node]: EventType: Task, Activity: transport, Robot: robot1, Mission: m4, Segment: s2, Start: 12606.930127802
[INFO] [1787686590.123633808] [robot1.fragment_exec_node]: Simulating navigate skill from position (11, 6) to (11, 6) (10.0 seconds)...
[INFO] [1787686600.127689111] [robot1.fragment_exec_node]: Navigation completed!
[INFO] [1787686600.131137831] [robot1.fragment_exec_node]: EventType: Task, Activity: transport, Robot: robot1, Mission: m4, Segment: s2, End: 12616.938942834
[INFO] [1787686600.133808339] [robot1.fragment_exec_node]: Execution of fragment f4-6 completed!
[INFO] [1787686600.846868576] [robot1.fragment_exec_node]: Received fragment: {'robot': 'robot1', 'fragment': {'id': "f4-10'", 'mission': 'm4', 'state': 'assigned', 'wait': [], 'tasks': [{'name': 'pick', 'params': {'weight': 1, 'x': 2, 'y': 4}}], 'arrive_timestamp': 1787686350, 'priority': 1, 'segment': 's4', 'preconditions': [], 'postconditions': ['picked-o4-4']}}
[INFO] [1787686600.847677467] [robot1.fragment_exec_node]: Received fragment assignment: f4-10'. Starting execution.
[INFO] [1787686600.848661807] [robot1.fragment_exec_node]: Executing task pick. Params: {'weight': 1, 'x': 2, 'y': 4}, Virtual state: {'position': {'x': 11, 'y': 6, 'z': 0.0}, 'docked': False, 'battery': 100.0, 'conditions': ['picked-o2-2', 'picked-o2-3', 'picked-o1-4', 'picked-o2-4']}
[INFO] [1787686600.849581134] [robot1.fragment_exec_node]: EventType: Control (Task: pick), Activity: navigate, Robot: robot1, Mission: m4, Segment: s4, Start: 12617.65827767
[INFO] [1787686600.850543674] [robot1.fragment_exec_node]: Simulating navigate skill from position (11, 6) to (2, 4) (22.80350850198276 seconds)...
[INFO] [1787686623.656806413] [robot1.fragment_exec_node]: Navigation completed!
[INFO] [1787686623.659550561] [robot1.fragment_exec_node]: EventType: Control (Task: pick), Activity: navigate, Robot: robot1, Mission: m4, Segment: s4, End: 12640.467881374
[INFO] [1787686623.661436362] [robot1.fragment_exec_node]: EventType: Task, Activity: pick, Robot: robot1, Mission: m4, Segment: s4, Start: 12640.470238348
[INFO] [1787686623.663554898] [robot1.fragment_exec_node]: Simulating pick skill...
[INFO] [1787686624.667582655] [robot1.fragment_exec_node]: Pick completed!
[INFO] [1787686624.669449112] [robot1.fragment_exec_node]: EventType: Task, Activity: pick, Robot: robot1, Mission: m4, Segment: s4, End: 12641.478317031
[INFO] [1787686624.672192801] [robot1.fragment_exec_node]: Execution of fragment f4-10' completed!
[INFO] [1787686624.845882471] [robot1.fragment_exec_node]: Received fragment: {'robot': 'robot1', 'fragment': {'id': 'f4-11', 'mission': 'm4', 'state': 'assigned', 'wait': ['m4/s4/pick'], 'tasks': [{'name': 'scan', 'params': {'x': 2, 'y': 4}}], 'arrive_timestamp': 1787686350, 'priority': 1, 'segment': 's4', 'preconditions': [], 'postconditions': []}}
[INFO] [1787686624.846664930] [robot1.fragment_exec_node]: Received fragment assignment: f4-11. Starting execution.
[INFO] [1787686624.847867447] [robot1.fragment_exec_node]: Waiting for coordination messages before executing fragment f4-11: ['m4/s4/pick']
[INFO] [1787686626.852614812] [robot1.fragment_exec_node]: Executing task scan. Params: {'x': 2, 'y': 4}, Virtual state: {'position': {'x': 2, 'y': 4, 'z': 0.0}, 'docked': False, 'battery': 100.0, 'conditions': ['picked-o2-2', 'picked-o2-3', 'picked-o1-4', 'picked-o2-4', 'picked-o4-4']}
[INFO] [1787686626.854103296] [robot1.fragment_exec_node]: EventType: Task, Activity: scan, Robot: robot1, Mission: m4, Segment: s4, Start: 12643.663226191
[INFO] [1787686626.855377326] [robot1.fragment_exec_node]: Simulating scan skill...
[INFO] [1787686629.858821883] [robot1.fragment_exec_node]: Scan completed!
[INFO] [1787686629.861531243] [robot1.fragment_exec_node]: EventType: Task, Activity: scan, Robot: robot1, Mission: m4, Segment: s4, End: 12646.669610247
[INFO] [1787686629.864503095] [robot1.fragment_exec_node]: Execution of fragment f4-11 completed!
[INFO] [1787686630.855191089] [robot1.fragment_exec_node]: Received fragment: {'robot': 'robot1', 'fragment': {'id': 'f4-12', 'mission': 'm4', 'state': 'assigned', 'wait': ['m4/s4/scan'], 'tasks': [{'name': 'transport', 'params': {'x': 11, 'y': 6}}], 'arrive_timestamp': 1787686350, 'priority': 1, 'segment': 's4', 'preconditions': ['picked-o4-4'], 'postconditions': []}}
[INFO] [1787686630.856064763] [robot1.fragment_exec_node]: Received fragment assignment: f4-12. Starting execution.
[INFO] [1787686630.857232355] [robot1.fragment_exec_node]: Executing task transport. Params: {'x': 11, 'y': 6}, Virtual state: {'position': {'x': 2, 'y': 4, 'z': 0.0}, 'docked': False, 'battery': 100.0, 'conditions': ['picked-o2-2', 'picked-o2-3', 'picked-o1-4', 'picked-o2-4', 'picked-o4-4']}
[INFO] [1787686630.857935354] [robot1.fragment_exec_node]: EventType: Control (Task: transport), Activity: navigate, Robot: robot1, Mission: m4, Segment: s4, Start: 12647.667290695
[INFO] [1787686630.858573413] [robot1.fragment_exec_node]: Simulating navigate skill from position (2, 4) to (11, 6) (19.697715603592208 seconds)...
[INFO] [1787686650.558622198] [robot1.fragment_exec_node]: Navigation completed!
[INFO] [1787686650.559372858] [robot1.fragment_exec_node]: EventType: Control (Task: transport), Activity: navigate, Robot: robot1, Mission: m4, Segment: s4, End: 12667.368491518
[INFO] [1787686650.559944730] [robot1.fragment_exec_node]: EventType: Task, Activity: transport, Robot: robot1, Mission: m4, Segment: s4, Start: 12667.369052373
[INFO] [1787686650.560544509] [robot1.fragment_exec_node]: Simulating navigate skill from position (11, 6) to (11, 6) (10.0 seconds)...
[INFO] [1787686660.562550862] [robot1.fragment_exec_node]: Navigation completed!
[INFO] [1787686660.563388638] [robot1.fragment_exec_node]: EventType: Task, Activity: transport, Robot: robot1, Mission: m4, Segment: s4, End: 12677.372465114
[INFO] [1787686660.564377224] [robot1.fragment_exec_node]: Execution of fragment f4-12 completed!
[INFO] [1787686660.863267175] [robot1.fragment_exec_node]: Received fragment: {'robot': 'robot1', 'fragment': {'id': 'f4-13', 'mission': 'm4', 'state': 'assigned', 'wait': ['m4/s1/transport', 'm4/s2/transport', 'm4/s3/transport', 'm4/s4/transport'], 'tasks': [{'name': 'pack', 'params': {'x': 11, 'y': 6, 'items': 4}}], 'arrive_timestamp': 1787686350, 'priority': 1, 'segment': '', 'preconditions': [], 'postconditions': []}}
[INFO] [1787686660.864539777] [robot1.fragment_exec_node]: Received fragment assignment: f4-13. Starting execution.
[INFO] [1787686660.866205217] [robot1.fragment_exec_node]: Waiting for coordination messages before executing fragment f4-13: ['m4/s1/transport', 'm4/s2/transport', 'm4/s3/transport', 'm4/s4/transport']
[INFO] [1787686662.873516529] [robot1.fragment_exec_node]: Executing task pack. Params: {'x': 11, 'y': 6, 'items': 4}, Virtual state: {'position': {'x': 11, 'y': 6, 'z': 0.0}, 'docked': False, 'battery': 100.0, 'conditions': ['picked-o2-2', 'picked-o2-3', 'picked-o1-4', 'picked-o2-4', 'picked-o4-4']}
[INFO] [1787686662.875930268] [robot1.fragment_exec_node]: EventType: Task, Activity: pack, Robot: robot1, Mission: m4, Segment: , Start: 12679.684050982
[INFO] [1787686662.877752358] [robot1.fragment_exec_node]: Simulating pack skill...
[INFO] [1787686686.879716124] [robot1.fragment_exec_node]: Packing completed!
[INFO] [1787686686.881809573] [robot1.fragment_exec_node]: EventType: Task, Activity: pack, Robot: robot1, Mission: m4, Segment: , End: 12703.690722845
[INFO] [1787686686.883162397] [robot1.fragment_exec_node]: Execution of fragment f4-13 completed!
Traceback (most recent call last):
  File "/root/ros2_ws/install/multi3_executor/lib/multi3_executor/executor", line 33, in <module>
    sys.exit(load_entry_point('multi3-executor==0.0.0', 'console_scripts', 'executor')())
  File "/root/ros2_ws/install/multi3_executor/lib/python3.10/site-packages/multi3_executor/nodes/executor.py", line 236, in main
    rclpy.shutdown()
  File "/opt/ros/humble/local/lib/python3.10/dist-packages/rclpy/__init__.py", line 130, in shutdown
    _shutdown(context=context)
  File "/opt/ros/humble/local/lib/python3.10/dist-packages/rclpy/utilities.py", line 58, in shutdown
    return context.shutdown()
  File "/opt/ros/humble/local/lib/python3.10/dist-packages/rclpy/context.py", line 102, in shutdown
    self.__context.shutdown()
rclpy._rclpy_pybind11.RCLError: failed to shutdown: rcl_shutdown already called on the given context, at ./src/rcl/init.c:241

--- executor_robot2.log ---
[INFO] [1787686346.998558499] [robot2.fragment_exec_node]: Setting up skill: PickSkill
[INFO] [1787686346.999518758] [robot2.fragment_exec_node]: Setting up skill: ScanSkill
[INFO] [1787686347.000248452] [robot2.fragment_exec_node]: Setting up skill: NavigateSkill
[INFO] [1787686347.000735455] [robot2.fragment_exec_node]: Setting up skill: NavigateSkill
[INFO] [1787686347.001409522] [robot2.fragment_exec_node]: Setting up skill: DockSkill
[INFO] [1787686347.001976619] [robot2.fragment_exec_node]: Setting up skill: UndockSkill
[INFO] [1787686347.002557407] [robot2.fragment_exec_node]: Setting up skill: PackSkill
[INFO] [1787686347.009895207] [robot2.fragment_exec_node]: Published robot registration: {'name': 'robot2', 'operational_state': 'idle', 'capabilities': ['pick', 'scan', 'transport', 'pack'], 'state': {'position': {'x': 0.0, 'y': 0.0, 'z': 0.0}, 'docked': True, 'battery': 100.0, 'conditions': []}}
[INFO] [1787686351.879176032] [robot2.fragment_exec_node]: Received fragment: {'robot': 'robot1', 'fragment': {'id': 'f2-4', 'mission': 'm2', 'state': 'assigned', 'wait': [], 'tasks': [{'name': 'pick', 'params': {'weight': 7, 'x': 9, 'y': 5}}], 'arrive_timestamp': 1787686348, 'priority': 1, 'segment': 's2', 'preconditions': [], 'postconditions': ['picked-o2-2']}}
[INFO] [1787686351.880074249] [robot2.fragment_exec_node]: Received fragment: {'robot': 'robot2', 'fragment': {'id': 'f2-1', 'mission': 'm2', 'state': 'assigned', 'wait': [], 'tasks': [{'name': 'pick', 'params': {'weight': 5, 'x': 2, 'y': 3}}], 'arrive_timestamp': 1787686348, 'priority': 1, 'segment': 's1', 'preconditions': [], 'postconditions': ['picked-o1-2']}}
[INFO] [1787686351.880747265] [robot2.fragment_exec_node]: Received fragment assignment: f2-1. Starting execution.
[INFO] [1787686351.881588431] [robot2.fragment_exec_node]: Executing task pick. Params: {'weight': 5, 'x': 2, 'y': 3}, Virtual state: {'position': {'x': 0.0, 'y': 0.0, 'z': 0.0}, 'docked': True, 'battery': 100.0, 'conditions': []}
[INFO] [1787686351.882248889] [robot2.fragment_exec_node]: EventType: Control (Task: pick), Activity: undock, Robot: robot2, Mission: m2, Segment: s1, Start: 12368.691180997
[INFO] [1787686351.883047545] [robot2.fragment_exec_node]: Simulating undock skill...
[INFO] [1787686355.885059076] [robot2.fragment_exec_node]: Undock completed!
[INFO] [1787686355.886264136] [robot2.fragment_exec_node]: EventType: Control (Task: pick), Activity: undock, Robot: robot2, Mission: m2, Segment: s1, End: 12372.694837026
[INFO] [1787686355.887301436] [robot2.fragment_exec_node]: EventType: Control (Task: pick), Activity: navigate, Robot: robot2, Mission: m2, Segment: s1, Start: 12372.696011106
[INFO] [1787686355.888244779] [robot2.fragment_exec_node]: Simulating navigate skill from position (0.0, 0.0) to (2, 3) (7.211102550927978 seconds)...
[INFO] [1787686363.103437062] [robot2.fragment_exec_node]: Navigation completed!
[INFO] [1787686363.106319195] [robot2.fragment_exec_node]: EventType: Control (Task: pick), Activity: navigate, Robot: robot2, Mission: m2, Segment: s1, End: 12379.914093729
[INFO] [1787686363.107899099] [robot2.fragment_exec_node]: EventType: Task, Activity: pick, Robot: robot2, Mission: m2, Segment: s1, Start: 12379.916318158
[INFO] [1787686363.109592697] [robot2.fragment_exec_node]: Simulating pick skill...
[INFO] [1787686368.112432709] [robot2.fragment_exec_node]: Pick completed!
[INFO] [1787686368.114326560] [robot2.fragment_exec_node]: EventType: Task, Activity: pick, Robot: robot2, Mission: m2, Segment: s1, End: 12384.922494872
[INFO] [1787686368.116353505] [robot2.fragment_exec_node]: Execution of fragment f2-1 completed!
[INFO] [1787686368.859203846] [robot2.fragment_exec_node]: Received fragment: {'robot': 'robot2', 'fragment': {'id': 'f2-2', 'mission': 'm2', 'state': 'assigned', 'wait': ['m2/s1/pick'], 'tasks': [{'name': 'scan', 'params': {'x': 2, 'y': 3}}], 'arrive_timestamp': 1787686348, 'priority': 1, 'segment': 's1', 'preconditions': [], 'postconditions': []}}
[INFO] [1787686368.860390468] [robot2.fragment_exec_node]: Received fragment assignment: f2-2. Starting execution.
[INFO] [1787686368.862261480] [robot2.fragment_exec_node]: Waiting for coordination messages before executing fragment f2-2: ['m2/s1/pick']
[INFO] [1787686370.867105739] [robot2.fragment_exec_node]: Executing task scan. Params: {'x': 2, 'y': 3}, Virtual state: {'position': {'x': 2, 'y': 3, 'z': 0.0}, 'docked': False, 'battery': 100.0, 'conditions': ['picked-o1-2']}
[INFO] [1787686370.868211532] [robot2.fragment_exec_node]: EventType: Task, Activity: scan, Robot: robot2, Mission: m2, Segment: s1, Start: 12387.676981604
[INFO] [1787686370.869123145] [robot2.fragment_exec_node]: Simulating scan skill...
[INFO] [1787686373.870539493] [robot2.fragment_exec_node]: Scan completed!
[INFO] [1787686373.871427617] [robot2.fragment_exec_node]: EventType: Task, Activity: scan, Robot: robot2, Mission: m2, Segment: s1, End: 12390.680412589
[INFO] [1787686373.872583611] [robot2.fragment_exec_node]: Execution of fragment f2-2 completed!
[INFO] [1787686374.846600944] [robot2.fragment_exec_node]: Received fragment: {'robot': 'robot2', 'fragment': {'id': 'f2-3', 'mission': 'm2', 'state': 'assigned', 'wait': ['m2/s1/scan'], 'tasks': [{'name': 'transport', 'params': {'x': 11, 'y': 6}}], 'arrive_timestamp': 1787686348, 'priority': 1, 'segment': 's1', 'preconditions': [], 'postconditions': []}}
[INFO] [1787686374.847265137] [robot2.fragment_exec_node]: Received fragment assignment: f2-3. Starting execution.
[INFO] [1787686374.848085768] [robot2.fragment_exec_node]: Executing task transport. Params: {'x': 11, 'y': 6}, Virtual state: {'position': {'x': 2, 'y': 3, 'z': 0.0}, 'docked': False, 'battery': 100.0, 'conditions': ['picked-o1-2']}
[INFO] [1787686374.848787905] [robot2.fragment_exec_node]: EventType: Control (Task: transport), Activity: navigate, Robot: robot2, Mission: m2, Segment: s1, Start: 12391.657708654
[INFO] [1787686374.849351065] [robot2.fragment_exec_node]: Simulating navigate skill from position (2, 3) to (11, 6) (19.697715603592208 seconds)...
[INFO] [1787686383.869305590] [robot2.fragment_exec_node]: Received fragment: {'robot': 'robot1', 'fragment': {'id': 'f2-5', 'mission': 'm2', 'state': 'assigned', 'wait': ['m2/s2/pick'], 'tasks': [{'name': 'scan', 'params': {'x': 9, 'y': 5}}], 'arrive_timestamp': 1787686348, 'priority': 1, 'segment': 's2', 'preconditions': [], 'postconditions': []}}
[INFO] [1787686389.882650088] [robot2.fragment_exec_node]: Received fragment: {'robot': 'robot1', 'fragment': {'id': 'f2-6', 'mission': 'm2', 'state': 'assigned', 'wait': ['m2/s2/scan'], 'tasks': [{'name': 'transport', 'params': {'x': 11, 'y': 6}}], 'arrive_timestamp': 1787686348, 'priority': 1, 'segment': 's2', 'preconditions': ['picked-o2-2'], 'postconditions': []}}
[INFO] [1787686394.549293669] [robot2.fragment_exec_node]: Navigation completed!
[INFO] [1787686394.550342175] [robot2.fragment_exec_node]: EventType: Control (Task: transport), Activity: navigate, Robot: robot2, Mission: m2, Segment: s1, End: 12411.358447992
[INFO] [1787686394.551197726] [robot2.fragment_exec_node]: EventType: Task, Activity: transport, Robot: robot2, Mission: m2, Segment: s1, Start: 12411.359332955
[INFO] [1787686394.552235264] [robot2.fragment_exec_node]: Simulating navigate skill from position (11, 6) to (11, 6) (10.0 seconds)...
[INFO] [1787686404.554355636] [robot2.fragment_exec_node]: Navigation completed!
[INFO] [1787686404.555861741] [robot2.fragment_exec_node]: EventType: Task, Activity: transport, Robot: robot2, Mission: m2, Segment: s1, End: 12421.36354682
[INFO] [1787686404.557618373] [robot2.fragment_exec_node]: Execution of fragment f2-3 completed!
[INFO] [1787686404.856427587] [robot2.fragment_exec_node]: Received fragment: {'robot': 'robot2', 'fragment': {'id': 'f3-1', 'mission': 'm3', 'state': 'assigned', 'wait': [], 'tasks': [{'name': 'pick', 'params': {'weight': 3, 'x': 7, 'y': 3}}], 'arrive_timestamp': 1787686349, 'priority': 1, 'segment': 's1', 'preconditions': [], 'postconditions': ['picked-o1-3']}}
[INFO] [1787686404.857544892] [robot2.fragment_exec_node]: Received fragment assignment: f3-1. Starting execution.
[INFO] [1787686404.859261962] [robot2.fragment_exec_node]: Executing task pick. Params: {'weight': 3, 'x': 7, 'y': 3}, Virtual state: {'position': {'x': 11, 'y': 6, 'z': 0.0}, 'docked': False, 'battery': 100.0, 'conditions': ['picked-o1-2']}
[INFO] [1787686404.860499483] [robot2.fragment_exec_node]: EventType: Control (Task: pick), Activity: navigate, Robot: robot2, Mission: m3, Segment: s1, Start: 12421.668565506
[INFO] [1787686404.861393896] [robot2.fragment_exec_node]: Simulating navigate skill from position (11, 6) to (7, 3) (17.88854381999832 seconds)...
[INFO] [1787686409.857778356] [robot2.fragment_exec_node]: Received fragment: {'robot': 'robot1', 'fragment': {'id': 'f2-7', 'mission': 'm2', 'state': 'assigned', 'wait': ['m2/s1/transport', 'm2/s2/transport'], 'tasks': [{'name': 'pack', 'params': {'x': 11, 'y': 6, 'items': 2}}], 'arrive_timestamp': 1787686348, 'priority': 1, 'segment': '', 'preconditions': [], 'postconditions': []}}
[INFO] [1787686422.753129677] [robot2.fragment_exec_node]: Navigation completed!
[INFO] [1787686422.756153602] [robot2.fragment_exec_node]: EventType: Control (Task: pick), Activity: navigate, Robot: robot2, Mission: m3, Segment: s1, End: 12439.562709522
[INFO] [1787686422.758931537] [robot2.fragment_exec_node]: EventType: Task, Activity: pick, Robot: robot2, Mission: m3, Segment: s1, Start: 12439.565409395
[INFO] [1787686422.760540679] [robot2.fragment_exec_node]: Simulating pick skill...
[INFO] [1787686424.867724886] [robot2.fragment_exec_node]: Received fragment: {'robot': 'robot1', 'fragment': {'id': 'f3-4', 'mission': 'm3', 'state': 'assigned', 'wait': [], 'tasks': [{'name': 'pick', 'params': {'weight': 5, 'x': 2, 'y': 3}}], 'arrive_timestamp': 1787686349, 'priority': 1, 'segment': 's2', 'preconditions': [], 'postconditions': ['picked-o2-3']}}
[INFO] [1787686425.762718821] [robot2.fragment_exec_node]: Pick completed!
[INFO] [1787686425.763669118] [robot2.fragment_exec_node]: EventType: Task, Activity: pick, Robot: robot2, Mission: m3, Segment: s1, End: 12442.571673441
[INFO] [1787686425.765031839] [robot2.fragment_exec_node]: Execution of fragment f3-1 completed!
[INFO] [1787686425.882144211] [robot2.fragment_exec_node]: Received fragment: {'robot': 'robot2', 'fragment': {'id': 'f3-2', 'mission': 'm3', 'state': 'assigned', 'wait': ['m3/s1/pick'], 'tasks': [{'name': 'scan', 'params': {'x': 7, 'y': 3}}], 'arrive_timestamp': 1787686349, 'priority': 1, 'segment': 's1', 'preconditions': [], 'postconditions': []}}
[INFO] [1787686425.882898698] [robot2.fragment_exec_node]: Received fragment assignment: f3-2. Starting execution.
[INFO] [1787686425.883820432] [robot2.fragment_exec_node]: Waiting for coordination messages before executing fragment f3-2: ['m3/s1/pick']
[INFO] [1787686427.887539929] [robot2.fragment_exec_node]: Executing task scan. Params: {'x': 7, 'y': 3}, Virtual state: {'position': {'x': 7, 'y': 3, 'z': 0.0}, 'docked': False, 'battery': 100.0, 'conditions': ['picked-o1-2', 'picked-o1-3']}
[INFO] [1787686427.888313139] [robot2.fragment_exec_node]: EventType: Task, Activity: scan, Robot: robot2, Mission: m3, Segment: s1, Start: 12444.696508799
[INFO] [1787686427.888906879] [robot2.fragment_exec_node]: Simulating scan skill...
[INFO] [1787686430.892180801] [robot2.fragment_exec_node]: Scan completed!
[INFO] [1787686430.895213603] [robot2.fragment_exec_node]: EventType: Task, Activity: scan, Robot: robot2, Mission: m3, Segment: s1, End: 12447.70182936
[INFO] [1787686430.899178208] [robot2.fragment_exec_node]: Execution of fragment f3-2 completed!
[INFO] [1787686431.874171154] [robot2.fragment_exec_node]: Received fragment: {'robot': 'robot2', 'fragment': {'id': 'f3-3', 'mission': 'm3', 'state': 'assigned', 'wait': ['m3/s1/scan'], 'tasks': [{'name': 'transport', 'params': {'x': 11, 'y': 6}}], 'arrive_timestamp': 1787686349, 'priority': 1, 'segment': 's1', 'preconditions': ['picked-o1-3'], 'postconditions': []}}
[INFO] [1787686431.875007143] [robot2.fragment_exec_node]: Received fragment assignment: f3-3. Starting execution.
[INFO] [1787686431.876108784] [robot2.fragment_exec_node]: Waiting for coordination messages before executing fragment f3-3: ['m3/s1/scan']
[INFO] [1787686433.882118984] [robot2.fragment_exec_node]: Executing task transport. Params: {'x': 11, 'y': 6}, Virtual state: {'position': {'x': 7, 'y': 3, 'z': 0.0}, 'docked': False, 'battery': 100.0, 'conditions': ['picked-o1-2', 'picked-o1-3']}
[INFO] [1787686433.885017987] [robot2.fragment_exec_node]: EventType: Control (Task: transport), Activity: navigate, Robot: robot2, Mission: m3, Segment: s1, Start: 12450.691699801
[INFO] [1787686433.886837147] [robot2.fragment_exec_node]: Simulating navigate skill from position (7, 3) to (11, 6) (8.246211251235321 seconds)...
[INFO] [1787686442.135923880] [robot2.fragment_exec_node]: Navigation completed!
[INFO] [1787686442.137322594] [robot2.fragment_exec_node]: EventType: Control (Task: transport), Activity: navigate, Robot: robot2, Mission: m3, Segment: s1, End: 12458.945278042
[INFO] [1787686442.138857133] [robot2.fragment_exec_node]: EventType: Task, Activity: transport, Robot: robot2, Mission: m3, Segment: s1, Start: 12458.946697863
[INFO] [1787686442.140109596] [robot2.fragment_exec_node]: Simulating navigate skill from position (11, 6) to (11, 6) (10.0 seconds)...
[INFO] [1787686452.142322518] [robot2.fragment_exec_node]: Navigation completed!
[INFO] [1787686452.143280618] [robot2.fragment_exec_node]: EventType: Task, Activity: transport, Robot: robot2, Mission: m3, Segment: s1, End: 12468.951515507
[INFO] [1787686452.144192141] [robot2.fragment_exec_node]: Execution of fragment f3-3 completed!
[INFO] [1787686452.889511140] [robot2.fragment_exec_node]: Received fragment: {'robot': 'robot2', 'fragment': {'id': 'f3-7', 'mission': 'm3', 'state': 'assigned', 'wait': [], 'tasks': [{'name': 'pick', 'params': {'weight': 2, 'x': 1, 'y': 9}}], 'arrive_timestamp': 1787686349, 'priority': 1, 'segment': 's3', 'preconditions': [], 'postconditions': ['picked-o3-3']}}
[INFO] [1787686452.890163660] [robot2.fragment_exec_node]: Received fragment assignment: f3-7. Starting execution.
[INFO] [1787686452.890816510] [robot2.fragment_exec_node]: Executing task pick. Params: {'weight': 2, 'x': 1, 'y': 9}, Virtual state: {'position': {'x': 11, 'y': 6, 'z': 0.0}, 'docked': False, 'battery': 100.0, 'conditions': ['picked-o1-2', 'picked-o1-3']}
[INFO] [1787686452.891292029] [robot2.fragment_exec_node]: EventType: Control (Task: pick), Activity: navigate, Robot: robot2, Mission: m3, Segment: s3, Start: 12469.699774988
[INFO] [1787686452.891877923] [robot2.fragment_exec_node]: Simulating navigate skill from position (11, 6) to (1, 9) (20.396078054371138 seconds)...
[INFO] [1787686454.864172195] [robot2.fragment_exec_node]: Received fragment: {'robot': 'robot1', 'fragment': {'id': 'f3-5', 'mission': 'm3', 'state': 'assigned', 'wait': ['m3/s2/pick'], 'tasks': [{'name': 'scan', 'params': {'x': 2, 'y': 3}}], 'arrive_timestamp': 1787686349, 'priority': 1, 'segment': 's2', 'preconditions': [], 'postconditions': []}}
[INFO] [1787686458.854282007] [robot2.fragment_exec_node]: Received fragment: {'robot': 'robot1', 'fragment': {'id': 'f3-6', 'mission': 'm3', 'state': 'assigned', 'wait': ['m3/s2/scan'], 'tasks': [{'name': 'transport', 'params': {'x': 11, 'y': 6}}], 'arrive_timestamp': 1787686349, 'priority': 1, 'segment': 's2', 'preconditions': ['picked-o2-3'], 'postconditions': []}}
[INFO] [1787686473.290771845] [robot2.fragment_exec_node]: Navigation completed!
[INFO] [1787686473.293986789] [robot2.fragment_exec_node]: EventType: Control (Task: pick), Activity: navigate, Robot: robot2, Mission: m3, Segment: s3, End: 12490.100942313
[INFO] [1787686473.295747501] [robot2.fragment_exec_node]: EventType: Task, Activity: pick, Robot: robot2, Mission: m3, Segment: s3, Start: 12490.103471734
[INFO] [1787686473.297336393] [robot2.fragment_exec_node]: Simulating pick skill...
[INFO] [1787686475.299101067] [robot2.fragment_exec_node]: Pick completed!
[INFO] [1787686475.299925682] [robot2.fragment_exec_node]: EventType: Task, Activity: pick, Robot: robot2, Mission: m3, Segment: s3, End: 12492.108289625
[INFO] [1787686475.300925245] [robot2.fragment_exec_node]: Execution of fragment f3-7 completed!
[INFO] [1787686475.855997828] [robot2.fragment_exec_node]: Received fragment: {'robot': 'robot2', 'fragment': {'id': 'f3-8', 'mission': 'm3', 'state': 'assigned', 'wait': ['m3/s3/pick'], 'tasks': [{'name': 'scan', 'params': {'x': 1, 'y': 9}}], 'arrive_timestamp': 1787686349, 'priority': 1, 'segment': 's3', 'preconditions': [], 'postconditions': []}}
[INFO] [1787686475.857328118] [robot2.fragment_exec_node]: Received fragment assignment: f3-8. Starting execution.
[INFO] [1787686475.858990536] [robot2.fragment_exec_node]: Waiting for coordination messages before executing fragment f3-8: ['m3/s3/pick']
[INFO] [1787686477.863296691] [robot2.fragment_exec_node]: Executing task scan. Params: {'x': 1, 'y': 9}, Virtual state: {'position': {'x': 1, 'y': 9, 'z': 0.0}, 'docked': False, 'battery': 100.0, 'conditions': ['picked-o1-2', 'picked-o1-3', 'picked-o3-3']}
[INFO] [1787686477.864474065] [robot2.fragment_exec_node]: EventType: Task, Activity: scan, Robot: robot2, Mission: m3, Segment: s3, Start: 12494.672621808
[INFO] [1787686477.865271035] [robot2.fragment_exec_node]: Simulating scan skill...
[INFO] [1787686480.867251622] [robot2.fragment_exec_node]: Scan completed!
[INFO] [1787686480.868307178] [robot2.fragment_exec_node]: EventType: Task, Activity: scan, Robot: robot2, Mission: m3, Segment: s3, End: 12497.676555886
[INFO] [1787686480.869578051] [robot2.fragment_exec_node]: Execution of fragment f3-8 completed!
[INFO] [1787686481.880991150] [robot2.fragment_exec_node]: Received fragment: {'robot': 'robot2', 'fragment': {'id': 'f3-9', 'mission': 'm3', 'state': 'assigned', 'wait': ['m3/s3/scan'], 'tasks': [{'name': 'transport', 'params': {'x': 11, 'y': 6}}], 'arrive_timestamp': 1787686349, 'priority': 1, 'segment': 's3', 'preconditions': ['picked-o3-3'], 'postconditions': []}}
[INFO] [1787686481.881805720] [robot2.fragment_exec_node]: Received fragment assignment: f3-9. Starting execution.
[INFO] [1787686481.882662534] [robot2.fragment_exec_node]: Waiting for coordination messages before executing fragment f3-9: ['m3/s3/scan']
[INFO] [1787686483.887959185] [robot2.fragment_exec_node]: Executing task transport. Params: {'x': 11, 'y': 6}, Virtual state: {'position': {'x': 1, 'y': 9, 'z': 0.0}, 'docked': False, 'battery': 100.0, 'conditions': ['picked-o1-2', 'picked-o1-3', 'picked-o3-3']}
[INFO] [1787686483.890980697] [robot2.fragment_exec_node]: EventType: Control (Task: transport), Activity: navigate, Robot: robot2, Mission: m3, Segment: s3, Start: 12500.697818408
[INFO] [1787686483.893245358] [robot2.fragment_exec_node]: Simulating navigate skill from position (1, 9) to (11, 6) (22.360679774997898 seconds)...
[INFO] [1787686488.857006098] [robot2.fragment_exec_node]: Received fragment: {'robot': 'robot1', 'fragment': {'id': 'f4-1', 'mission': 'm4', 'state': 'assigned', 'wait': [], 'tasks': [{'name': 'pick', 'params': {'weight': 5, 'x': 2, 'y': 8}}], 'arrive_timestamp': 1787686350, 'priority': 1, 'segment': 's1', 'preconditions': [], 'postconditions': ['picked-o1-4']}}
[INFO] [1787686506.256076638] [robot2.fragment_exec_node]: Navigation completed!
[INFO] [1787686506.256913807] [robot2.fragment_exec_node]: EventType: Control (Task: transport), Activity: navigate, Robot: robot2, Mission: m3, Segment: s3, End: 12523.065146368
[INFO] [1787686506.257724283] [robot2.fragment_exec_node]: EventType: Task, Activity: transport, Robot: robot2, Mission: m3, Segment: s3, Start: 12523.065835122
[INFO] [1787686506.258326471] [robot2.fragment_exec_node]: Simulating navigate skill from position (11, 6) to (11, 6) (10.0 seconds)...
[INFO] [1787686513.853519602] [robot2.fragment_exec_node]: Received fragment: {'robot': 'robot1', 'fragment': {'id': 'f4-2', 'mission': 'm4', 'state': 'assigned', 'wait': ['m4/s1/pick'], 'tasks': [{'name': 'scan', 'params': {'x': 2, 'y': 8}}], 'arrive_timestamp': 1787686350, 'priority': 1, 'segment': 's1', 'preconditions': [], 'postconditions': []}}
[INFO] [1787686516.261108233] [robot2.fragment_exec_node]: Navigation completed!
[INFO] [1787686516.263063102] [robot2.fragment_exec_node]: EventType: Task, Activity: transport, Robot: robot2, Mission: m3, Segment: s3, End: 12533.070448396
[INFO] [1787686516.266074003] [robot2.fragment_exec_node]: Execution of fragment f3-9 completed!
[INFO] [1787686516.845739031] [robot2.fragment_exec_node]: Received fragment: {'robot': 'robot2', 'fragment': {'id': 'f3-10', 'mission': 'm3', 'state': 'assigned', 'wait': ['m3/s1/transport', 'm3/s2/transport', 'm3/s3/transport'], 'tasks': [{'name': 'pack', 'params': {'x': 2, 'y': 3, 'items': 3}}], 'arrive_timestamp': 1787686349, 'priority': 1, 'segment': '', 'preconditions': [], 'postconditions': []}}
[INFO] [1787686516.847069088] [robot2.fragment_exec_node]: Received fragment assignment: f3-10. Starting execution.
[INFO] [1787686516.848008930] [robot2.fragment_exec_node]: Waiting for coordination messages before executing fragment f3-10: ['m3/s1/transport', 'm3/s2/transport', 'm3/s3/transport']
[INFO] [1787686518.853140711] [robot2.fragment_exec_node]: Executing task pack. Params: {'x': 2, 'y': 3, 'items': 3}, Virtual state: {'position': {'x': 11, 'y': 6, 'z': 0.0}, 'docked': False, 'battery': 100.0, 'conditions': ['picked-o1-2', 'picked-o1-3', 'picked-o3-3']}
[INFO] [1787686518.855085940] [robot2.fragment_exec_node]: EventType: Control (Task: pack), Activity: navigate, Robot: robot2, Mission: m3, Segment: , Start: 12535.662662719
[INFO] [1787686518.856644382] [robot2.fragment_exec_node]: Simulating navigate skill from position (11, 6) to (2, 3) (24.08318915758459 seconds)...
[INFO] [1787686519.849556079] [robot2.fragment_exec_node]: Received fragment: {'robot': 'robot1', 'fragment': {'id': 'f4-3', 'mission': 'm4', 'state': 'assigned', 'wait': ['m4/s1/scan'], 'tasks': [{'name': 'transport', 'params': {'x': 11, 'y': 6}}], 'arrive_timestamp': 1787686350, 'priority': 1, 'segment': 's1', 'preconditions': ['picked-o1-4'], 'postconditions': []}}
[INFO] [1787686542.943107938] [robot2.fragment_exec_node]: Navigation completed!
[INFO] [1787686542.946069607] [robot2.fragment_exec_node]: EventType: Control (Task: pack), Activity: navigate, Robot: robot2, Mission: m3, Segment: , End: 12559.7537428
[INFO] [1787686542.948456140] [robot2.fragment_exec_node]: EventType: Task, Activity: pack, Robot: robot2, Mission: m3, Segment: , Start: 12559.75647461
[INFO] [1787686542.950809670] [robot2.fragment_exec_node]: Simulating pack skill...
[INFO] [1787686551.848444622] [robot2.fragment_exec_node]: Received fragment: {'robot': 'robot1', 'fragment': {'id': 'f4-4', 'mission': 'm4', 'state': 'assigned', 'wait': [], 'tasks': [{'name': 'pick', 'params': {'weight': 7, 'x': 10, 'y': 4}}], 'arrive_timestamp': 1787686350, 'priority': 1, 'segment': 's2', 'preconditions': [], 'postconditions': ['picked-o2-4']}}
[INFO] [1787686560.953750767] [robot2.fragment_exec_node]: Packing completed!
[INFO] [1787686560.955238318] [robot2.fragment_exec_node]: EventType: Task, Activity: pack, Robot: robot2, Mission: m3, Segment: , End: 12577.763258197
[INFO] [1787686560.957052661] [robot2.fragment_exec_node]: Execution of fragment f3-10 completed!
[INFO] [1787686561.851935714] [robot2.fragment_exec_node]: Received fragment: {'robot': 'robot2', 'fragment': {'id': 'f4-7', 'mission': 'm4', 'state': 'assigned', 'wait': [], 'tasks': [{'name': 'pick', 'params': {'weight': 2, 'x': 9, 'y': 1}}], 'arrive_timestamp': 1787686350, 'priority': 1, 'segment': 's3', 'preconditions': [], 'postconditions': ['picked-o3-4']}}
[INFO] [1787686561.852930961] [robot2.fragment_exec_node]: Received fragment assignment: f4-7. Starting execution.
[INFO] [1787686561.854060860] [robot2.fragment_exec_node]: Executing task pick. Params: {'weight': 2, 'x': 9, 'y': 1}, Virtual state: {'position': {'x': 2, 'y': 3, 'z': 0.0}, 'docked': False, 'battery': 100.0, 'conditions': ['picked-o1-2', 'picked-o1-3', 'picked-o3-3']}
[INFO] [1787686561.854822833] [robot2.fragment_exec_node]: EventType: Control (Task: pick), Activity: navigate, Robot: robot2, Mission: m4, Segment: s3, Start: 12578.663215682
[INFO] [1787686561.855648141] [robot2.fragment_exec_node]: Simulating navigate skill from position (2, 3) to (9, 1) (14.142135623730951 seconds)...
[INFO] [1787686573.856698049] [robot2.fragment_exec_node]: Received fragment: {'robot': 'robot1', 'fragment': {'id': 'f4-5', 'mission': 'm4', 'state': 'assigned', 'wait': ['m4/s2/pick'], 'tasks': [{'name': 'scan', 'params': {'x': 10, 'y': 4}}], 'arrive_timestamp': 1787686350, 'priority': 1, 'segment': 's2', 'preconditions': [], 'postconditions': []}}
[INFO] [1787686576.001297740] [robot2.fragment_exec_node]: Navigation completed!
[INFO] [1787686576.003878947] [robot2.fragment_exec_node]: EventType: Control (Task: pick), Activity: navigate, Robot: robot2, Mission: m4, Segment: s3, End: 12592.811353625
[INFO] [1787686576.005730908] [robot2.fragment_exec_node]: EventType: Task, Activity: pick, Robot: robot2, Mission: m4, Segment: s3, Start: 12592.813372341
[INFO] [1787686576.007235217] [robot2.fragment_exec_node]: Simulating pick skill...
[INFO] [1787686578.016314767] [robot2.fragment_exec_node]: Pick completed!
[INFO] [1787686578.018280102] [robot2.fragment_exec_node]: EventType: Task, Activity: pick, Robot: robot2, Mission: m4, Segment: s3, End: 12594.825972709
[INFO] [1787686578.020653199] [robot2.fragment_exec_node]: Execution of fragment f4-7 completed!
[INFO] [1787686578.851807012] [robot2.fragment_exec_node]: Received fragment: {'robot': 'robot2', 'fragment': {'id': 'f4-8', 'mission': 'm4', 'state': 'assigned', 'wait': ['m4/s3/pick'], 'tasks': [{'name': 'scan', 'params': {'x': 9, 'y': 1}}], 'arrive_timestamp': 1787686350, 'priority': 1, 'segment': 's3', 'preconditions': [], 'postconditions': []}}
[INFO] [1787686578.852640153] [robot2.fragment_exec_node]: Received fragment assignment: f4-8. Starting execution.
[INFO] [1787686578.853794824] [robot2.fragment_exec_node]: Executing task scan. Params: {'x': 9, 'y': 1}, Virtual state: {'position': {'x': 9, 'y': 1, 'z': 0.0}, 'docked': False, 'battery': 100.0, 'conditions': ['picked-o1-2', 'picked-o1-3', 'picked-o3-3', 'picked-o3-4']}
[INFO] [1787686578.854477696] [robot2.fragment_exec_node]: EventType: Task, Activity: scan, Robot: robot2, Mission: m4, Segment: s3, Start: 12595.662867145
[INFO] [1787686578.855048511] [robot2.fragment_exec_node]: Simulating scan skill...
[INFO] [1787686579.895192005] [robot2.fragment_exec_node]: Received fragment: {'robot': 'robot1', 'fragment': {'id': 'f4-6', 'mission': 'm4', 'state': 'assigned', 'wait': ['m4/s2/scan'], 'tasks': [{'name': 'transport', 'params': {'x': 11, 'y': 6}}], 'arrive_timestamp': 1787686350, 'priority': 1, 'segment': 's2', 'preconditions': ['picked-o2-4'], 'postconditions': []}}
[INFO] [1787686581.857299962] [robot2.fragment_exec_node]: Scan completed!
[INFO] [1787686581.858118149] [robot2.fragment_exec_node]: EventType: Task, Activity: scan, Robot: robot2, Mission: m4, Segment: s3, End: 12598.66647057
[INFO] [1787686581.859041560] [robot2.fragment_exec_node]: Execution of fragment f4-8 completed!
[INFO] [1787686582.855267381] [robot2.fragment_exec_node]: Received fragment: {'robot': 'robot2', 'fragment': {'id': 'f4-9', 'mission': 'm4', 'state': 'assigned', 'wait': ['m4/s3/scan'], 'tasks': [{'name': 'transport', 'params': {'x': 11, 'y': 6}}], 'arrive_timestamp': 1787686350, 'priority': 1, 'segment': 's3', 'preconditions': ['picked-o3-4'], 'postconditions': []}}
[INFO] [1787686582.856705008] [robot2.fragment_exec_node]: Received fragment assignment: f4-9. Starting execution.
[INFO] [1787686582.858795366] [robot2.fragment_exec_node]: Executing task transport. Params: {'x': 11, 'y': 6}, Virtual state: {'position': {'x': 9, 'y': 1, 'z': 0.0}, 'docked': False, 'battery': 100.0, 'conditions': ['picked-o1-2', 'picked-o1-3', 'picked-o3-3', 'picked-o3-4']}
[INFO] [1787686582.860210287] [robot2.fragment_exec_node]: EventType: Control (Task: transport), Activity: navigate, Robot: robot2, Mission: m4, Segment: s3, Start: 12599.668204396
[INFO] [1787686582.861612804] [robot2.fragment_exec_node]: Simulating navigate skill from position (9, 1) to (11, 6) (7.211102550927978 seconds)...
[INFO] [1787686590.073930199] [robot2.fragment_exec_node]: Navigation completed!
[INFO] [1787686590.074873298] [robot2.fragment_exec_node]: EventType: Control (Task: transport), Activity: navigate, Robot: robot2, Mission: m4, Segment: s3, End: 12606.88354088
[INFO] [1787686590.075975544] [robot2.fragment_exec_node]: EventType: Task, Activity: transport, Robot: robot2, Mission: m4, Segment: s3, Start: 12606.884650044
[INFO] [1787686590.076709616] [robot2.fragment_exec_node]: Simulating navigate skill from position (11, 6) to (11, 6) (10.0 seconds)...
[INFO] [1787686600.078792428] [robot2.fragment_exec_node]: Navigation completed!
[INFO] [1787686600.079630167] [robot2.fragment_exec_node]: EventType: Task, Activity: transport, Robot: robot2, Mission: m4, Segment: s3, End: 12616.888365427
[INFO] [1787686600.080623529] [robot2.fragment_exec_node]: Execution of fragment f4-9 completed!
[INFO] [1787686600.899124984] [robot2.fragment_exec_node]: Received fragment: {'robot': 'robot1', 'fragment': {'id': "f4-10'", 'mission': 'm4', 'state': 'assigned', 'wait': [], 'tasks': [{'name': 'pick', 'params': {'weight': 1, 'x': 2, 'y': 4}}], 'arrive_timestamp': 1787686350, 'priority': 1, 'segment': 's4', 'preconditions': [], 'postconditions': ['picked-o4-4']}}
[INFO] [1787686624.849770877] [robot2.fragment_exec_node]: Received fragment: {'robot': 'robot1', 'fragment': {'id': 'f4-11', 'mission': 'm4', 'state': 'assigned', 'wait': ['m4/s4/pick'], 'tasks': [{'name': 'scan', 'params': {'x': 2, 'y': 4}}], 'arrive_timestamp': 1787686350, 'priority': 1, 'segment': 's4', 'preconditions': [], 'postconditions': []}}
[INFO] [1787686630.856871022] [robot2.fragment_exec_node]: Received fragment: {'robot': 'robot1', 'fragment': {'id': 'f4-12', 'mission': 'm4', 'state': 'assigned', 'wait': ['m4/s4/scan'], 'tasks': [{'name': 'transport', 'params': {'x': 11, 'y': 6}}], 'arrive_timestamp': 1787686350, 'priority': 1, 'segment': 's4', 'preconditions': ['picked-o4-4'], 'postconditions': []}}
[INFO] [1787686660.870485224] [robot2.fragment_exec_node]: Received fragment: {'robot': 'robot1', 'fragment': {'id': 'f4-13', 'mission': 'm4', 'state': 'assigned', 'wait': ['m4/s1/transport', 'm4/s2/transport', 'm4/s3/transport', 'm4/s4/transport'], 'tasks': [{'name': 'pack', 'params': {'x': 11, 'y': 6, 'items': 4}}], 'arrive_timestamp': 1787686350, 'priority': 1, 'segment': '', 'preconditions': [], 'postconditions': []}}
Traceback (most recent call last):
  File "/root/ros2_ws/install/multi3_executor/lib/multi3_executor/executor", line 33, in <module>
    sys.exit(load_entry_point('multi3-executor==0.0.0', 'console_scripts', 'executor')())
  File "/root/ros2_ws/install/multi3_executor/lib/python3.10/site-packages/multi3_executor/nodes/executor.py", line 236, in main
    rclpy.shutdown()
  File "/opt/ros/humble/local/lib/python3.10/dist-packages/rclpy/__init__.py", line 130, in shutdown
    _shutdown(context=context)
  File "/opt/ros/humble/local/lib/python3.10/dist-packages/rclpy/utilities.py", line 58, in shutdown
    return context.shutdown()
  File "/opt/ros/humble/local/lib/python3.10/dist-packages/rclpy/context.py", line 102, in shutdown
    self.__context.shutdown()
rclpy._rclpy_pybind11.RCLError: failed to shutdown: rcl_shutdown already called on the given context, at ./src/rcl/init.c:241
