=== Test: spec: robots=6, missions=[1, 2, 3], strategy=baseline


--- coordinator.log ---
[INFO] [1787696019.878144533] [multi3_coordinator_node]: Assignment strategy parameter: baseline
[INFO] [1787696019.878950570] [multi3_coordinator_node]: Using assignment strategy: baseline
[INFO] [1787696019.884435181] [multi3_coordinator_node]: Coordinator node started.
[INFO] [1787696022.958096575] [multi3_coordinator_node]: Received new robot info: {'name': 'robot1', 'operational_state': 'idle', 'capabilities': ['pick', 'scan', 'transport', 'pack'], 'state': {'position': {'x': 0.0, 'y': 0.0, 'z': 0.0}, 'docked': True, 'battery': 100.0, 'conditions': []}, 'last_heartbeat': 1787696022}
[INFO] [1787696025.273413035] [multi3_coordinator_node]: Received new robot info: {'name': 'robot2', 'operational_state': 'idle', 'capabilities': ['pick', 'scan', 'transport', 'pack'], 'state': {'position': {'x': 0.0, 'y': 0.0, 'z': 0.0}, 'docked': True, 'battery': 100.0, 'conditions': []}, 'last_heartbeat': 1787696025}
[INFO] [1787696027.296828204] [multi3_coordinator_node]: Received new robot info: {'name': 'robot3', 'operational_state': 'idle', 'capabilities': ['pick', 'scan', 'transport', 'pack'], 'state': {'position': {'x': 0.0, 'y': 0.0, 'z': 0.0}, 'docked': True, 'battery': 100.0, 'conditions': []}, 'last_heartbeat': 1787696027}
[INFO] [1787696029.296440993] [multi3_coordinator_node]: Received new robot info: {'name': 'robot4', 'operational_state': 'idle', 'capabilities': ['pick', 'scan', 'transport', 'pack'], 'state': {'position': {'x': 0.0, 'y': 0.0, 'z': 0.0}, 'docked': True, 'battery': 100.0, 'conditions': []}, 'last_heartbeat': 1787696029}
[INFO] [1787696031.286781853] [multi3_coordinator_node]: Received new robot info: {'name': 'robot5', 'operational_state': 'idle', 'capabilities': ['pick', 'scan', 'transport', 'pack'], 'state': {'position': {'x': 0.0, 'y': 0.0, 'z': 0.0}, 'docked': True, 'battery': 100.0, 'conditions': []}, 'last_heartbeat': 1787696031}
[INFO] [1787696033.315445459] [multi3_coordinator_node]: Received new robot info: {'name': 'robot6', 'operational_state': 'idle', 'capabilities': ['pick', 'scan', 'transport', 'pack'], 'state': {'position': {'x': 0.0, 'y': 0.0, 'z': 0.0}, 'docked': True, 'battery': 100.0, 'conditions': []}, 'last_heartbeat': 1787696033}
[INFO] [1787696034.921476432] [multi3_coordinator_node]: Received mission: {'mission': 'm1', 'priority': 1, 'fragments': [{'id': 'f1-1', 'wait': [], 'tasks': [{'name': 'pick', 'params': {'x': 5, 'y': 8, 'weight': 8}}], 'postconditions': ['picked-o1-1'], 'segment': 's1'}, {'id': 'f1-2', 'wait': ['m1/s1/pick'], 'tasks': [{'name': 'scan', 'params': {'x': 5, 'y': 8}}], 'segment': 's1'}, {'id': 'f1-3', 'wait': ['m1/s1/scan'], 'tasks': [{'name': 'transport', 'params': {'x': 11, 'y': 6}}], 'preconditions': ['picked-o1-1'], 'segment': 's1'}, {'id': 'f1-4', 'wait': ['m1/s1/transport'], 'tasks': [{'name': 'pack', 'params': {'x': 11, 'y': 6, 'items': 1}}], 'segment': ''}]}
[INFO] [1787696034.923280584] [multi3_coordinator_node]: Fragment f1-1 is now executable because all signal messages were received.
[INFO] [1787696035.732624210] [multi3_coordinator_node]: Received mission: {'mission': 'm2', 'priority': 1, 'fragments': [{'id': 'f2-1', 'wait': [], 'tasks': [{'name': 'pick', 'params': {'weight': 5, 'x': 2, 'y': 3}}], 'postconditions': ['picked-o1-2'], 'segment': 's1'}, {'id': 'f2-2', 'wait': ['m2/s1/pick'], 'tasks': [{'name': 'scan', 'params': {'x': 2, 'y': 3}}], 'segment': 's1'}, {'id': 'f2-3', 'wait': ['m2/s1/scan'], 'tasks': [{'name': 'transport', 'params': {'x': 11, 'y': 6}}], 'segment': 's1'}, {'id': 'f2-4', 'wait': [], 'tasks': [{'name': 'pick', 'params': {'weight': 7, 'x': 9, 'y': 5}}], 'postconditions': ['picked-o2-2'], 'segment': 's2'}, {'id': 'f2-5', 'wait': ['m2/s2/pick'], 'tasks': [{'name': 'scan', 'params': {'x': 9, 'y': 5}}], 'segment': 's2'}, {'id': 'f2-6', 'wait': ['m2/s2/scan'], 'tasks': [{'name': 'transport', 'params': {'x': 11, 'y': 6}}], 'preconditions': ['picked-o2-2'], 'segment': 's2'}, {'id': 'f2-7', 'wait': ['m2/s1/transport', 'm2/s2/transport'], 'tasks': [{'name': 'pack', 'params': {'x': 11, 'y': 6, 'items': 2}}], 'segment': ''}]}
[INFO] [1787696035.734427834] [multi3_coordinator_node]: Fragment f2-1 is now executable because all signal messages were received.
[INFO] [1787696035.736468384] [multi3_coordinator_node]: Fragment f2-4 is now executable because all signal messages were received.
[INFO] [1787696036.549629378] [multi3_coordinator_node]: Received mission: {'mission': 'm3', 'priority': 1, 'fragments': [{'id': 'f3-1', 'wait': [], 'tasks': [{'name': 'pick', 'params': {'weight': 3, 'x': 7, 'y': 3}}], 'postconditions': ['picked-o1-3'], 'segment': 's1'}, {'id': 'f3-2', 'wait': ['m3/s1/pick'], 'tasks': [{'name': 'scan', 'params': {'x': 7, 'y': 3}}], 'segment': 's1'}, {'id': 'f3-3', 'wait': ['m3/s1/scan'], 'tasks': [{'name': 'transport', 'params': {'x': 11, 'y': 6}}], 'preconditions': ['picked-o1-3'], 'segment': 's1'}, {'id': 'f3-4', 'wait': [], 'tasks': [{'name': 'pick', 'params': {'weight': 5, 'x': 2, 'y': 3}}], 'postconditions': ['picked-o2-3'], 'segment': 's2'}, {'id': 'f3-5', 'wait': ['m3/s2/pick'], 'tasks': [{'name': 'scan', 'params': {'x': 2, 'y': 3}}], 'segment': 's2'}, {'id': 'f3-6', 'wait': ['m3/s2/scan'], 'tasks': [{'name': 'transport', 'params': {'x': 11, 'y': 6}}], 'preconditions': ['picked-o2-3'], 'segment': 's2'}, {'id': 'f3-7', 'wait': [], 'tasks': [{'name': 'pick', 'params': {'weight': 2, 'x': 1, 'y': 9}}], 'postconditions': ['picked-o3-3'], 'segment': 's3'}, {'id': 'f3-8', 'wait': ['m3/s3/pick'], 'tasks': [{'name': 'scan', 'params': {'x': 1, 'y': 9}}], 'segment': 's3'}, {'id': 'f3-9', 'wait': ['m3/s3/scan'], 'tasks': [{'name': 'transport', 'params': {'x': 11, 'y': 6}}], 'preconditions': ['picked-o3-3'], 'segment': 's3'}, {'id': 'f3-10', 'wait': ['m3/s1/transport', 'm3/s2/transport', 'm3/s3/transport'], 'tasks': [{'name': 'pack', 'params': {'x': 2, 'y': 3, 'items': 3}}], 'segment': ''}]}
[INFO] [1787696036.551510745] [multi3_coordinator_node]: Fragment f3-1 is now executable because all signal messages were received.
[INFO] [1787696036.553233011] [multi3_coordinator_node]: Fragment f3-4 is now executable because all signal messages were received.
[INFO] [1787696036.555049810] [multi3_coordinator_node]: Fragment f3-7 is now executable because all signal messages were received.
[INFO] [1787696036.865164460] [multi3_coordinator_node]: Execution start signal received. Starting fragment assignment.
[INFO] [1787696037.873316658] [multi3_coordinator_node]: Assigned fragment f1-1 to robot robot3.
[INFO] [1787696037.877770853] [multi3_coordinator_node]: Assigned fragment f2-1 to robot robot1.
[INFO] [1787696037.883841560] [multi3_coordinator_node]: Assigned fragment f2-4 to robot robot4.
[INFO] [1787696037.885689501] [multi3_coordinator_node]: Assigned fragment f3-1 to robot robot5.
[INFO] [1787696037.888498534] [multi3_coordinator_node]: Assigned fragment f3-4 to robot robot6.
[INFO] [1787696037.890353115] [multi3_coordinator_node]: Assigned fragment f3-7 to robot robot2.
[INFO] [1787696037.893044358] [multi3_coordinator_node]: Received robot state update: {'operational_state': 'working', 'current_assigned_fragment': 'f1-1', 'conditions': [], 'state': {'position': {'x': 0.0, 'y': 0.0, 'z': 0.0}, 'docked': True, 'battery': 100.0, 'conditions': []}}
[INFO] [1787696037.900305229] [multi3_coordinator_node]: Received robot state update: {'operational_state': 'working', 'current_assigned_fragment': 'f2-4', 'conditions': [], 'state': {'position': {'x': 0.0, 'y': 0.0, 'z': 0.0}, 'docked': True, 'battery': 100.0, 'conditions': []}}
[INFO] [1787696037.906707721] [multi3_coordinator_node]: Received robot state update: {'operational_state': 'working', 'current_assigned_fragment': 'f3-4', 'conditions': [], 'state': {'position': {'x': 0.0, 'y': 0.0, 'z': 0.0}, 'docked': True, 'battery': 100.0, 'conditions': []}}
[INFO] [1787696037.910711340] [multi3_coordinator_node]: Received robot state update: {'operational_state': 'working', 'current_assigned_fragment': 'f3-1', 'conditions': [], 'state': {'position': {'x': 0.0, 'y': 0.0, 'z': 0.0}, 'docked': True, 'battery': 100.0, 'conditions': []}}
[INFO] [1787696037.911842318] [multi3_coordinator_node]: Received robot state update: {'operational_state': 'working', 'current_assigned_fragment': 'f2-1', 'conditions': [], 'state': {'position': {'x': 0.0, 'y': 0.0, 'z': 0.0}, 'docked': True, 'battery': 100.0, 'conditions': []}}
[INFO] [1787696037.913076823] [multi3_coordinator_node]: Received robot state update: {'operational_state': 'working', 'current_assigned_fragment': 'f3-7', 'conditions': [], 'state': {'position': {'x': 0.0, 'y': 0.0, 'z': 0.0}, 'docked': True, 'battery': 100.0, 'conditions': []}}
[INFO] [1787696054.150023873] [multi3_coordinator_node]: Fragment f3-5 is now executable because all signal messages were received.
[INFO] [1787696054.152402227] [multi3_coordinator_node]: Received coordination message: {'robot_name': 'robot6', 'completed_task': 'm3/s2/pick'}
[INFO] [1787696054.154604893] [multi3_coordinator_node]: Received robot state update: {'operational_state': 'idle', 'current_assigned_fragment': None, 'conditions': ['picked-o2-3'], 'state': {'position': {'x': 2, 'y': 3, 'z': 0.0}, 'docked': False, 'battery': 100.0, 'conditions': ['picked-o2-3']}}
[INFO] [1787696054.156572120] [multi3_coordinator_node]: Received coordination message: {'robot_name': 'robot6', 'completed_fragment': 'f3-4', 'state': {'position': {'x': 2, 'y': 3, 'z': 0.0}, 'docked': False, 'battery': 100.0, 'conditions': ['picked-o2-3']}}
[INFO] [1787696054.159392003] [multi3_coordinator_node]: Received robot state update: {'operational_state': 'idle', 'current_assigned_fragment': None, 'conditions': ['picked-o1-2'], 'state': {'position': {'x': 2, 'y': 3, 'z': 0.0}, 'docked': False, 'battery': 100.0, 'conditions': ['picked-o1-2']}}
[INFO] [1787696054.161272280] [multi3_coordinator_node]: Fragment f2-2 is now executable because all signal messages were received.
[INFO] [1787696054.163367944] [multi3_coordinator_node]: Received coordination message: {'robot_name': 'robot1', 'completed_task': 'm2/s1/pick'}
[INFO] [1787696054.166047910] [multi3_coordinator_node]: Received coordination message: {'robot_name': 'robot1', 'completed_fragment': 'f2-1', 'state': {'position': {'x': 2, 'y': 3, 'z': 0.0}, 'docked': False, 'battery': 100.0, 'conditions': ['picked-o1-2']}}
[INFO] [1787696054.872003308] [multi3_coordinator_node]: Assigned fragment f2-2 to robot robot1.
[INFO] [1787696054.875059723] [multi3_coordinator_node]: Assigned fragment f3-5 to robot robot6.
[INFO] [1787696054.888195053] [multi3_coordinator_node]: Received robot state update: {'operational_state': 'working', 'current_assigned_fragment': 'f3-5', 'conditions': ['picked-o2-3'], 'state': {'position': {'x': 2, 'y': 3, 'z': 0.0}, 'docked': False, 'battery': 100.0, 'conditions': ['picked-o2-3']}}
[INFO] [1787696054.891611098] [multi3_coordinator_node]: Received robot state update: {'operational_state': 'working', 'current_assigned_fragment': 'f2-2', 'conditions': ['picked-o1-2'], 'state': {'position': {'x': 2, 'y': 3, 'z': 0.0}, 'docked': False, 'battery': 100.0, 'conditions': ['picked-o1-2']}}
[INFO] [1787696059.906473374] [multi3_coordinator_node]: Fragment f3-6 is now executable because all signal messages were received.
[INFO] [1787696059.908056106] [multi3_coordinator_node]: Received coordination message: {'robot_name': 'robot6', 'completed_task': 'm3/s2/scan'}
[INFO] [1787696059.910109846] [multi3_coordinator_node]: Received robot state update: {'operational_state': 'idle', 'current_assigned_fragment': None, 'conditions': ['picked-o2-3'], 'state': {'position': {'x': 2, 'y': 3, 'z': 0.0}, 'docked': False, 'battery': 100.0, 'conditions': ['picked-o2-3']}}
[INFO] [1787696059.911398141] [multi3_coordinator_node]: Received coordination message: {'robot_name': 'robot6', 'completed_fragment': 'f3-5', 'state': {'position': {'x': 2, 'y': 3, 'z': 0.0}, 'docked': False, 'battery': 100.0, 'conditions': ['picked-o2-3']}}
[INFO] [1787696059.913119555] [multi3_coordinator_node]: Received robot state update: {'operational_state': 'idle', 'current_assigned_fragment': None, 'conditions': ['picked-o1-2'], 'state': {'position': {'x': 2, 'y': 3, 'z': 0.0}, 'docked': False, 'battery': 100.0, 'conditions': ['picked-o1-2']}}
[INFO] [1787696059.914170279] [multi3_coordinator_node]: Fragment f2-3 is now executable because all signal messages were received.
[INFO] [1787696059.915507192] [multi3_coordinator_node]: Received coordination message: {'robot_name': 'robot1', 'completed_task': 'm2/s1/scan'}
[INFO] [1787696059.916840637] [multi3_coordinator_node]: Received coordination message: {'robot_name': 'robot1', 'completed_fragment': 'f2-2', 'state': {'position': {'x': 2, 'y': 3, 'z': 0.0}, 'docked': False, 'battery': 100.0, 'conditions': ['picked-o1-2']}}
[INFO] [1787696060.170156090] [multi3_coordinator_node]: Fragment f3-2 is now executable because all signal messages were received.
[INFO] [1787696060.172156416] [multi3_coordinator_node]: Received coordination message: {'robot_name': 'robot5', 'completed_task': 'm3/s1/pick'}
[INFO] [1787696060.174808195] [multi3_coordinator_node]: Received robot state update: {'operational_state': 'idle', 'current_assigned_fragment': None, 'conditions': ['picked-o1-3'], 'state': {'position': {'x': 7, 'y': 3, 'z': 0.0}, 'docked': False, 'battery': 100.0, 'conditions': ['picked-o1-3']}}
[INFO] [1787696060.176731038] [multi3_coordinator_node]: Received coordination message: {'robot_name': 'robot5', 'completed_fragment': 'f3-1', 'state': {'position': {'x': 7, 'y': 3, 'z': 0.0}, 'docked': False, 'battery': 100.0, 'conditions': ['picked-o1-3']}}
[INFO] [1787696060.873642664] [multi3_coordinator_node]: Assigned fragment f2-3 to robot robot1.
[INFO] [1787696060.879036761] [multi3_coordinator_node]: Assigned fragment f3-2 to robot robot6.
[INFO] [1787696060.890302520] [multi3_coordinator_node]: Received robot state update: {'operational_state': 'working', 'current_assigned_fragment': 'f2-3', 'conditions': ['picked-o1-2'], 'state': {'position': {'x': 2, 'y': 3, 'z': 0.0}, 'docked': False, 'battery': 100.0, 'conditions': ['picked-o1-2']}}
[INFO] [1787696060.896215431] [multi3_coordinator_node]: Received robot state update: {'operational_state': 'working', 'current_assigned_fragment': 'f3-2', 'conditions': ['picked-o2-3'], 'state': {'position': {'x': 2, 'y': 3, 'z': 0.0}, 'docked': False, 'battery': 100.0, 'conditions': ['picked-o2-3']}}
[INFO] [1787696062.052846569] [multi3_coordinator_node]: Fragment f3-8 is now executable because all signal messages were received.
[INFO] [1787696062.054271639] [multi3_coordinator_node]: Received coordination message: {'robot_name': 'robot2', 'completed_task': 'm3/s3/pick'}
[INFO] [1787696062.056065244] [multi3_coordinator_node]: Received robot state update: {'operational_state': 'idle', 'current_assigned_fragment': None, 'conditions': ['picked-o3-3'], 'state': {'position': {'x': 1, 'y': 9, 'z': 0.0}, 'docked': False, 'battery': 100.0, 'conditions': ['picked-o3-3']}}
[INFO] [1787696062.056847855] [multi3_coordinator_node]: Received coordination message: {'robot_name': 'robot2', 'completed_fragment': 'f3-7', 'state': {'position': {'x': 1, 'y': 9, 'z': 0.0}, 'docked': False, 'battery': 100.0, 'conditions': ['picked-o3-3']}}
[INFO] [1787696062.869636052] [multi3_coordinator_node]: Assigned fragment f3-8 to robot robot2.
[INFO] [1787696062.878756169] [multi3_coordinator_node]: Received robot state update: {'operational_state': 'working', 'current_assigned_fragment': 'f3-8', 'conditions': ['picked-o3-3'], 'state': {'position': {'x': 1, 'y': 9, 'z': 0.0}, 'docked': False, 'battery': 100.0, 'conditions': ['picked-o3-3']}}
[INFO] [1787696067.907674039] [multi3_coordinator_node]: Fragment f3-9 is now executable because all signal messages were received.
[INFO] [1787696067.909298647] [multi3_coordinator_node]: Received coordination message: {'robot_name': 'robot2', 'completed_task': 'm3/s3/scan'}
[INFO] [1787696067.910869695] [multi3_coordinator_node]: Received robot state update: {'operational_state': 'idle', 'current_assigned_fragment': None, 'conditions': ['picked-o3-3'], 'state': {'position': {'x': 1, 'y': 9, 'z': 0.0}, 'docked': False, 'battery': 100.0, 'conditions': ['picked-o3-3']}}
[INFO] [1787696067.912015242] [multi3_coordinator_node]: Received coordination message: {'robot_name': 'robot2', 'completed_fragment': 'f3-8', 'state': {'position': {'x': 1, 'y': 9, 'z': 0.0}, 'docked': False, 'battery': 100.0, 'conditions': ['picked-o3-3']}}
[INFO] [1787696068.810642456] [multi3_coordinator_node]: Fragment f1-2 is now executable because all signal messages were received.
[INFO] [1787696068.812606815] [multi3_coordinator_node]: Received coordination message: {'robot_name': 'robot3', 'completed_task': 'm1/s1/pick'}
[INFO] [1787696068.815238266] [multi3_coordinator_node]: Received robot state update: {'operational_state': 'idle', 'current_assigned_fragment': None, 'conditions': ['picked-o1-1'], 'state': {'position': {'x': 5, 'y': 8, 'z': 0.0}, 'docked': False, 'battery': 100.0, 'conditions': ['picked-o1-1']}}
[INFO] [1787696068.816705435] [multi3_coordinator_node]: Received coordination message: {'robot_name': 'robot3', 'completed_fragment': 'f1-1', 'state': {'position': {'x': 5, 'y': 8, 'z': 0.0}, 'docked': False, 'battery': 100.0, 'conditions': ['picked-o1-1']}}
[INFO] [1787696068.872819444] [multi3_coordinator_node]: Assigned fragment f1-2 to robot robot3.
[INFO] [1787696068.876260164] [multi3_coordinator_node]: Assigned fragment f3-9 to robot robot2.
[INFO] [1787696068.890901990] [multi3_coordinator_node]: Received robot state update: {'operational_state': 'working', 'current_assigned_fragment': 'f1-2', 'conditions': ['picked-o1-1'], 'state': {'position': {'x': 5, 'y': 8, 'z': 0.0}, 'docked': False, 'battery': 100.0, 'conditions': ['picked-o1-1']}}
[INFO] [1787696068.896434879] [multi3_coordinator_node]: Received robot state update: {'operational_state': 'working', 'current_assigned_fragment': 'f3-9', 'conditions': ['picked-o3-3'], 'state': {'position': {'x': 1, 'y': 9, 'z': 0.0}, 'docked': False, 'battery': 100.0, 'conditions': ['picked-o3-3']}}
[INFO] [1787696069.528467848] [multi3_coordinator_node]: Fragment f2-5 is now executable because all signal messages were received.
[INFO] [1787696069.529347229] [multi3_coordinator_node]: Received coordination message: {'robot_name': 'robot4', 'completed_task': 'm2/s2/pick'}
[INFO] [1787696069.530841638] [multi3_coordinator_node]: Received robot state update: {'operational_state': 'idle', 'current_assigned_fragment': None, 'conditions': ['picked-o2-2'], 'state': {'position': {'x': 9, 'y': 5, 'z': 0.0}, 'docked': False, 'battery': 100.0, 'conditions': ['picked-o2-2']}}
[INFO] [1787696069.532001039] [multi3_coordinator_node]: Received coordination message: {'robot_name': 'robot4', 'completed_fragment': 'f2-4', 'state': {'position': {'x': 9, 'y': 5, 'z': 0.0}, 'docked': False, 'battery': 100.0, 'conditions': ['picked-o2-2']}}
[INFO] [1787696069.873412629] [multi3_coordinator_node]: Assigned fragment f2-5 to robot robot4.
[INFO] [1787696069.888098839] [multi3_coordinator_node]: Received robot state update: {'operational_state': 'working', 'current_assigned_fragment': 'f2-5', 'conditions': ['picked-o2-2'], 'state': {'position': {'x': 9, 'y': 5, 'z': 0.0}, 'docked': False, 'battery': 100.0, 'conditions': ['picked-o2-2']}}
[INFO] [1787696073.903331395] [multi3_coordinator_node]: Fragment f1-3 is now executable because all signal messages were received.
[INFO] [1787696073.904440537] [multi3_coordinator_node]: Received coordination message: {'robot_name': 'robot3', 'completed_task': 'm1/s1/scan'}
[INFO] [1787696073.906006126] [multi3_coordinator_node]: Received robot state update: {'operational_state': 'idle', 'current_assigned_fragment': None, 'conditions': ['picked-o1-1'], 'state': {'position': {'x': 5, 'y': 8, 'z': 0.0}, 'docked': False, 'battery': 100.0, 'conditions': ['picked-o1-1']}}
[INFO] [1787696073.907301416] [multi3_coordinator_node]: Received coordination message: {'robot_name': 'robot3', 'completed_fragment': 'f1-2', 'state': {'position': {'x': 5, 'y': 8, 'z': 0.0}, 'docked': False, 'battery': 100.0, 'conditions': ['picked-o1-1']}}
[INFO] [1787696074.873362677] [multi3_coordinator_node]: Assigned fragment f1-3 to robot robot3.
[INFO] [1787696074.888488032] [multi3_coordinator_node]: Received robot state update: {'operational_state': 'working', 'current_assigned_fragment': 'f1-3', 'conditions': ['picked-o1-1'], 'state': {'position': {'x': 5, 'y': 8, 'z': 0.0}, 'docked': False, 'battery': 100.0, 'conditions': ['picked-o1-1']}}
[INFO] [1787696074.915515880] [multi3_coordinator_node]: Fragment f2-6 is now executable because all signal messages were received.
[INFO] [1787696074.917340072] [multi3_coordinator_node]: Received coordination message: {'robot_name': 'robot4', 'completed_task': 'm2/s2/scan'}
[INFO] [1787696074.919572306] [multi3_coordinator_node]: Received robot state update: {'operational_state': 'idle', 'current_assigned_fragment': None, 'conditions': ['picked-o2-2'], 'state': {'position': {'x': 9, 'y': 5, 'z': 0.0}, 'docked': False, 'battery': 100.0, 'conditions': ['picked-o2-2']}}
[INFO] [1787696074.921180188] [multi3_coordinator_node]: Received coordination message: {'robot_name': 'robot4', 'completed_fragment': 'f2-5', 'state': {'position': {'x': 9, 'y': 5, 'z': 0.0}, 'docked': False, 'battery': 100.0, 'conditions': ['picked-o2-2']}}
[INFO] [1787696075.872478108] [multi3_coordinator_node]: Assigned fragment f2-6 to robot robot4.
[INFO] [1787696075.882170214] [multi3_coordinator_node]: Received robot state update: {'operational_state': 'working', 'current_assigned_fragment': 'f2-6', 'conditions': ['picked-o2-2'], 'state': {'position': {'x': 9, 'y': 5, 'z': 0.0}, 'docked': False, 'battery': 100.0, 'conditions': ['picked-o2-2']}}
[INFO] [1787696076.116474555] [multi3_coordinator_node]: Fragment f3-3 is now executable because all signal messages were received.
[INFO] [1787696076.118339850] [multi3_coordinator_node]: Received coordination message: {'robot_name': 'robot6', 'completed_task': 'm3/s1/scan'}
[INFO] [1787696076.120719121] [multi3_coordinator_node]: Received robot state update: {'operational_state': 'idle', 'current_assigned_fragment': None, 'conditions': ['picked-o2-3'], 'state': {'position': {'x': 7, 'y': 3, 'z': 0.0}, 'docked': False, 'battery': 100.0, 'conditions': ['picked-o2-3']}}
[INFO] [1787696076.122383643] [multi3_coordinator_node]: Received coordination message: {'robot_name': 'robot6', 'completed_fragment': 'f3-2', 'state': {'position': {'x': 7, 'y': 3, 'z': 0.0}, 'docked': False, 'battery': 100.0, 'conditions': ['picked-o2-3']}}
[INFO] [1787696076.873939524] [multi3_coordinator_node]: Assigned fragment f3-3 to robot robot5.
[INFO] [1787696076.877374550] [multi3_coordinator_node]: Assigned fragment f3-6 to robot robot6.
[INFO] [1787696076.892828884] [multi3_coordinator_node]: Received robot state update: {'operational_state': 'working', 'current_assigned_fragment': 'f3-3', 'conditions': ['picked-o1-3'], 'state': {'position': {'x': 7, 'y': 3, 'z': 0.0}, 'docked': False, 'battery': 100.0, 'conditions': ['picked-o1-3']}}
[INFO] [1787696076.895556440] [multi3_coordinator_node]: Received robot state update: {'operational_state': 'working', 'current_assigned_fragment': 'f3-6', 'conditions': ['picked-o2-3'], 'state': {'position': {'x': 7, 'y': 3, 'z': 0.0}, 'docked': False, 'battery': 100.0, 'conditions': ['picked-o2-3']}}
[INFO] [1787696092.619266263] [multi3_coordinator_node]: Received coordination message: {'robot_name': 'robot1', 'completed_task': 'm2/s1/transport'}
[INFO] [1787696092.622096593] [multi3_coordinator_node]: Received robot state update: {'operational_state': 'idle', 'current_assigned_fragment': None, 'conditions': ['picked-o1-2'], 'state': {'position': {'x': 11, 'y': 6, 'z': 0.0}, 'docked': False, 'battery': 100.0, 'conditions': ['picked-o1-2']}}
[INFO] [1787696092.624033365] [multi3_coordinator_node]: Received coordination message: {'robot_name': 'robot1', 'completed_fragment': 'f2-3', 'state': {'position': {'x': 11, 'y': 6, 'z': 0.0}, 'docked': False, 'battery': 100.0, 'conditions': ['picked-o1-2']}}
[INFO] [1787696095.135329869] [multi3_coordinator_node]: Fragment f2-7 is now executable because all signal messages were received.
[INFO] [1787696095.137219310] [multi3_coordinator_node]: Received coordination message: {'robot_name': 'robot4', 'completed_task': 'm2/s2/transport'}
[INFO] [1787696095.139635072] [multi3_coordinator_node]: Received robot state update: {'operational_state': 'idle', 'current_assigned_fragment': None, 'conditions': ['picked-o2-2'], 'state': {'position': {'x': 11, 'y': 6, 'z': 0.0}, 'docked': False, 'battery': 100.0, 'conditions': ['picked-o2-2']}}
[INFO] [1787696095.141710651] [multi3_coordinator_node]: Received coordination message: {'robot_name': 'robot4', 'completed_fragment': 'f2-6', 'state': {'position': {'x': 11, 'y': 6, 'z': 0.0}, 'docked': False, 'battery': 100.0, 'conditions': ['picked-o2-2']}}
[INFO] [1787696095.157089132] [multi3_coordinator_node]: Received coordination message: {'robot_name': 'robot6', 'completed_task': 'm3/s2/transport'}
[INFO] [1787696095.159281366] [multi3_coordinator_node]: Received robot state update: {'operational_state': 'idle', 'current_assigned_fragment': None, 'conditions': ['picked-o2-3'], 'state': {'position': {'x': 11, 'y': 6, 'z': 0.0}, 'docked': False, 'battery': 100.0, 'conditions': ['picked-o2-3']}}
[INFO] [1787696095.160768460] [multi3_coordinator_node]: Received coordination message: {'robot_name': 'robot6', 'completed_fragment': 'f3-6', 'state': {'position': {'x': 11, 'y': 6, 'z': 0.0}, 'docked': False, 'battery': 100.0, 'conditions': ['picked-o2-3']}}
[INFO] [1787696095.873523041] [multi3_coordinator_node]: Assigned fragment f2-7 to robot robot4.
[INFO] [1787696095.921671146] [multi3_coordinator_node]: Received robot state update: {'operational_state': 'working', 'current_assigned_fragment': 'f2-7', 'conditions': ['picked-o2-2'], 'state': {'position': {'x': 11, 'y': 6, 'z': 0.0}, 'docked': False, 'battery': 100.0, 'conditions': ['picked-o2-2']}}
[INFO] [1787696097.169936342] [multi3_coordinator_node]: Received coordination message: {'robot_name': 'robot5', 'completed_task': 'm3/s1/transport'}
[INFO] [1787696097.172775857] [multi3_coordinator_node]: Received robot state update: {'operational_state': 'idle', 'current_assigned_fragment': None, 'conditions': ['picked-o1-3'], 'state': {'position': {'x': 11, 'y': 6, 'z': 0.0}, 'docked': False, 'battery': 100.0, 'conditions': ['picked-o1-3']}}
[INFO] [1787696097.175107735] [multi3_coordinator_node]: Received coordination message: {'robot_name': 'robot5', 'completed_fragment': 'f3-3', 'state': {'position': {'x': 11, 'y': 6, 'z': 0.0}, 'docked': False, 'battery': 100.0, 'conditions': ['picked-o1-3']}}
[INFO] [1787696099.083160735] [multi3_coordinator_node]: Fragment f1-4 is now executable because all signal messages were received.
[INFO] [1787696099.085115000] [multi3_coordinator_node]: Received coordination message: {'robot_name': 'robot3', 'completed_task': 'm1/s1/transport'}
[INFO] [1787696099.087610014] [multi3_coordinator_node]: Received robot state update: {'operational_state': 'idle', 'current_assigned_fragment': None, 'conditions': ['picked-o1-1'], 'state': {'position': {'x': 11, 'y': 6, 'z': 0.0}, 'docked': False, 'battery': 100.0, 'conditions': ['picked-o1-1']}}
[INFO] [1787696099.089618558] [multi3_coordinator_node]: Received coordination message: {'robot_name': 'robot3', 'completed_fragment': 'f1-3', 'state': {'position': {'x': 11, 'y': 6, 'z': 0.0}, 'docked': False, 'battery': 100.0, 'conditions': ['picked-o1-1']}}
[INFO] [1787696099.869831900] [multi3_coordinator_node]: Assigned fragment f1-4 to robot robot3.
[INFO] [1787696099.884003887] [multi3_coordinator_node]: Received robot state update: {'operational_state': 'working', 'current_assigned_fragment': 'f1-4', 'conditions': ['picked-o1-1'], 'state': {'position': {'x': 11, 'y': 6, 'z': 0.0}, 'docked': False, 'battery': 100.0, 'conditions': ['picked-o1-1']}}
[INFO] [1787696103.285575092] [multi3_coordinator_node]: Fragment f3-10 is now executable because all signal messages were received.
[INFO] [1787696103.287108459] [multi3_coordinator_node]: Received coordination message: {'robot_name': 'robot2', 'completed_task': 'm3/s3/transport'}
[INFO] [1787696103.289498051] [multi3_coordinator_node]: Received robot state update: {'operational_state': 'idle', 'current_assigned_fragment': None, 'conditions': ['picked-o3-3'], 'state': {'position': {'x': 11, 'y': 6, 'z': 0.0}, 'docked': False, 'battery': 100.0, 'conditions': ['picked-o3-3']}}
[INFO] [1787696103.291666553] [multi3_coordinator_node]: Received coordination message: {'robot_name': 'robot2', 'completed_fragment': 'f3-9', 'state': {'position': {'x': 11, 'y': 6, 'z': 0.0}, 'docked': False, 'battery': 100.0, 'conditions': ['picked-o3-3']}}
[INFO] [1787696103.871106416] [multi3_coordinator_node]: Assigned fragment f3-10 to robot robot5.
[INFO] [1787696103.884940592] [multi3_coordinator_node]: Received robot state update: {'operational_state': 'working', 'current_assigned_fragment': 'f3-10', 'conditions': ['picked-o1-3'], 'state': {'position': {'x': 11, 'y': 6, 'z': 0.0}, 'docked': False, 'battery': 100.0, 'conditions': ['picked-o1-3']}}
[INFO] [1787696107.913569080] [multi3_coordinator_node]: Received coordination message: {'robot_name': 'robot3', 'completed_task': 'm1//pack'}
[INFO] [1787696107.915105390] [multi3_coordinator_node]: Received robot state update: {'operational_state': 'idle', 'current_assigned_fragment': None, 'conditions': ['picked-o1-1'], 'state': {'position': {'x': 11, 'y': 6, 'z': 0.0}, 'docked': False, 'battery': 100.0, 'conditions': ['picked-o1-1']}}
[INFO] [1787696107.916103147] [multi3_coordinator_node]: Received coordination message: {'robot_name': 'robot3', 'completed_fragment': 'f1-4', 'state': {'position': {'x': 11, 'y': 6, 'z': 0.0}, 'docked': False, 'battery': 100.0, 'conditions': ['picked-o1-1']}}
[INFO] [1787696107.927201477] [multi3_coordinator_node]: Received coordination message: {'robot_name': 'robot4', 'completed_task': 'm2//pack'}
[INFO] [1787696107.928574052] [multi3_coordinator_node]: Received robot state update: {'operational_state': 'idle', 'current_assigned_fragment': None, 'conditions': ['picked-o2-2'], 'state': {'position': {'x': 11, 'y': 6, 'z': 0.0}, 'docked': False, 'battery': 100.0, 'conditions': ['picked-o2-2']}}
[INFO] [1787696107.929547734] [multi3_coordinator_node]: Received coordination message: {'robot_name': 'robot4', 'completed_fragment': 'f2-7', 'state': {'position': {'x': 11, 'y': 6, 'z': 0.0}, 'docked': False, 'battery': 100.0, 'conditions': ['picked-o2-2']}}
[INFO] [1787696148.017442706] [multi3_coordinator_node]: Received coordination message: {'robot_name': 'robot5', 'completed_task': 'm3//pack'}
[INFO] [1787696148.020598528] [multi3_coordinator_node]: Received robot state update: {'operational_state': 'idle', 'current_assigned_fragment': None, 'conditions': ['picked-o1-3'], 'state': {'position': {'x': 2, 'y': 3, 'z': 0.0}, 'docked': False, 'battery': 100.0, 'conditions': ['picked-o1-3']}}
[INFO] [1787696148.022214183] [multi3_coordinator_node]: Received coordination message: {'robot_name': 'robot5', 'completed_fragment': 'f3-10', 'state': {'position': {'x': 2, 'y': 3, 'z': 0.0}, 'docked': False, 'battery': 100.0, 'conditions': ['picked-o1-3']}}
Traceback (most recent call last):
  File "/root/ros2_ws/install/multi3_coordinator/lib/python3.10/site-packages/nodes/coordinator.py", line 294, in main
    rclpy.spin(node)
  File "/opt/ros/humble/local/lib/python3.10/dist-packages/rclpy/__init__.py", line 229, in spin
    executor.spin_once()
  File "/opt/ros/humble/local/lib/python3.10/dist-packages/rclpy/executors.py", line 808, in spin_once
    self._spin_once_impl(timeout_sec)
  File "/opt/ros/humble/local/lib/python3.10/dist-packages/rclpy/executors.py", line 797, in _spin_once_impl
    handler, entity, node = self.wait_for_ready_callbacks(timeout_sec=timeout_sec)
  File "/opt/ros/humble/local/lib/python3.10/dist-packages/rclpy/executors.py", line 780, in wait_for_ready_callbacks
    return next(self._cb_iter)
  File "/opt/ros/humble/local/lib/python3.10/dist-packages/rclpy/executors.py", line 681, in _wait_for_ready_callbacks
    raise ExternalShutdownException()
rclpy.executors.ExternalShutdownException

During handling of the above exception, another exception occurred:

Traceback (most recent call last):
  File "/root/ros2_ws/install/multi3_coordinator/lib/multi3_coordinator/coordinator", line 33, in <module>
    sys.exit(load_entry_point('multi3-coordinator==0.0.0', 'console_scripts', 'coordinator')())
  File "/root/ros2_ws/install/multi3_coordinator/lib/python3.10/site-packages/nodes/coordinator.py", line 299, in main
    rclpy.shutdown()
  File "/opt/ros/humble/local/lib/python3.10/dist-packages/rclpy/__init__.py", line 130, in shutdown
    _shutdown(context=context)
  File "/opt/ros/humble/local/lib/python3.10/dist-packages/rclpy/utilities.py", line 58, in shutdown
    return context.shutdown()
  File "/opt/ros/humble/local/lib/python3.10/dist-packages/rclpy/context.py", line 102, in shutdown
    self.__context.shutdown()
rclpy._rclpy_pybind11.RCLError: failed to shutdown: rcl_shutdown already called on the given context, at ./src/rcl/init.c:241

--- executor_robot1.log ---
[INFO] [1787696022.948007942] [robot1.fragment_exec_node]: Setting up skill: PickSkill
[INFO] [1787696022.949048670] [robot1.fragment_exec_node]: Setting up skill: ScanSkill
[INFO] [1787696022.949685193] [robot1.fragment_exec_node]: Setting up skill: NavigateSkill
[INFO] [1787696022.950193723] [robot1.fragment_exec_node]: Setting up skill: NavigateSkill
[INFO] [1787696022.950849104] [robot1.fragment_exec_node]: Setting up skill: DockSkill
[INFO] [1787696022.951441685] [robot1.fragment_exec_node]: Setting up skill: UndockSkill
[INFO] [1787696022.951989561] [robot1.fragment_exec_node]: Setting up skill: PackSkill
[INFO] [1787696022.957976439] [robot1.fragment_exec_node]: Published robot registration: {'name': 'robot1', 'operational_state': 'idle', 'capabilities': ['pick', 'scan', 'transport', 'pack'], 'state': {'position': {'x': 0.0, 'y': 0.0, 'z': 0.0}, 'docked': True, 'battery': 100.0, 'conditions': []}}
[INFO] [1787696037.886231410] [robot1.fragment_exec_node]: Received fragment: {'robot': 'robot3', 'fragment': {'id': 'f1-1', 'mission': 'm1', 'state': 'assigned', 'wait': [], 'tasks': [{'name': 'pick', 'params': {'x': 5, 'y': 8, 'weight': 8}}], 'arrive_timestamp': 1787696034, 'priority': 1, 'segment': 's1', 'preconditions': [], 'postconditions': ['picked-o1-1']}}
[INFO] [1787696037.908375279] [robot1.fragment_exec_node]: Received fragment: {'robot': 'robot1', 'fragment': {'id': 'f2-1', 'mission': 'm2', 'state': 'assigned', 'wait': [], 'tasks': [{'name': 'pick', 'params': {'weight': 5, 'x': 2, 'y': 3}}], 'arrive_timestamp': 1787696035, 'priority': 1, 'segment': 's1', 'preconditions': [], 'postconditions': ['picked-o1-2']}}
[INFO] [1787696037.910199754] [robot1.fragment_exec_node]: Received fragment assignment: f2-1. Starting execution.
[INFO] [1787696037.914248827] [robot1.fragment_exec_node]: Executing task pick. Params: {'weight': 5, 'x': 2, 'y': 3}, Virtual state: {'position': {'x': 0.0, 'y': 0.0, 'z': 0.0}, 'docked': True, 'battery': 100.0, 'conditions': []}
[INFO] [1787696037.915207740] [robot1.fragment_exec_node]: Received fragment: {'robot': 'robot4', 'fragment': {'id': 'f2-4', 'mission': 'm2', 'state': 'assigned', 'wait': [], 'tasks': [{'name': 'pick', 'params': {'weight': 7, 'x': 9, 'y': 5}}], 'arrive_timestamp': 1787696035, 'priority': 1, 'segment': 's2', 'preconditions': [], 'postconditions': ['picked-o2-2']}}
[INFO] [1787696037.916907826] [robot1.fragment_exec_node]: EventType: Control (Task: pick), Activity: undock, Robot: robot1, Mission: m2, Segment: s1, Start: 22054.923127446
[INFO] [1787696037.920332021] [robot1.fragment_exec_node]: Simulating undock skill...
[INFO] [1787696037.923939811] [robot1.fragment_exec_node]: Received fragment: {'robot': 'robot5', 'fragment': {'id': 'f3-1', 'mission': 'm3', 'state': 'assigned', 'wait': [], 'tasks': [{'name': 'pick', 'params': {'weight': 3, 'x': 7, 'y': 3}}], 'arrive_timestamp': 1787696036, 'priority': 1, 'segment': 's1', 'preconditions': [], 'postconditions': ['picked-o1-3']}}
[INFO] [1787696037.925236684] [robot1.fragment_exec_node]: Received fragment: {'robot': 'robot6', 'fragment': {'id': 'f3-4', 'mission': 'm3', 'state': 'assigned', 'wait': [], 'tasks': [{'name': 'pick', 'params': {'weight': 5, 'x': 2, 'y': 3}}], 'arrive_timestamp': 1787696036, 'priority': 1, 'segment': 's2', 'preconditions': [], 'postconditions': ['picked-o2-3']}}
[INFO] [1787696037.925541609] [robot1.fragment_exec_node]: Received fragment: {'robot': 'robot2', 'fragment': {'id': 'f3-7', 'mission': 'm3', 'state': 'assigned', 'wait': [], 'tasks': [{'name': 'pick', 'params': {'weight': 2, 'x': 1, 'y': 9}}], 'arrive_timestamp': 1787696036, 'priority': 1, 'segment': 's3', 'preconditions': [], 'postconditions': ['picked-o3-3']}}
[INFO] [1787696041.922061411] [robot1.fragment_exec_node]: Undock completed!
[INFO] [1787696041.923698272] [robot1.fragment_exec_node]: EventType: Control (Task: pick), Activity: undock, Robot: robot1, Mission: m2, Segment: s1, End: 22058.931347897
[INFO] [1787696041.925184388] [robot1.fragment_exec_node]: EventType: Control (Task: pick), Activity: navigate, Robot: robot1, Mission: m2, Segment: s1, Start: 22058.93294147
[INFO] [1787696041.927078001] [robot1.fragment_exec_node]: Simulating navigate skill from position (0.0, 0.0) to (2, 3) (7.211102550927978 seconds)...
[INFO] [1787696049.140463225] [robot1.fragment_exec_node]: Navigation completed!
[INFO] [1787696049.141455057] [robot1.fragment_exec_node]: EventType: Control (Task: pick), Activity: navigate, Robot: robot1, Mission: m2, Segment: s1, End: 22066.149651113
[INFO] [1787696049.142391332] [robot1.fragment_exec_node]: EventType: Task, Activity: pick, Robot: robot1, Mission: m2, Segment: s1, Start: 22066.150639367
[INFO] [1787696049.143414708] [robot1.fragment_exec_node]: Simulating pick skill...
[INFO] [1787696054.145869576] [robot1.fragment_exec_node]: Pick completed!
[INFO] [1787696054.148338602] [robot1.fragment_exec_node]: EventType: Task, Activity: pick, Robot: robot1, Mission: m2, Segment: s1, End: 22071.155353062
[INFO] [1787696054.152014469] [robot1.fragment_exec_node]: Execution of fragment f2-1 completed!
[INFO] [1787696054.884816831] [robot1.fragment_exec_node]: Received fragment: {'robot': 'robot6', 'fragment': {'id': 'f3-5', 'mission': 'm3', 'state': 'assigned', 'wait': ['m3/s2/pick'], 'tasks': [{'name': 'scan', 'params': {'x': 2, 'y': 3}}], 'arrive_timestamp': 1787696036, 'priority': 1, 'segment': 's2', 'preconditions': [], 'postconditions': []}}
[INFO] [1787696054.886960381] [robot1.fragment_exec_node]: Received fragment: {'robot': 'robot1', 'fragment': {'id': 'f2-2', 'mission': 'm2', 'state': 'assigned', 'wait': ['m2/s1/pick'], 'tasks': [{'name': 'scan', 'params': {'x': 2, 'y': 3}}], 'arrive_timestamp': 1787696035, 'priority': 1, 'segment': 's1', 'preconditions': [], 'postconditions': []}}
[INFO] [1787696054.888931392] [robot1.fragment_exec_node]: Received fragment assignment: f2-2. Starting execution.
[INFO] [1787696054.891231414] [robot1.fragment_exec_node]: Waiting for coordination messages before executing fragment f2-2: ['m2/s1/pick']
[INFO] [1787696056.895742240] [robot1.fragment_exec_node]: Executing task scan. Params: {'x': 2, 'y': 3}, Virtual state: {'position': {'x': 2, 'y': 3, 'z': 0.0}, 'docked': False, 'battery': 100.0, 'conditions': ['picked-o1-2']}
[INFO] [1787696056.897583542] [robot1.fragment_exec_node]: EventType: Task, Activity: scan, Robot: robot1, Mission: m2, Segment: s1, Start: 22073.905029501
[INFO] [1787696056.900249269] [robot1.fragment_exec_node]: Simulating scan skill...
[INFO] [1787696059.906699639] [robot1.fragment_exec_node]: Scan completed!
[INFO] [1787696059.908230061] [robot1.fragment_exec_node]: EventType: Task, Activity: scan, Robot: robot1, Mission: m2, Segment: s1, End: 22076.915949129
[INFO] [1787696059.910103648] [robot1.fragment_exec_node]: Execution of fragment f2-2 completed!
[INFO] [1787696060.884423975] [robot1.fragment_exec_node]: Received fragment: {'robot': 'robot1', 'fragment': {'id': 'f2-3', 'mission': 'm2', 'state': 'assigned', 'wait': ['m2/s1/scan'], 'tasks': [{'name': 'transport', 'params': {'x': 11, 'y': 6}}], 'arrive_timestamp': 1787696035, 'priority': 1, 'segment': 's1', 'preconditions': [], 'postconditions': []}}
[INFO] [1787696060.887242765] [robot1.fragment_exec_node]: Received fragment assignment: f2-3. Starting execution.
[INFO] [1787696060.889049043] [robot1.fragment_exec_node]: Received fragment: {'robot': 'robot6', 'fragment': {'id': 'f3-2', 'mission': 'm3', 'state': 'assigned', 'wait': ['m3/s1/pick'], 'tasks': [{'name': 'scan', 'params': {'x': 7, 'y': 3}}], 'arrive_timestamp': 1787696036, 'priority': 1, 'segment': 's1', 'preconditions': [], 'postconditions': []}}
[INFO] [1787696060.891050047] [robot1.fragment_exec_node]: Waiting for coordination messages before executing fragment f2-3: ['m2/s1/scan']
[INFO] [1787696062.878487769] [robot1.fragment_exec_node]: Received fragment: {'robot': 'robot2', 'fragment': {'id': 'f3-8', 'mission': 'm3', 'state': 'assigned', 'wait': ['m3/s3/pick'], 'tasks': [{'name': 'scan', 'params': {'x': 1, 'y': 9}}], 'arrive_timestamp': 1787696036, 'priority': 1, 'segment': 's3', 'preconditions': [], 'postconditions': []}}
[INFO] [1787696062.895224474] [robot1.fragment_exec_node]: Executing task transport. Params: {'x': 11, 'y': 6}, Virtual state: {'position': {'x': 2, 'y': 3, 'z': 0.0}, 'docked': False, 'battery': 100.0, 'conditions': ['picked-o1-2']}
[INFO] [1787696062.896602827] [robot1.fragment_exec_node]: EventType: Control (Task: transport), Activity: navigate, Robot: robot1, Mission: m2, Segment: s1, Start: 22079.904608757
[INFO] [1787696062.897436605] [robot1.fragment_exec_node]: Simulating navigate skill from position (2, 3) to (11, 6) (19.697715603592208 seconds)...
[INFO] [1787696068.882570237] [robot1.fragment_exec_node]: Received fragment: {'robot': 'robot3', 'fragment': {'id': 'f1-2', 'mission': 'm1', 'state': 'assigned', 'wait': ['m1/s1/pick'], 'tasks': [{'name': 'scan', 'params': {'x': 5, 'y': 8}}], 'arrive_timestamp': 1787696034, 'priority': 1, 'segment': 's1', 'preconditions': [], 'postconditions': []}}
[INFO] [1787696068.885568115] [robot1.fragment_exec_node]: Received fragment: {'robot': 'robot2', 'fragment': {'id': 'f3-9', 'mission': 'm3', 'state': 'assigned', 'wait': ['m3/s3/scan'], 'tasks': [{'name': 'transport', 'params': {'x': 11, 'y': 6}}], 'arrive_timestamp': 1787696036, 'priority': 1, 'segment': 's3', 'preconditions': ['picked-o3-3'], 'postconditions': []}}
[INFO] [1787696069.878712352] [robot1.fragment_exec_node]: Received fragment: {'robot': 'robot4', 'fragment': {'id': 'f2-5', 'mission': 'm2', 'state': 'assigned', 'wait': ['m2/s2/pick'], 'tasks': [{'name': 'scan', 'params': {'x': 9, 'y': 5}}], 'arrive_timestamp': 1787696035, 'priority': 1, 'segment': 's2', 'preconditions': [], 'postconditions': []}}
[INFO] [1787696074.878047037] [robot1.fragment_exec_node]: Received fragment: {'robot': 'robot3', 'fragment': {'id': 'f1-3', 'mission': 'm1', 'state': 'assigned', 'wait': ['m1/s1/scan'], 'tasks': [{'name': 'transport', 'params': {'x': 11, 'y': 6}}], 'arrive_timestamp': 1787696034, 'priority': 1, 'segment': 's1', 'preconditions': ['picked-o1-1'], 'postconditions': []}}
[INFO] [1787696075.879894275] [robot1.fragment_exec_node]: Received fragment: {'robot': 'robot4', 'fragment': {'id': 'f2-6', 'mission': 'm2', 'state': 'assigned', 'wait': ['m2/s2/scan'], 'tasks': [{'name': 'transport', 'params': {'x': 11, 'y': 6}}], 'arrive_timestamp': 1787696035, 'priority': 1, 'segment': 's2', 'preconditions': ['picked-o2-2'], 'postconditions': []}}
[INFO] [1787696076.884801374] [robot1.fragment_exec_node]: Received fragment: {'robot': 'robot5', 'fragment': {'id': 'f3-3', 'mission': 'm3', 'state': 'assigned', 'wait': ['m3/s1/scan'], 'tasks': [{'name': 'transport', 'params': {'x': 11, 'y': 6}}], 'arrive_timestamp': 1787696036, 'priority': 1, 'segment': 's1', 'preconditions': ['picked-o1-3'], 'postconditions': []}}
[INFO] [1787696076.886104569] [robot1.fragment_exec_node]: Received fragment: {'robot': 'robot6', 'fragment': {'id': 'f3-6', 'mission': 'm3', 'state': 'assigned', 'wait': ['m3/s2/scan'], 'tasks': [{'name': 'transport', 'params': {'x': 11, 'y': 6}}], 'arrive_timestamp': 1787696036, 'priority': 1, 'segment': 's2', 'preconditions': ['picked-o2-3'], 'postconditions': []}}
[INFO] [1787696082.598956851] [robot1.fragment_exec_node]: Navigation completed!
[INFO] [1787696082.602007206] [robot1.fragment_exec_node]: EventType: Control (Task: transport), Activity: navigate, Robot: robot1, Mission: m2, Segment: s1, End: 22099.60865805
[INFO] [1787696082.604643064] [robot1.fragment_exec_node]: EventType: Task, Activity: transport, Robot: robot1, Mission: m2, Segment: s1, Start: 22099.611542145
[INFO] [1787696082.606418015] [robot1.fragment_exec_node]: Simulating navigate skill from position (11, 6) to (11, 6) (10.0 seconds)...
[INFO] [1787696092.610985130] [robot1.fragment_exec_node]: Navigation completed!
[INFO] [1787696092.615083193] [robot1.fragment_exec_node]: EventType: Task, Activity: transport, Robot: robot1, Mission: m2, Segment: s1, End: 22109.620847187
[INFO] [1787696092.619001192] [robot1.fragment_exec_node]: Execution of fragment f2-3 completed!
[INFO] [1787696095.879202906] [robot1.fragment_exec_node]: Received fragment: {'robot': 'robot4', 'fragment': {'id': 'f2-7', 'mission': 'm2', 'state': 'assigned', 'wait': ['m2/s1/transport', 'm2/s2/transport'], 'tasks': [{'name': 'pack', 'params': {'x': 11, 'y': 6, 'items': 2}}], 'arrive_timestamp': 1787696035, 'priority': 1, 'segment': '', 'preconditions': [], 'postconditions': []}}
[INFO] [1787696099.877375166] [robot1.fragment_exec_node]: Received fragment: {'robot': 'robot3', 'fragment': {'id': 'f1-4', 'mission': 'm1', 'state': 'assigned', 'wait': ['m1/s1/transport'], 'tasks': [{'name': 'pack', 'params': {'x': 11, 'y': 6, 'items': 1}}], 'arrive_timestamp': 1787696034, 'priority': 1, 'segment': '', 'preconditions': [], 'postconditions': []}}
[INFO] [1787696103.899344680] [robot1.fragment_exec_node]: Received fragment: {'robot': 'robot5', 'fragment': {'id': 'f3-10', 'mission': 'm3', 'state': 'assigned', 'wait': ['m3/s1/transport', 'm3/s2/transport', 'm3/s3/transport'], 'tasks': [{'name': 'pack', 'params': {'x': 2, 'y': 3, 'items': 3}}], 'arrive_timestamp': 1787696036, 'priority': 1, 'segment': '', 'preconditions': [], 'postconditions': []}}
Traceback (most recent call last):
  File "/root/ros2_ws/install/multi3_executor/lib/multi3_executor/executor", line 33, in <module>
    sys.exit(load_entry_point('multi3-executor==0.0.0', 'console_scripts', 'executor')())
  File "/root/ros2_ws/install/multi3_executor/lib/python3.10/site-packages/multi3_executor/nodes/executor.py", line 236, in main
    rclpy.shutdown()
  File "/opt/ros/humble/local/lib/python3.10/dist-packages/rclpy/__init__.py", line 130, in shutdown
    _shutdown(context=context)
  File "/opt/ros/humble/local/lib/python3.10/dist-packages/rclpy/utilities.py", line 58, in shutdown
    return context.shutdown()
  File "/opt/ros/humble/local/lib/python3.10/dist-packages/rclpy/context.py", line 102, in shutdown
    self.__context.shutdown()
rclpy._rclpy_pybind11.RCLError: failed to shutdown: rcl_shutdown already called on the given context, at ./src/rcl/init.c:241

--- executor_robot2.log ---
[INFO] [1787696025.261256956] [robot2.fragment_exec_node]: Setting up skill: PickSkill
[INFO] [1787696025.262455302] [robot2.fragment_exec_node]: Setting up skill: ScanSkill
[INFO] [1787696025.263384352] [robot2.fragment_exec_node]: Setting up skill: NavigateSkill
[INFO] [1787696025.264096611] [robot2.fragment_exec_node]: Setting up skill: NavigateSkill
[INFO] [1787696025.265110858] [robot2.fragment_exec_node]: Setting up skill: DockSkill
[INFO] [1787696025.266044201] [robot2.fragment_exec_node]: Setting up skill: UndockSkill
[INFO] [1787696025.267097468] [robot2.fragment_exec_node]: Setting up skill: PackSkill
[INFO] [1787696025.273276378] [robot2.fragment_exec_node]: Published robot registration: {'name': 'robot2', 'operational_state': 'idle', 'capabilities': ['pick', 'scan', 'transport', 'pack'], 'state': {'position': {'x': 0.0, 'y': 0.0, 'z': 0.0}, 'docked': True, 'battery': 100.0, 'conditions': []}}
[INFO] [1787696037.888982596] [robot2.fragment_exec_node]: Received fragment: {'robot': 'robot3', 'fragment': {'id': 'f1-1', 'mission': 'm1', 'state': 'assigned', 'wait': [], 'tasks': [{'name': 'pick', 'params': {'x': 5, 'y': 8, 'weight': 8}}], 'arrive_timestamp': 1787696034, 'priority': 1, 'segment': 's1', 'preconditions': [], 'postconditions': ['picked-o1-1']}}
[INFO] [1787696037.901313175] [robot2.fragment_exec_node]: Received fragment: {'robot': 'robot5', 'fragment': {'id': 'f3-1', 'mission': 'm3', 'state': 'assigned', 'wait': [], 'tasks': [{'name': 'pick', 'params': {'weight': 3, 'x': 7, 'y': 3}}], 'arrive_timestamp': 1787696036, 'priority': 1, 'segment': 's1', 'preconditions': [], 'postconditions': ['picked-o1-3']}}
[INFO] [1787696037.903987946] [robot2.fragment_exec_node]: Received fragment: {'robot': 'robot4', 'fragment': {'id': 'f2-4', 'mission': 'm2', 'state': 'assigned', 'wait': [], 'tasks': [{'name': 'pick', 'params': {'weight': 7, 'x': 9, 'y': 5}}], 'arrive_timestamp': 1787696035, 'priority': 1, 'segment': 's2', 'preconditions': [], 'postconditions': ['picked-o2-2']}}
[INFO] [1787696037.905316320] [robot2.fragment_exec_node]: Received fragment: {'robot': 'robot6', 'fragment': {'id': 'f3-4', 'mission': 'm3', 'state': 'assigned', 'wait': [], 'tasks': [{'name': 'pick', 'params': {'weight': 5, 'x': 2, 'y': 3}}], 'arrive_timestamp': 1787696036, 'priority': 1, 'segment': 's2', 'preconditions': [], 'postconditions': ['picked-o2-3']}}
[INFO] [1787696037.908125570] [robot2.fragment_exec_node]: Received fragment: {'robot': 'robot1', 'fragment': {'id': 'f2-1', 'mission': 'm2', 'state': 'assigned', 'wait': [], 'tasks': [{'name': 'pick', 'params': {'weight': 5, 'x': 2, 'y': 3}}], 'arrive_timestamp': 1787696035, 'priority': 1, 'segment': 's1', 'preconditions': [], 'postconditions': ['picked-o1-2']}}
[INFO] [1787696037.909310639] [robot2.fragment_exec_node]: Received fragment: {'robot': 'robot2', 'fragment': {'id': 'f3-7', 'mission': 'm3', 'state': 'assigned', 'wait': [], 'tasks': [{'name': 'pick', 'params': {'weight': 2, 'x': 1, 'y': 9}}], 'arrive_timestamp': 1787696036, 'priority': 1, 'segment': 's3', 'preconditions': [], 'postconditions': ['picked-o3-3']}}
[INFO] [1787696037.910989926] [robot2.fragment_exec_node]: Received fragment assignment: f3-7. Starting execution.
[INFO] [1787696037.911889577] [robot2.fragment_exec_node]: Executing task pick. Params: {'weight': 2, 'x': 1, 'y': 9}, Virtual state: {'position': {'x': 0.0, 'y': 0.0, 'z': 0.0}, 'docked': True, 'battery': 100.0, 'conditions': []}
[INFO] [1787696037.912642021] [robot2.fragment_exec_node]: EventType: Control (Task: pick), Activity: undock, Robot: robot2, Mission: m3, Segment: s3, Start: 22054.920761797
[INFO] [1787696037.913171306] [robot2.fragment_exec_node]: Simulating undock skill...
[INFO] [1787696041.917031236] [robot2.fragment_exec_node]: Undock completed!
[INFO] [1787696041.920397596] [robot2.fragment_exec_node]: EventType: Control (Task: pick), Activity: undock, Robot: robot2, Mission: m3, Segment: s3, End: 22058.927717999
[INFO] [1787696041.922953293] [robot2.fragment_exec_node]: EventType: Control (Task: pick), Activity: navigate, Robot: robot2, Mission: m3, Segment: s3, Start: 22058.9302905
[INFO] [1787696041.924905787] [robot2.fragment_exec_node]: Simulating navigate skill from position (0.0, 0.0) to (1, 9) (18.110770276274835 seconds)...
[INFO] [1787696054.886908820] [robot2.fragment_exec_node]: Received fragment: {'robot': 'robot6', 'fragment': {'id': 'f3-5', 'mission': 'm3', 'state': 'assigned', 'wait': ['m3/s2/pick'], 'tasks': [{'name': 'scan', 'params': {'x': 2, 'y': 3}}], 'arrive_timestamp': 1787696036, 'priority': 1, 'segment': 's2', 'preconditions': [], 'postconditions': []}}
[INFO] [1787696054.888217084] [robot2.fragment_exec_node]: Received fragment: {'robot': 'robot1', 'fragment': {'id': 'f2-2', 'mission': 'm2', 'state': 'assigned', 'wait': ['m2/s1/pick'], 'tasks': [{'name': 'scan', 'params': {'x': 2, 'y': 3}}], 'arrive_timestamp': 1787696035, 'priority': 1, 'segment': 's1', 'preconditions': [], 'postconditions': []}}
[INFO] [1787696060.039206450] [robot2.fragment_exec_node]: Navigation completed!
[INFO] [1787696060.042311623] [robot2.fragment_exec_node]: EventType: Control (Task: pick), Activity: navigate, Robot: robot2, Mission: m3, Segment: s3, End: 22077.049040337
[INFO] [1787696060.045179814] [robot2.fragment_exec_node]: EventType: Task, Activity: pick, Robot: robot2, Mission: m3, Segment: s3, Start: 22077.052084246
[INFO] [1787696060.047609386] [robot2.fragment_exec_node]: Simulating pick skill...
[INFO] [1787696060.878030629] [robot2.fragment_exec_node]: Received fragment: {'robot': 'robot1', 'fragment': {'id': 'f2-3', 'mission': 'm2', 'state': 'assigned', 'wait': ['m2/s1/scan'], 'tasks': [{'name': 'transport', 'params': {'x': 11, 'y': 6}}], 'arrive_timestamp': 1787696035, 'priority': 1, 'segment': 's1', 'preconditions': [], 'postconditions': []}}
[INFO] [1787696060.885403293] [robot2.fragment_exec_node]: Received fragment: {'robot': 'robot6', 'fragment': {'id': 'f3-2', 'mission': 'm3', 'state': 'assigned', 'wait': ['m3/s1/pick'], 'tasks': [{'name': 'scan', 'params': {'x': 7, 'y': 3}}], 'arrive_timestamp': 1787696036, 'priority': 1, 'segment': 's1', 'preconditions': [], 'postconditions': []}}
[INFO] [1787696062.050344324] [robot2.fragment_exec_node]: Pick completed!
[INFO] [1787696062.051365824] [robot2.fragment_exec_node]: EventType: Task, Activity: pick, Robot: robot2, Mission: m3, Segment: s3, End: 22079.059581841
[INFO] [1787696062.052442234] [robot2.fragment_exec_node]: Execution of fragment f3-7 completed!
[INFO] [1787696062.875004486] [robot2.fragment_exec_node]: Received fragment: {'robot': 'robot2', 'fragment': {'id': 'f3-8', 'mission': 'm3', 'state': 'assigned', 'wait': ['m3/s3/pick'], 'tasks': [{'name': 'scan', 'params': {'x': 1, 'y': 9}}], 'arrive_timestamp': 1787696036, 'priority': 1, 'segment': 's3', 'preconditions': [], 'postconditions': []}}
[INFO] [1787696062.876581607] [robot2.fragment_exec_node]: Received fragment assignment: f3-8. Starting execution.
[INFO] [1787696062.878207784] [robot2.fragment_exec_node]: Waiting for coordination messages before executing fragment f3-8: ['m3/s3/pick']
[INFO] [1787696064.882375794] [robot2.fragment_exec_node]: Executing task scan. Params: {'x': 1, 'y': 9}, Virtual state: {'position': {'x': 1, 'y': 9, 'z': 0.0}, 'docked': False, 'battery': 100.0, 'conditions': ['picked-o3-3']}
[INFO] [1787696064.882977912] [robot2.fragment_exec_node]: EventType: Task, Activity: scan, Robot: robot2, Mission: m3, Segment: s3, Start: 22081.891418953
[INFO] [1787696064.883601295] [robot2.fragment_exec_node]: Simulating scan skill...
[INFO] [1787696067.886513962] [robot2.fragment_exec_node]: Scan completed!
[INFO] [1787696067.903303369] [robot2.fragment_exec_node]: EventType: Task, Activity: scan, Robot: robot2, Mission: m3, Segment: s3, End: 22084.896494856
[INFO] [1787696067.907668854] [robot2.fragment_exec_node]: Execution of fragment f3-8 completed!
[INFO] [1787696068.892811330] [robot2.fragment_exec_node]: Received fragment: {'robot': 'robot2', 'fragment': {'id': 'f3-9', 'mission': 'm3', 'state': 'assigned', 'wait': ['m3/s3/scan'], 'tasks': [{'name': 'transport', 'params': {'x': 11, 'y': 6}}], 'arrive_timestamp': 1787696036, 'priority': 1, 'segment': 's3', 'preconditions': ['picked-o3-3'], 'postconditions': []}}
[INFO] [1787696068.894708669] [robot2.fragment_exec_node]: Received fragment assignment: f3-9. Starting execution.
[INFO] [1787696068.895909372] [robot2.fragment_exec_node]: Received fragment: {'robot': 'robot3', 'fragment': {'id': 'f1-2', 'mission': 'm1', 'state': 'assigned', 'wait': ['m1/s1/pick'], 'tasks': [{'name': 'scan', 'params': {'x': 5, 'y': 8}}], 'arrive_timestamp': 1787696034, 'priority': 1, 'segment': 's1', 'preconditions': [], 'postconditions': []}}
[INFO] [1787696068.897328378] [robot2.fragment_exec_node]: Waiting for coordination messages before executing fragment f3-9: ['m3/s3/scan']
[INFO] [1787696069.885281272] [robot2.fragment_exec_node]: Received fragment: {'robot': 'robot4', 'fragment': {'id': 'f2-5', 'mission': 'm2', 'state': 'assigned', 'wait': ['m2/s2/pick'], 'tasks': [{'name': 'scan', 'params': {'x': 9, 'y': 5}}], 'arrive_timestamp': 1787696035, 'priority': 1, 'segment': 's2', 'preconditions': [], 'postconditions': []}}
[INFO] [1787696070.903067054] [robot2.fragment_exec_node]: Executing task transport. Params: {'x': 11, 'y': 6}, Virtual state: {'position': {'x': 1, 'y': 9, 'z': 0.0}, 'docked': False, 'battery': 100.0, 'conditions': ['picked-o3-3']}
[INFO] [1787696070.904359435] [robot2.fragment_exec_node]: EventType: Control (Task: transport), Activity: navigate, Robot: robot2, Mission: m3, Segment: s3, Start: 22087.9122074
[INFO] [1787696070.905598751] [robot2.fragment_exec_node]: Simulating navigate skill from position (1, 9) to (11, 6) (22.360679774997898 seconds)...
[INFO] [1787696074.877253927] [robot2.fragment_exec_node]: Received fragment: {'robot': 'robot3', 'fragment': {'id': 'f1-3', 'mission': 'm1', 'state': 'assigned', 'wait': ['m1/s1/scan'], 'tasks': [{'name': 'transport', 'params': {'x': 11, 'y': 6}}], 'arrive_timestamp': 1787696034, 'priority': 1, 'segment': 's1', 'preconditions': ['picked-o1-1'], 'postconditions': []}}
[INFO] [1787696075.881292681] [robot2.fragment_exec_node]: Received fragment: {'robot': 'robot4', 'fragment': {'id': 'f2-6', 'mission': 'm2', 'state': 'assigned', 'wait': ['m2/s2/scan'], 'tasks': [{'name': 'transport', 'params': {'x': 11, 'y': 6}}], 'arrive_timestamp': 1787696035, 'priority': 1, 'segment': 's2', 'preconditions': ['picked-o2-2'], 'postconditions': []}}
[INFO] [1787696076.888581424] [robot2.fragment_exec_node]: Received fragment: {'robot': 'robot5', 'fragment': {'id': 'f3-3', 'mission': 'm3', 'state': 'assigned', 'wait': ['m3/s1/scan'], 'tasks': [{'name': 'transport', 'params': {'x': 11, 'y': 6}}], 'arrive_timestamp': 1787696036, 'priority': 1, 'segment': 's1', 'preconditions': ['picked-o1-3'], 'postconditions': []}}
[INFO] [1787696076.889754637] [robot2.fragment_exec_node]: Received fragment: {'robot': 'robot6', 'fragment': {'id': 'f3-6', 'mission': 'm3', 'state': 'assigned', 'wait': ['m3/s2/scan'], 'tasks': [{'name': 'transport', 'params': {'x': 11, 'y': 6}}], 'arrive_timestamp': 1787696036, 'priority': 1, 'segment': 's2', 'preconditions': ['picked-o2-3'], 'postconditions': []}}
[INFO] [1787696093.270059536] [robot2.fragment_exec_node]: Navigation completed!
[INFO] [1787696093.272587477] [robot2.fragment_exec_node]: EventType: Control (Task: transport), Activity: navigate, Robot: robot2, Mission: m3, Segment: s3, End: 22110.279686907
[INFO] [1787696093.274292356] [robot2.fragment_exec_node]: EventType: Task, Activity: transport, Robot: robot2, Mission: m3, Segment: s3, Start: 22110.281753613
[INFO] [1787696093.276066904] [robot2.fragment_exec_node]: Simulating navigate skill from position (11, 6) to (11, 6) (10.0 seconds)...
[INFO] [1787696095.878341123] [robot2.fragment_exec_node]: Received fragment: {'robot': 'robot4', 'fragment': {'id': 'f2-7', 'mission': 'm2', 'state': 'assigned', 'wait': ['m2/s1/transport', 'm2/s2/transport'], 'tasks': [{'name': 'pack', 'params': {'x': 11, 'y': 6, 'items': 2}}], 'arrive_timestamp': 1787696035, 'priority': 1, 'segment': '', 'preconditions': [], 'postconditions': []}}
[INFO] [1787696099.876877916] [robot2.fragment_exec_node]: Received fragment: {'robot': 'robot3', 'fragment': {'id': 'f1-4', 'mission': 'm1', 'state': 'assigned', 'wait': ['m1/s1/transport'], 'tasks': [{'name': 'pack', 'params': {'x': 11, 'y': 6, 'items': 1}}], 'arrive_timestamp': 1787696034, 'priority': 1, 'segment': '', 'preconditions': [], 'postconditions': []}}
[INFO] [1787696103.280745680] [robot2.fragment_exec_node]: Navigation completed!
[INFO] [1787696103.282641637] [robot2.fragment_exec_node]: EventType: Task, Activity: transport, Robot: robot2, Mission: m3, Segment: s3, End: 22120.289594282
[INFO] [1787696103.284961643] [robot2.fragment_exec_node]: Execution of fragment f3-9 completed!
[INFO] [1787696103.881506570] [robot2.fragment_exec_node]: Received fragment: {'robot': 'robot5', 'fragment': {'id': 'f3-10', 'mission': 'm3', 'state': 'assigned', 'wait': ['m3/s1/transport', 'm3/s2/transport', 'm3/s3/transport'], 'tasks': [{'name': 'pack', 'params': {'x': 2, 'y': 3, 'items': 3}}], 'arrive_timestamp': 1787696036, 'priority': 1, 'segment': '', 'preconditions': [], 'postconditions': []}}
Traceback (most recent call last):
  File "/root/ros2_ws/install/multi3_executor/lib/multi3_executor/executor", line 33, in <module>
    sys.exit(load_entry_point('multi3-executor==0.0.0', 'console_scripts', 'executor')())
  File "/root/ros2_ws/install/multi3_executor/lib/python3.10/site-packages/multi3_executor/nodes/executor.py", line 236, in main
    rclpy.shutdown()
  File "/opt/ros/humble/local/lib/python3.10/dist-packages/rclpy/__init__.py", line 130, in shutdown
    _shutdown(context=context)
  File "/opt/ros/humble/local/lib/python3.10/dist-packages/rclpy/utilities.py", line 58, in shutdown
    return context.shutdown()
  File "/opt/ros/humble/local/lib/python3.10/dist-packages/rclpy/context.py", line 102, in shutdown
    self.__context.shutdown()
rclpy._rclpy_pybind11.RCLError: failed to shutdown: rcl_shutdown already called on the given context, at ./src/rcl/init.c:241

--- executor_robot3.log ---
[INFO] [1787696027.286154457] [robot3.fragment_exec_node]: Setting up skill: PickSkill
[INFO] [1787696027.287062009] [robot3.fragment_exec_node]: Setting up skill: ScanSkill
[INFO] [1787696027.287612825] [robot3.fragment_exec_node]: Setting up skill: NavigateSkill
[INFO] [1787696027.288381672] [robot3.fragment_exec_node]: Setting up skill: NavigateSkill
[INFO] [1787696027.288910871] [robot3.fragment_exec_node]: Setting up skill: DockSkill
[INFO] [1787696027.289514011] [robot3.fragment_exec_node]: Setting up skill: UndockSkill
[INFO] [1787696027.290175601] [robot3.fragment_exec_node]: Setting up skill: PackSkill
[INFO] [1787696027.296585072] [robot3.fragment_exec_node]: Published robot registration: {'name': 'robot3', 'operational_state': 'idle', 'capabilities': ['pick', 'scan', 'transport', 'pack'], 'state': {'position': {'x': 0.0, 'y': 0.0, 'z': 0.0}, 'docked': True, 'battery': 100.0, 'conditions': []}}
[INFO] [1787696037.882864681] [robot3.fragment_exec_node]: Received fragment: {'robot': 'robot3', 'fragment': {'id': 'f1-1', 'mission': 'm1', 'state': 'assigned', 'wait': [], 'tasks': [{'name': 'pick', 'params': {'x': 5, 'y': 8, 'weight': 8}}], 'arrive_timestamp': 1787696034, 'priority': 1, 'segment': 's1', 'preconditions': [], 'postconditions': ['picked-o1-1']}}
[INFO] [1787696037.884424161] [robot3.fragment_exec_node]: Received fragment assignment: f1-1. Starting execution.
[INFO] [1787696037.887012964] [robot3.fragment_exec_node]: Executing task pick. Params: {'x': 5, 'y': 8, 'weight': 8}, Virtual state: {'position': {'x': 0.0, 'y': 0.0, 'z': 0.0}, 'docked': True, 'battery': 100.0, 'conditions': []}
[INFO] [1787696037.895294654] [robot3.fragment_exec_node]: Received fragment: {'robot': 'robot5', 'fragment': {'id': 'f3-1', 'mission': 'm3', 'state': 'assigned', 'wait': [], 'tasks': [{'name': 'pick', 'params': {'weight': 3, 'x': 7, 'y': 3}}], 'arrive_timestamp': 1787696036, 'priority': 1, 'segment': 's1', 'preconditions': [], 'postconditions': ['picked-o1-3']}}
[INFO] [1787696037.900243033] [robot3.fragment_exec_node]: Received fragment: {'robot': 'robot6', 'fragment': {'id': 'f3-4', 'mission': 'm3', 'state': 'assigned', 'wait': [], 'tasks': [{'name': 'pick', 'params': {'weight': 5, 'x': 2, 'y': 3}}], 'arrive_timestamp': 1787696036, 'priority': 1, 'segment': 's2', 'preconditions': [], 'postconditions': ['picked-o2-3']}}
[INFO] [1787696037.903513967] [robot3.fragment_exec_node]: Received fragment: {'robot': 'robot1', 'fragment': {'id': 'f2-1', 'mission': 'm2', 'state': 'assigned', 'wait': [], 'tasks': [{'name': 'pick', 'params': {'weight': 5, 'x': 2, 'y': 3}}], 'arrive_timestamp': 1787696035, 'priority': 1, 'segment': 's1', 'preconditions': [], 'postconditions': ['picked-o1-2']}}
[INFO] [1787696037.904826641] [robot3.fragment_exec_node]: Received fragment: {'robot': 'robot4', 'fragment': {'id': 'f2-4', 'mission': 'm2', 'state': 'assigned', 'wait': [], 'tasks': [{'name': 'pick', 'params': {'weight': 7, 'x': 9, 'y': 5}}], 'arrive_timestamp': 1787696035, 'priority': 1, 'segment': 's2', 'preconditions': [], 'postconditions': ['picked-o2-2']}}
[INFO] [1787696037.907406361] [robot3.fragment_exec_node]: EventType: Control (Task: pick), Activity: undock, Robot: robot3, Mission: m1, Segment: s1, Start: 22054.896144353
[INFO] [1787696037.908343914] [robot3.fragment_exec_node]: Simulating undock skill...
[INFO] [1787696037.909242368] [robot3.fragment_exec_node]: Received fragment: {'robot': 'robot2', 'fragment': {'id': 'f3-7', 'mission': 'm3', 'state': 'assigned', 'wait': [], 'tasks': [{'name': 'pick', 'params': {'weight': 2, 'x': 1, 'y': 9}}], 'arrive_timestamp': 1787696036, 'priority': 1, 'segment': 's3', 'preconditions': [], 'postconditions': ['picked-o3-3']}}
[INFO] [1787696041.913127370] [robot3.fragment_exec_node]: Undock completed!
[INFO] [1787696041.915721696] [robot3.fragment_exec_node]: EventType: Control (Task: pick), Activity: undock, Robot: robot3, Mission: m1, Segment: s1, End: 22058.922564129
[INFO] [1787696041.918573843] [robot3.fragment_exec_node]: EventType: Control (Task: pick), Activity: navigate, Robot: robot3, Mission: m1, Segment: s1, Start: 22058.925432901
[INFO] [1787696041.921069737] [robot3.fragment_exec_node]: Simulating navigate skill from position (0.0, 0.0) to (5, 8) (18.867962264113206 seconds)...
[INFO] [1787696054.915666067] [robot3.fragment_exec_node]: Received fragment: {'robot': 'robot1', 'fragment': {'id': 'f2-2', 'mission': 'm2', 'state': 'assigned', 'wait': ['m2/s1/pick'], 'tasks': [{'name': 'scan', 'params': {'x': 2, 'y': 3}}], 'arrive_timestamp': 1787696035, 'priority': 1, 'segment': 's1', 'preconditions': [], 'postconditions': []}}
[INFO] [1787696054.917227102] [robot3.fragment_exec_node]: Received fragment: {'robot': 'robot6', 'fragment': {'id': 'f3-5', 'mission': 'm3', 'state': 'assigned', 'wait': ['m3/s2/pick'], 'tasks': [{'name': 'scan', 'params': {'x': 2, 'y': 3}}], 'arrive_timestamp': 1787696036, 'priority': 1, 'segment': 's2', 'preconditions': [], 'postconditions': []}}
[INFO] [1787696060.792975575] [robot3.fragment_exec_node]: Navigation completed!
[INFO] [1787696060.795757590] [robot3.fragment_exec_node]: EventType: Control (Task: pick), Activity: navigate, Robot: robot3, Mission: m1, Segment: s1, End: 22077.802503875
[INFO] [1787696060.798304291] [robot3.fragment_exec_node]: EventType: Task, Activity: pick, Robot: robot3, Mission: m1, Segment: s1, Start: 22077.805407835
[INFO] [1787696060.800010656] [robot3.fragment_exec_node]: Simulating pick skill...
[INFO] [1787696060.883346929] [robot3.fragment_exec_node]: Received fragment: {'robot': 'robot1', 'fragment': {'id': 'f2-3', 'mission': 'm2', 'state': 'assigned', 'wait': ['m2/s1/scan'], 'tasks': [{'name': 'transport', 'params': {'x': 11, 'y': 6}}], 'arrive_timestamp': 1787696035, 'priority': 1, 'segment': 's1', 'preconditions': [], 'postconditions': []}}
[INFO] [1787696060.885701957] [robot3.fragment_exec_node]: Received fragment: {'robot': 'robot6', 'fragment': {'id': 'f3-2', 'mission': 'm3', 'state': 'assigned', 'wait': ['m3/s1/pick'], 'tasks': [{'name': 'scan', 'params': {'x': 7, 'y': 3}}], 'arrive_timestamp': 1787696036, 'priority': 1, 'segment': 's1', 'preconditions': [], 'postconditions': []}}
[INFO] [1787696062.898249165] [robot3.fragment_exec_node]: Received fragment: {'robot': 'robot2', 'fragment': {'id': 'f3-8', 'mission': 'm3', 'state': 'assigned', 'wait': ['m3/s3/pick'], 'tasks': [{'name': 'scan', 'params': {'x': 1, 'y': 9}}], 'arrive_timestamp': 1787696036, 'priority': 1, 'segment': 's3', 'preconditions': [], 'postconditions': []}}
[INFO] [1787696068.804068801] [robot3.fragment_exec_node]: Pick completed!
[INFO] [1787696068.806866174] [robot3.fragment_exec_node]: EventType: Task, Activity: pick, Robot: robot3, Mission: m1, Segment: s1, End: 22085.813656873
[INFO] [1787696068.810032947] [robot3.fragment_exec_node]: Execution of fragment f1-1 completed!
[INFO] [1787696068.884977753] [robot3.fragment_exec_node]: Received fragment: {'robot': 'robot2', 'fragment': {'id': 'f3-9', 'mission': 'm3', 'state': 'assigned', 'wait': ['m3/s3/scan'], 'tasks': [{'name': 'transport', 'params': {'x': 11, 'y': 6}}], 'arrive_timestamp': 1787696036, 'priority': 1, 'segment': 's3', 'preconditions': ['picked-o3-3'], 'postconditions': []}}
[INFO] [1787696068.887299332] [robot3.fragment_exec_node]: Received fragment: {'robot': 'robot3', 'fragment': {'id': 'f1-2', 'mission': 'm1', 'state': 'assigned', 'wait': ['m1/s1/pick'], 'tasks': [{'name': 'scan', 'params': {'x': 5, 'y': 8}}], 'arrive_timestamp': 1787696034, 'priority': 1, 'segment': 's1', 'preconditions': [], 'postconditions': []}}
[INFO] [1787696068.888611320] [robot3.fragment_exec_node]: Received fragment assignment: f1-2. Starting execution.
[INFO] [1787696068.890385393] [robot3.fragment_exec_node]: Waiting for coordination messages before executing fragment f1-2: ['m1/s1/pick']
[INFO] [1787696069.885939402] [robot3.fragment_exec_node]: Received fragment: {'robot': 'robot4', 'fragment': {'id': 'f2-5', 'mission': 'm2', 'state': 'assigned', 'wait': ['m2/s2/pick'], 'tasks': [{'name': 'scan', 'params': {'x': 9, 'y': 5}}], 'arrive_timestamp': 1787696035, 'priority': 1, 'segment': 's2', 'preconditions': [], 'postconditions': []}}
[INFO] [1787696070.893731088] [robot3.fragment_exec_node]: Executing task scan. Params: {'x': 5, 'y': 8}, Virtual state: {'position': {'x': 5, 'y': 8, 'z': 0.0}, 'docked': False, 'battery': 100.0, 'conditions': ['picked-o1-1']}
[INFO] [1787696070.895585541] [robot3.fragment_exec_node]: EventType: Task, Activity: scan, Robot: robot3, Mission: m1, Segment: s1, Start: 22087.903046339
[INFO] [1787696070.897417458] [robot3.fragment_exec_node]: Simulating scan skill...
[INFO] [1787696073.899436998] [robot3.fragment_exec_node]: Scan completed!
[INFO] [1787696073.901403468] [robot3.fragment_exec_node]: EventType: Task, Activity: scan, Robot: robot3, Mission: m1, Segment: s1, End: 22090.90869862
[INFO] [1787696073.903366598] [robot3.fragment_exec_node]: Execution of fragment f1-2 completed!
[INFO] [1787696074.885288896] [robot3.fragment_exec_node]: Received fragment: {'robot': 'robot3', 'fragment': {'id': 'f1-3', 'mission': 'm1', 'state': 'assigned', 'wait': ['m1/s1/scan'], 'tasks': [{'name': 'transport', 'params': {'x': 11, 'y': 6}}], 'arrive_timestamp': 1787696034, 'priority': 1, 'segment': 's1', 'preconditions': ['picked-o1-1'], 'postconditions': []}}
[INFO] [1787696074.886350730] [robot3.fragment_exec_node]: Received fragment assignment: f1-3. Starting execution.
[INFO] [1787696074.887623253] [robot3.fragment_exec_node]: Waiting for coordination messages before executing fragment f1-3: ['m1/s1/scan']
[INFO] [1787696075.876800059] [robot3.fragment_exec_node]: Received fragment: {'robot': 'robot4', 'fragment': {'id': 'f2-6', 'mission': 'm2', 'state': 'assigned', 'wait': ['m2/s2/scan'], 'tasks': [{'name': 'transport', 'params': {'x': 11, 'y': 6}}], 'arrive_timestamp': 1787696035, 'priority': 1, 'segment': 's2', 'preconditions': ['picked-o2-2'], 'postconditions': []}}
[INFO] [1787696076.887214162] [robot3.fragment_exec_node]: Received fragment: {'robot': 'robot6', 'fragment': {'id': 'f3-6', 'mission': 'm3', 'state': 'assigned', 'wait': ['m3/s2/scan'], 'tasks': [{'name': 'transport', 'params': {'x': 11, 'y': 6}}], 'arrive_timestamp': 1787696036, 'priority': 1, 'segment': 's2', 'preconditions': ['picked-o2-3'], 'postconditions': []}}
[INFO] [1787696076.890207895] [robot3.fragment_exec_node]: Received fragment: {'robot': 'robot5', 'fragment': {'id': 'f3-3', 'mission': 'm3', 'state': 'assigned', 'wait': ['m3/s1/scan'], 'tasks': [{'name': 'transport', 'params': {'x': 11, 'y': 6}}], 'arrive_timestamp': 1787696036, 'priority': 1, 'segment': 's1', 'preconditions': ['picked-o1-3'], 'postconditions': []}}
[INFO] [1787696076.892719546] [robot3.fragment_exec_node]: Executing task transport. Params: {'x': 11, 'y': 6}, Virtual state: {'position': {'x': 5, 'y': 8, 'z': 0.0}, 'docked': False, 'battery': 100.0, 'conditions': ['picked-o1-1']}
[INFO] [1787696076.894381449] [robot3.fragment_exec_node]: EventType: Control (Task: transport), Activity: navigate, Robot: robot3, Mission: m1, Segment: s1, Start: 22093.902373775
[INFO] [1787696076.895812247] [robot3.fragment_exec_node]: Simulating navigate skill from position (5, 8) to (11, 6) (12.165525060596439 seconds)...
[INFO] [1787696089.064857998] [robot3.fragment_exec_node]: Navigation completed!
[INFO] [1787696089.067528803] [robot3.fragment_exec_node]: EventType: Control (Task: transport), Activity: navigate, Robot: robot3, Mission: m1, Segment: s1, End: 22106.074654649
[INFO] [1787696089.069292938] [robot3.fragment_exec_node]: EventType: Task, Activity: transport, Robot: robot3, Mission: m1, Segment: s1, Start: 22106.076767463
[INFO] [1787696089.071064635] [robot3.fragment_exec_node]: Simulating navigate skill from position (11, 6) to (11, 6) (10.0 seconds)...
[INFO] [1787696095.881255173] [robot3.fragment_exec_node]: Received fragment: {'robot': 'robot4', 'fragment': {'id': 'f2-7', 'mission': 'm2', 'state': 'assigned', 'wait': ['m2/s1/transport', 'm2/s2/transport'], 'tasks': [{'name': 'pack', 'params': {'x': 11, 'y': 6, 'items': 2}}], 'arrive_timestamp': 1787696035, 'priority': 1, 'segment': '', 'preconditions': [], 'postconditions': []}}
[INFO] [1787696099.075088030] [robot3.fragment_exec_node]: Navigation completed!
[INFO] [1787696099.078837329] [robot3.fragment_exec_node]: EventType: Task, Activity: transport, Robot: robot3, Mission: m1, Segment: s1, End: 22116.085511563
[INFO] [1787696099.082499535] [robot3.fragment_exec_node]: Execution of fragment f1-3 completed!
[INFO] [1787696099.881066706] [robot3.fragment_exec_node]: Received fragment: {'robot': 'robot3', 'fragment': {'id': 'f1-4', 'mission': 'm1', 'state': 'assigned', 'wait': ['m1/s1/transport'], 'tasks': [{'name': 'pack', 'params': {'x': 11, 'y': 6, 'items': 1}}], 'arrive_timestamp': 1787696034, 'priority': 1, 'segment': '', 'preconditions': [], 'postconditions': []}}
[INFO] [1787696099.882243678] [robot3.fragment_exec_node]: Received fragment assignment: f1-4. Starting execution.
[INFO] [1787696099.883592061] [robot3.fragment_exec_node]: Waiting for coordination messages before executing fragment f1-4: ['m1/s1/transport']
[INFO] [1787696101.908775703] [robot3.fragment_exec_node]: Executing task pack. Params: {'x': 11, 'y': 6, 'items': 1}, Virtual state: {'position': {'x': 11, 'y': 6, 'z': 0.0}, 'docked': False, 'battery': 100.0, 'conditions': ['picked-o1-1']}
[INFO] [1787696101.909304375] [robot3.fragment_exec_node]: EventType: Task, Activity: pack, Robot: robot3, Mission: m1, Segment: , Start: 22118.917089588
[INFO] [1787696101.909727753] [robot3.fragment_exec_node]: Simulating pack skill...
[INFO] [1787696103.879933585] [robot3.fragment_exec_node]: Received fragment: {'robot': 'robot5', 'fragment': {'id': 'f3-10', 'mission': 'm3', 'state': 'assigned', 'wait': ['m3/s1/transport', 'm3/s2/transport', 'm3/s3/transport'], 'tasks': [{'name': 'pack', 'params': {'x': 2, 'y': 3, 'items': 3}}], 'arrive_timestamp': 1787696036, 'priority': 1, 'segment': '', 'preconditions': [], 'postconditions': []}}
[INFO] [1787696107.910802334] [robot3.fragment_exec_node]: Packing completed!
[INFO] [1787696107.911756449] [robot3.fragment_exec_node]: EventType: Task, Activity: pack, Robot: robot3, Mission: m1, Segment: , End: 22124.919285271
[INFO] [1787696107.912940558] [robot3.fragment_exec_node]: Execution of fragment f1-4 completed!
Traceback (most recent call last):
  File "/root/ros2_ws/install/multi3_executor/lib/multi3_executor/executor", line 33, in <module>
    sys.exit(load_entry_point('multi3-executor==0.0.0', 'console_scripts', 'executor')())
  File "/root/ros2_ws/install/multi3_executor/lib/python3.10/site-packages/multi3_executor/nodes/executor.py", line 236, in main
    rclpy.shutdown()
  File "/opt/ros/humble/local/lib/python3.10/dist-packages/rclpy/__init__.py", line 130, in shutdown
    _shutdown(context=context)
  File "/opt/ros/humble/local/lib/python3.10/dist-packages/rclpy/utilities.py", line 58, in shutdown
    return context.shutdown()
  File "/opt/ros/humble/local/lib/python3.10/dist-packages/rclpy/context.py", line 102, in shutdown
    self.__context.shutdown()
rclpy._rclpy_pybind11.RCLError: failed to shutdown: rcl_shutdown already called on the given context, at ./src/rcl/init.c:241

--- executor_robot4.log ---
[INFO] [1787696029.284918716] [robot4.fragment_exec_node]: Setting up skill: PickSkill
[INFO] [1787696029.285698462] [robot4.fragment_exec_node]: Setting up skill: ScanSkill
[INFO] [1787696029.286305878] [robot4.fragment_exec_node]: Setting up skill: NavigateSkill
[INFO] [1787696029.286895508] [robot4.fragment_exec_node]: Setting up skill: NavigateSkill
[INFO] [1787696029.287449439] [robot4.fragment_exec_node]: Setting up skill: DockSkill
[INFO] [1787696029.288210323] [robot4.fragment_exec_node]: Setting up skill: UndockSkill
[INFO] [1787696029.288975528] [robot4.fragment_exec_node]: Setting up skill: PackSkill
[INFO] [1787696029.296325285] [robot4.fragment_exec_node]: Published robot registration: {'name': 'robot4', 'operational_state': 'idle', 'capabilities': ['pick', 'scan', 'transport', 'pack'], 'state': {'position': {'x': 0.0, 'y': 0.0, 'z': 0.0}, 'docked': True, 'battery': 100.0, 'conditions': []}}
[INFO] [1787696037.887230943] [robot4.fragment_exec_node]: Received fragment: {'robot': 'robot3', 'fragment': {'id': 'f1-1', 'mission': 'm1', 'state': 'assigned', 'wait': [], 'tasks': [{'name': 'pick', 'params': {'x': 5, 'y': 8, 'weight': 8}}], 'arrive_timestamp': 1787696034, 'priority': 1, 'segment': 's1', 'preconditions': [], 'postconditions': ['picked-o1-1']}}
[INFO] [1787696037.890249815] [robot4.fragment_exec_node]: Received fragment: {'robot': 'robot1', 'fragment': {'id': 'f2-1', 'mission': 'm2', 'state': 'assigned', 'wait': [], 'tasks': [{'name': 'pick', 'params': {'weight': 5, 'x': 2, 'y': 3}}], 'arrive_timestamp': 1787696035, 'priority': 1, 'segment': 's1', 'preconditions': [], 'postconditions': ['picked-o1-2']}}
[INFO] [1787696037.896442867] [robot4.fragment_exec_node]: Received fragment: {'robot': 'robot4', 'fragment': {'id': 'f2-4', 'mission': 'm2', 'state': 'assigned', 'wait': [], 'tasks': [{'name': 'pick', 'params': {'weight': 7, 'x': 9, 'y': 5}}], 'arrive_timestamp': 1787696035, 'priority': 1, 'segment': 's2', 'preconditions': [], 'postconditions': ['picked-o2-2']}}
[INFO] [1787696037.897521575] [robot4.fragment_exec_node]: Received fragment assignment: f2-4. Starting execution.
[INFO] [1787696037.898905851] [robot4.fragment_exec_node]: Executing task pick. Params: {'weight': 7, 'x': 9, 'y': 5}, Virtual state: {'position': {'x': 0.0, 'y': 0.0, 'z': 0.0}, 'docked': True, 'battery': 100.0, 'conditions': []}
[INFO] [1787696037.903008742] [robot4.fragment_exec_node]: Received fragment: {'robot': 'robot5', 'fragment': {'id': 'f3-1', 'mission': 'm3', 'state': 'assigned', 'wait': [], 'tasks': [{'name': 'pick', 'params': {'weight': 3, 'x': 7, 'y': 3}}], 'arrive_timestamp': 1787696036, 'priority': 1, 'segment': 's1', 'preconditions': [], 'postconditions': ['picked-o1-3']}}
[INFO] [1787696037.904147481] [robot4.fragment_exec_node]: EventType: Control (Task: pick), Activity: undock, Robot: robot4, Mission: m2, Segment: s2, Start: 22054.907844059
[INFO] [1787696037.906707569] [robot4.fragment_exec_node]: Simulating undock skill...
[INFO] [1787696037.908065757] [robot4.fragment_exec_node]: Received fragment: {'robot': 'robot6', 'fragment': {'id': 'f3-4', 'mission': 'm3', 'state': 'assigned', 'wait': [], 'tasks': [{'name': 'pick', 'params': {'weight': 5, 'x': 2, 'y': 3}}], 'arrive_timestamp': 1787696036, 'priority': 1, 'segment': 's2', 'preconditions': [], 'postconditions': ['picked-o2-3']}}
[INFO] [1787696037.910154984] [robot4.fragment_exec_node]: Received fragment: {'robot': 'robot2', 'fragment': {'id': 'f3-7', 'mission': 'm3', 'state': 'assigned', 'wait': [], 'tasks': [{'name': 'pick', 'params': {'weight': 2, 'x': 1, 'y': 9}}], 'arrive_timestamp': 1787696036, 'priority': 1, 'segment': 's3', 'preconditions': [], 'postconditions': ['picked-o3-3']}}
[INFO] [1787696041.909873865] [robot4.fragment_exec_node]: Undock completed!
[INFO] [1787696041.915683922] [robot4.fragment_exec_node]: EventType: Control (Task: pick), Activity: undock, Robot: robot4, Mission: m2, Segment: s2, End: 22058.922577548
[INFO] [1787696041.918137556] [robot4.fragment_exec_node]: EventType: Control (Task: pick), Activity: navigate, Robot: robot4, Mission: m2, Segment: s2, Start: 22058.925260574
[INFO] [1787696041.920964365] [robot4.fragment_exec_node]: Simulating navigate skill from position (0.0, 0.0) to (9, 5) (20.591260281974 seconds)...
[INFO] [1787696054.879887925] [robot4.fragment_exec_node]: Received fragment: {'robot': 'robot1', 'fragment': {'id': 'f2-2', 'mission': 'm2', 'state': 'assigned', 'wait': ['m2/s1/pick'], 'tasks': [{'name': 'scan', 'params': {'x': 2, 'y': 3}}], 'arrive_timestamp': 1787696035, 'priority': 1, 'segment': 's1', 'preconditions': [], 'postconditions': []}}
[INFO] [1787696054.883024348] [robot4.fragment_exec_node]: Received fragment: {'robot': 'robot6', 'fragment': {'id': 'f3-5', 'mission': 'm3', 'state': 'assigned', 'wait': ['m3/s2/pick'], 'tasks': [{'name': 'scan', 'params': {'x': 2, 'y': 3}}], 'arrive_timestamp': 1787696036, 'priority': 1, 'segment': 's2', 'preconditions': [], 'postconditions': []}}
[INFO] [1787696060.883303595] [robot4.fragment_exec_node]: Received fragment: {'robot': 'robot1', 'fragment': {'id': 'f2-3', 'mission': 'm2', 'state': 'assigned', 'wait': ['m2/s1/scan'], 'tasks': [{'name': 'transport', 'params': {'x': 11, 'y': 6}}], 'arrive_timestamp': 1787696035, 'priority': 1, 'segment': 's1', 'preconditions': [], 'postconditions': []}}
[INFO] [1787696060.885642460] [robot4.fragment_exec_node]: Received fragment: {'robot': 'robot6', 'fragment': {'id': 'f3-2', 'mission': 'm3', 'state': 'assigned', 'wait': ['m3/s1/pick'], 'tasks': [{'name': 'scan', 'params': {'x': 7, 'y': 3}}], 'arrive_timestamp': 1787696036, 'priority': 1, 'segment': 's1', 'preconditions': [], 'postconditions': []}}
[INFO] [1787696062.515904501] [robot4.fragment_exec_node]: Navigation completed!
[INFO] [1787696062.519211177] [robot4.fragment_exec_node]: EventType: Control (Task: pick), Activity: navigate, Robot: robot4, Mission: m2, Segment: s2, End: 22079.526337333
[INFO] [1787696062.521005873] [robot4.fragment_exec_node]: EventType: Task, Activity: pick, Robot: robot4, Mission: m2, Segment: s2, Start: 22079.528616728
[INFO] [1787696062.522567698] [robot4.fragment_exec_node]: Simulating pick skill...
[INFO] [1787696062.873414966] [robot4.fragment_exec_node]: Received fragment: {'robot': 'robot2', 'fragment': {'id': 'f3-8', 'mission': 'm3', 'state': 'assigned', 'wait': ['m3/s3/pick'], 'tasks': [{'name': 'scan', 'params': {'x': 1, 'y': 9}}], 'arrive_timestamp': 1787696036, 'priority': 1, 'segment': 's3', 'preconditions': [], 'postconditions': []}}
[INFO] [1787696068.883969157] [robot4.fragment_exec_node]: Received fragment: {'robot': 'robot3', 'fragment': {'id': 'f1-2', 'mission': 'm1', 'state': 'assigned', 'wait': ['m1/s1/pick'], 'tasks': [{'name': 'scan', 'params': {'x': 5, 'y': 8}}], 'arrive_timestamp': 1787696034, 'priority': 1, 'segment': 's1', 'preconditions': [], 'postconditions': []}}
[INFO] [1787696068.885563580] [robot4.fragment_exec_node]: Received fragment: {'robot': 'robot2', 'fragment': {'id': 'f3-9', 'mission': 'm3', 'state': 'assigned', 'wait': ['m3/s3/scan'], 'tasks': [{'name': 'transport', 'params': {'x': 11, 'y': 6}}], 'arrive_timestamp': 1787696036, 'priority': 1, 'segment': 's3', 'preconditions': ['picked-o3-3'], 'postconditions': []}}
[INFO] [1787696069.525347063] [robot4.fragment_exec_node]: Pick completed!
[INFO] [1787696069.526376503] [robot4.fragment_exec_node]: EventType: Task, Activity: pick, Robot: robot4, Mission: m2, Segment: s2, End: 22086.534577205
[INFO] [1787696069.527560731] [robot4.fragment_exec_node]: Execution of fragment f2-4 completed!
[INFO] [1787696069.881917527] [robot4.fragment_exec_node]: Received fragment: {'robot': 'robot4', 'fragment': {'id': 'f2-5', 'mission': 'm2', 'state': 'assigned', 'wait': ['m2/s2/pick'], 'tasks': [{'name': 'scan', 'params': {'x': 9, 'y': 5}}], 'arrive_timestamp': 1787696035, 'priority': 1, 'segment': 's2', 'preconditions': [], 'postconditions': []}}
[INFO] [1787696069.884075740] [robot4.fragment_exec_node]: Received fragment assignment: f2-5. Starting execution.
[INFO] [1787696069.888646502] [robot4.fragment_exec_node]: Waiting for coordination messages before executing fragment f2-5: ['m2/s2/pick']
[INFO] [1787696071.903146393] [robot4.fragment_exec_node]: Executing task scan. Params: {'x': 9, 'y': 5}, Virtual state: {'position': {'x': 9, 'y': 5, 'z': 0.0}, 'docked': False, 'battery': 100.0, 'conditions': ['picked-o2-2']}
[INFO] [1787696071.904441596] [robot4.fragment_exec_node]: EventType: Task, Activity: scan, Robot: robot4, Mission: m2, Segment: s2, Start: 22088.912393509
[INFO] [1787696071.906082730] [robot4.fragment_exec_node]: Simulating scan skill...
[INFO] [1787696074.877972218] [robot4.fragment_exec_node]: Received fragment: {'robot': 'robot3', 'fragment': {'id': 'f1-3', 'mission': 'm1', 'state': 'assigned', 'wait': ['m1/s1/scan'], 'tasks': [{'name': 'transport', 'params': {'x': 11, 'y': 6}}], 'arrive_timestamp': 1787696034, 'priority': 1, 'segment': 's1', 'preconditions': ['picked-o1-1'], 'postconditions': []}}
[INFO] [1787696074.910093170] [robot4.fragment_exec_node]: Scan completed!
[INFO] [1787696074.912579690] [robot4.fragment_exec_node]: EventType: Task, Activity: scan, Robot: robot4, Mission: m2, Segment: s2, End: 22091.919773875
[INFO] [1787696074.915225178] [robot4.fragment_exec_node]: Execution of fragment f2-5 completed!
[INFO] [1787696075.876150930] [robot4.fragment_exec_node]: Received fragment: {'robot': 'robot4', 'fragment': {'id': 'f2-6', 'mission': 'm2', 'state': 'assigned', 'wait': ['m2/s2/scan'], 'tasks': [{'name': 'transport', 'params': {'x': 11, 'y': 6}}], 'arrive_timestamp': 1787696035, 'priority': 1, 'segment': 's2', 'preconditions': ['picked-o2-2'], 'postconditions': []}}
[INFO] [1787696075.878318218] [robot4.fragment_exec_node]: Received fragment assignment: f2-6. Starting execution.
[INFO] [1787696075.880772834] [robot4.fragment_exec_node]: Waiting for coordination messages before executing fragment f2-6: ['m2/s2/scan']
[INFO] [1787696076.890912077] [robot4.fragment_exec_node]: Received fragment: {'robot': 'robot5', 'fragment': {'id': 'f3-3', 'mission': 'm3', 'state': 'assigned', 'wait': ['m3/s1/scan'], 'tasks': [{'name': 'transport', 'params': {'x': 11, 'y': 6}}], 'arrive_timestamp': 1787696036, 'priority': 1, 'segment': 's1', 'preconditions': ['picked-o1-3'], 'postconditions': []}}
[INFO] [1787696076.892965824] [robot4.fragment_exec_node]: Received fragment: {'robot': 'robot6', 'fragment': {'id': 'f3-6', 'mission': 'm3', 'state': 'assigned', 'wait': ['m3/s2/scan'], 'tasks': [{'name': 'transport', 'params': {'x': 11, 'y': 6}}], 'arrive_timestamp': 1787696036, 'priority': 1, 'segment': 's2', 'preconditions': ['picked-o2-3'], 'postconditions': []}}
[INFO] [1787696077.901312829] [robot4.fragment_exec_node]: Executing task transport. Params: {'x': 11, 'y': 6}, Virtual state: {'position': {'x': 9, 'y': 5, 'z': 0.0}, 'docked': False, 'battery': 100.0, 'conditions': ['picked-o2-2']}
[INFO] [1787696077.902891813] [robot4.fragment_exec_node]: EventType: Control (Task: transport), Activity: navigate, Robot: robot4, Mission: m2, Segment: s2, Start: 22094.910458089
[INFO] [1787696077.904229826] [robot4.fragment_exec_node]: Simulating navigate skill from position (9, 5) to (11, 6) (7.211102550927978 seconds)...
[INFO] [1787696085.118856683] [robot4.fragment_exec_node]: Navigation completed!
[INFO] [1787696085.121462545] [robot4.fragment_exec_node]: EventType: Control (Task: transport), Activity: navigate, Robot: robot4, Mission: m2, Segment: s2, End: 22102.12852629
[INFO] [1787696085.123321322] [robot4.fragment_exec_node]: EventType: Task, Activity: transport, Robot: robot4, Mission: m2, Segment: s2, Start: 22102.130643987
[INFO] [1787696085.125073701] [robot4.fragment_exec_node]: Simulating navigate skill from position (11, 6) to (11, 6) (10.0 seconds)...
[INFO] [1787696095.129853784] [robot4.fragment_exec_node]: Navigation completed!
[INFO] [1787696095.132202999] [robot4.fragment_exec_node]: EventType: Task, Activity: transport, Robot: robot4, Mission: m2, Segment: s2, End: 22112.139529309
[INFO] [1787696095.134890328] [robot4.fragment_exec_node]: Execution of fragment f2-6 completed!
[INFO] [1787696095.919334804] [robot4.fragment_exec_node]: Received fragment: {'robot': 'robot4', 'fragment': {'id': 'f2-7', 'mission': 'm2', 'state': 'assigned', 'wait': ['m2/s1/transport', 'm2/s2/transport'], 'tasks': [{'name': 'pack', 'params': {'x': 11, 'y': 6, 'items': 2}}], 'arrive_timestamp': 1787696035, 'priority': 1, 'segment': '', 'preconditions': [], 'postconditions': []}}
[INFO] [1787696095.920333970] [robot4.fragment_exec_node]: Received fragment assignment: f2-7. Starting execution.
[INFO] [1787696095.921133499] [robot4.fragment_exec_node]: Executing task pack. Params: {'x': 11, 'y': 6, 'items': 2}, Virtual state: {'position': {'x': 11, 'y': 6, 'z': 0.0}, 'docked': False, 'battery': 100.0, 'conditions': ['picked-o2-2']}
[INFO] [1787696095.921799256] [robot4.fragment_exec_node]: EventType: Task, Activity: pack, Robot: robot4, Mission: m2, Segment: , Start: 22112.930008408
[INFO] [1787696095.922316847] [robot4.fragment_exec_node]: Simulating pack skill...
[INFO] [1787696099.878473399] [robot4.fragment_exec_node]: Received fragment: {'robot': 'robot3', 'fragment': {'id': 'f1-4', 'mission': 'm1', 'state': 'assigned', 'wait': ['m1/s1/transport'], 'tasks': [{'name': 'pack', 'params': {'x': 11, 'y': 6, 'items': 1}}], 'arrive_timestamp': 1787696034, 'priority': 1, 'segment': '', 'preconditions': [], 'postconditions': []}}
[INFO] [1787696103.879388521] [robot4.fragment_exec_node]: Received fragment: {'robot': 'robot5', 'fragment': {'id': 'f3-10', 'mission': 'm3', 'state': 'assigned', 'wait': ['m3/s1/transport', 'm3/s2/transport', 'm3/s3/transport'], 'tasks': [{'name': 'pack', 'params': {'x': 2, 'y': 3, 'items': 3}}], 'arrive_timestamp': 1787696036, 'priority': 1, 'segment': '', 'preconditions': [], 'postconditions': []}}
[INFO] [1787696107.924594239] [robot4.fragment_exec_node]: Packing completed!
[INFO] [1787696107.925515791] [robot4.fragment_exec_node]: EventType: Task, Activity: pack, Robot: robot4, Mission: m2, Segment: , End: 22124.93315802
[INFO] [1787696107.926886204] [robot4.fragment_exec_node]: Execution of fragment f2-7 completed!
Traceback (most recent call last):
  File "/root/ros2_ws/install/multi3_executor/lib/multi3_executor/executor", line 33, in <module>
    sys.exit(load_entry_point('multi3-executor==0.0.0', 'console_scripts', 'executor')())
  File "/root/ros2_ws/install/multi3_executor/lib/python3.10/site-packages/multi3_executor/nodes/executor.py", line 236, in main
    rclpy.shutdown()
  File "/opt/ros/humble/local/lib/python3.10/dist-packages/rclpy/__init__.py", line 130, in shutdown
    _shutdown(context=context)
  File "/opt/ros/humble/local/lib/python3.10/dist-packages/rclpy/utilities.py", line 58, in shutdown
    return context.shutdown()
  File "/opt/ros/humble/local/lib/python3.10/dist-packages/rclpy/context.py", line 102, in shutdown
    self.__context.shutdown()
rclpy._rclpy_pybind11.RCLError: failed to shutdown: rcl_shutdown already called on the given context, at ./src/rcl/init.c:241

--- executor_robot5.log ---
[INFO] [1787696031.272411874] [robot5.fragment_exec_node]: Setting up skill: PickSkill
[INFO] [1787696031.273179869] [robot5.fragment_exec_node]: Setting up skill: ScanSkill
[INFO] [1787696031.273898544] [robot5.fragment_exec_node]: Setting up skill: NavigateSkill
[INFO] [1787696031.274911040] [robot5.fragment_exec_node]: Setting up skill: NavigateSkill
[INFO] [1787696031.275603633] [robot5.fragment_exec_node]: Setting up skill: DockSkill
[INFO] [1787696031.276215505] [robot5.fragment_exec_node]: Setting up skill: UndockSkill
[INFO] [1787696031.276981459] [robot5.fragment_exec_node]: Setting up skill: PackSkill
[INFO] [1787696031.286229356] [robot5.fragment_exec_node]: Published robot registration: {'name': 'robot5', 'operational_state': 'idle', 'capabilities': ['pick', 'scan', 'transport', 'pack'], 'state': {'position': {'x': 0.0, 'y': 0.0, 'z': 0.0}, 'docked': True, 'battery': 100.0, 'conditions': []}}
[INFO] [1787696037.888972758] [robot5.fragment_exec_node]: Received fragment: {'robot': 'robot4', 'fragment': {'id': 'f2-4', 'mission': 'm2', 'state': 'assigned', 'wait': [], 'tasks': [{'name': 'pick', 'params': {'weight': 7, 'x': 9, 'y': 5}}], 'arrive_timestamp': 1787696035, 'priority': 1, 'segment': 's2', 'preconditions': [], 'postconditions': ['picked-o2-2']}}
[INFO] [1787696037.892252717] [robot5.fragment_exec_node]: Received fragment: {'robot': 'robot3', 'fragment': {'id': 'f1-1', 'mission': 'm1', 'state': 'assigned', 'wait': [], 'tasks': [{'name': 'pick', 'params': {'x': 5, 'y': 8, 'weight': 8}}], 'arrive_timestamp': 1787696034, 'priority': 1, 'segment': 's1', 'preconditions': [], 'postconditions': ['picked-o1-1']}}
[INFO] [1787696037.902651642] [robot5.fragment_exec_node]: Received fragment: {'robot': 'robot1', 'fragment': {'id': 'f2-1', 'mission': 'm2', 'state': 'assigned', 'wait': [], 'tasks': [{'name': 'pick', 'params': {'weight': 5, 'x': 2, 'y': 3}}], 'arrive_timestamp': 1787696035, 'priority': 1, 'segment': 's1', 'preconditions': [], 'postconditions': ['picked-o1-2']}}
[INFO] [1787696037.905321494] [robot5.fragment_exec_node]: Received fragment: {'robot': 'robot6', 'fragment': {'id': 'f3-4', 'mission': 'm3', 'state': 'assigned', 'wait': [], 'tasks': [{'name': 'pick', 'params': {'weight': 5, 'x': 2, 'y': 3}}], 'arrive_timestamp': 1787696036, 'priority': 1, 'segment': 's2', 'preconditions': [], 'postconditions': ['picked-o2-3']}}
[INFO] [1787696037.906544286] [robot5.fragment_exec_node]: Received fragment: {'robot': 'robot2', 'fragment': {'id': 'f3-7', 'mission': 'm3', 'state': 'assigned', 'wait': [], 'tasks': [{'name': 'pick', 'params': {'weight': 2, 'x': 1, 'y': 9}}], 'arrive_timestamp': 1787696036, 'priority': 1, 'segment': 's3', 'preconditions': [], 'postconditions': ['picked-o3-3']}}
[INFO] [1787696037.907349366] [robot5.fragment_exec_node]: Received fragment: {'robot': 'robot5', 'fragment': {'id': 'f3-1', 'mission': 'm3', 'state': 'assigned', 'wait': [], 'tasks': [{'name': 'pick', 'params': {'weight': 3, 'x': 7, 'y': 3}}], 'arrive_timestamp': 1787696036, 'priority': 1, 'segment': 's1', 'preconditions': [], 'postconditions': ['picked-o1-3']}}
[INFO] [1787696037.908320559] [robot5.fragment_exec_node]: Received fragment assignment: f3-1. Starting execution.
[INFO] [1787696037.909796332] [robot5.fragment_exec_node]: Executing task pick. Params: {'weight': 3, 'x': 7, 'y': 3}, Virtual state: {'position': {'x': 0.0, 'y': 0.0, 'z': 0.0}, 'docked': True, 'battery': 100.0, 'conditions': []}
[INFO] [1787696037.910497345] [robot5.fragment_exec_node]: EventType: Control (Task: pick), Activity: undock, Robot: robot5, Mission: m3, Segment: s1, Start: 22054.918719187
[INFO] [1787696037.911726429] [robot5.fragment_exec_node]: Simulating undock skill...
[INFO] [1787696041.914861574] [robot5.fragment_exec_node]: Undock completed!
[INFO] [1787696041.917488807] [robot5.fragment_exec_node]: EventType: Control (Task: pick), Activity: undock, Robot: robot5, Mission: m3, Segment: s1, End: 22058.924225911
[INFO] [1787696041.920791335] [robot5.fragment_exec_node]: EventType: Control (Task: pick), Activity: navigate, Robot: robot5, Mission: m3, Segment: s1, Start: 22058.927984417
[INFO] [1787696041.923415149] [robot5.fragment_exec_node]: Simulating navigate skill from position (0.0, 0.0) to (7, 3) (15.231546211727817 seconds)...
[INFO] [1787696054.885250529] [robot5.fragment_exec_node]: Received fragment: {'robot': 'robot1', 'fragment': {'id': 'f2-2', 'mission': 'm2', 'state': 'assigned', 'wait': ['m2/s1/pick'], 'tasks': [{'name': 'scan', 'params': {'x': 2, 'y': 3}}], 'arrive_timestamp': 1787696035, 'priority': 1, 'segment': 's1', 'preconditions': [], 'postconditions': []}}
[INFO] [1787696054.887503853] [robot5.fragment_exec_node]: Received fragment: {'robot': 'robot6', 'fragment': {'id': 'f3-5', 'mission': 'm3', 'state': 'assigned', 'wait': ['m3/s2/pick'], 'tasks': [{'name': 'scan', 'params': {'x': 2, 'y': 3}}], 'arrive_timestamp': 1787696036, 'priority': 1, 'segment': 's2', 'preconditions': [], 'postconditions': []}}
[INFO] [1787696057.157108618] [robot5.fragment_exec_node]: Navigation completed!
[INFO] [1787696057.158283091] [robot5.fragment_exec_node]: EventType: Control (Task: pick), Activity: navigate, Robot: robot5, Mission: m3, Segment: s1, End: 22074.166326805
[INFO] [1787696057.159094262] [robot5.fragment_exec_node]: EventType: Task, Activity: pick, Robot: robot5, Mission: m3, Segment: s1, Start: 22074.167402236
[INFO] [1787696057.159955663] [robot5.fragment_exec_node]: Simulating pick skill...
[INFO] [1787696060.163967004] [robot5.fragment_exec_node]: Pick completed!
[INFO] [1787696060.166701401] [robot5.fragment_exec_node]: EventType: Task, Activity: pick, Robot: robot5, Mission: m3, Segment: s1, End: 22077.173539903
[INFO] [1787696060.169199118] [robot5.fragment_exec_node]: Execution of fragment f3-1 completed!
[INFO] [1787696060.885396880] [robot5.fragment_exec_node]: Received fragment: {'robot': 'robot1', 'fragment': {'id': 'f2-3', 'mission': 'm2', 'state': 'assigned', 'wait': ['m2/s1/scan'], 'tasks': [{'name': 'transport', 'params': {'x': 11, 'y': 6}}], 'arrive_timestamp': 1787696035, 'priority': 1, 'segment': 's1', 'preconditions': [], 'postconditions': []}}
[INFO] [1787696060.887784648] [robot5.fragment_exec_node]: Received fragment: {'robot': 'robot6', 'fragment': {'id': 'f3-2', 'mission': 'm3', 'state': 'assigned', 'wait': ['m3/s1/pick'], 'tasks': [{'name': 'scan', 'params': {'x': 7, 'y': 3}}], 'arrive_timestamp': 1787696036, 'priority': 1, 'segment': 's1', 'preconditions': [], 'postconditions': []}}
[INFO] [1787696062.877067194] [robot5.fragment_exec_node]: Received fragment: {'robot': 'robot2', 'fragment': {'id': 'f3-8', 'mission': 'm3', 'state': 'assigned', 'wait': ['m3/s3/pick'], 'tasks': [{'name': 'scan', 'params': {'x': 1, 'y': 9}}], 'arrive_timestamp': 1787696036, 'priority': 1, 'segment': 's3', 'preconditions': [], 'postconditions': []}}
[INFO] [1787696068.885875755] [robot5.fragment_exec_node]: Received fragment: {'robot': 'robot3', 'fragment': {'id': 'f1-2', 'mission': 'm1', 'state': 'assigned', 'wait': ['m1/s1/pick'], 'tasks': [{'name': 'scan', 'params': {'x': 5, 'y': 8}}], 'arrive_timestamp': 1787696034, 'priority': 1, 'segment': 's1', 'preconditions': [], 'postconditions': []}}
[INFO] [1787696068.887624784] [robot5.fragment_exec_node]: Received fragment: {'robot': 'robot2', 'fragment': {'id': 'f3-9', 'mission': 'm3', 'state': 'assigned', 'wait': ['m3/s3/scan'], 'tasks': [{'name': 'transport', 'params': {'x': 11, 'y': 6}}], 'arrive_timestamp': 1787696036, 'priority': 1, 'segment': 's3', 'preconditions': ['picked-o3-3'], 'postconditions': []}}
[INFO] [1787696069.912912700] [robot5.fragment_exec_node]: Received fragment: {'robot': 'robot4', 'fragment': {'id': 'f2-5', 'mission': 'm2', 'state': 'assigned', 'wait': ['m2/s2/pick'], 'tasks': [{'name': 'scan', 'params': {'x': 9, 'y': 5}}], 'arrive_timestamp': 1787696035, 'priority': 1, 'segment': 's2', 'preconditions': [], 'postconditions': []}}
[INFO] [1787696074.885156830] [robot5.fragment_exec_node]: Received fragment: {'robot': 'robot3', 'fragment': {'id': 'f1-3', 'mission': 'm1', 'state': 'assigned', 'wait': ['m1/s1/scan'], 'tasks': [{'name': 'transport', 'params': {'x': 11, 'y': 6}}], 'arrive_timestamp': 1787696034, 'priority': 1, 'segment': 's1', 'preconditions': ['picked-o1-1'], 'postconditions': []}}
[INFO] [1787696075.898924866] [robot5.fragment_exec_node]: Received fragment: {'robot': 'robot4', 'fragment': {'id': 'f2-6', 'mission': 'm2', 'state': 'assigned', 'wait': ['m2/s2/scan'], 'tasks': [{'name': 'transport', 'params': {'x': 11, 'y': 6}}], 'arrive_timestamp': 1787696035, 'priority': 1, 'segment': 's2', 'preconditions': ['picked-o2-2'], 'postconditions': []}}
[INFO] [1787696076.886981721] [robot5.fragment_exec_node]: Received fragment: {'robot': 'robot6', 'fragment': {'id': 'f3-6', 'mission': 'm3', 'state': 'assigned', 'wait': ['m3/s2/scan'], 'tasks': [{'name': 'transport', 'params': {'x': 11, 'y': 6}}], 'arrive_timestamp': 1787696036, 'priority': 1, 'segment': 's2', 'preconditions': ['picked-o2-3'], 'postconditions': []}}
[INFO] [1787696076.888692479] [robot5.fragment_exec_node]: Received fragment: {'robot': 'robot5', 'fragment': {'id': 'f3-3', 'mission': 'm3', 'state': 'assigned', 'wait': ['m3/s1/scan'], 'tasks': [{'name': 'transport', 'params': {'x': 11, 'y': 6}}], 'arrive_timestamp': 1787696036, 'priority': 1, 'segment': 's1', 'preconditions': ['picked-o1-3'], 'postconditions': []}}
[INFO] [1787696076.890350766] [robot5.fragment_exec_node]: Received fragment assignment: f3-3. Starting execution.
[INFO] [1787696076.892381057] [robot5.fragment_exec_node]: Waiting for coordination messages before executing fragment f3-3: ['m3/s1/scan']
[INFO] [1787696078.898233440] [robot5.fragment_exec_node]: Executing task transport. Params: {'x': 11, 'y': 6}, Virtual state: {'position': {'x': 7, 'y': 3, 'z': 0.0}, 'docked': False, 'battery': 100.0, 'conditions': ['picked-o1-3']}
[INFO] [1787696078.901102591] [robot5.fragment_exec_node]: EventType: Control (Task: transport), Activity: navigate, Robot: robot5, Mission: m3, Segment: s1, Start: 22095.907915689
[INFO] [1787696078.902684834] [robot5.fragment_exec_node]: Simulating navigate skill from position (7, 3) to (11, 6) (8.246211251235321 seconds)...
[INFO] [1787696087.153396022] [robot5.fragment_exec_node]: Navigation completed!
[INFO] [1787696087.155961839] [robot5.fragment_exec_node]: EventType: Control (Task: transport), Activity: navigate, Robot: robot5, Mission: m3, Segment: s1, End: 22104.163034996
[INFO] [1787696087.157729330] [robot5.fragment_exec_node]: EventType: Task, Activity: transport, Robot: robot5, Mission: m3, Segment: s1, Start: 22104.165360907
[INFO] [1787696087.159482261] [robot5.fragment_exec_node]: Simulating navigate skill from position (11, 6) to (11, 6) (10.0 seconds)...
[INFO] [1787696095.878367320] [robot5.fragment_exec_node]: Received fragment: {'robot': 'robot4', 'fragment': {'id': 'f2-7', 'mission': 'm2', 'state': 'assigned', 'wait': ['m2/s1/transport', 'm2/s2/transport'], 'tasks': [{'name': 'pack', 'params': {'x': 11, 'y': 6, 'items': 2}}], 'arrive_timestamp': 1787696035, 'priority': 1, 'segment': '', 'preconditions': [], 'postconditions': []}}
[INFO] [1787696097.163262731] [robot5.fragment_exec_node]: Navigation completed!
[INFO] [1787696097.166106222] [robot5.fragment_exec_node]: EventType: Task, Activity: transport, Robot: robot5, Mission: m3, Segment: s1, End: 22114.172791531
[INFO] [1787696097.169557273] [robot5.fragment_exec_node]: Execution of fragment f3-3 completed!
[INFO] [1787696099.875312715] [robot5.fragment_exec_node]: Received fragment: {'robot': 'robot3', 'fragment': {'id': 'f1-4', 'mission': 'm1', 'state': 'assigned', 'wait': ['m1/s1/transport'], 'tasks': [{'name': 'pack', 'params': {'x': 11, 'y': 6, 'items': 1}}], 'arrive_timestamp': 1787696034, 'priority': 1, 'segment': '', 'preconditions': [], 'postconditions': []}}
[INFO] [1787696103.880915087] [robot5.fragment_exec_node]: Received fragment: {'robot': 'robot5', 'fragment': {'id': 'f3-10', 'mission': 'm3', 'state': 'assigned', 'wait': ['m3/s1/transport', 'm3/s2/transport', 'm3/s3/transport'], 'tasks': [{'name': 'pack', 'params': {'x': 2, 'y': 3, 'items': 3}}], 'arrive_timestamp': 1787696036, 'priority': 1, 'segment': '', 'preconditions': [], 'postconditions': []}}
[INFO] [1787696103.882682504] [robot5.fragment_exec_node]: Received fragment assignment: f3-10. Starting execution.
[INFO] [1787696103.884466201] [robot5.fragment_exec_node]: Waiting for coordination messages before executing fragment f3-10: ['m3/s1/transport', 'm3/s2/transport', 'm3/s3/transport']
[INFO] [1787696105.908654558] [robot5.fragment_exec_node]: Executing task pack. Params: {'x': 2, 'y': 3, 'items': 3}, Virtual state: {'position': {'x': 11, 'y': 6, 'z': 0.0}, 'docked': False, 'battery': 100.0, 'conditions': ['picked-o1-3']}
[INFO] [1787696105.909737521] [robot5.fragment_exec_node]: EventType: Control (Task: pack), Activity: navigate, Robot: robot5, Mission: m3, Segment: , Start: 22122.917303092
[INFO] [1787696105.910641514] [robot5.fragment_exec_node]: Simulating navigate skill from position (11, 6) to (2, 3) (24.08318915758459 seconds)...
[INFO] [1787696129.996176039] [robot5.fragment_exec_node]: Navigation completed!
[INFO] [1787696130.000972671] [robot5.fragment_exec_node]: EventType: Control (Task: pack), Activity: navigate, Robot: robot5, Mission: m3, Segment: , End: 22147.007922293
[INFO] [1787696130.003533807] [robot5.fragment_exec_node]: EventType: Task, Activity: pack, Robot: robot5, Mission: m3, Segment: , Start: 22147.011423451
[INFO] [1787696130.005400239] [robot5.fragment_exec_node]: Simulating pack skill...
[INFO] [1787696148.009416102] [robot5.fragment_exec_node]: Packing completed!
[INFO] [1787696148.014392328] [robot5.fragment_exec_node]: EventType: Task, Activity: pack, Robot: robot5, Mission: m3, Segment: , End: 22165.021846021
[INFO] [1787696148.017076997] [robot5.fragment_exec_node]: Execution of fragment f3-10 completed!
Traceback (most recent call last):
  File "/root/ros2_ws/install/multi3_executor/lib/multi3_executor/executor", line 33, in <module>
    sys.exit(load_entry_point('multi3-executor==0.0.0', 'console_scripts', 'executor')())
  File "/root/ros2_ws/install/multi3_executor/lib/python3.10/site-packages/multi3_executor/nodes/executor.py", line 236, in main
    rclpy.shutdown()
  File "/opt/ros/humble/local/lib/python3.10/dist-packages/rclpy/__init__.py", line 130, in shutdown
    _shutdown(context=context)
  File "/opt/ros/humble/local/lib/python3.10/dist-packages/rclpy/utilities.py", line 58, in shutdown
    return context.shutdown()
  File "/opt/ros/humble/local/lib/python3.10/dist-packages/rclpy/context.py", line 102, in shutdown
    self.__context.shutdown()
rclpy._rclpy_pybind11.RCLError: failed to shutdown: rcl_shutdown already called on the given context, at ./src/rcl/init.c:241

--- executor_robot6.log ---
[INFO] [1787696033.303076091] [robot6.fragment_exec_node]: Setting up skill: PickSkill
[INFO] [1787696033.303908633] [robot6.fragment_exec_node]: Setting up skill: ScanSkill
[INFO] [1787696033.304380177] [robot6.fragment_exec_node]: Setting up skill: NavigateSkill
[INFO] [1787696033.304772993] [robot6.fragment_exec_node]: Setting up skill: NavigateSkill
[INFO] [1787696033.305224936] [robot6.fragment_exec_node]: Setting up skill: DockSkill
[INFO] [1787696033.305787247] [robot6.fragment_exec_node]: Setting up skill: UndockSkill
[INFO] [1787696033.306247181] [robot6.fragment_exec_node]: Setting up skill: PackSkill
[INFO] [1787696033.315281353] [robot6.fragment_exec_node]: Published robot registration: {'name': 'robot6', 'operational_state': 'idle', 'capabilities': ['pick', 'scan', 'transport', 'pack'], 'state': {'position': {'x': 0.0, 'y': 0.0, 'z': 0.0}, 'docked': True, 'battery': 100.0, 'conditions': []}}
[INFO] [1787696037.881939830] [robot6.fragment_exec_node]: Received fragment: {'robot': 'robot1', 'fragment': {'id': 'f2-1', 'mission': 'm2', 'state': 'assigned', 'wait': [], 'tasks': [{'name': 'pick', 'params': {'weight': 5, 'x': 2, 'y': 3}}], 'arrive_timestamp': 1787696035, 'priority': 1, 'segment': 's1', 'preconditions': [], 'postconditions': ['picked-o1-2']}}
[INFO] [1787696037.889452620] [robot6.fragment_exec_node]: Received fragment: {'robot': 'robot4', 'fragment': {'id': 'f2-4', 'mission': 'm2', 'state': 'assigned', 'wait': [], 'tasks': [{'name': 'pick', 'params': {'weight': 7, 'x': 9, 'y': 5}}], 'arrive_timestamp': 1787696035, 'priority': 1, 'segment': 's2', 'preconditions': [], 'postconditions': ['picked-o2-2']}}
[INFO] [1787696037.894440950] [robot6.fragment_exec_node]: Received fragment: {'robot': 'robot5', 'fragment': {'id': 'f3-1', 'mission': 'm3', 'state': 'assigned', 'wait': [], 'tasks': [{'name': 'pick', 'params': {'weight': 3, 'x': 7, 'y': 3}}], 'arrive_timestamp': 1787696036, 'priority': 1, 'segment': 's1', 'preconditions': [], 'postconditions': ['picked-o1-3']}}
[INFO] [1787696037.897773131] [robot6.fragment_exec_node]: Received fragment: {'robot': 'robot3', 'fragment': {'id': 'f1-1', 'mission': 'm1', 'state': 'assigned', 'wait': [], 'tasks': [{'name': 'pick', 'params': {'x': 5, 'y': 8, 'weight': 8}}], 'arrive_timestamp': 1787696034, 'priority': 1, 'segment': 's1', 'preconditions': [], 'postconditions': ['picked-o1-1']}}
[INFO] [1787696037.900515125] [robot6.fragment_exec_node]: Received fragment: {'robot': 'robot6', 'fragment': {'id': 'f3-4', 'mission': 'm3', 'state': 'assigned', 'wait': [], 'tasks': [{'name': 'pick', 'params': {'weight': 5, 'x': 2, 'y': 3}}], 'arrive_timestamp': 1787696036, 'priority': 1, 'segment': 's2', 'preconditions': [], 'postconditions': ['picked-o2-3']}}
[INFO] [1787696037.904646129] [robot6.fragment_exec_node]: Received fragment assignment: f3-4. Starting execution.
[INFO] [1787696037.905497896] [robot6.fragment_exec_node]: Received fragment: {'robot': 'robot2', 'fragment': {'id': 'f3-7', 'mission': 'm3', 'state': 'assigned', 'wait': [], 'tasks': [{'name': 'pick', 'params': {'weight': 2, 'x': 1, 'y': 9}}], 'arrive_timestamp': 1787696036, 'priority': 1, 'segment': 's3', 'preconditions': [], 'postconditions': ['picked-o3-3']}}
[INFO] [1787696037.906934822] [robot6.fragment_exec_node]: Executing task pick. Params: {'weight': 5, 'x': 2, 'y': 3}, Virtual state: {'position': {'x': 0.0, 'y': 0.0, 'z': 0.0}, 'docked': True, 'battery': 100.0, 'conditions': []}
[INFO] [1787696037.907973453] [robot6.fragment_exec_node]: EventType: Control (Task: pick), Activity: undock, Robot: robot6, Mission: m3, Segment: s2, Start: 22054.915778293
[INFO] [1787696037.909108130] [robot6.fragment_exec_node]: Simulating undock skill...
[INFO] [1787696041.913009063] [robot6.fragment_exec_node]: Undock completed!
[INFO] [1787696041.915712640] [robot6.fragment_exec_node]: EventType: Control (Task: pick), Activity: undock, Robot: robot6, Mission: m3, Segment: s2, End: 22058.922679767
[INFO] [1787696041.918462260] [robot6.fragment_exec_node]: EventType: Control (Task: pick), Activity: navigate, Robot: robot6, Mission: m3, Segment: s2, Start: 22058.925304331
[INFO] [1787696041.922987616] [robot6.fragment_exec_node]: Simulating navigate skill from position (0.0, 0.0) to (2, 3) (7.211102550927978 seconds)...
[INFO] [1787696049.136299565] [robot6.fragment_exec_node]: Navigation completed!
[INFO] [1787696049.137388026] [robot6.fragment_exec_node]: EventType: Control (Task: pick), Activity: navigate, Robot: robot6, Mission: m3, Segment: s2, End: 22066.145578646
[INFO] [1787696049.138378784] [robot6.fragment_exec_node]: EventType: Task, Activity: pick, Robot: robot6, Mission: m3, Segment: s2, Start: 22066.146606241
[INFO] [1787696049.139295407] [robot6.fragment_exec_node]: Simulating pick skill...
[INFO] [1787696054.143289575] [robot6.fragment_exec_node]: Pick completed!
[INFO] [1787696054.145855422] [robot6.fragment_exec_node]: EventType: Task, Activity: pick, Robot: robot6, Mission: m3, Segment: s2, End: 22071.153477379
[INFO] [1787696054.148325918] [robot6.fragment_exec_node]: Execution of fragment f3-4 completed!
[INFO] [1787696054.881072360] [robot6.fragment_exec_node]: Received fragment: {'robot': 'robot1', 'fragment': {'id': 'f2-2', 'mission': 'm2', 'state': 'assigned', 'wait': ['m2/s1/pick'], 'tasks': [{'name': 'scan', 'params': {'x': 2, 'y': 3}}], 'arrive_timestamp': 1787696035, 'priority': 1, 'segment': 's1', 'preconditions': [], 'postconditions': []}}
[INFO] [1787696054.883673887] [robot6.fragment_exec_node]: Received fragment: {'robot': 'robot6', 'fragment': {'id': 'f3-5', 'mission': 'm3', 'state': 'assigned', 'wait': ['m3/s2/pick'], 'tasks': [{'name': 'scan', 'params': {'x': 2, 'y': 3}}], 'arrive_timestamp': 1787696036, 'priority': 1, 'segment': 's2', 'preconditions': [], 'postconditions': []}}
[INFO] [1787696054.885543678] [robot6.fragment_exec_node]: Received fragment assignment: f3-5. Starting execution.
[INFO] [1787696054.887321759] [robot6.fragment_exec_node]: Waiting for coordination messages before executing fragment f3-5: ['m3/s2/pick']
[INFO] [1787696056.893245495] [robot6.fragment_exec_node]: Executing task scan. Params: {'x': 2, 'y': 3}, Virtual state: {'position': {'x': 2, 'y': 3, 'z': 0.0}, 'docked': False, 'battery': 100.0, 'conditions': ['picked-o2-3']}
[INFO] [1787696056.896085075] [robot6.fragment_exec_node]: EventType: Task, Activity: scan, Robot: robot6, Mission: m3, Segment: s2, Start: 22073.903071229
[INFO] [1787696056.899842186] [robot6.fragment_exec_node]: Simulating scan skill...
[INFO] [1787696059.902626973] [robot6.fragment_exec_node]: Scan completed!
[INFO] [1787696059.904093169] [robot6.fragment_exec_node]: EventType: Task, Activity: scan, Robot: robot6, Mission: m3, Segment: s2, End: 22076.912015741
[INFO] [1787696059.906492337] [robot6.fragment_exec_node]: Execution of fragment f3-5 completed!
[INFO] [1787696060.891831610] [robot6.fragment_exec_node]: Received fragment: {'robot': 'robot1', 'fragment': {'id': 'f2-3', 'mission': 'm2', 'state': 'assigned', 'wait': ['m2/s1/scan'], 'tasks': [{'name': 'transport', 'params': {'x': 11, 'y': 6}}], 'arrive_timestamp': 1787696035, 'priority': 1, 'segment': 's1', 'preconditions': [], 'postconditions': []}}
[INFO] [1787696060.892730974] [robot6.fragment_exec_node]: Received fragment: {'robot': 'robot6', 'fragment': {'id': 'f3-2', 'mission': 'm3', 'state': 'assigned', 'wait': ['m3/s1/pick'], 'tasks': [{'name': 'scan', 'params': {'x': 7, 'y': 3}}], 'arrive_timestamp': 1787696036, 'priority': 1, 'segment': 's1', 'preconditions': [], 'postconditions': []}}
[INFO] [1787696060.894289788] [robot6.fragment_exec_node]: Received fragment assignment: f3-2. Starting execution.
[INFO] [1787696060.895470017] [robot6.fragment_exec_node]: Waiting for coordination messages before executing fragment f3-2: ['m3/s1/pick']
[INFO] [1787696062.874667475] [robot6.fragment_exec_node]: Received fragment: {'robot': 'robot2', 'fragment': {'id': 'f3-8', 'mission': 'm3', 'state': 'assigned', 'wait': ['m3/s3/pick'], 'tasks': [{'name': 'scan', 'params': {'x': 1, 'y': 9}}], 'arrive_timestamp': 1787696036, 'priority': 1, 'segment': 's3', 'preconditions': [], 'postconditions': []}}
[INFO] [1787696062.897155268] [robot6.fragment_exec_node]: Executing task scan. Params: {'x': 7, 'y': 3}, Virtual state: {'position': {'x': 2, 'y': 3, 'z': 0.0}, 'docked': False, 'battery': 100.0, 'conditions': ['picked-o2-3']}
[INFO] [1787696062.898126966] [robot6.fragment_exec_node]: EventType: Control (Task: scan), Activity: navigate, Robot: robot6, Mission: m3, Segment: s1, Start: 22079.906468088
[INFO] [1787696062.898733888] [robot6.fragment_exec_node]: Simulating navigate skill from position (2, 3) to (7, 3) (10.198039027185569 seconds)...
[INFO] [1787696068.882080190] [robot6.fragment_exec_node]: Received fragment: {'robot': 'robot2', 'fragment': {'id': 'f3-9', 'mission': 'm3', 'state': 'assigned', 'wait': ['m3/s3/scan'], 'tasks': [{'name': 'transport', 'params': {'x': 11, 'y': 6}}], 'arrive_timestamp': 1787696036, 'priority': 1, 'segment': 's3', 'preconditions': ['picked-o3-3'], 'postconditions': []}}
[INFO] [1787696068.885004117] [robot6.fragment_exec_node]: Received fragment: {'robot': 'robot3', 'fragment': {'id': 'f1-2', 'mission': 'm1', 'state': 'assigned', 'wait': ['m1/s1/pick'], 'tasks': [{'name': 'scan', 'params': {'x': 5, 'y': 8}}], 'arrive_timestamp': 1787696034, 'priority': 1, 'segment': 's1', 'preconditions': [], 'postconditions': []}}
[INFO] [1787696069.878928700] [robot6.fragment_exec_node]: Received fragment: {'robot': 'robot4', 'fragment': {'id': 'f2-5', 'mission': 'm2', 'state': 'assigned', 'wait': ['m2/s2/pick'], 'tasks': [{'name': 'scan', 'params': {'x': 9, 'y': 5}}], 'arrive_timestamp': 1787696035, 'priority': 1, 'segment': 's2', 'preconditions': [], 'postconditions': []}}
[INFO] [1787696073.100322437] [robot6.fragment_exec_node]: Navigation completed!
[INFO] [1787696073.103363308] [robot6.fragment_exec_node]: EventType: Control (Task: scan), Activity: navigate, Robot: robot6, Mission: m3, Segment: s1, End: 22090.109974965
[INFO] [1787696073.105197544] [robot6.fragment_exec_node]: EventType: Task, Activity: scan, Robot: robot6, Mission: m3, Segment: s1, Start: 22090.112660974
[INFO] [1787696073.106947535] [robot6.fragment_exec_node]: Simulating scan skill...
[INFO] [1787696074.882294699] [robot6.fragment_exec_node]: Received fragment: {'robot': 'robot3', 'fragment': {'id': 'f1-3', 'mission': 'm1', 'state': 'assigned', 'wait': ['m1/s1/scan'], 'tasks': [{'name': 'transport', 'params': {'x': 11, 'y': 6}}], 'arrive_timestamp': 1787696034, 'priority': 1, 'segment': 's1', 'preconditions': ['picked-o1-1'], 'postconditions': []}}
[INFO] [1787696075.897132251] [robot6.fragment_exec_node]: Received fragment: {'robot': 'robot4', 'fragment': {'id': 'f2-6', 'mission': 'm2', 'state': 'assigned', 'wait': ['m2/s2/scan'], 'tasks': [{'name': 'transport', 'params': {'x': 11, 'y': 6}}], 'arrive_timestamp': 1787696035, 'priority': 1, 'segment': 's2', 'preconditions': ['picked-o2-2'], 'postconditions': []}}
[INFO] [1787696076.111097256] [robot6.fragment_exec_node]: Scan completed!
[INFO] [1787696076.113563146] [robot6.fragment_exec_node]: EventType: Task, Activity: scan, Robot: robot6, Mission: m3, Segment: s1, End: 22093.1207127
[INFO] [1787696076.116200786] [robot6.fragment_exec_node]: Execution of fragment f3-2 completed!
[INFO] [1787696076.886717892] [robot6.fragment_exec_node]: Received fragment: {'robot': 'robot5', 'fragment': {'id': 'f3-3', 'mission': 'm3', 'state': 'assigned', 'wait': ['m3/s1/scan'], 'tasks': [{'name': 'transport', 'params': {'x': 11, 'y': 6}}], 'arrive_timestamp': 1787696036, 'priority': 1, 'segment': 's1', 'preconditions': ['picked-o1-3'], 'postconditions': []}}
[INFO] [1787696076.889621814] [robot6.fragment_exec_node]: Received fragment: {'robot': 'robot6', 'fragment': {'id': 'f3-6', 'mission': 'm3', 'state': 'assigned', 'wait': ['m3/s2/scan'], 'tasks': [{'name': 'transport', 'params': {'x': 11, 'y': 6}}], 'arrive_timestamp': 1787696036, 'priority': 1, 'segment': 's2', 'preconditions': ['picked-o2-3'], 'postconditions': []}}
[INFO] [1787696076.891570921] [robot6.fragment_exec_node]: Received fragment assignment: f3-6. Starting execution.
[INFO] [1787696076.893356170] [robot6.fragment_exec_node]: Executing task transport. Params: {'x': 11, 'y': 6}, Virtual state: {'position': {'x': 7, 'y': 3, 'z': 0.0}, 'docked': False, 'battery': 100.0, 'conditions': ['picked-o2-3']}
[INFO] [1787696076.895263184] [robot6.fragment_exec_node]: EventType: Control (Task: transport), Activity: navigate, Robot: robot6, Mission: m3, Segment: s2, Start: 22093.903298553
[INFO] [1787696076.896225686] [robot6.fragment_exec_node]: Simulating navigate skill from position (7, 3) to (11, 6) (8.246211251235321 seconds)...
[INFO] [1787696085.145450373] [robot6.fragment_exec_node]: Navigation completed!
[INFO] [1787696085.147522687] [robot6.fragment_exec_node]: EventType: Control (Task: transport), Activity: navigate, Robot: robot6, Mission: m3, Segment: s2, End: 22102.154827613
[INFO] [1787696085.149220995] [robot6.fragment_exec_node]: EventType: Task, Activity: transport, Robot: robot6, Mission: m3, Segment: s2, Start: 22102.156726123
[INFO] [1787696085.150486249] [robot6.fragment_exec_node]: Simulating navigate skill from position (11, 6) to (11, 6) (10.0 seconds)...
[INFO] [1787696095.153186299] [robot6.fragment_exec_node]: Navigation completed!
[INFO] [1787696095.154678194] [robot6.fragment_exec_node]: EventType: Task, Activity: transport, Robot: robot6, Mission: m3, Segment: s2, End: 22112.162400617
[INFO] [1787696095.156819348] [robot6.fragment_exec_node]: Execution of fragment f3-6 completed!
[INFO] [1787696095.878889270] [robot6.fragment_exec_node]: Received fragment: {'robot': 'robot4', 'fragment': {'id': 'f2-7', 'mission': 'm2', 'state': 'assigned', 'wait': ['m2/s1/transport', 'm2/s2/transport'], 'tasks': [{'name': 'pack', 'params': {'x': 11, 'y': 6, 'items': 2}}], 'arrive_timestamp': 1787696035, 'priority': 1, 'segment': '', 'preconditions': [], 'postconditions': []}}
[INFO] [1787696099.878111841] [robot6.fragment_exec_node]: Received fragment: {'robot': 'robot3', 'fragment': {'id': 'f1-4', 'mission': 'm1', 'state': 'assigned', 'wait': ['m1/s1/transport'], 'tasks': [{'name': 'pack', 'params': {'x': 11, 'y': 6, 'items': 1}}], 'arrive_timestamp': 1787696034, 'priority': 1, 'segment': '', 'preconditions': [], 'postconditions': []}}
[INFO] [1787696103.920565698] [robot6.fragment_exec_node]: Received fragment: {'robot': 'robot5', 'fragment': {'id': 'f3-10', 'mission': 'm3', 'state': 'assigned', 'wait': ['m3/s1/transport', 'm3/s2/transport', 'm3/s3/transport'], 'tasks': [{'name': 'pack', 'params': {'x': 2, 'y': 3, 'items': 3}}], 'arrive_timestamp': 1787696036, 'priority': 1, 'segment': '', 'preconditions': [], 'postconditions': []}}
Traceback (most recent call last):
  File "/root/ros2_ws/install/multi3_executor/lib/multi3_executor/executor", line 33, in <module>
    sys.exit(load_entry_point('multi3-executor==0.0.0', 'console_scripts', 'executor')())
  File "/root/ros2_ws/install/multi3_executor/lib/python3.10/site-packages/multi3_executor/nodes/executor.py", line 236, in main
    rclpy.shutdown()
  File "/opt/ros/humble/local/lib/python3.10/dist-packages/rclpy/__init__.py", line 130, in shutdown
    _shutdown(context=context)
  File "/opt/ros/humble/local/lib/python3.10/dist-packages/rclpy/utilities.py", line 58, in shutdown
    return context.shutdown()
  File "/opt/ros/humble/local/lib/python3.10/dist-packages/rclpy/context.py", line 102, in shutdown
    self.__context.shutdown()
rclpy._rclpy_pybind11.RCLError: failed to shutdown: rcl_shutdown already called on the given context, at ./src/rcl/init.c:241
