[INFO] [1787838579.572252876] [multi3_coordinator_node]: Assignment strategy parameter: baseline
[INFO] [1787838579.573204870] [multi3_coordinator_node]: Using assignment strategy: baseline
[INFO] [1787838579.580063503] [multi3_coordinator_node]: Coordinator node started.
[INFO] [1787838582.601020699] [multi3_coordinator_node]: Received new robot info: {'name': 'robot1', 'operational_state': 'idle', 'capabilities': ['pick', 'move_to', 'place'], 'state': {'position': {'x': 0.0, 'y': 0.0, 'z': 0.0}, 'docked': True}, 'last_heartbeat': 1787838582}
[INFO] [1787838585.057918014] [multi3_coordinator_node]: Received new robot info: {'name': 'robot2', 'operational_state': 'idle', 'capabilities': ['pick', 'move_to', 'place'], 'state': {'position': {'x': 0.0, 'y': 0.0, 'z': 0.0}, 'docked': True}, 'last_heartbeat': 1787838585}
[INFO] [1787838586.573493931] [multi3_coordinator_node]: Received new robot info: {'name': 'robot3', 'operational_state': 'idle', 'capabilities': ['pick', 'move_to', 'place'], 'state': {'position': {'x': 0.0, 'y': 0.0, 'z': 0.0}, 'docked': True}, 'last_heartbeat': 1787838586}
[INFO] [1787838588.960679824] [multi3_coordinator_node]: Received new robot info: {'name': 'robot4', 'operational_state': 'idle', 'capabilities': ['pick', 'move_to', 'place'], 'state': {'position': {'x': 0.0, 'y': 0.0, 'z': 0.0}, 'docked': True}, 'last_heartbeat': 1787838588}
[INFO] [1787838590.838360343] [multi3_coordinator_node]: Received new robot info: {'name': 'robot5', 'operational_state': 'idle', 'capabilities': ['scan'], 'state': {'position': {'x': 0.0, 'y': 0.0, 'z': 0.0}, 'docked': True}, 'last_heartbeat': 1787838590}
[INFO] [1787838592.986189490] [multi3_coordinator_node]: Received new robot info: {'name': 'robot6', 'operational_state': 'idle', 'capabilities': ['pack'], 'state': {'position': {'x': 0.0, 'y': 0.0, 'z': 0.0}, 'docked': True}, 'last_heartbeat': 1787838592}
[INFO] [1787838595.083330950] [multi3_coordinator_node]: Received new robot info: {'name': 'robot7', 'operational_state': 'idle', 'capabilities': ['load_pack', 'move_to', 'unload_pack'], 'state': {'position': {'x': 0.0, 'y': 0.0, 'z': 0.0}, 'docked': True}, 'last_heartbeat': 1787838595}
[INFO] [1787838596.571206994] [multi3_coordinator_node]: Received mission: {'mission': 'm1', 'priority': 1, 'fragments': [{'id': 'fm1-1', 'wait': [], 'tasks': [{'name': 'pick', 'label': 'pick(o1-1,shelf)', 'params': {'x': 5, 'y': 8, 'weight': 8}}, {'name': 'move_to', 'label': 'move_to(o1-1,scan_area)', 'params': {'x': 5, 'y': 5}}, {'name': 'place', 'label': 'place(o1-1,scan_area)', 'params': {'x': 5, 'y': 5, 'weight': 8}}], 'segment': 's1'}, {'id': 'fm1-2', 'wait': ['place(o1-1,scan_area)'], 'tasks': [{'name': 'scan', 'label': 'scan(o1-1)', 'params': {}}], 'segment': 's1'}, {'id': 'fm1-3', 'wait': ['scan(o1-1)'], 'tasks': [{'name': 'pick', 'label': 'pick(o1-1,scan_area)', 'params': {'x': 5, 'y': 5, 'weight': 8}}, {'name': 'move_to', 'label': 'move_to(o1-1,pack_area)', 'params': {'x': 8, 'y': 8}}, {'name': 'place', 'label': 'place(o1-1,pack_area)', 'params': {'x': 8, 'y': 8, 'weight': 8}}], 'segment': 's1'}, {'id': 'fm1-4', 'wait': [], 'tasks': [{'name': 'pick', 'label': 'pick(o2-1,shelf)', 'params': {'x': 2, 'y': 3, 'weight': 2}}, {'name': 'move_to', 'label': 'move_to(o2-1,scan_area)', 'params': {'x': 5, 'y': 5}}, {'name': 'place', 'label': 'place(o2-1,scan_area)', 'params': {'x': 5, 'y': 5, 'weight': 2}}], 'segment': 's2'}, {'id': 'fm1-5', 'wait': ['place(o2-1,scan_area)'], 'tasks': [{'name': 'scan', 'label': 'scan(o2-1)', 'params': {}}], 'segment': 's2'}, {'id': 'fm1-6', 'wait': ['scan(o2-1)'], 'tasks': [{'name': 'pick', 'label': 'pick(o2-1,scan_area)', 'params': {'x': 5, 'y': 5, 'weight': 2}}, {'name': 'move_to', 'label': 'move_to(o2-1,pack_area)', 'params': {'x': 8, 'y': 8}}, {'name': 'place', 'label': 'place(o2-1,pack_area)', 'params': {'x': 8, 'y': 8, 'weight': 2}}], 'segment': 's2'}, {'id': 'fm1-7', 'wait': ['place(o1-1,pack_area)', 'place(o2-1,pack_area)'], 'tasks': [{'name': 'pack', 'label': 'pack(o1-1,o2-1)', 'params': {'items': 2}}], 'segment': ''}, {'id': 'fm1-8', 'wait': ['pack(o1-1,o2-1)'], 'tasks': [{'name': 'load_pack', 'label': 'load_pack(p1)', 'params': {'x': 8, 'y': 8, 'weight': 10}}, {'name': 'move_to', 'label': 'move_to(deliver_area)', 'params': {'x': 10, 'y': 10}}, {'name': 'unload_pack', 'label': 'unload_pack(p1)', 'params': {'x': 10, 'y': 10, 'weight': 10}}], 'segment': ''}]}
[INFO] [1787838596.573848097] [multi3_coordinator_node]: Fragment fm1-1 is now executable because all signal messages were received.
[INFO] [1787838596.575338038] [multi3_coordinator_node]: Fragment fm1-4 is now executable because all signal messages were received.
[INFO] [1787838597.389492378] [multi3_coordinator_node]: Received mission: {'mission': 'm3', 'priority': 1, 'fragments': [{'id': 'fm3-1', 'wait': [], 'tasks': [{'name': 'pick', 'label': 'pick(o1-3,shelf)', 'params': {'x': 2, 'y': 5, 'weight': 4}}, {'name': 'move_to', 'label': 'move_to(o1-3,scan_area)', 'params': {'x': 5, 'y': 5}}, {'name': 'place', 'label': 'place(o1-3,scan_area)', 'params': {'x': 5, 'y': 5, 'weight': 4}}], 'segment': 's1'}, {'id': 'fm3-2', 'wait': ['place(o1-3,scan_area)'], 'tasks': [{'name': 'scan', 'label': 'scan(o1-3)', 'params': {}}], 'segment': 's1'}, {'id': 'fm3-3', 'wait': ['scan(o1-3)'], 'tasks': [{'name': 'pick', 'label': 'pick(o1-3,scan_area)', 'params': {'x': 5, 'y': 5, 'weight': 4}}, {'name': 'move_to', 'label': 'move_to(o1-3,pack_area)', 'params': {'x': 8, 'y': 8}}, {'name': 'place', 'label': 'place(o1-3,pack_area)', 'params': {'x': 8, 'y': 8, 'weight': 4}}], 'segment': 's1'}, {'id': 'fm3-4', 'wait': [], 'tasks': [{'name': 'pick', 'label': 'pick(o2-3,shelf)', 'params': {'x': 3, 'y': 3, 'weight': 3}}, {'name': 'move_to', 'label': 'move_to(o2-3,scan_area)', 'params': {'x': 5, 'y': 5}}, {'name': 'place', 'label': 'place(o2-3,scan_area)', 'params': {'x': 5, 'y': 5, 'weight': 3}}], 'segment': 's2'}, {'id': 'fm3-5', 'wait': ['place(o2-3,scan_area)'], 'tasks': [{'name': 'scan', 'label': 'scan(o2-3)', 'params': {}}], 'segment': 's2'}, {'id': 'fm3-6', 'wait': ['scan(o2-3)'], 'tasks': [{'name': 'pick', 'label': 'pick(o2-3,scan_area)', 'params': {'x': 5, 'y': 5, 'weight': 3}}, {'name': 'move_to', 'label': 'move_to(o2-3,pack_area)', 'params': {'x': 8, 'y': 8}}, {'name': 'place', 'label': 'place(o2-3,pack_area)', 'params': {'x': 8, 'y': 8, 'weight': 3}}], 'segment': 's2'}, {'id': 'fm3-7', 'wait': [], 'tasks': [{'name': 'pick', 'label': 'pick(o3-3,shelf)', 'params': {'x': 2, 'y': 8, 'weight': 5}}, {'name': 'move_to', 'label': 'move_to(o3-3,scan_area)', 'params': {'x': 5, 'y': 5}}, {'name': 'place', 'label': 'place(o3-3,scan_area)', 'params': {'x': 5, 'y': 5, 'weight': 5}}], 'segment': 's3'}, {'id': 'fm3-8', 'wait': ['place(o3-3,scan_area)'], 'tasks': [{'name': 'scan', 'label': 'scan(o3-3)', 'params': {}}], 'segment': 's3'}, {'id': 'fm3-9', 'wait': ['scan(o3-3)'], 'tasks': [{'name': 'pick', 'label': 'pick(o3-3,scan_area)', 'params': {'x': 5, 'y': 5, 'weight': 5}}, {'name': 'move_to', 'label': 'move_to(o3-3,pack_area)', 'params': {'x': 8, 'y': 8}}, {'name': 'place', 'label': 'place(o3-3,pack_area)', 'params': {'x': 8, 'y': 8, 'weight': 5}}], 'segment': 's3'}, {'id': 'fm3-10', 'wait': ['place(o1-3,pack_area)', 'place(o2-3,pack_area)', 'place(o3-3,pack_area)'], 'tasks': [{'name': 'pack', 'label': 'pack(o1-3,o2-3,o3-3)', 'params': {'items': 3}}], 'segment': ''}, {'id': 'fm3-11', 'wait': ['pack(o1-3,o2-3,o3-3)'], 'tasks': [{'name': 'load_pack', 'label': 'load_pack(p3)', 'params': {'x': 8, 'y': 8, 'weight': 10}}, {'name': 'move_to', 'label': 'move_to(deliver_area)', 'params': {'x': 10, 'y': 10}}, {'name': 'unload_pack', 'label': 'unload_pack(p3)', 'params': {'x': 10, 'y': 10, 'weight': 10}}], 'segment': ''}]}
[INFO] [1787838597.391474226] [multi3_coordinator_node]: Fragment fm3-1 is now executable because all signal messages were received.
[INFO] [1787838597.393223125] [multi3_coordinator_node]: Fragment fm3-4 is now executable because all signal messages were received.
[INFO] [1787838597.394946530] [multi3_coordinator_node]: Fragment fm3-7 is now executable because all signal messages were received.
[INFO] [1787838598.205126494] [multi3_coordinator_node]: Received mission: {'mission': 'm5', 'priority': 1, 'fragments': [{'id': 'fm5-1', 'wait': [], 'tasks': [{'name': 'pick', 'label': 'pick(o1-5,shelf)', 'params': {'x': 1, 'y': 3, 'weight': 4}}, {'name': 'move_to', 'label': 'move_to(o1-5,scan_area)', 'params': {'x': 5, 'y': 5}}, {'name': 'place', 'label': 'place(o1-5,scan_area)', 'params': {'x': 5, 'y': 5, 'weight': 4}}], 'segment': 's1'}, {'id': 'fm5-2', 'wait': ['place(o1-5,scan_area)'], 'tasks': [{'name': 'scan', 'label': 'scan(o1-5)', 'params': {}}], 'segment': 's1'}, {'id': 'fm5-3', 'wait': ['scan(o1-5)'], 'tasks': [{'name': 'pick', 'label': 'pick(o1-5,scan_area)', 'params': {'x': 5, 'y': 5, 'weight': 4}}, {'name': 'move_to', 'label': 'move_to(o1-5,pack_area)', 'params': {'x': 8, 'y': 8}}, {'name': 'place', 'label': 'place(o1-5,pack_area)', 'params': {'x': 8, 'y': 8, 'weight': 4}}], 'segment': 's1'}, {'id': 'fm5-4', 'wait': [], 'tasks': [{'name': 'pick', 'label': 'pick(o2-5,shelf)', 'params': {'x': 5, 'y': 2, 'weight': 3}}, {'name': 'move_to', 'label': 'move_to(o2-5,scan_area)', 'params': {'x': 5, 'y': 5}}, {'name': 'place', 'label': 'place(o2-5,scan_area)', 'params': {'x': 5, 'y': 5, 'weight': 3}}], 'segment': 's2'}, {'id': 'fm5-5', 'wait': ['place(o2-5,scan_area)'], 'tasks': [{'name': 'scan', 'label': 'scan(o2-5)', 'params': {}}], 'segment': 's2'}, {'id': 'fm5-6', 'wait': ['scan(o2-5)'], 'tasks': [{'name': 'pick', 'label': 'pick(o2-5,scan_area)', 'params': {'x': 5, 'y': 5, 'weight': 3}}, {'name': 'move_to', 'label': 'move_to(o2-5,pack_area)', 'params': {'x': 8, 'y': 8}}, {'name': 'place', 'label': 'place(o2-5,pack_area)', 'params': {'x': 8, 'y': 8, 'weight': 3}}], 'segment': 's2'}, {'id': 'fm5-7', 'wait': [], 'tasks': [{'name': 'pick', 'label': 'pick(o3-5,shelf)', 'params': {'x': 2, 'y': 2, 'weight': 5}}, {'name': 'move_to', 'label': 'move_to(o3-5,scan_area)', 'params': {'x': 5, 'y': 5}}, {'name': 'place', 'label': 'place(o3-5,scan_area)', 'params': {'x': 5, 'y': 5, 'weight': 5}}], 'segment': 's3'}, {'id': 'fm5-8', 'wait': ['place(o3-5,scan_area)'], 'tasks': [{'name': 'scan', 'label': 'scan(o3-5)', 'params': {}}], 'segment': 's3'}, {'id': 'fm5-9', 'wait': ['scan(o3-5)'], 'tasks': [{'name': 'pick', 'label': 'pick(o3-5,scan_area)', 'params': {'x': 5, 'y': 5, 'weight': 5}}, {'name': 'move_to', 'label': 'move_to(o3-5,pack_area)', 'params': {'x': 8, 'y': 8}}, {'name': 'place', 'label': 'place(o3-5,pack_area)', 'params': {'x': 8, 'y': 8, 'weight': 5}}], 'segment': 's3'}, {'id': 'fm5-10', 'wait': [], 'tasks': [{'name': 'pick', 'label': 'pick(o4-5,shelf)', 'params': {'x': 1, 'y': 3, 'weight': 4}}, {'name': 'move_to', 'label': 'move_to(o4-5,scan_area)', 'params': {'x': 5, 'y': 5}}, {'name': 'place', 'label': 'place(o4-5,scan_area)', 'params': {'x': 5, 'y': 5, 'weight': 4}}], 'segment': 's4'}, {'id': 'fm5-11', 'wait': ['place(o4-5,scan_area)'], 'tasks': [{'name': 'scan', 'label': 'scan(o4-5)', 'params': {}}], 'segment': 's4'}, {'id': 'fm5-12', 'wait': ['scan(o4-5)'], 'tasks': [{'name': 'pick', 'label': 'pick(o4-5,scan_area)', 'params': {'x': 5, 'y': 5, 'weight': 4}}, {'name': 'move_to', 'label': 'move_to(o4-5,pack_area)', 'params': {'x': 8, 'y': 8}}, {'name': 'place', 'label': 'place(o4-5,pack_area)', 'params': {'x': 8, 'y': 8, 'weight': 4}}], 'segment': 's4'}, {'id': 'fm5-13', 'wait': ['place(o1-5,pack_area)', 'place(o2-5,pack_area)', 'place(o3-5,pack_area)', 'place(o4-5,pack_area)'], 'tasks': [{'name': 'pack', 'label': 'pack(o1-5,o2-5,o3-5,o4-5)', 'params': {'items': 4}}], 'segment': ''}, {'id': 'fm5-14', 'wait': ['pack(o1-5,o2-5,o3-5,o4-5)'], 'tasks': [{'name': 'load_pack', 'label': 'load_pack(p5)', 'params': {'x': 8, 'y': 8, 'weight': 11}}, {'name': 'move_to', 'label': 'move_to(deliver_area)', 'params': {'x': 10, 'y': 10}}, {'name': 'unload_pack', 'label': 'unload_pack(p5)', 'params': {'x': 10, 'y': 10, 'weight': 11}}], 'segment': ''}]}
[INFO] [1787838598.206283889] [multi3_coordinator_node]: Fragment fm5-1 is now executable because all signal messages were received.
[INFO] [1787838598.206958760] [multi3_coordinator_node]: Fragment fm5-4 is now executable because all signal messages were received.
[INFO] [1787838598.207972859] [multi3_coordinator_node]: Fragment fm5-7 is now executable because all signal messages were received.
[INFO] [1787838598.208711020] [multi3_coordinator_node]: Fragment fm5-10 is now executable because all signal messages were received.
[INFO] [1787838599.028283665] [multi3_coordinator_node]: Received mission: {'mission': 'm7', 'priority': 1, 'fragments': [{'id': 'fm7-1', 'wait': [], 'tasks': [{'name': 'pick', 'label': 'pick(o1-7,shelf)', 'params': {'x': 6, 'y': 3, 'weight': 5}}, {'name': 'move_to', 'label': 'move_to(o1-7,scan_area)', 'params': {'x': 5, 'y': 5}}, {'name': 'place', 'label': 'place(o1-7,scan_area)', 'params': {'x': 5, 'y': 5, 'weight': 5}}], 'segment': 's1'}, {'id': 'fm7-2', 'wait': ['place(o1-7,scan_area)'], 'tasks': [{'name': 'scan', 'label': 'scan(o1-7)', 'params': {}}], 'segment': 's1'}, {'id': 'fm7-3', 'wait': ['scan(o1-7)'], 'tasks': [{'name': 'pick', 'label': 'pick(o1-7,scan_area)', 'params': {'x': 5, 'y': 5, 'weight': 10}}, {'name': 'move_to', 'label': 'move_to(o1-7,pack_area)', 'params': {'x': 8, 'y': 8}}, {'name': 'place', 'label': 'place(o1-7,pack_area)', 'params': {'x': 8, 'y': 8, 'weight': 10}}], 'segment': 's1'}, {'id': 'fm7-4', 'wait': [], 'tasks': [{'name': 'pick', 'label': 'pick(o2-7,shelf)', 'params': {'x': 2, 'y': 4, 'weight': 3}}, {'name': 'move_to', 'label': 'move_to(o2-7,scan_area)', 'params': {'x': 5, 'y': 5}}, {'name': 'place', 'label': 'place(o2-7,scan_area)', 'params': {'x': 5, 'y': 5, 'weight': 3}}], 'segment': 's2'}, {'id': 'fm7-5', 'wait': ['place(o2-7,scan_area)'], 'tasks': [{'name': 'scan', 'label': 'scan(o2-7)', 'params': {}}], 'segment': 's2'}, {'id': 'fm7-6', 'wait': ['scan(o2-7)'], 'tasks': [{'name': 'pick', 'label': 'pick(o2-7,scan_area)', 'params': {'x': 5, 'y': 5, 'weight': 3}}, {'name': 'move_to', 'label': 'move_to(o2-7,pack_area)', 'params': {'x': 8, 'y': 8}}, {'name': 'place', 'label': 'place(o2-7,pack_area)', 'params': {'x': 8, 'y': 8, 'weight': 3}}], 'segment': 's2'}, {'id': 'fm7-7', 'wait': [], 'tasks': [{'name': 'pick', 'label': 'pick(o3-7,shelf)', 'params': {'x': 3, 'y': 6, 'weight': 3}}, {'name': 'move_to', 'label': 'move_to(o3-7,scan_area)', 'params': {'x': 5, 'y': 5}}, {'name': 'place', 'label': 'place(o3-7,scan_area)', 'params': {'x': 5, 'y': 5, 'weight': 3}}], 'segment': 's3'}, {'id': 'fm7-8', 'wait': ['place(o3-7,scan_area)'], 'tasks': [{'name': 'scan', 'label': 'scan(o3-7)', 'params': {}}], 'segment': 's3'}, {'id': 'fm7-9', 'wait': ['scan(o3-7)'], 'tasks': [{'name': 'pick', 'label': 'pick(o3-7,scan_area)', 'params': {'x': 5, 'y': 5, 'weight': 3}}, {'name': 'move_to', 'label': 'move_to(o3-7,pack_area)', 'params': {'x': 8, 'y': 8}}, {'name': 'place', 'label': 'place(o3-7,pack_area)', 'params': {'x': 8, 'y': 8, 'weight': 3}}], 'segment': 's3'}, {'id': 'fm7-10', 'wait': [], 'tasks': [{'name': 'pick', 'label': 'pick(o4-7,shelf)', 'params': {'x': 3, 'y': 7, 'weight': 2}}, {'name': 'move_to', 'label': 'move_to(o4-7,scan_area)', 'params': {'x': 5, 'y': 5}}, {'name': 'place', 'label': 'place(o4-7,scan_area)', 'params': {'x': 5, 'y': 5, 'weight': 2}}], 'segment': 's4'}, {'id': 'fm7-11', 'wait': ['place(o4-7,scan_area)'], 'tasks': [{'name': 'scan', 'label': 'scan(o4-7)', 'params': {}}], 'segment': 's4'}, {'id': 'fm7-12', 'wait': ['scan(o4-7)'], 'tasks': [{'name': 'pick', 'label': 'pick(o4-7,scan_area)', 'params': {'x': 5, 'y': 5, 'weight': 2}}, {'name': 'move_to', 'label': 'move_to(o4-7,pack_area)', 'params': {'x': 8, 'y': 8}}, {'name': 'place', 'label': 'place(o4-7,pack_area)', 'params': {'x': 8, 'y': 8, 'weight': 2}}], 'segment': 's4'}, {'id': 'fm7-13', 'wait': [], 'tasks': [{'name': 'pick', 'label': 'pick(o5-7,shelf)', 'params': {'x': 4, 'y': 1, 'weight': 5}}, {'name': 'move_to', 'label': 'move_to(o5-7,scan_area)', 'params': {'x': 5, 'y': 5}}, {'name': 'place', 'label': 'place(o5-7,scan_area)', 'params': {'x': 5, 'y': 5, 'weight': 5}}], 'segment': 's5'}, {'id': 'fm7-14', 'wait': ['place(o5-7,scan_area)'], 'tasks': [{'name': 'scan', 'label': 'scan(o5-7)', 'params': {}}], 'segment': 's5'}, {'id': 'fm7-15', 'wait': ['scan(o5-7)'], 'tasks': [{'name': 'pick', 'label': 'pick(o5-7,scan_area)', 'params': {'x': 5, 'y': 5, 'weight': 5}}, {'name': 'move_to', 'label': 'move_to(o5-7,pack_area)', 'params': {'x': 8, 'y': 8}}, {'name': 'place', 'label': 'place(o5-7,pack_area)', 'params': {'x': 8, 'y': 8, 'weight': 5}}], 'segment': 's5'}, {'id': 'fm7-16', 'wait': ['place(o1-7,pack_area)', 'place(o2-7,pack_area)', 'place(o3-7,pack_area)', 'place(o4-7,pack_area)', 'place(o5-7,pack_area)'], 'tasks': [{'name': 'pack', 'label': 'pack(o1-7,o2-7,o3-7,o4-7,o5-7)', 'params': {'items': 5}}], 'segment': ''}, {'id': 'fm7-17', 'wait': ['pack(o1-7,o2-7,o3-7,o4-7,o5-7)'], 'tasks': [{'name': 'load_pack', 'label': 'load_pack(p7)', 'params': {'x': 8, 'y': 8, 'weight': 19}}, {'name': 'move_to', 'label': 'move_to(deliver_area)', 'params': {'x': 10, 'y': 10}}, {'name': 'unload_pack', 'label': 'unload_pack(p7)', 'params': {'x': 10, 'y': 10, 'weight': 19}}], 'segment': ''}]}
[INFO] [1787838599.031168164] [multi3_coordinator_node]: Fragment fm7-1 is now executable because all signal messages were received.
[INFO] [1787838599.032990876] [multi3_coordinator_node]: Fragment fm7-4 is now executable because all signal messages were received.
[INFO] [1787838599.034697165] [multi3_coordinator_node]: Fragment fm7-7 is now executable because all signal messages were received.
[INFO] [1787838599.036363744] [multi3_coordinator_node]: Fragment fm7-10 is now executable because all signal messages were received.
[INFO] [1787838599.038008501] [multi3_coordinator_node]: Fragment fm7-13 is now executable because all signal messages were received.
[INFO] [1787838599.346757403] [multi3_coordinator_node]: Execution start signal received. Starting fragment assignment.
[INFO] [1787838600.353277480] [multi3_coordinator_node]: Assigned fragment fm1-1 to robot robot4.
[INFO] [1787838600.358338982] [multi3_coordinator_node]: Assigned fragment fm1-4 to robot robot1.
[INFO] [1787838600.361891284] [multi3_coordinator_node]: Assigned fragment fm3-1 to robot robot3.
[INFO] [1787838600.363971561] [multi3_coordinator_node]: Assigned fragment fm3-4 to robot robot2.
[INFO] [1787838600.370986555] [multi3_coordinator_node]: Received robot state update from robot robot4: {'operational_state': 'working', 'current_assigned_fragment': 'fm1-1', 'state': {'position': {'x': 0.0, 'y': 0.0, 'z': 0.0}, 'docked': True}}
[INFO] [1787838600.374093070] [multi3_coordinator_node]: Received robot state update from robot robot2: {'operational_state': 'working', 'current_assigned_fragment': 'fm3-4', 'state': {'position': {'x': 0.0, 'y': 0.0, 'z': 0.0}, 'docked': True}}
[INFO] [1787838600.376041445] [multi3_coordinator_node]: Received robot state update from robot robot1: {'operational_state': 'working', 'current_assigned_fragment': 'fm1-4', 'state': {'position': {'x': 0.0, 'y': 0.0, 'z': 0.0}, 'docked': True}}
[INFO] [1787838600.382052399] [multi3_coordinator_node]: Received robot state update from robot robot3: {'operational_state': 'working', 'current_assigned_fragment': 'fm3-1', 'state': {'position': {'x': 0.0, 'y': 0.0, 'z': 0.0}, 'docked': True}}
[INFO] [1787838618.616428501] [multi3_coordinator_node]: Received coordination message: {'robot_name': 'robot1', 'completed_task': 'pick(o2-1,shelf)'}
[INFO] [1787838620.898541663] [multi3_coordinator_node]: Received coordination message: {'robot_name': 'robot2', 'completed_task': 'pick(o2-3,shelf)'}
[INFO] [1787838624.187105262] [multi3_coordinator_node]: Received coordination message: {'robot_name': 'robot3', 'completed_task': 'pick(o1-3,shelf)'}
[INFO] [1787838626.563251630] [multi3_coordinator_node]: Received coordination message: {'robot_name': 'robot2', 'completed_task': 'move_to(o2-3,scan_area)'}
[INFO] [1787838627.110565410] [multi3_coordinator_node]: Received coordination message: {'robot_name': 'robot1', 'completed_task': 'move_to(o2-1,scan_area)'}
[INFO] [1787838632.687271305] [multi3_coordinator_node]: Received coordination message: {'robot_name': 'robot3', 'completed_task': 'move_to(o1-3,scan_area)'}
[INFO] [1787838634.132193906] [multi3_coordinator_node]: Fragment fm1-5 is now executable because all signal messages were received.
[INFO] [1787838634.134538160] [multi3_coordinator_node]: Received coordination message: {'robot_name': 'robot1', 'completed_task': 'place(o2-1,scan_area)'}
[INFO] [1787838634.137122218] [multi3_coordinator_node]: Received robot state update from robot robot1: {'operational_state': 'idle', 'current_assigned_fragment': None, 'state': {'position': {'x': 5, 'y': 5, 'z': 0.0}, 'docked': False}}
[INFO] [1787838634.138547569] [multi3_coordinator_node]: Received coordination message: {'robot_name': 'robot1', 'completed_fragment': 'fm1-4', 'state': {'position': {'x': 5, 'y': 5, 'z': 0.0}, 'docked': False}}
[INFO] [1787838634.354081730] [multi3_coordinator_node]: Assigned fragment fm1-5 to robot robot5.
[INFO] [1787838634.358086136] [multi3_coordinator_node]: Assigned fragment fm3-7 to robot robot1.
[INFO] [1787838634.372243037] [multi3_coordinator_node]: Received robot state update from robot robot1: {'operational_state': 'working', 'current_assigned_fragment': 'fm3-7', 'state': {'position': {'x': 5, 'y': 5, 'z': 0.0}, 'docked': False}}
[INFO] [1787838634.374417838] [multi3_coordinator_node]: Received robot state update from robot robot5: {'operational_state': 'working', 'current_assigned_fragment': 'fm1-5', 'state': {'position': {'x': 0.0, 'y': 0.0, 'z': 0.0}, 'docked': True}}
[INFO] [1787838634.583481145] [multi3_coordinator_node]: Fragment fm3-5 is now executable because all signal messages were received.
[INFO] [1787838634.584963688] [multi3_coordinator_node]: Received coordination message: {'robot_name': 'robot2', 'completed_task': 'place(o2-3,scan_area)'}
[INFO] [1787838634.587318043] [multi3_coordinator_node]: Received robot state update from robot robot2: {'operational_state': 'idle', 'current_assigned_fragment': None, 'state': {'position': {'x': 5, 'y': 5, 'z': 0.0}, 'docked': False}}
[INFO] [1787838634.588747939] [multi3_coordinator_node]: Received coordination message: {'robot_name': 'robot2', 'completed_fragment': 'fm3-4', 'state': {'position': {'x': 5, 'y': 5, 'z': 0.0}, 'docked': False}}
[INFO] [1787838635.353249356] [multi3_coordinator_node]: Assigned fragment fm5-1 to robot robot2.
[INFO] [1787838635.361204900] [multi3_coordinator_node]: Received robot state update from robot robot2: {'operational_state': 'working', 'current_assigned_fragment': 'fm5-1', 'state': {'position': {'x': 5, 'y': 5, 'z': 0.0}, 'docked': False}}
[INFO] [1787838636.277499695] [multi3_coordinator_node]: Received coordination message: {'robot_name': 'robot4', 'completed_task': 'pick(o1-1,shelf)'}
[INFO] [1787838636.284503240] [multi3_coordinator_node]: Received coordination message: {'robot_name': 'robot4', 'completed_task': 'move_to(o1-1,scan_area)'}
[INFO] [1787838641.710625683] [multi3_coordinator_node]: Fragment fm3-2 is now executable because all signal messages were received.
[INFO] [1787838641.712772241] [multi3_coordinator_node]: Received coordination message: {'robot_name': 'robot3', 'completed_task': 'place(o1-3,scan_area)'}
[INFO] [1787838641.714889992] [multi3_coordinator_node]: Received robot state update from robot robot3: {'operational_state': 'idle', 'current_assigned_fragment': None, 'state': {'position': {'x': 5, 'y': 5, 'z': 0.0}, 'docked': False}}
[INFO] [1787838641.716517111] [multi3_coordinator_node]: Received coordination message: {'robot_name': 'robot3', 'completed_fragment': 'fm3-1', 'state': {'position': {'x': 5, 'y': 5, 'z': 0.0}, 'docked': False}}
[INFO] [1787838642.353786557] [multi3_coordinator_node]: Assigned fragment fm5-4 to robot robot3.
[INFO] [1787838642.366508615] [multi3_coordinator_node]: Received robot state update from robot robot3: {'operational_state': 'working', 'current_assigned_fragment': 'fm5-4', 'state': {'position': {'x': 5, 'y': 5, 'z': 0.0}, 'docked': False}}
[INFO] [1787838644.404820707] [multi3_coordinator_node]: Fragment fm1-6 is now executable because all signal messages were received.
[INFO] [1787838644.406901148] [multi3_coordinator_node]: Received coordination message: {'robot_name': 'robot5', 'completed_task': 'scan(o2-1)'}
[INFO] [1787838644.409572702] [multi3_coordinator_node]: Received robot state update from robot robot5: {'operational_state': 'idle', 'current_assigned_fragment': None, 'state': {'position': {'x': 0.0, 'y': 0.0, 'z': 0.0}, 'docked': True}}
[INFO] [1787838644.411111999] [multi3_coordinator_node]: Received coordination message: {'robot_name': 'robot5', 'completed_fragment': 'fm1-5', 'state': {'position': {'x': 0.0, 'y': 0.0, 'z': 0.0}, 'docked': True}}
[INFO] [1787838645.353671071] [multi3_coordinator_node]: Assigned fragment fm3-2 to robot robot5.
[INFO] [1787838645.363530250] [multi3_coordinator_node]: Received robot state update from robot robot5: {'operational_state': 'working', 'current_assigned_fragment': 'fm3-2', 'state': {'position': {'x': 0.0, 'y': 0.0, 'z': 0.0}, 'docked': True}}
[INFO] [1787838649.303558762] [multi3_coordinator_node]: Fragment fm1-2 is now executable because all signal messages were received.
[INFO] [1787838649.305042354] [multi3_coordinator_node]: Received coordination message: {'robot_name': 'robot4', 'completed_task': 'place(o1-1,scan_area)'}
[INFO] [1787838649.306961741] [multi3_coordinator_node]: Received robot state update from robot robot4: {'operational_state': 'idle', 'current_assigned_fragment': None, 'state': {'position': {'x': 5, 'y': 5, 'z': 0.0}, 'docked': False}}
[INFO] [1787838649.308119020] [multi3_coordinator_node]: Received coordination message: {'robot_name': 'robot4', 'completed_fragment': 'fm1-1', 'state': {'position': {'x': 5, 'y': 5, 'z': 0.0}, 'docked': False}}
[INFO] [1787838649.350833226] [multi3_coordinator_node]: Assigned fragment fm1-6 to robot robot4.
[INFO] [1787838649.364461866] [multi3_coordinator_node]: Received robot state update from robot robot4: {'operational_state': 'working', 'current_assigned_fragment': 'fm1-6', 'state': {'position': {'x': 5, 'y': 5, 'z': 0.0}, 'docked': False}}
[INFO] [1787838652.888947501] [multi3_coordinator_node]: Received coordination message: {'robot_name': 'robot1', 'completed_task': 'pick(o3-3,shelf)'}
[INFO] [1787838653.331860969] [multi3_coordinator_node]: Received coordination message: {'robot_name': 'robot2', 'completed_task': 'pick(o1-5,shelf)'}
[INFO] [1787838653.386331609] [multi3_coordinator_node]: Fragment fm3-3 is now executable because all signal messages were received.
[INFO] [1787838653.388551720] [multi3_coordinator_node]: Received coordination message: {'robot_name': 'robot5', 'completed_task': 'scan(o1-3)'}
[INFO] [1787838653.390950837] [multi3_coordinator_node]: Received robot state update from robot robot5: {'operational_state': 'idle', 'current_assigned_fragment': None, 'state': {'position': {'x': 0.0, 'y': 0.0, 'z': 0.0}, 'docked': True}}
[INFO] [1787838653.392525398] [multi3_coordinator_node]: Received coordination message: {'robot_name': 'robot5', 'completed_fragment': 'fm3-2', 'state': {'position': {'x': 0.0, 'y': 0.0, 'z': 0.0}, 'docked': True}}
[INFO] [1787838654.354371041] [multi3_coordinator_node]: Assigned fragment fm1-2 to robot robot5.
[INFO] [1787838654.365319228] [multi3_coordinator_node]: Received robot state update from robot robot5: {'operational_state': 'working', 'current_assigned_fragment': 'fm1-2', 'state': {'position': {'x': 0.0, 'y': 0.0, 'z': 0.0}, 'docked': True}}
[INFO] [1787838656.382877740] [multi3_coordinator_node]: Received coordination message: {'robot_name': 'robot4', 'completed_task': 'pick(o2-1,scan_area)'}
[INFO] [1787838656.396694800] [multi3_coordinator_node]: Received coordination message: {'robot_name': 'robot3', 'completed_task': 'pick(o2-5,shelf)'}
[INFO] [1787838656.402926144] [multi3_coordinator_node]: Received coordination message: {'robot_name': 'robot3', 'completed_task': 'move_to(o2-5,scan_area)'}
[INFO] [1787838661.387799541] [multi3_coordinator_node]: Received coordination message: {'robot_name': 'robot1', 'completed_task': 'move_to(o3-3,scan_area)'}
[INFO] [1787838662.388057988] [multi3_coordinator_node]: Fragment fm1-3 is now executable because all signal messages were received.
[INFO] [1787838662.389975301] [multi3_coordinator_node]: Received coordination message: {'robot_name': 'robot5', 'completed_task': 'scan(o1-1)'}
[INFO] [1787838662.392854637] [multi3_coordinator_node]: Received robot state update from robot robot5: {'operational_state': 'idle', 'current_assigned_fragment': None, 'state': {'position': {'x': 0.0, 'y': 0.0, 'z': 0.0}, 'docked': True}}
[INFO] [1787838662.394821956] [multi3_coordinator_node]: Received coordination message: {'robot_name': 'robot5', 'completed_fragment': 'fm1-2', 'state': {'position': {'x': 0.0, 'y': 0.0, 'z': 0.0}, 'docked': True}}
[INFO] [1787838663.353964712] [multi3_coordinator_node]: Assigned fragment fm3-5 to robot robot5.
[INFO] [1787838663.387816102] [multi3_coordinator_node]: Received robot state update from robot robot5: {'operational_state': 'working', 'current_assigned_fragment': 'fm3-5', 'state': {'position': {'x': 0.0, 'y': 0.0, 'z': 0.0}, 'docked': True}}
[INFO] [1787838664.426621944] [multi3_coordinator_node]: Fragment fm5-5 is now executable because all signal messages were received.
[INFO] [1787838664.428872634] [multi3_coordinator_node]: Received coordination message: {'robot_name': 'robot3', 'completed_task': 'place(o2-5,scan_area)'}
[INFO] [1787838664.430989509] [multi3_coordinator_node]: Received robot state update from robot robot3: {'operational_state': 'idle', 'current_assigned_fragment': None, 'state': {'position': {'x': 5, 'y': 5, 'z': 0.0}, 'docked': False}}
[INFO] [1787838664.434994972] [multi3_coordinator_node]: Received coordination message: {'robot_name': 'robot3', 'completed_fragment': 'fm5-4', 'state': {'position': {'x': 5, 'y': 5, 'z': 0.0}, 'docked': False}}
[INFO] [1787838664.657841239] [multi3_coordinator_node]: Received coordination message: {'robot_name': 'robot2', 'completed_task': 'move_to(o1-5,scan_area)'}
[INFO] [1787838664.878896843] [multi3_coordinator_node]: Received coordination message: {'robot_name': 'robot4', 'completed_task': 'move_to(o2-1,pack_area)'}
[INFO] [1787838665.354991785] [multi3_coordinator_node]: Assigned fragment fm1-3 to robot robot3.
[INFO] [1787838665.367639660] [multi3_coordinator_node]: Received robot state update from robot robot3: {'operational_state': 'working', 'current_assigned_fragment': 'fm1-3', 'state': {'position': {'x': 5, 'y': 5, 'z': 0.0}, 'docked': False}}
[INFO] [1787838671.407658521] [multi3_coordinator_node]: Fragment fm3-6 is now executable because all signal messages were received.
[INFO] [1787838671.409642508] [multi3_coordinator_node]: Received coordination message: {'robot_name': 'robot5', 'completed_task': 'scan(o2-3)'}
[INFO] [1787838671.412129858] [multi3_coordinator_node]: Received robot state update from robot robot5: {'operational_state': 'idle', 'current_assigned_fragment': None, 'state': {'position': {'x': 0.0, 'y': 0.0, 'z': 0.0}, 'docked': True}}
[INFO] [1787838671.413876538] [multi3_coordinator_node]: Received coordination message: {'robot_name': 'robot5', 'completed_fragment': 'fm3-5', 'state': {'position': {'x': 0.0, 'y': 0.0, 'z': 0.0}, 'docked': True}}
[INFO] [1787838671.415904035] [multi3_coordinator_node]: Received robot state update from robot robot1: {'operational_state': 'idle', 'current_assigned_fragment': None, 'state': {'position': {'x': 5, 'y': 5, 'z': 0.0}, 'docked': False}}
[INFO] [1787838671.417485161] [multi3_coordinator_node]: Fragment fm3-8 is now executable because all signal messages were received.
[INFO] [1787838671.418519516] [multi3_coordinator_node]: Received coordination message: {'robot_name': 'robot1', 'completed_task': 'place(o3-3,scan_area)'}
[INFO] [1787838671.420159423] [multi3_coordinator_node]: Received coordination message: {'robot_name': 'robot1', 'completed_fragment': 'fm3-7', 'state': {'position': {'x': 5, 'y': 5, 'z': 0.0}, 'docked': False}}
[INFO] [1787838671.895625951] [multi3_coordinator_node]: Received coordination message: {'robot_name': 'robot4', 'completed_task': 'place(o2-1,pack_area)'}
[INFO] [1787838671.897073737] [multi3_coordinator_node]: Received robot state update from robot robot4: {'operational_state': 'idle', 'current_assigned_fragment': None, 'state': {'position': {'x': 8, 'y': 8, 'z': 0.0}, 'docked': False}}
[INFO] [1787838671.898253296] [multi3_coordinator_node]: Received coordination message: {'robot_name': 'robot4', 'completed_fragment': 'fm1-6', 'state': {'position': {'x': 8, 'y': 8, 'z': 0.0}, 'docked': False}}
[INFO] [1787838672.353393843] [multi3_coordinator_node]: Assigned fragment fm3-3 to robot robot1.
[INFO] [1787838672.356561852] [multi3_coordinator_node]: Assigned fragment fm3-6 to robot robot4.
[INFO] [1787838672.359665785] [multi3_coordinator_node]: Assigned fragment fm3-8 to robot robot5.
[INFO] [1787838672.370504285] [multi3_coordinator_node]: Received robot state update from robot robot4: {'operational_state': 'working', 'current_assigned_fragment': 'fm3-6', 'state': {'position': {'x': 8, 'y': 8, 'z': 0.0}, 'docked': False}}
[INFO] [1787838672.372395961] [multi3_coordinator_node]: Received robot state update from robot robot5: {'operational_state': 'working', 'current_assigned_fragment': 'fm3-8', 'state': {'position': {'x': 0.0, 'y': 0.0, 'z': 0.0}, 'docked': True}}
[INFO] [1787838672.376945460] [multi3_coordinator_node]: Received robot state update from robot robot1: {'operational_state': 'working', 'current_assigned_fragment': 'fm3-3', 'state': {'position': {'x': 5, 'y': 5, 'z': 0.0}, 'docked': False}}
[INFO] [1787838673.682290823] [multi3_coordinator_node]: Fragment fm5-2 is now executable because all signal messages were received.
[INFO] [1787838673.683909851] [multi3_coordinator_node]: Received coordination message: {'robot_name': 'robot2', 'completed_task': 'place(o1-5,scan_area)'}
[INFO] [1787838673.686098676] [multi3_coordinator_node]: Received robot state update from robot robot2: {'operational_state': 'idle', 'current_assigned_fragment': None, 'state': {'position': {'x': 5, 'y': 5, 'z': 0.0}, 'docked': False}}
[INFO] [1787838673.687683085] [multi3_coordinator_node]: Received coordination message: {'robot_name': 'robot2', 'completed_fragment': 'fm5-1', 'state': {'position': {'x': 5, 'y': 5, 'z': 0.0}, 'docked': False}}
[INFO] [1787838674.354240645] [multi3_coordinator_node]: Assigned fragment fm5-7 to robot robot2.
[INFO] [1787838674.374278929] [multi3_coordinator_node]: Received robot state update from robot robot2: {'operational_state': 'working', 'current_assigned_fragment': 'fm5-7', 'state': {'position': {'x': 5, 'y': 5, 'z': 0.0}, 'docked': False}}
[INFO] [1787838678.389625135] [multi3_coordinator_node]: Received coordination message: {'robot_name': 'robot3', 'completed_task': 'pick(o1-1,scan_area)'}
[INFO] [1787838680.392530462] [multi3_coordinator_node]: Fragment fm3-9 is now executable because all signal messages were received.
[INFO] [1787838680.394498827] [multi3_coordinator_node]: Received coordination message: {'robot_name': 'robot5', 'completed_task': 'scan(o3-3)'}
[INFO] [1787838680.396552643] [multi3_coordinator_node]: Received robot state update from robot robot5: {'operational_state': 'idle', 'current_assigned_fragment': None, 'state': {'position': {'x': 0.0, 'y': 0.0, 'z': 0.0}, 'docked': True}}
[INFO] [1787838680.398085199] [multi3_coordinator_node]: Received coordination message: {'robot_name': 'robot5', 'completed_fragment': 'fm3-8', 'state': {'position': {'x': 0.0, 'y': 0.0, 'z': 0.0}, 'docked': True}}
[INFO] [1787838681.353323760] [multi3_coordinator_node]: Assigned fragment fm5-2 to robot robot5.
[INFO] [1787838681.366178165] [multi3_coordinator_node]: Received robot state update from robot robot5: {'operational_state': 'working', 'current_assigned_fragment': 'fm5-2', 'state': {'position': {'x': 0.0, 'y': 0.0, 'z': 0.0}, 'docked': True}}
[INFO] [1787838681.396604057] [multi3_coordinator_node]: Received coordination message: {'robot_name': 'robot1', 'completed_task': 'pick(o1-3,scan_area)'}
[INFO] [1787838686.886822201] [multi3_coordinator_node]: Received coordination message: {'robot_name': 'robot3', 'completed_task': 'move_to(o1-1,pack_area)'}
[INFO] [1787838688.889800378] [multi3_coordinator_node]: Received coordination message: {'robot_name': 'robot4', 'completed_task': 'pick(o2-3,scan_area)'}
[INFO] [1787838689.383254896] [multi3_coordinator_node]: Fragment fm5-3 is now executable because all signal messages were received.
[INFO] [1787838689.384987227] [multi3_coordinator_node]: Received coordination message: {'robot_name': 'robot5', 'completed_task': 'scan(o1-5)'}
[INFO] [1787838689.386872085] [multi3_coordinator_node]: Received robot state update from robot robot5: {'operational_state': 'idle', 'current_assigned_fragment': None, 'state': {'position': {'x': 0.0, 'y': 0.0, 'z': 0.0}, 'docked': True}}
[INFO] [1787838689.388297423] [multi3_coordinator_node]: Received coordination message: {'robot_name': 'robot5', 'completed_fragment': 'fm5-2', 'state': {'position': {'x': 0.0, 'y': 0.0, 'z': 0.0}, 'docked': True}}
[INFO] [1787838689.865627489] [multi3_coordinator_node]: Received mission: {'mission': 'm2', 'priority': 1, 'fragments': [{'id': 'fm2-1', 'wait': [], 'tasks': [{'name': 'pick', 'label': 'pick(o1-2,shelf)', 'params': {'x': 1, 'y': 3, 'weight': 5}}, {'name': 'move_to', 'label': 'move_to(o1-2,scan_area)', 'params': {'x': 5, 'y': 5}}, {'name': 'place', 'label': 'place(o1-2,scan_area)', 'params': {'x': 5, 'y': 5, 'weight': 5}}], 'segment': 's1'}, {'id': 'fm2-2', 'wait': ['place(o1-2,scan_area)'], 'tasks': [{'name': 'scan', 'label': 'scan(o1-2)', 'params': {}}], 'segment': 's1'}, {'id': 'fm2-3', 'wait': ['scan(o1-2)'], 'tasks': [{'name': 'pick', 'label': 'pick(o1-2,scan_area)', 'params': {'x': 5, 'y': 5, 'weight': 5}}, {'name': 'move_to', 'label': 'move_to(o1-2,pack_area)', 'params': {'x': 8, 'y': 8}}, {'name': 'place', 'label': 'place(o1-2,pack_area)', 'params': {'x': 8, 'y': 8, 'weight': 5}}], 'segment': 's1'}, {'id': 'fm2-4', 'wait': [], 'tasks': [{'name': 'pick', 'label': 'pick(o2-2,shelf)', 'params': {'x': 2, 'y': 6, 'weight': 2}}, {'name': 'move_to', 'label': 'move_to(o2-2,scan_area)', 'params': {'x': 5, 'y': 5}}, {'name': 'place', 'label': 'place(o2-2,scan_area)', 'params': {'x': 5, 'y': 5, 'weight': 2}}], 'segment': 's2'}, {'id': 'fm2-5', 'wait': ['place(o2-2,scan_area)'], 'tasks': [{'name': 'scan', 'label': 'scan(o2-2)', 'params': {}}], 'segment': 's2'}, {'id': 'fm2-6', 'wait': ['scan(o2-2)'], 'tasks': [{'name': 'pick', 'label': 'pick(o2-2,scan_area)', 'params': {'x': 5, 'y': 5, 'weight': 2}}, {'name': 'move_to', 'label': 'move_to(o2-2,pack_area)', 'params': {'x': 8, 'y': 8}}, {'name': 'place', 'label': 'place(o2-2,pack_area)', 'params': {'x': 8, 'y': 8, 'weight': 2}}], 'segment': 's2'}, {'id': 'fm2-7', 'wait': ['place(o1-2,pack_area)', 'place(o2-2,pack_area)'], 'tasks': [{'name': 'pack', 'label': 'pack(o1-2,o2-2)', 'params': {'items': 2}}], 'segment': ''}, {'id': 'fm2-8', 'wait': ['pack(o1-2,o2-2)'], 'tasks': [{'name': 'load_pack', 'label': 'load_pack(p2)', 'params': {'x': 8, 'y': 8, 'weight': 7}}, {'name': 'move_to', 'label': 'move_to(deliver_area)', 'params': {'x': 10, 'y': 10}}, {'name': 'unload_pack', 'label': 'unload_pack(p2)', 'params': {'x': 10, 'y': 10, 'weight': 7}}], 'segment': ''}]}
[INFO] [1787838689.867560968] [multi3_coordinator_node]: Fragment fm2-1 is now executable because all signal messages were received.
[INFO] [1787838689.869404338] [multi3_coordinator_node]: Fragment fm2-4 is now executable because all signal messages were received.
[INFO] [1787838689.895006362] [multi3_coordinator_node]: Received coordination message: {'robot_name': 'robot1', 'completed_task': 'move_to(o1-3,pack_area)'}
[INFO] [1787838690.354206640] [multi3_coordinator_node]: Assigned fragment fm5-5 to robot robot5.
[INFO] [1787838690.365613189] [multi3_coordinator_node]: Received robot state update from robot robot5: {'operational_state': 'working', 'current_assigned_fragment': 'fm5-5', 'state': {'position': {'x': 0.0, 'y': 0.0, 'z': 0.0}, 'docked': True}}
[INFO] [1787838690.763355719] [multi3_coordinator_node]: Received mission: {'mission': 'm7', 'priority': 1, 'fragments': [{'id': 'fm7-1', 'wait': [], 'tasks': [{'name': 'pick', 'label': 'pick(o1-7,shelf)', 'params': {'x': 6, 'y': 3, 'weight': 5}}, {'name': 'move_to', 'label': 'move_to(o1-7,scan_area)', 'params': {'x': 5, 'y': 5}}, {'name': 'place', 'label': 'place(o1-7,scan_area)', 'params': {'x': 5, 'y': 5, 'weight': 5}}], 'segment': 's1'}, {'id': 'fm7-2', 'wait': ['place(o1-7,scan_area)'], 'tasks': [{'name': 'scan', 'label': 'scan(o1-7)', 'params': {}}], 'segment': 's1'}, {'id': 'fm7-3', 'wait': ['scan(o1-7)'], 'tasks': [{'name': 'pick', 'label': 'pick(o1-7,scan_area)', 'params': {'x': 5, 'y': 5, 'weight': 10}}, {'name': 'move_to', 'label': 'move_to(o1-7,pack_area)', 'params': {'x': 8, 'y': 8}}, {'name': 'place', 'label': 'place(o1-7,pack_area)', 'params': {'x': 8, 'y': 8, 'weight': 10}}], 'segment': 's1'}, {'id': 'fm7-4', 'wait': [], 'tasks': [{'name': 'pick', 'label': 'pick(o2-7,shelf)', 'params': {'x': 2, 'y': 4, 'weight': 3}}, {'name': 'move_to', 'label': 'move_to(o2-7,scan_area)', 'params': {'x': 5, 'y': 5}}, {'name': 'place', 'label': 'place(o2-7,scan_area)', 'params': {'x': 5, 'y': 5, 'weight': 3}}], 'segment': 's2'}, {'id': 'fm7-5', 'wait': ['place(o2-7,scan_area)'], 'tasks': [{'name': 'scan', 'label': 'scan(o2-7)', 'params': {}}], 'segment': 's2'}, {'id': 'fm7-6', 'wait': ['scan(o2-7)'], 'tasks': [{'name': 'pick', 'label': 'pick(o2-7,scan_area)', 'params': {'x': 5, 'y': 5, 'weight': 3}}, {'name': 'move_to', 'label': 'move_to(o2-7,pack_area)', 'params': {'x': 8, 'y': 8}}, {'name': 'place', 'label': 'place(o2-7,pack_area)', 'params': {'x': 8, 'y': 8, 'weight': 3}}], 'segment': 's2'}, {'id': 'fm7-7', 'wait': [], 'tasks': [{'name': 'pick', 'label': 'pick(o3-7,shelf)', 'params': {'x': 3, 'y': 6, 'weight': 3}}, {'name': 'move_to', 'label': 'move_to(o3-7,scan_area)', 'params': {'x': 5, 'y': 5}}, {'name': 'place', 'label': 'place(o3-7,scan_area)', 'params': {'x': 5, 'y': 5, 'weight': 3}}], 'segment': 's3'}, {'id': 'fm7-8', 'wait': ['place(o3-7,scan_area)'], 'tasks': [{'name': 'scan', 'label': 'scan(o3-7)', 'params': {}}], 'segment': 's3'}, {'id': 'fm7-9', 'wait': ['scan(o3-7)'], 'tasks': [{'name': 'pick', 'label': 'pick(o3-7,scan_area)', 'params': {'x': 5, 'y': 5, 'weight': 3}}, {'name': 'move_to', 'label': 'move_to(o3-7,pack_area)', 'params': {'x': 8, 'y': 8}}, {'name': 'place', 'label': 'place(o3-7,pack_area)', 'params': {'x': 8, 'y': 8, 'weight': 3}}], 'segment': 's3'}, {'id': 'fm7-10', 'wait': [], 'tasks': [{'name': 'pick', 'label': 'pick(o4-7,shelf)', 'params': {'x': 3, 'y': 7, 'weight': 2}}, {'name': 'move_to', 'label': 'move_to(o4-7,scan_area)', 'params': {'x': 5, 'y': 5}}, {'name': 'place', 'label': 'place(o4-7,scan_area)', 'params': {'x': 5, 'y': 5, 'weight': 2}}], 'segment': 's4'}, {'id': 'fm7-11', 'wait': ['place(o4-7,scan_area)'], 'tasks': [{'name': 'scan', 'label': 'scan(o4-7)', 'params': {}}], 'segment': 's4'}, {'id': 'fm7-12', 'wait': ['scan(o4-7)'], 'tasks': [{'name': 'pick', 'label': 'pick(o4-7,scan_area)', 'params': {'x': 5, 'y': 5, 'weight': 2}}, {'name': 'move_to', 'label': 'move_to(o4-7,pack_area)', 'params': {'x': 8, 'y': 8}}, {'name': 'place', 'label': 'place(o4-7,pack_area)', 'params': {'x': 8, 'y': 8, 'weight': 2}}], 'segment': 's4'}, {'id': 'fm7-13', 'wait': [], 'tasks': [{'name': 'pick', 'label': 'pick(o5-7,shelf)', 'params': {'x': 4, 'y': 1, 'weight': 5}}, {'name': 'move_to', 'label': 'move_to(o5-7,scan_area)', 'params': {'x': 5, 'y': 5}}, {'name': 'place', 'label': 'place(o5-7,scan_area)', 'params': {'x': 5, 'y': 5, 'weight': 5}}], 'segment': 's5'}, {'id': 'fm7-14', 'wait': ['place(o5-7,scan_area)'], 'tasks': [{'name': 'scan', 'label': 'scan(o5-7)', 'params': {}}], 'segment': 's5'}, {'id': 'fm7-15', 'wait': ['scan(o5-7)'], 'tasks': [{'name': 'pick', 'label': 'pick(o5-7,scan_area)', 'params': {'x': 5, 'y': 5, 'weight': 5}}, {'name': 'move_to', 'label': 'move_to(o5-7,pack_area)', 'params': {'x': 8, 'y': 8}}, {'name': 'place', 'label': 'place(o5-7,pack_area)', 'params': {'x': 8, 'y': 8, 'weight': 5}}], 'segment': 's5'}, {'id': 'fm7-16', 'wait': ['place(o1-7,pack_area)', 'place(o2-7,pack_area)', 'place(o3-7,pack_area)', 'place(o4-7,pack_area)', 'place(o5-7,pack_area)'], 'tasks': [{'name': 'pack', 'label': 'pack(o1-7,o2-7,o3-7,o4-7,o5-7)', 'params': {'items': 5}}], 'segment': ''}, {'id': 'fm7-17', 'wait': ['pack(o1-7,o2-7,o3-7,o4-7,o5-7)'], 'tasks': [{'name': 'load_pack', 'label': 'load_pack(p7)', 'params': {'x': 8, 'y': 8, 'weight': 19}}, {'name': 'move_to', 'label': 'move_to(deliver_area)', 'params': {'x': 10, 'y': 10}}, {'name': 'unload_pack', 'label': 'unload_pack(p7)', 'params': {'x': 10, 'y': 10, 'weight': 19}}], 'segment': ''}]}
[INFO] [1787838690.766110583] [multi3_coordinator_node]: Fragment fm7-1 is now executable because all signal messages were received.
[INFO] [1787838690.767729990] [multi3_coordinator_node]: Fragment fm7-4 is now executable because all signal messages were received.
[INFO] [1787838690.769612702] [multi3_coordinator_node]: Fragment fm7-7 is now executable because all signal messages were received.
[INFO] [1787838690.771880781] [multi3_coordinator_node]: Fragment fm7-10 is now executable because all signal messages were received.
[INFO] [1787838690.773586346] [multi3_coordinator_node]: Fragment fm7-13 is now executable because all signal messages were received.
[INFO] [1787838692.887612072] [multi3_coordinator_node]: Received coordination message: {'robot_name': 'robot2', 'completed_task': 'pick(o3-5,shelf)'}
[INFO] [1787838697.388867620] [multi3_coordinator_node]: Received coordination message: {'robot_name': 'robot4', 'completed_task': 'move_to(o2-3,pack_area)'}
[INFO] [1787838698.393278674] [multi3_coordinator_node]: Fragment fm5-6 is now executable because all signal messages were received.
[INFO] [1787838698.395332902] [multi3_coordinator_node]: Received coordination message: {'robot_name': 'robot5', 'completed_task': 'scan(o2-5)'}
[INFO] [1787838698.398162714] [multi3_coordinator_node]: Received robot state update from robot robot5: {'operational_state': 'idle', 'current_assigned_fragment': None, 'state': {'position': {'x': 0.0, 'y': 0.0, 'z': 0.0}, 'docked': True}}
[INFO] [1787838698.400001617] [multi3_coordinator_node]: Received coordination message: {'robot_name': 'robot5', 'completed_fragment': 'fm5-5', 'state': {'position': {'x': 0.0, 'y': 0.0, 'z': 0.0}, 'docked': True}}
[INFO] [1787838698.919370146] [multi3_coordinator_node]: Received coordination message: {'robot_name': 'robot1', 'completed_task': 'place(o1-3,pack_area)'}
[INFO] [1787838698.921937968] [multi3_coordinator_node]: Received robot state update from robot robot1: {'operational_state': 'idle', 'current_assigned_fragment': None, 'state': {'position': {'x': 8, 'y': 8, 'z': 0.0}, 'docked': False}}
[INFO] [1787838698.923572628] [multi3_coordinator_node]: Received coordination message: {'robot_name': 'robot1', 'completed_fragment': 'fm3-3', 'state': {'position': {'x': 8, 'y': 8, 'z': 0.0}, 'docked': False}}
[INFO] [1787838699.353050377] [multi3_coordinator_node]: Assigned fragment fm3-9 to robot robot1.
[INFO] [1787838699.374285698] [multi3_coordinator_node]: Received robot state update from robot robot1: {'operational_state': 'working', 'current_assigned_fragment': 'fm3-9', 'state': {'position': {'x': 8, 'y': 8, 'z': 0.0}, 'docked': False}}
[INFO] [1787838699.905713624] [multi3_coordinator_node]: Fragment fm1-7 is now executable because all signal messages were received.
[INFO] [1787838699.908231781] [multi3_coordinator_node]: Received coordination message: {'robot_name': 'robot3', 'completed_task': 'place(o1-1,pack_area)'}
[INFO] [1787838699.910327660] [multi3_coordinator_node]: Received robot state update from robot robot3: {'operational_state': 'idle', 'current_assigned_fragment': None, 'state': {'position': {'x': 8, 'y': 8, 'z': 0.0}, 'docked': False}}
[INFO] [1787838699.911914169] [multi3_coordinator_node]: Received coordination message: {'robot_name': 'robot3', 'completed_fragment': 'fm1-3', 'state': {'position': {'x': 8, 'y': 8, 'z': 0.0}, 'docked': False}}
[INFO] [1787838700.351441501] [multi3_coordinator_node]: Assigned fragment fm1-7 to robot robot6.
[INFO] [1787838700.354543107] [multi3_coordinator_node]: Assigned fragment fm5-3 to robot robot3.
[INFO] [1787838700.363231641] [multi3_coordinator_node]: Received robot state update from robot robot3: {'operational_state': 'working', 'current_assigned_fragment': 'fm5-3', 'state': {'position': {'x': 8, 'y': 8, 'z': 0.0}, 'docked': False}}
[INFO] [1787838700.366253966] [multi3_coordinator_node]: Received robot state update from robot robot6: {'operational_state': 'working', 'current_assigned_fragment': 'fm1-7', 'state': {'position': {'x': 0.0, 'y': 0.0, 'z': 0.0}, 'docked': True}}
[INFO] [1787838701.388481109] [multi3_coordinator_node]: Received coordination message: {'robot_name': 'robot2', 'completed_task': 'move_to(o3-5,scan_area)'}
[INFO] [1787838705.412421443] [multi3_coordinator_node]: Received coordination message: {'robot_name': 'robot4', 'completed_task': 'place(o2-3,pack_area)'}
[INFO] [1787838705.414969206] [multi3_coordinator_node]: Received robot state update from robot robot4: {'operational_state': 'idle', 'current_assigned_fragment': None, 'state': {'position': {'x': 8, 'y': 8, 'z': 0.0}, 'docked': False}}
[INFO] [1787838705.416510588] [multi3_coordinator_node]: Received coordination message: {'robot_name': 'robot4', 'completed_fragment': 'fm3-6', 'state': {'position': {'x': 8, 'y': 8, 'z': 0.0}, 'docked': False}}
[INFO] [1787838706.353114286] [multi3_coordinator_node]: Assigned fragment fm5-6 to robot robot4.
[INFO] [1787838706.363519670] [multi3_coordinator_node]: Received robot state update from robot robot4: {'operational_state': 'working', 'current_assigned_fragment': 'fm5-6', 'state': {'position': {'x': 8, 'y': 8, 'z': 0.0}, 'docked': False}}
[INFO] [1787838711.403110426] [multi3_coordinator_node]: Fragment fm5-8 is now executable because all signal messages were received.
[INFO] [1787838711.403630677] [multi3_coordinator_node]: Received coordination message: {'robot_name': 'robot2', 'completed_task': 'place(o3-5,scan_area)'}
[INFO] [1787838711.404407085] [multi3_coordinator_node]: Received robot state update from robot robot2: {'operational_state': 'idle', 'current_assigned_fragment': None, 'state': {'position': {'x': 5, 'y': 5, 'z': 0.0}, 'docked': False}}
[INFO] [1787838711.405017085] [multi3_coordinator_node]: Received coordination message: {'robot_name': 'robot2', 'completed_fragment': 'fm5-7', 'state': {'position': {'x': 5, 'y': 5, 'z': 0.0}, 'docked': False}}
[INFO] [1787838712.350559607] [multi3_coordinator_node]: Assigned fragment fm5-8 to robot robot5.
[INFO] [1787838712.352689640] [multi3_coordinator_node]: Assigned fragment fm5-10 to robot robot2.
[INFO] [1787838712.362208208] [multi3_coordinator_node]: Received robot state update from robot robot2: {'operational_state': 'working', 'current_assigned_fragment': 'fm5-10', 'state': {'position': {'x': 5, 'y': 5, 'z': 0.0}, 'docked': False}}
[INFO] [1787838712.367449910] [multi3_coordinator_node]: Received robot state update from robot robot5: {'operational_state': 'working', 'current_assigned_fragment': 'fm5-8', 'state': {'position': {'x': 0.0, 'y': 0.0, 'z': 0.0}, 'docked': True}}
[INFO] [1787838717.879924237] [multi3_coordinator_node]: Received coordination message: {'robot_name': 'robot3', 'completed_task': 'pick(o1-5,scan_area)'}
[INFO] [1787838717.899422952] [multi3_coordinator_node]: Received coordination message: {'robot_name': 'robot1', 'completed_task': 'pick(o3-3,scan_area)'}
[INFO] [1787838719.397542059] [multi3_coordinator_node]: Fragment fm1-8 is now executable because all signal messages were received.
[INFO] [1787838719.400241230] [multi3_coordinator_node]: Received coordination message: {'robot_name': 'robot6', 'completed_task': 'pack(o1-1,o2-1)'}
[INFO] [1787838719.403086990] [multi3_coordinator_node]: Received robot state update from robot robot6: {'operational_state': 'idle', 'current_assigned_fragment': None, 'state': {'position': {'x': 0.0, 'y': 0.0, 'z': 0.0}, 'docked': True}}
[INFO] [1787838719.404684554] [multi3_coordinator_node]: Received coordination message: {'robot_name': 'robot6', 'completed_fragment': 'fm1-7', 'state': {'position': {'x': 0.0, 'y': 0.0, 'z': 0.0}, 'docked': True}}
[INFO] [1787838720.352768005] [multi3_coordinator_node]: Assigned fragment fm1-8 to robot robot7.
[INFO] [1787838720.363028723] [multi3_coordinator_node]: Received robot state update from robot robot7: {'operational_state': 'working', 'current_assigned_fragment': 'fm1-8', 'state': {'position': {'x': 0.0, 'y': 0.0, 'z': 0.0}, 'docked': True}}
[INFO] [1787838720.385226933] [multi3_coordinator_node]: Fragment fm5-9 is now executable because all signal messages were received.
[INFO] [1787838720.387043057] [multi3_coordinator_node]: Received coordination message: {'robot_name': 'robot5', 'completed_task': 'scan(o3-5)'}
[INFO] [1787838720.389218440] [multi3_coordinator_node]: Received robot state update from robot robot5: {'operational_state': 'idle', 'current_assigned_fragment': None, 'state': {'position': {'x': 0.0, 'y': 0.0, 'z': 0.0}, 'docked': True}}
[INFO] [1787838720.390337516] [multi3_coordinator_node]: Received coordination message: {'robot_name': 'robot5', 'completed_fragment': 'fm5-8', 'state': {'position': {'x': 0.0, 'y': 0.0, 'z': 0.0}, 'docked': True}}
[INFO] [1787838722.880477822] [multi3_coordinator_node]: Received coordination message: {'robot_name': 'robot4', 'completed_task': 'pick(o2-5,scan_area)'}
[INFO] [1787838726.373243868] [multi3_coordinator_node]: Received coordination message: {'robot_name': 'robot3', 'completed_task': 'move_to(o1-5,pack_area)'}
[INFO] [1787838726.391627272] [multi3_coordinator_node]: Received coordination message: {'robot_name': 'robot1', 'completed_task': 'move_to(o3-3,pack_area)'}
[INFO] [1787838730.343015782] [multi3_coordinator_node]: Received coordination message: {'robot_name': 'robot2', 'completed_task': 'pick(o4-5,shelf)'}
[INFO] [1787838731.379118221] [multi3_coordinator_node]: Received coordination message: {'robot_name': 'robot4', 'completed_task': 'move_to(o2-5,pack_area)'}
[INFO] [1787838735.393893420] [multi3_coordinator_node]: Received coordination message: {'robot_name': 'robot3', 'completed_task': 'place(o1-5,pack_area)'}
[INFO] [1787838735.396495372] [multi3_coordinator_node]: Received robot state update from robot robot3: {'operational_state': 'idle', 'current_assigned_fragment': None, 'state': {'position': {'x': 8, 'y': 8, 'z': 0.0}, 'docked': False}}
[INFO] [1787838735.398110160] [multi3_coordinator_node]: Received coordination message: {'robot_name': 'robot3', 'completed_fragment': 'fm5-3', 'state': {'position': {'x': 8, 'y': 8, 'z': 0.0}, 'docked': False}}
[INFO] [1787838736.351578050] [multi3_coordinator_node]: Assigned fragment fm5-9 to robot robot3.
[INFO] [1787838736.363484798] [multi3_coordinator_node]: Received robot state update from robot robot3: {'operational_state': 'working', 'current_assigned_fragment': 'fm5-9', 'state': {'position': {'x': 8, 'y': 8, 'z': 0.0}, 'docked': False}}
[INFO] [1787838736.410705111] [multi3_coordinator_node]: Fragment fm3-10 is now executable because all signal messages were received.
[INFO] [1787838736.412040140] [multi3_coordinator_node]: Received coordination message: {'robot_name': 'robot1', 'completed_task': 'place(o3-3,pack_area)'}
[INFO] [1787838736.413670989] [multi3_coordinator_node]: Received robot state update from robot robot1: {'operational_state': 'idle', 'current_assigned_fragment': None, 'state': {'position': {'x': 8, 'y': 8, 'z': 0.0}, 'docked': False}}
[INFO] [1787838736.415263107] [multi3_coordinator_node]: Received coordination message: {'robot_name': 'robot1', 'completed_fragment': 'fm3-9', 'state': {'position': {'x': 8, 'y': 8, 'z': 0.0}, 'docked': False}}
[INFO] [1787838737.349272281] [multi3_coordinator_node]: Assigned fragment fm3-10 to robot robot6.
[INFO] [1787838737.351233336] [multi3_coordinator_node]: Assigned fragment fm7-1 to robot robot1.
[INFO] [1787838737.356210349] [multi3_coordinator_node]: Received robot state update from robot robot1: {'operational_state': 'working', 'current_assigned_fragment': 'fm7-1', 'state': {'position': {'x': 8, 'y': 8, 'z': 0.0}, 'docked': False}}
[INFO] [1787838737.357271424] [multi3_coordinator_node]: Received robot state update from robot robot6: {'operational_state': 'working', 'current_assigned_fragment': 'fm3-10', 'state': {'position': {'x': 0.0, 'y': 0.0, 'z': 0.0}, 'docked': True}}
[INFO] [1787838739.395700789] [multi3_coordinator_node]: Received coordination message: {'robot_name': 'robot4', 'completed_task': 'place(o2-5,pack_area)'}
[INFO] [1787838739.396951490] [multi3_coordinator_node]: Received robot state update from robot robot4: {'operational_state': 'idle', 'current_assigned_fragment': None, 'state': {'position': {'x': 8, 'y': 8, 'z': 0.0}, 'docked': False}}
[INFO] [1787838739.397645527] [multi3_coordinator_node]: Received coordination message: {'robot_name': 'robot4', 'completed_fragment': 'fm5-6', 'state': {'position': {'x': 8, 'y': 8, 'z': 0.0}, 'docked': False}}
[INFO] [1787838740.352749643] [multi3_coordinator_node]: Assigned fragment fm7-4 to robot robot4.
[INFO] [1787838740.365579000] [multi3_coordinator_node]: Received robot state update from robot robot4: {'operational_state': 'working', 'current_assigned_fragment': 'fm7-4', 'state': {'position': {'x': 8, 'y': 8, 'z': 0.0}, 'docked': False}}
[INFO] [1787838741.663097645] [multi3_coordinator_node]: Received coordination message: {'robot_name': 'robot2', 'completed_task': 'move_to(o4-5,scan_area)'}
[INFO] [1787838750.680900248] [multi3_coordinator_node]: Fragment fm5-11 is now executable because all signal messages were received.
[INFO] [1787838750.682402568] [multi3_coordinator_node]: Received coordination message: {'robot_name': 'robot2', 'completed_task': 'place(o4-5,scan_area)'}
[INFO] [1787838750.684645282] [multi3_coordinator_node]: Received robot state update from robot robot2: {'operational_state': 'idle', 'current_assigned_fragment': None, 'state': {'position': {'x': 5, 'y': 5, 'z': 0.0}, 'docked': False}}
[INFO] [1787838750.687026623] [multi3_coordinator_node]: Received coordination message: {'robot_name': 'robot2', 'completed_fragment': 'fm5-10', 'state': {'position': {'x': 5, 'y': 5, 'z': 0.0}, 'docked': False}}
[INFO] [1787838751.353246227] [multi3_coordinator_node]: Assigned fragment fm5-11 to robot robot5.
[INFO] [1787838751.357595411] [multi3_coordinator_node]: Assigned fragment fm7-7 to robot robot2.
[INFO] [1787838751.368357399] [multi3_coordinator_node]: Received robot state update from robot robot2: {'operational_state': 'working', 'current_assigned_fragment': 'fm7-7', 'state': {'position': {'x': 5, 'y': 5, 'z': 0.0}, 'docked': False}}
[INFO] [1787838751.394172270] [multi3_coordinator_node]: Received robot state update from robot robot5: {'operational_state': 'working', 'current_assigned_fragment': 'fm5-11', 'state': {'position': {'x': 0.0, 'y': 0.0, 'z': 0.0}, 'docked': True}}
[INFO] [1787838754.880447506] [multi3_coordinator_node]: Received coordination message: {'robot_name': 'robot3', 'completed_task': 'pick(o3-5,scan_area)'}
[INFO] [1787838756.983255726] [multi3_coordinator_node]: Fragment fm3-11 is now executable because all signal messages were received.
[INFO] [1787838756.985175574] [multi3_coordinator_node]: Received coordination message: {'robot_name': 'robot6', 'completed_task': 'pack(o1-3,o2-3,o3-3)'}
[INFO] [1787838756.987538830] [multi3_coordinator_node]: Received robot state update from robot robot6: {'operational_state': 'idle', 'current_assigned_fragment': None, 'state': {'position': {'x': 0.0, 'y': 0.0, 'z': 0.0}, 'docked': True}}
[INFO] [1787838756.989228471] [multi3_coordinator_node]: Received coordination message: {'robot_name': 'robot6', 'completed_fragment': 'fm3-10', 'state': {'position': {'x': 0.0, 'y': 0.0, 'z': 0.0}, 'docked': True}}
[INFO] [1787838758.151506800] [multi3_coordinator_node]: Received coordination message: {'robot_name': 'robot1', 'completed_task': 'pick(o1-7,shelf)'}
[INFO] [1787838760.993065156] [multi3_coordinator_node]: Received coordination message: {'robot_name': 'robot1', 'completed_task': 'move_to(o1-7,scan_area)'}
[INFO] [1787838761.418504172] [multi3_coordinator_node]: Fragment fm5-12 is now executable because all signal messages were received.
[INFO] [1787838761.420245585] [multi3_coordinator_node]: Received coordination message: {'robot_name': 'robot5', 'completed_task': 'scan(o4-5)'}
[INFO] [1787838761.422720038] [multi3_coordinator_node]: Received robot state update from robot robot5: {'operational_state': 'idle', 'current_assigned_fragment': None, 'state': {'position': {'x': 0.0, 'y': 0.0, 'z': 0.0}, 'docked': True}}
[INFO] [1787838761.424721954] [multi3_coordinator_node]: Received coordination message: {'robot_name': 'robot5', 'completed_fragment': 'fm5-11', 'state': {'position': {'x': 0.0, 'y': 0.0, 'z': 0.0}, 'docked': True}}
[INFO] [1787838762.039157575] [multi3_coordinator_node]: Received coordination message: {'robot_name': 'robot7', 'completed_task': 'load_pack(p1)'}
[INFO] [1787838762.807637910] [multi3_coordinator_node]: Received coordination message: {'robot_name': 'robot4', 'completed_task': 'pick(o2-7,shelf)'}
[INFO] [1787838763.371520442] [multi3_coordinator_node]: Received coordination message: {'robot_name': 'robot3', 'completed_task': 'move_to(o3-5,pack_area)'}
[INFO] [1787838763.864651138] [multi3_coordinator_node]: Received coordination message: {'robot_name': 'robot2', 'completed_task': 'pick(o3-7,shelf)'}
[INFO] [1787838767.704339860] [multi3_coordinator_node]: Received coordination message: {'robot_name': 'robot7', 'completed_task': 'move_to(deliver_area)'}
[INFO] [1787838769.533668101] [multi3_coordinator_node]: Received coordination message: {'robot_name': 'robot2', 'completed_task': 'move_to(o3-7,scan_area)'}
[INFO] [1787838771.012370452] [multi3_coordinator_node]: Fragment fm7-2 is now executable because all signal messages were received.
[INFO] [1787838771.014089755] [multi3_coordinator_node]: Received coordination message: {'robot_name': 'robot1', 'completed_task': 'place(o1-7,scan_area)'}
[INFO] [1787838771.016895546] [multi3_coordinator_node]: Received robot state update from robot robot1: {'operational_state': 'idle', 'current_assigned_fragment': None, 'state': {'position': {'x': 5, 'y': 5, 'z': 0.0}, 'docked': False}}
[INFO] [1787838771.018605732] [multi3_coordinator_node]: Received coordination message: {'robot_name': 'robot1', 'completed_fragment': 'fm7-1', 'state': {'position': {'x': 5, 'y': 5, 'z': 0.0}, 'docked': False}}
[INFO] [1787838771.304929278] [multi3_coordinator_node]: Received coordination message: {'robot_name': 'robot4', 'completed_task': 'move_to(o2-7,scan_area)'}
[INFO] [1787838771.352900117] [multi3_coordinator_node]: Assigned fragment fm5-12 to robot robot1.
[INFO] [1787838771.355816252] [multi3_coordinator_node]: Assigned fragment fm7-2 to robot robot5.
[INFO] [1787838771.382891619] [multi3_coordinator_node]: Received robot state update from robot robot5: {'operational_state': 'working', 'current_assigned_fragment': 'fm7-2', 'state': {'position': {'x': 0.0, 'y': 0.0, 'z': 0.0}, 'docked': True}}
[INFO] [1787838771.431918045] [multi3_coordinator_node]: Received robot state update from robot robot1: {'operational_state': 'working', 'current_assigned_fragment': 'fm5-12', 'state': {'position': {'x': 5, 'y': 5, 'z': 0.0}, 'docked': False}}
[INFO] [1787838773.385771329] [multi3_coordinator_node]: Received coordination message: {'robot_name': 'robot3', 'completed_task': 'place(o3-5,pack_area)'}
[INFO] [1787838773.387280991] [multi3_coordinator_node]: Received robot state update from robot robot3: {'operational_state': 'idle', 'current_assigned_fragment': None, 'state': {'position': {'x': 8, 'y': 8, 'z': 0.0}, 'docked': False}}
[INFO] [1787838773.388433759] [multi3_coordinator_node]: Received coordination message: {'robot_name': 'robot3', 'completed_fragment': 'fm5-9', 'state': {'position': {'x': 8, 'y': 8, 'z': 0.0}, 'docked': False}}
[INFO] [1787838774.351358133] [multi3_coordinator_node]: Assigned fragment fm7-10 to robot robot3.
[INFO] [1787838774.357822493] [multi3_coordinator_node]: Received robot state update from robot robot3: {'operational_state': 'working', 'current_assigned_fragment': 'fm7-10', 'state': {'position': {'x': 8, 'y': 8, 'z': 0.0}, 'docked': False}}
[INFO] [1787838777.547762089] [multi3_coordinator_node]: Fragment fm7-8 is now executable because all signal messages were received.
[INFO] [1787838777.548356291] [multi3_coordinator_node]: Received coordination message: {'robot_name': 'robot2', 'completed_task': 'place(o3-7,scan_area)'}
[INFO] [1787838777.549408988] [multi3_coordinator_node]: Received robot state update from robot robot2: {'operational_state': 'idle', 'current_assigned_fragment': None, 'state': {'position': {'x': 5, 'y': 5, 'z': 0.0}, 'docked': False}}
[INFO] [1787838777.550288813] [multi3_coordinator_node]: Received coordination message: {'robot_name': 'robot2', 'completed_fragment': 'fm7-7', 'state': {'position': {'x': 5, 'y': 5, 'z': 0.0}, 'docked': False}}
[INFO] [1787838778.351943139] [multi3_coordinator_node]: Assigned fragment fm7-13 to robot robot2.
[INFO] [1787838778.366207311] [multi3_coordinator_node]: Received robot state update from robot robot2: {'operational_state': 'working', 'current_assigned_fragment': 'fm7-13', 'state': {'position': {'x': 5, 'y': 5, 'z': 0.0}, 'docked': False}}
[INFO] [1787838779.325521681] [multi3_coordinator_node]: Fragment fm7-5 is now executable because all signal messages were received.
[INFO] [1787838779.327640994] [multi3_coordinator_node]: Received coordination message: {'robot_name': 'robot4', 'completed_task': 'place(o2-7,scan_area)'}
[INFO] [1787838779.330233897] [multi3_coordinator_node]: Received robot state update from robot robot4: {'operational_state': 'idle', 'current_assigned_fragment': None, 'state': {'position': {'x': 5, 'y': 5, 'z': 0.0}, 'docked': False}}
[INFO] [1787838779.331969810] [multi3_coordinator_node]: Received coordination message: {'robot_name': 'robot4', 'completed_fragment': 'fm7-4', 'state': {'position': {'x': 5, 'y': 5, 'z': 0.0}, 'docked': False}}
[INFO] [1787838779.353312412] [multi3_coordinator_node]: Assigned fragment fm2-1 to robot robot4.
[INFO] [1787838779.366294367] [multi3_coordinator_node]: Received robot state update from robot robot4: {'operational_state': 'working', 'current_assigned_fragment': 'fm2-1', 'state': {'position': {'x': 5, 'y': 5, 'z': 0.0}, 'docked': False}}
[INFO] [1787838779.863526951] [multi3_coordinator_node]: Received mission: {'mission': 'm4', 'priority': 1, 'fragments': [{'id': 'fm4-1', 'wait': [], 'tasks': [{'name': 'pick', 'label': 'pick(o1-4,shelf)', 'params': {'x': 2, 'y': 5, 'weight': 4}}, {'name': 'move_to', 'label': 'move_to(o1-4,scan_area)', 'params': {'x': 5, 'y': 5}}, {'name': 'place', 'label': 'place(o1-4,scan_area)', 'params': {'x': 5, 'y': 5, 'weight': 4}}], 'segment': 's1'}, {'id': 'fm4-2', 'wait': ['place(o1-4,scan_area)'], 'tasks': [{'name': 'scan', 'label': 'scan(o1-4)', 'params': {}}], 'segment': 's1'}, {'id': 'fm4-3', 'wait': ['scan(o1-4)'], 'tasks': [{'name': 'pick', 'label': 'pick(o1-4,scan_area)', 'params': {'x': 5, 'y': 5, 'weight': 4}}, {'name': 'move_to', 'label': 'move_to(o1-4,pack_area)', 'params': {'x': 8, 'y': 8}}, {'name': 'place', 'label': 'place(o1-4,pack_area)', 'params': {'x': 8, 'y': 8, 'weight': 4}}], 'segment': 's1'}, {'id': 'fm4-4', 'wait': [], 'tasks': [{'name': 'pick', 'label': 'pick(o2-4,shelf)', 'params': {'x': 3, 'y': 3, 'weight': 3}}, {'name': 'move_to', 'label': 'move_to(o2-4,scan_area)', 'params': {'x': 5, 'y': 5}}, {'name': 'place', 'label': 'place(o2-4,scan_area)', 'params': {'x': 5, 'y': 5, 'weight': 3}}], 'segment': 's2'}, {'id': 'fm4-5', 'wait': ['place(o2-4,scan_area)'], 'tasks': [{'name': 'scan', 'label': 'scan(o2-4)', 'params': {}}], 'segment': 's2'}, {'id': 'fm4-6', 'wait': ['scan(o2-4)'], 'tasks': [{'name': 'pick', 'label': 'pick(o2-4,scan_area)', 'params': {'x': 5, 'y': 5, 'weight': 3}}, {'name': 'move_to', 'label': 'move_to(o2-4,pack_area)', 'params': {'x': 8, 'y': 8}}, {'name': 'place', 'label': 'place(o2-4,pack_area)', 'params': {'x': 8, 'y': 8, 'weight': 3}}], 'segment': 's2'}, {'id': 'fm4-7', 'wait': [], 'tasks': [{'name': 'pick', 'label': 'pick(o3-4,shelf)', 'params': {'x': 2, 'y': 8, 'weight': 5}}, {'name': 'move_to', 'label': 'move_to(o3-4,scan_area)', 'params': {'x': 5, 'y': 5}}, {'name': 'place', 'label': 'place(o3-4,scan_area)', 'params': {'x': 5, 'y': 5, 'weight': 5}}], 'segment': 's3'}, {'id': 'fm4-8', 'wait': ['place(o3-4,scan_area)'], 'tasks': [{'name': 'scan', 'label': 'scan(o3-4)', 'params': {}}], 'segment': 's3'}, {'id': 'fm4-9', 'wait': ['scan(o3-4)'], 'tasks': [{'name': 'pick', 'label': 'pick(o3-4,scan_area)', 'params': {'x': 5, 'y': 5, 'weight': 5}}, {'name': 'move_to', 'label': 'move_to(o3-4,pack_area)', 'params': {'x': 8, 'y': 8}}, {'name': 'place', 'label': 'place(o3-4,pack_area)', 'params': {'x': 8, 'y': 8, 'weight': 5}}], 'segment': 's3'}, {'id': 'fm4-10', 'wait': ['place(o1-4,pack_area)', 'place(o2-4,pack_area)', 'place(o3-4,pack_area)'], 'tasks': [{'name': 'pack', 'label': 'pack(o1-4,o2-4,o3-4)', 'params': {'items': 3}}], 'segment': ''}, {'id': 'fm4-11', 'wait': ['pack(o1-4,o2-4,o3-4)'], 'tasks': [{'name': 'load_pack', 'label': 'load_pack(p3)', 'params': {'x': 8, 'y': 8, 'weight': 10}}, {'name': 'move_to', 'label': 'move_to(deliver_area)', 'params': {'x': 10, 'y': 10}}, {'name': 'unload_pack', 'label': 'unload_pack(p3)', 'params': {'x': 10, 'y': 10, 'weight': 10}}], 'segment': ''}]}
[INFO] [1787838779.865937216] [multi3_coordinator_node]: Fragment fm4-1 is now executable because all signal messages were received.
[INFO] [1787838779.867807980] [multi3_coordinator_node]: Fragment fm4-4 is now executable because all signal messages were received.
[INFO] [1787838779.869612327] [multi3_coordinator_node]: Fragment fm4-7 is now executable because all signal messages were received.
[INFO] [1787838780.448147212] [multi3_coordinator_node]: Received coordination message: {'robot_name': 'robot1', 'completed_task': 'pick(o4-5,scan_area)'}
[INFO] [1787838780.679348858] [multi3_coordinator_node]: Received mission: {'mission': 'm6', 'priority': 1, 'fragments': [{'id': 'fm6-1', 'wait': [], 'tasks': [{'name': 'pick', 'label': 'pick(o1-6,shelf)', 'params': {'x': 5, 'y': 1, 'weight': 10}}, {'name': 'move_to', 'label': 'move_to(o1-6,scan_area)', 'params': {'x': 5, 'y': 5}}, {'name': 'place', 'label': 'place(o1-6,scan_area)', 'params': {'x': 5, 'y': 5, 'weight': 10}}], 'segment': 's1'}, {'id': 'fm6-2', 'wait': ['place(o1-6,scan_area)'], 'tasks': [{'name': 'scan', 'label': 'scan(o1-6)', 'params': {}}], 'segment': 's1'}, {'id': 'fm6-3', 'wait': ['scan(o1-6)'], 'tasks': [{'name': 'pick', 'label': 'pick(o1-6,scan_area)', 'params': {'x': 5, 'y': 5, 'weight': 10}}, {'name': 'move_to', 'label': 'move_to(o1-6,pack_area)', 'params': {'x': 8, 'y': 8}}, {'name': 'place', 'label': 'place(o1-6,pack_area)', 'params': {'x': 8, 'y': 8, 'weight': 10}}], 'segment': 's1'}, {'id': 'fm6-4', 'wait': [], 'tasks': [{'name': 'pick', 'label': 'pick(o2-6,shelf)', 'params': {'x': 1, 'y': 3, 'weight': 3}}, {'name': 'move_to', 'label': 'move_to(o2-6,scan_area)', 'params': {'x': 5, 'y': 5}}, {'name': 'place', 'label': 'place(o2-6,scan_area)', 'params': {'x': 5, 'y': 5, 'weight': 3}}], 'segment': 's2'}, {'id': 'fm6-5', 'wait': ['place(o2-6,scan_area)'], 'tasks': [{'name': 'scan', 'label': 'scan(o2-6)', 'params': {}}], 'segment': 's2'}, {'id': 'fm6-6', 'wait': ['scan(o2-6)'], 'tasks': [{'name': 'pick', 'label': 'pick(o2-6,scan_area)', 'params': {'x': 5, 'y': 5, 'weight': 3}}, {'name': 'move_to', 'label': 'move_to(o2-6,pack_area)', 'params': {'x': 8, 'y': 8}}, {'name': 'place', 'label': 'place(o2-6,pack_area)', 'params': {'x': 8, 'y': 8, 'weight': 3}}], 'segment': 's2'}, {'id': 'fm6-7', 'wait': [], 'tasks': [{'name': 'pick', 'label': 'pick(o3-6,shelf)', 'params': {'x': 2, 'y': 4, 'weight': 5}}, {'name': 'move_to', 'label': 'move_to(o3-6,scan_area)', 'params': {'x': 5, 'y': 5}}, {'name': 'place', 'label': 'place(o3-6,scan_area)', 'params': {'x': 5, 'y': 5, 'weight': 5}}], 'segment': 's3'}, {'id': 'fm6-8', 'wait': ['place(o3-6,scan_area)'], 'tasks': [{'name': 'scan', 'label': 'scan(o3-6)', 'params': {}}], 'segment': 's3'}, {'id': 'fm6-9', 'wait': ['scan(o3-6)'], 'tasks': [{'name': 'pick', 'label': 'pick(o3-6,scan_area)', 'params': {'x': 5, 'y': 5, 'weight': 5}}, {'name': 'move_to', 'label': 'move_to(o3-6,pack_area)', 'params': {'x': 8, 'y': 8}}, {'name': 'place', 'label': 'place(o3-6,pack_area)', 'params': {'x': 8, 'y': 8, 'weight': 5}}], 'segment': 's3'}, {'id': 'fm6-10', 'wait': [], 'tasks': [{'name': 'pick', 'label': 'pick(o4-6,shelf)', 'params': {'x': 1, 'y': 1, 'weight': 4}}, {'name': 'move_to', 'label': 'move_to(o4-6,scan_area)', 'params': {'x': 5, 'y': 5}}, {'name': 'place', 'label': 'place(o4-6,scan_area)', 'params': {'x': 5, 'y': 5, 'weight': 4}}], 'segment': 's4'}, {'id': 'fm6-11', 'wait': ['place(o4-6,scan_area)'], 'tasks': [{'name': 'scan', 'label': 'scan(o4-6)', 'params': {}}], 'segment': 's4'}, {'id': 'fm6-12', 'wait': ['scan(o4-6)'], 'tasks': [{'name': 'pick', 'label': 'pick(o4-6,scan_area)', 'params': {'x': 5, 'y': 5, 'weight': 4}}, {'name': 'move_to', 'label': 'move_to(o4-6,pack_area)', 'params': {'x': 8, 'y': 8}}, {'name': 'place', 'label': 'place(o4-6,pack_area)', 'params': {'x': 8, 'y': 8, 'weight': 4}}], 'segment': 's4'}, {'id': 'fm6-13', 'wait': ['place(o1-6,pack_area)', 'place(o2-6,pack_area)', 'place(o3-6,pack_area)', 'place(o4-6,pack_area)'], 'tasks': [{'name': 'pack', 'label': 'pack(o1-6,o2-6,o3-6,o4-6)', 'params': {'items': 4}}], 'segment': ''}, {'id': 'fm6-14', 'wait': ['pack(o1-6,o2-6,o3-6,o4-6)'], 'tasks': [{'name': 'load_pack', 'label': 'load_pack(p6)', 'params': {'x': 8, 'y': 8, 'weight': 22}}, {'name': 'move_to', 'label': 'move_to(deliver_area)', 'params': {'x': 10, 'y': 10}}, {'name': 'unload_pack', 'label': 'unload_pack(p6)', 'params': {'x': 10, 'y': 10, 'weight': 22}}], 'segment': ''}]}
[INFO] [1787838780.682681053] [multi3_coordinator_node]: Fragment fm6-1 is now executable because all signal messages were received.
[INFO] [1787838780.683947694] [multi3_coordinator_node]: Fragment fm6-4 is now executable because all signal messages were received.
[INFO] [1787838780.685312296] [multi3_coordinator_node]: Fragment fm6-7 is now executable because all signal messages were received.
[INFO] [1787838780.686678499] [multi3_coordinator_node]: Fragment fm6-10 is now executable because all signal messages were received.
[INFO] [1787838780.724756381] [multi3_coordinator_node]: Received coordination message: {'robot_name': 'robot7', 'completed_task': 'unload_pack(p1)'}
[INFO] [1787838780.726584758] [multi3_coordinator_node]: Received robot state update from robot robot7: {'operational_state': 'idle', 'current_assigned_fragment': None, 'state': {'position': {'x': 10, 'y': 10, 'z': 0.0}, 'docked': False}}
[INFO] [1787838780.727772548] [multi3_coordinator_node]: Received coordination message: {'robot_name': 'robot7', 'completed_fragment': 'fm1-8', 'state': {'position': {'x': 10, 'y': 10, 'z': 0.0}, 'docked': False}}
[INFO] [1787838781.352729087] [multi3_coordinator_node]: Assigned fragment fm3-11 to robot robot7.
[INFO] [1787838781.363443348] [multi3_coordinator_node]: Received robot state update from robot robot7: {'operational_state': 'working', 'current_assigned_fragment': 'fm3-11', 'state': {'position': {'x': 10, 'y': 10, 'z': 0.0}, 'docked': False}}
[INFO] [1787838781.399965013] [multi3_coordinator_node]: Fragment fm7-3 is now executable because all signal messages were received.
[INFO] [1787838781.401701929] [multi3_coordinator_node]: Received coordination message: {'robot_name': 'robot5', 'completed_task': 'scan(o1-7)'}
[INFO] [1787838781.403944264] [multi3_coordinator_node]: Received robot state update from robot robot5: {'operational_state': 'idle', 'current_assigned_fragment': None, 'state': {'position': {'x': 0.0, 'y': 0.0, 'z': 0.0}, 'docked': True}}
[INFO] [1787838781.405499935] [multi3_coordinator_node]: Received coordination message: {'robot_name': 'robot5', 'completed_fragment': 'fm7-2', 'state': {'position': {'x': 0.0, 'y': 0.0, 'z': 0.0}, 'docked': True}}
[INFO] [1787838782.353059034] [multi3_coordinator_node]: Assigned fragment fm7-5 to robot robot5.
[INFO] [1787838782.364055895] [multi3_coordinator_node]: Received robot state update from robot robot5: {'operational_state': 'working', 'current_assigned_fragment': 'fm7-5', 'state': {'position': {'x': 0.0, 'y': 0.0, 'z': 0.0}, 'docked': True}}
[INFO] [1787838788.927311057] [multi3_coordinator_node]: Received coordination message: {'robot_name': 'robot1', 'completed_task': 'move_to(o4-5,pack_area)'}
[INFO] [1787838790.363757745] [multi3_coordinator_node]: Fragment fm7-6 is now executable because all signal messages were received.
[INFO] [1787838790.365471912] [multi3_coordinator_node]: Received coordination message: {'robot_name': 'robot5', 'completed_task': 'scan(o2-7)'}
[INFO] [1787838790.367604636] [multi3_coordinator_node]: Received robot state update from robot robot5: {'operational_state': 'idle', 'current_assigned_fragment': None, 'state': {'position': {'x': 0.0, 'y': 0.0, 'z': 0.0}, 'docked': True}}
[INFO] [1787838790.368842857] [multi3_coordinator_node]: Received coordination message: {'robot_name': 'robot5', 'completed_fragment': 'fm7-5', 'state': {'position': {'x': 0.0, 'y': 0.0, 'z': 0.0}, 'docked': True}}
[INFO] [1787838791.354470347] [multi3_coordinator_node]: Assigned fragment fm7-8 to robot robot5.
[INFO] [1787838791.365107718] [multi3_coordinator_node]: Received robot state update from robot robot5: {'operational_state': 'working', 'current_assigned_fragment': 'fm7-8', 'state': {'position': {'x': 0.0, 'y': 0.0, 'z': 0.0}, 'docked': True}}
[INFO] [1787838791.572934356] [multi3_coordinator_node]: Received coordination message: {'robot_name': 'robot3', 'completed_task': 'pick(o4-7,shelf)'}
[INFO] [1787838796.621031477] [multi3_coordinator_node]: Received coordination message: {'robot_name': 'robot2', 'completed_task': 'pick(o5-7,shelf)'}
[INFO] [1787838797.242509114] [multi3_coordinator_node]: Received coordination message: {'robot_name': 'robot3', 'completed_task': 'move_to(o4-7,scan_area)'}
[INFO] [1787838797.950857734] [multi3_coordinator_node]: Fragment fm5-13 is now executable because all signal messages were received.
[INFO] [1787838797.952220240] [multi3_coordinator_node]: Received coordination message: {'robot_name': 'robot1', 'completed_task': 'place(o4-5,pack_area)'}
[INFO] [1787838797.954301137] [multi3_coordinator_node]: Received robot state update from robot robot1: {'operational_state': 'idle', 'current_assigned_fragment': None, 'state': {'position': {'x': 8, 'y': 8, 'z': 0.0}, 'docked': False}}
[INFO] [1787838797.956158725] [multi3_coordinator_node]: Received coordination message: {'robot_name': 'robot1', 'completed_fragment': 'fm5-12', 'state': {'position': {'x': 8, 'y': 8, 'z': 0.0}, 'docked': False}}
[INFO] [1787838798.323539250] [multi3_coordinator_node]: Received coordination message: {'robot_name': 'robot4', 'completed_task': 'pick(o1-2,shelf)'}
[INFO] [1787838798.352685667] [multi3_coordinator_node]: Assigned fragment fm5-13 to robot robot6.
[INFO] [1787838798.358028596] [multi3_coordinator_node]: Assigned fragment fm7-3 to robot robot1.
[INFO] [1787838798.369775203] [multi3_coordinator_node]: Received robot state update from robot robot6: {'operational_state': 'working', 'current_assigned_fragment': 'fm5-13', 'state': {'position': {'x': 0.0, 'y': 0.0, 'z': 0.0}, 'docked': True}}
[INFO] [1787838798.371571096] [multi3_coordinator_node]: Received robot state update from robot robot1: {'operational_state': 'working', 'current_assigned_fragment': 'fm7-3', 'state': {'position': {'x': 8, 'y': 8, 'z': 0.0}, 'docked': False}}
[INFO] [1787838799.387886525] [multi3_coordinator_node]: Fragment fm7-9 is now executable because all signal messages were received.
[INFO] [1787838799.389741896] [multi3_coordinator_node]: Received coordination message: {'robot_name': 'robot5', 'completed_task': 'scan(o3-7)'}
[INFO] [1787838799.391730765] [multi3_coordinator_node]: Received robot state update from robot robot5: {'operational_state': 'idle', 'current_assigned_fragment': None, 'state': {'position': {'x': 0.0, 'y': 0.0, 'z': 0.0}, 'docked': True}}
[INFO] [1787838799.393108429] [multi3_coordinator_node]: Received coordination message: {'robot_name': 'robot5', 'completed_fragment': 'fm7-8', 'state': {'position': {'x': 0.0, 'y': 0.0, 'z': 0.0}, 'docked': True}}
[INFO] [1787838799.464703921] [multi3_coordinator_node]: Received coordination message: {'robot_name': 'robot2', 'completed_task': 'move_to(o5-7,scan_area)'}
[INFO] [1787838802.026697720] [multi3_coordinator_node]: Received coordination message: {'robot_name': 'robot7', 'completed_task': 'load_pack(p3)'}
[INFO] [1787838804.259493517] [multi3_coordinator_node]: Fragment fm7-11 is now executable because all signal messages were received.
[INFO] [1787838804.261002412] [multi3_coordinator_node]: Received coordination message: {'robot_name': 'robot3', 'completed_task': 'place(o4-7,scan_area)'}
[INFO] [1787838804.263569465] [multi3_coordinator_node]: Received robot state update from robot robot3: {'operational_state': 'idle', 'current_assigned_fragment': None, 'state': {'position': {'x': 5, 'y': 5, 'z': 0.0}, 'docked': False}}
[INFO] [1787838804.265007865] [multi3_coordinator_node]: Received coordination message: {'robot_name': 'robot3', 'completed_fragment': 'fm7-10', 'state': {'position': {'x': 5, 'y': 5, 'z': 0.0}, 'docked': False}}
[INFO] [1787838804.353735587] [multi3_coordinator_node]: Assigned fragment fm7-6 to robot robot3.
[INFO] [1787838804.356077401] [multi3_coordinator_node]: Assigned fragment fm7-11 to robot robot5.
[INFO] [1787838804.363266286] [multi3_coordinator_node]: Received robot state update from robot robot5: {'operational_state': 'working', 'current_assigned_fragment': 'fm7-11', 'state': {'position': {'x': 0.0, 'y': 0.0, 'z': 0.0}, 'docked': True}}
[INFO] [1787838804.368933045] [multi3_coordinator_node]: Received robot state update from robot robot3: {'operational_state': 'working', 'current_assigned_fragment': 'fm7-6', 'state': {'position': {'x': 5, 'y': 5, 'z': 0.0}, 'docked': False}}
[INFO] [1787838807.693637783] [multi3_coordinator_node]: Received coordination message: {'robot_name': 'robot7', 'completed_task': 'move_to(deliver_area)'}
[INFO] [1787838809.487239266] [multi3_coordinator_node]: Fragment fm7-14 is now executable because all signal messages were received.
[INFO] [1787838809.489531656] [multi3_coordinator_node]: Received coordination message: {'robot_name': 'robot2', 'completed_task': 'place(o5-7,scan_area)'}
[INFO] [1787838809.491664234] [multi3_coordinator_node]: Received robot state update from robot robot2: {'operational_state': 'idle', 'current_assigned_fragment': None, 'state': {'position': {'x': 5, 'y': 5, 'z': 0.0}, 'docked': False}}
[INFO] [1787838809.493177167] [multi3_coordinator_node]: Received coordination message: {'robot_name': 'robot2', 'completed_fragment': 'fm7-13', 'state': {'position': {'x': 5, 'y': 5, 'z': 0.0}, 'docked': False}}
[INFO] [1787838809.650811635] [multi3_coordinator_node]: Received coordination message: {'robot_name': 'robot4', 'completed_task': 'move_to(o1-2,scan_area)'}
[INFO] [1787838810.353438767] [multi3_coordinator_node]: Assigned fragment fm7-9 to robot robot2.
[INFO] [1787838810.364724264] [multi3_coordinator_node]: Received robot state update from robot robot2: {'operational_state': 'working', 'current_assigned_fragment': 'fm7-9', 'state': {'position': {'x': 5, 'y': 5, 'z': 0.0}, 'docked': False}}
[INFO] [1787838812.387078622] [multi3_coordinator_node]: Received coordination message: {'robot_name': 'robot3', 'completed_task': 'pick(o2-7,scan_area)'}
[INFO] [1787838814.394819979] [multi3_coordinator_node]: Fragment fm7-12 is now executable because all signal messages were received.
[INFO] [1787838814.396524040] [multi3_coordinator_node]: Received coordination message: {'robot_name': 'robot5', 'completed_task': 'scan(o4-7)'}
[INFO] [1787838814.398565981] [multi3_coordinator_node]: Received robot state update from robot robot5: {'operational_state': 'idle', 'current_assigned_fragment': None, 'state': {'position': {'x': 0.0, 'y': 0.0, 'z': 0.0}, 'docked': True}}
[INFO] [1787838814.400723506] [multi3_coordinator_node]: Received coordination message: {'robot_name': 'robot5', 'completed_fragment': 'fm7-11', 'state': {'position': {'x': 0.0, 'y': 0.0, 'z': 0.0}, 'docked': True}}
[INFO] [1787838815.352912656] [multi3_coordinator_node]: Assigned fragment fm7-14 to robot robot5.
[INFO] [1787838815.361966176] [multi3_coordinator_node]: Received robot state update from robot robot5: {'operational_state': 'working', 'current_assigned_fragment': 'fm7-14', 'state': {'position': {'x': 0.0, 'y': 0.0, 'z': 0.0}, 'docked': True}}
[INFO] [1787838818.380025299] [multi3_coordinator_node]: Received coordination message: {'robot_name': 'robot2', 'completed_task': 'pick(o3-7,scan_area)'}
[INFO] [1787838819.670584363] [multi3_coordinator_node]: Fragment fm2-2 is now executable because all signal messages were received.
[INFO] [1787838819.673478810] [multi3_coordinator_node]: Received coordination message: {'robot_name': 'robot4', 'completed_task': 'place(o1-2,scan_area)'}
[INFO] [1787838819.675410090] [multi3_coordinator_node]: Received robot state update from robot robot4: {'operational_state': 'idle', 'current_assigned_fragment': None, 'state': {'position': {'x': 5, 'y': 5, 'z': 0.0}, 'docked': False}}
[INFO] [1787838819.676912022] [multi3_coordinator_node]: Received coordination message: {'robot_name': 'robot4', 'completed_fragment': 'fm2-1', 'state': {'position': {'x': 5, 'y': 5, 'z': 0.0}, 'docked': False}}
[INFO] [1787838820.353782428] [multi3_coordinator_node]: Assigned fragment fm7-12 to robot robot4.
[INFO] [1787838820.364418569] [multi3_coordinator_node]: Received robot state update from robot robot4: {'operational_state': 'working', 'current_assigned_fragment': 'fm7-12', 'state': {'position': {'x': 5, 'y': 5, 'z': 0.0}, 'docked': False}}
[INFO] [1787838820.716274566] [multi3_coordinator_node]: Received coordination message: {'robot_name': 'robot7', 'completed_task': 'unload_pack(p3)'}
[INFO] [1787838820.718657113] [multi3_coordinator_node]: Received robot state update from robot robot7: {'operational_state': 'idle', 'current_assigned_fragment': None, 'state': {'position': {'x': 10, 'y': 10, 'z': 0.0}, 'docked': False}}
[INFO] [1787838820.720303294] [multi3_coordinator_node]: Received coordination message: {'robot_name': 'robot7', 'completed_fragment': 'fm3-11', 'state': {'position': {'x': 10, 'y': 10, 'z': 0.0}, 'docked': False}}
[INFO] [1787838820.884743796] [multi3_coordinator_node]: Received coordination message: {'robot_name': 'robot3', 'completed_task': 'move_to(o2-7,pack_area)'}
[INFO] [1787838821.888521113] [multi3_coordinator_node]: Received coordination message: {'robot_name': 'robot1', 'completed_task': 'pick(o1-7,scan_area)'}
[INFO] [1787838822.196894832] [multi3_coordinator_node]: Fragment fm5-14 is now executable because all signal messages were received.
[INFO] [1787838822.198522770] [multi3_coordinator_node]: Received coordination message: {'robot_name': 'robot6', 'completed_task': 'pack(o1-5,o2-5,o3-5,o4-5)'}
[INFO] [1787838822.201147720] [multi3_coordinator_node]: Received robot state update from robot robot6: {'operational_state': 'idle', 'current_assigned_fragment': None, 'state': {'position': {'x': 0.0, 'y': 0.0, 'z': 0.0}, 'docked': True}}
[INFO] [1787838822.202873013] [multi3_coordinator_node]: Received coordination message: {'robot_name': 'robot6', 'completed_fragment': 'fm5-13', 'state': {'position': {'x': 0.0, 'y': 0.0, 'z': 0.0}, 'docked': True}}
[INFO] [1787838822.352268110] [multi3_coordinator_node]: Assigned fragment fm5-14 to robot robot7.
[INFO] [1787838822.370765253] [multi3_coordinator_node]: Received robot state update from robot robot7: {'operational_state': 'working', 'current_assigned_fragment': 'fm5-14', 'state': {'position': {'x': 10, 'y': 10, 'z': 0.0}, 'docked': False}}
[INFO] [1787838823.381565928] [multi3_coordinator_node]: Fragment fm7-15 is now executable because all signal messages were received.
[INFO] [1787838823.383632987] [multi3_coordinator_node]: Received coordination message: {'robot_name': 'robot5', 'completed_task': 'scan(o5-7)'}
[INFO] [1787838823.385742701] [multi3_coordinator_node]: Received robot state update from robot robot5: {'operational_state': 'idle', 'current_assigned_fragment': None, 'state': {'position': {'x': 0.0, 'y': 0.0, 'z': 0.0}, 'docked': True}}
[INFO] [1787838823.387288109] [multi3_coordinator_node]: Received coordination message: {'robot_name': 'robot5', 'completed_fragment': 'fm7-14', 'state': {'position': {'x': 0.0, 'y': 0.0, 'z': 0.0}, 'docked': True}}
[INFO] [1787838824.354942520] [multi3_coordinator_node]: Assigned fragment fm2-2 to robot robot5.
[INFO] [1787838824.378694132] [multi3_coordinator_node]: Received robot state update from robot robot5: {'operational_state': 'working', 'current_assigned_fragment': 'fm2-2', 'state': {'position': {'x': 0.0, 'y': 0.0, 'z': 0.0}, 'docked': True}}
[INFO] [1787838826.878427579] [multi3_coordinator_node]: Received coordination message: {'robot_name': 'robot2', 'completed_task': 'move_to(o3-7,pack_area)'}
[INFO] [1787838827.379444864] [multi3_coordinator_node]: Received coordination message: {'robot_name': 'robot4', 'completed_task': 'pick(o4-7,scan_area)'}
[INFO] [1787838828.908188949] [multi3_coordinator_node]: Received coordination message: {'robot_name': 'robot3', 'completed_task': 'place(o2-7,pack_area)'}
[INFO] [1787838828.910870945] [multi3_coordinator_node]: Received robot state update from robot robot3: {'operational_state': 'idle', 'current_assigned_fragment': None, 'state': {'position': {'x': 8, 'y': 8, 'z': 0.0}, 'docked': False}}
[INFO] [1787838828.912485271] [multi3_coordinator_node]: Received coordination message: {'robot_name': 'robot3', 'completed_fragment': 'fm7-6', 'state': {'position': {'x': 8, 'y': 8, 'z': 0.0}, 'docked': False}}
[INFO] [1787838829.353503857] [multi3_coordinator_node]: Assigned fragment fm7-15 to robot robot3.
[INFO] [1787838829.363240843] [multi3_coordinator_node]: Received robot state update from robot robot3: {'operational_state': 'working', 'current_assigned_fragment': 'fm7-15', 'state': {'position': {'x': 8, 'y': 8, 'z': 0.0}, 'docked': False}}
[INFO] [1787838830.387010953] [multi3_coordinator_node]: Received coordination message: {'robot_name': 'robot1', 'completed_task': 'move_to(o1-7,pack_area)'}
[INFO] [1787838832.393460004] [multi3_coordinator_node]: Fragment fm2-3 is now executable because all signal messages were received.
[INFO] [1787838832.394111867] [multi3_coordinator_node]: Received coordination message: {'robot_name': 'robot5', 'completed_task': 'scan(o1-2)'}
[INFO] [1787838832.395159900] [multi3_coordinator_node]: Received robot state update from robot robot5: {'operational_state': 'idle', 'current_assigned_fragment': None, 'state': {'position': {'x': 0.0, 'y': 0.0, 'z': 0.0}, 'docked': True}}
[INFO] [1787838832.396001446] [multi3_coordinator_node]: Received coordination message: {'robot_name': 'robot5', 'completed_fragment': 'fm2-2', 'state': {'position': {'x': 0.0, 'y': 0.0, 'z': 0.0}, 'docked': True}}
[INFO] [1787838834.891290131] [multi3_coordinator_node]: Received coordination message: {'robot_name': 'robot2', 'completed_task': 'place(o3-7,pack_area)'}
[INFO] [1787838834.893441455] [multi3_coordinator_node]: Received robot state update from robot robot2: {'operational_state': 'idle', 'current_assigned_fragment': None, 'state': {'position': {'x': 8, 'y': 8, 'z': 0.0}, 'docked': False}}
[INFO] [1787838834.895248799] [multi3_coordinator_node]: Received coordination message: {'robot_name': 'robot2', 'completed_fragment': 'fm7-9', 'state': {'position': {'x': 8, 'y': 8, 'z': 0.0}, 'docked': False}}
[INFO] [1787838835.353086130] [multi3_coordinator_node]: Assigned fragment fm2-3 to robot robot2.
[INFO] [1787838835.387432596] [multi3_coordinator_node]: Received robot state update from robot robot2: {'operational_state': 'working', 'current_assigned_fragment': 'fm2-3', 'state': {'position': {'x': 8, 'y': 8, 'z': 0.0}, 'docked': False}}
[INFO] [1787838835.877968408] [multi3_coordinator_node]: Received coordination message: {'robot_name': 'robot4', 'completed_task': 'move_to(o4-7,pack_area)'}
[INFO] [1787838842.889726576] [multi3_coordinator_node]: Received coordination message: {'robot_name': 'robot4', 'completed_task': 'place(o4-7,pack_area)'}
[INFO] [1787838842.890942425] [multi3_coordinator_node]: Received robot state update from robot robot4: {'operational_state': 'idle', 'current_assigned_fragment': None, 'state': {'position': {'x': 8, 'y': 8, 'z': 0.0}, 'docked': False}}
[INFO] [1787838842.891846336] [multi3_coordinator_node]: Received coordination message: {'robot_name': 'robot4', 'completed_fragment': 'fm7-12', 'state': {'position': {'x': 8, 'y': 8, 'z': 0.0}, 'docked': False}}
[INFO] [1787838843.349671088] [multi3_coordinator_node]: Assigned fragment fm2-4 to robot robot4.
[INFO] [1787838843.359180514] [multi3_coordinator_node]: Received robot state update from robot robot4: {'operational_state': 'working', 'current_assigned_fragment': 'fm2-4', 'state': {'position': {'x': 8, 'y': 8, 'z': 0.0}, 'docked': False}}
[INFO] [1787838845.062058168] [multi3_coordinator_node]: Received coordination message: {'robot_name': 'robot7', 'completed_task': 'load_pack(p5)'}
[INFO] [1787838845.401274718] [multi3_coordinator_node]: Received coordination message: {'robot_name': 'robot1', 'completed_task': 'place(o1-7,pack_area)'}
[INFO] [1787838845.403800634] [multi3_coordinator_node]: Received robot state update from robot robot1: {'operational_state': 'idle', 'current_assigned_fragment': None, 'state': {'position': {'x': 8, 'y': 8, 'z': 0.0}, 'docked': False}}
[INFO] [1787838845.405639819] [multi3_coordinator_node]: Received coordination message: {'robot_name': 'robot1', 'completed_fragment': 'fm7-3', 'state': {'position': {'x': 8, 'y': 8, 'z': 0.0}, 'docked': False}}
[INFO] [1787838846.351128754] [multi3_coordinator_node]: Assigned fragment fm4-1 to robot robot1.
[INFO] [1787838846.368278956] [multi3_coordinator_node]: Received robot state update from robot robot1: {'operational_state': 'working', 'current_assigned_fragment': 'fm4-1', 'state': {'position': {'x': 8, 'y': 8, 'z': 0.0}, 'docked': False}}
[INFO] [1787838847.875026420] [multi3_coordinator_node]: Received coordination message: {'robot_name': 'robot3', 'completed_task': 'pick(o5-7,scan_area)'}
[INFO] [1787838850.728916518] [multi3_coordinator_node]: Received coordination message: {'robot_name': 'robot7', 'completed_task': 'move_to(deliver_area)'}
[INFO] [1787838853.899505175] [multi3_coordinator_node]: Received coordination message: {'robot_name': 'robot2', 'completed_task': 'pick(o1-2,scan_area)'}
[INFO] [1787838856.372649911] [multi3_coordinator_node]: Received coordination message: {'robot_name': 'robot3', 'completed_task': 'move_to(o5-7,pack_area)'}
[INFO] [1787838862.393943771] [multi3_coordinator_node]: Received coordination message: {'robot_name': 'robot2', 'completed_task': 'move_to(o1-2,pack_area)'}
[INFO] [1787838863.032850459] [multi3_coordinator_node]: Received coordination message: {'robot_name': 'robot4', 'completed_task': 'pick(o2-2,shelf)'}
[INFO] [1787838863.752486495] [multi3_coordinator_node]: Received coordination message: {'robot_name': 'robot7', 'completed_task': 'unload_pack(p5)'}
[INFO] [1787838863.755124156] [multi3_coordinator_node]: Received robot state update from robot robot7: {'operational_state': 'idle', 'current_assigned_fragment': None, 'state': {'position': {'x': 10, 'y': 10, 'z': 0.0}, 'docked': False}}
[INFO] [1787838863.757058553] [multi3_coordinator_node]: Received coordination message: {'robot_name': 'robot7', 'completed_fragment': 'fm5-14', 'state': {'position': {'x': 10, 'y': 10, 'z': 0.0}, 'docked': False}}
[INFO] [1787838866.393833064] [multi3_coordinator_node]: Fragment fm7-16 is now executable because all signal messages were received.
[INFO] [1787838866.395656524] [multi3_coordinator_node]: Received coordination message: {'robot_name': 'robot3', 'completed_task': 'place(o5-7,pack_area)'}
[INFO] [1787838866.397888644] [multi3_coordinator_node]: Received robot state update from robot robot3: {'operational_state': 'idle', 'current_assigned_fragment': None, 'state': {'position': {'x': 8, 'y': 8, 'z': 0.0}, 'docked': False}}
[INFO] [1787838866.399170642] [multi3_coordinator_node]: Received coordination message: {'robot_name': 'robot3', 'completed_fragment': 'fm7-15', 'state': {'position': {'x': 8, 'y': 8, 'z': 0.0}, 'docked': False}}
[INFO] [1787838867.352911999] [multi3_coordinator_node]: Assigned fragment fm7-16 to robot robot6.
[INFO] [1787838867.360233141] [multi3_coordinator_node]: Assigned fragment fm4-4 to robot robot3.
[INFO] [1787838867.387548719] [multi3_coordinator_node]: Received robot state update from robot robot3: {'operational_state': 'working', 'current_assigned_fragment': 'fm4-4', 'state': {'position': {'x': 8, 'y': 8, 'z': 0.0}, 'docked': False}}
[INFO] [1787838867.407431788] [multi3_coordinator_node]: Received robot state update from robot robot6: {'operational_state': 'working', 'current_assigned_fragment': 'fm7-16', 'state': {'position': {'x': 0.0, 'y': 0.0, 'z': 0.0}, 'docked': True}}
[INFO] [1787838868.812047431] [multi3_coordinator_node]: Received coordination message: {'robot_name': 'robot1', 'completed_task': 'pick(o1-4,shelf)'}
[INFO] [1787838871.523813711] [multi3_coordinator_node]: Received coordination message: {'robot_name': 'robot4', 'completed_task': 'move_to(o2-2,scan_area)'}
[INFO] [1787838872.409870813] [multi3_coordinator_node]: Received coordination message: {'robot_name': 'robot2', 'completed_task': 'place(o1-2,pack_area)'}
[INFO] [1787838872.412694537] [multi3_coordinator_node]: Received coordination message: {'robot_name': 'robot2', 'completed_fragment': 'fm2-3', 'state': {'position': {'x': 8, 'y': 8, 'z': 0.0}, 'docked': False}}
[INFO] [1787838872.414807384] [multi3_coordinator_node]: Received robot state update from robot robot2: {'operational_state': 'idle', 'current_assigned_fragment': None, 'state': {'position': {'x': 8, 'y': 8, 'z': 0.0}, 'docked': False}}
[INFO] [1787838873.354453857] [multi3_coordinator_node]: Assigned fragment fm4-7 to robot robot2.
[INFO] [1787838873.366048429] [multi3_coordinator_node]: Received robot state update from robot robot2: {'operational_state': 'working', 'current_assigned_fragment': 'fm4-7', 'state': {'position': {'x': 8, 'y': 8, 'z': 0.0}, 'docked': False}}
[INFO] [1787838877.307903680] [multi3_coordinator_node]: Received coordination message: {'robot_name': 'robot1', 'completed_task': 'move_to(o1-4,scan_area)'}
[INFO] [1787838878.541455462] [multi3_coordinator_node]: Fragment fm2-5 is now executable because all signal messages were received.
[INFO] [1787838878.542711095] [multi3_coordinator_node]: Received coordination message: {'robot_name': 'robot4', 'completed_task': 'place(o2-2,scan_area)'}
[INFO] [1787838878.544723319] [multi3_coordinator_node]: Received robot state update from robot robot4: {'operational_state': 'idle', 'current_assigned_fragment': None, 'state': {'position': {'x': 5, 'y': 5, 'z': 0.0}, 'docked': False}}
[INFO] [1787838878.545791237] [multi3_coordinator_node]: Received coordination message: {'robot_name': 'robot4', 'completed_fragment': 'fm2-4', 'state': {'position': {'x': 5, 'y': 5, 'z': 0.0}, 'docked': False}}
[INFO] [1787838879.352686365] [multi3_coordinator_node]: Assigned fragment fm2-5 to robot robot5.
[INFO] [1787838879.357911606] [multi3_coordinator_node]: Assigned fragment fm6-1 to robot robot4.
[INFO] [1787838879.367100505] [multi3_coordinator_node]: Received robot state update from robot robot4: {'operational_state': 'working', 'current_assigned_fragment': 'fm6-1', 'state': {'position': {'x': 5, 'y': 5, 'z': 0.0}, 'docked': False}}
[INFO] [1787838879.368881759] [multi3_coordinator_node]: Received robot state update from robot robot5: {'operational_state': 'working', 'current_assigned_fragment': 'fm2-5', 'state': {'position': {'x': 0.0, 'y': 0.0, 'z': 0.0}, 'docked': True}}
[INFO] [1787838886.330912190] [multi3_coordinator_node]: Fragment fm4-2 is now executable because all signal messages were received.
[INFO] [1787838886.332917370] [multi3_coordinator_node]: Received coordination message: {'robot_name': 'robot1', 'completed_task': 'place(o1-4,scan_area)'}
[INFO] [1787838886.335032849] [multi3_coordinator_node]: Received robot state update from robot robot1: {'operational_state': 'idle', 'current_assigned_fragment': None, 'state': {'position': {'x': 5, 'y': 5, 'z': 0.0}, 'docked': False}}
[INFO] [1787838886.336557632] [multi3_coordinator_node]: Received coordination message: {'robot_name': 'robot1', 'completed_fragment': 'fm4-1', 'state': {'position': {'x': 5, 'y': 5, 'z': 0.0}, 'docked': False}}
[INFO] [1787838886.353596078] [multi3_coordinator_node]: Assigned fragment fm6-4 to robot robot1.
[INFO] [1787838886.363284213] [multi3_coordinator_node]: Received robot state update from robot robot1: {'operational_state': 'working', 'current_assigned_fragment': 'fm6-4', 'state': {'position': {'x': 5, 'y': 5, 'z': 0.0}, 'docked': False}}
[INFO] [1787838889.396841662] [multi3_coordinator_node]: Fragment fm2-6 is now executable because all signal messages were received.
[INFO] [1787838889.399139742] [multi3_coordinator_node]: Received coordination message: {'robot_name': 'robot5', 'completed_task': 'scan(o2-2)'}
[INFO] [1787838889.401160722] [multi3_coordinator_node]: Received robot state update from robot robot5: {'operational_state': 'idle', 'current_assigned_fragment': None, 'state': {'position': {'x': 0.0, 'y': 0.0, 'z': 0.0}, 'docked': True}}
[INFO] [1787838889.402483290] [multi3_coordinator_node]: Received coordination message: {'robot_name': 'robot5', 'completed_fragment': 'fm2-5', 'state': {'position': {'x': 0.0, 'y': 0.0, 'z': 0.0}, 'docked': True}}
[INFO] [1787838889.561017260] [multi3_coordinator_node]: Received coordination message: {'robot_name': 'robot3', 'completed_task': 'pick(o2-4,shelf)'}
[INFO] [1787838890.353495061] [multi3_coordinator_node]: Assigned fragment fm4-2 to robot robot5.
[INFO] [1787838890.364520251] [multi3_coordinator_node]: Received robot state update from robot robot5: {'operational_state': 'working', 'current_assigned_fragment': 'fm4-2', 'state': {'position': {'x': 0.0, 'y': 0.0, 'z': 0.0}, 'docked': True}}
[INFO] [1787838895.228567059] [multi3_coordinator_node]: Received coordination message: {'robot_name': 'robot3', 'completed_task': 'move_to(o2-4,scan_area)'}
[INFO] [1787838895.391172351] [multi3_coordinator_node]: Received coordination message: {'robot_name': 'robot2', 'completed_task': 'pick(o3-4,shelf)'}
[INFO] [1787838895.434838397] [multi3_coordinator_node]: Fragment fm7-17 is now executable because all signal messages were received.
[INFO] [1787838895.436774577] [multi3_coordinator_node]: Received coordination message: {'robot_name': 'robot6', 'completed_task': 'pack(o1-7,o2-7,o3-7,o4-7,o5-7)'}
[INFO] [1787838895.439338583] [multi3_coordinator_node]: Received robot state update from robot robot6: {'operational_state': 'idle', 'current_assigned_fragment': None, 'state': {'position': {'x': 0.0, 'y': 0.0, 'z': 0.0}, 'docked': True}}
[INFO] [1787838895.441355956] [multi3_coordinator_node]: Received coordination message: {'robot_name': 'robot6', 'completed_fragment': 'fm7-16', 'state': {'position': {'x': 0.0, 'y': 0.0, 'z': 0.0}, 'docked': True}}
[INFO] [1787838896.351292849] [multi3_coordinator_node]: Assigned fragment fm7-17 to robot robot7.
[INFO] [1787838896.360817576] [multi3_coordinator_node]: Received robot state update from robot robot7: {'operational_state': 'working', 'current_assigned_fragment': 'fm7-17', 'state': {'position': {'x': 10, 'y': 10, 'z': 0.0}, 'docked': False}}
[INFO] [1787838898.384296725] [multi3_coordinator_node]: Fragment fm4-3 is now executable because all signal messages were received.
[INFO] [1787838898.387523103] [multi3_coordinator_node]: Received coordination message: {'robot_name': 'robot5', 'completed_task': 'scan(o1-4)'}
[INFO] [1787838898.390482390] [multi3_coordinator_node]: Received robot state update from robot robot5: {'operational_state': 'idle', 'current_assigned_fragment': None, 'state': {'position': {'x': 0.0, 'y': 0.0, 'z': 0.0}, 'docked': True}}
[INFO] [1787838898.392221114] [multi3_coordinator_node]: Received coordination message: {'robot_name': 'robot5', 'completed_fragment': 'fm4-2', 'state': {'position': {'x': 0.0, 'y': 0.0, 'z': 0.0}, 'docked': True}}
[INFO] [1787838902.396412939] [multi3_coordinator_node]: Received coordination message: {'robot_name': 'robot4', 'completed_task': 'pick(o1-6,shelf)'}
[INFO] [1787838902.403996315] [multi3_coordinator_node]: Received coordination message: {'robot_name': 'robot4', 'completed_task': 'move_to(o1-6,scan_area)'}
[INFO] [1787838903.247196412] [multi3_coordinator_node]: Fragment fm4-5 is now executable because all signal messages were received.
[INFO] [1787838903.248950779] [multi3_coordinator_node]: Received coordination message: {'robot_name': 'robot3', 'completed_task': 'place(o2-4,scan_area)'}
[INFO] [1787838903.251304354] [multi3_coordinator_node]: Received robot state update from robot robot3: {'operational_state': 'idle', 'current_assigned_fragment': None, 'state': {'position': {'x': 5, 'y': 5, 'z': 0.0}, 'docked': False}}
[INFO] [1787838903.253782564] [multi3_coordinator_node]: Received coordination message: {'robot_name': 'robot3', 'completed_fragment': 'fm4-4', 'state': {'position': {'x': 5, 'y': 5, 'z': 0.0}, 'docked': False}}
[INFO] [1787838903.331497296] [multi3_coordinator_node]: Received coordination message: {'robot_name': 'robot1', 'completed_task': 'pick(o2-6,shelf)'}
[INFO] [1787838903.350688769] [multi3_coordinator_node]: Assigned fragment fm2-6 to robot robot3.
[INFO] [1787838903.354462640] [multi3_coordinator_node]: Assigned fragment fm4-5 to robot robot5.
[INFO] [1787838903.360739341] [multi3_coordinator_node]: Received robot state update from robot robot3: {'operational_state': 'working', 'current_assigned_fragment': 'fm2-6', 'state': {'position': {'x': 5, 'y': 5, 'z': 0.0}, 'docked': False}}
[INFO] [1787838903.367259230] [multi3_coordinator_node]: Received robot state update from robot robot5: {'operational_state': 'working', 'current_assigned_fragment': 'fm4-5', 'state': {'position': {'x': 0.0, 'y': 0.0, 'z': 0.0}, 'docked': True}}
[INFO] [1787838903.888777561] [multi3_coordinator_node]: Received coordination message: {'robot_name': 'robot2', 'completed_task': 'move_to(o3-4,scan_area)'}
[INFO] [1787838910.381102621] [multi3_coordinator_node]: Received coordination message: {'robot_name': 'robot3', 'completed_task': 'pick(o2-2,scan_area)'}
[INFO] [1787838913.398017111] [multi3_coordinator_node]: Fragment fm4-6 is now executable because all signal messages were received.
[INFO] [1787838913.400852670] [multi3_coordinator_node]: Received coordination message: {'robot_name': 'robot5', 'completed_task': 'scan(o2-4)'}
[INFO] [1787838913.403676551] [multi3_coordinator_node]: Received robot state update from robot robot5: {'operational_state': 'idle', 'current_assigned_fragment': None, 'state': {'position': {'x': 0.0, 'y': 0.0, 'z': 0.0}, 'docked': True}}
[INFO] [1787838913.405100082] [multi3_coordinator_node]: Received coordination message: {'robot_name': 'robot5', 'completed_fragment': 'fm4-5', 'state': {'position': {'x': 0.0, 'y': 0.0, 'z': 0.0}, 'docked': True}}
[INFO] [1787838913.910084830] [multi3_coordinator_node]: Fragment fm4-8 is now executable because all signal messages were received.
[INFO] [1787838913.911852288] [multi3_coordinator_node]: Received coordination message: {'robot_name': 'robot2', 'completed_task': 'place(o3-4,scan_area)'}
[INFO] [1787838913.914142691] [multi3_coordinator_node]: Received robot state update from robot robot2: {'operational_state': 'idle', 'current_assigned_fragment': None, 'state': {'position': {'x': 5, 'y': 5, 'z': 0.0}, 'docked': False}}
[INFO] [1787838913.915704216] [multi3_coordinator_node]: Received coordination message: {'robot_name': 'robot2', 'completed_fragment': 'fm4-7', 'state': {'position': {'x': 5, 'y': 5, 'z': 0.0}, 'docked': False}}
[INFO] [1787838914.353748363] [multi3_coordinator_node]: Assigned fragment fm4-3 to robot robot2.
[INFO] [1787838914.358027314] [multi3_coordinator_node]: Assigned fragment fm4-8 to robot robot5.
[INFO] [1787838914.368142464] [multi3_coordinator_node]: Received robot state update from robot robot2: {'operational_state': 'working', 'current_assigned_fragment': 'fm4-3', 'state': {'position': {'x': 5, 'y': 5, 'z': 0.0}, 'docked': False}}
[INFO] [1787838914.369760491] [multi3_coordinator_node]: Received robot state update from robot robot5: {'operational_state': 'working', 'current_assigned_fragment': 'fm4-8', 'state': {'position': {'x': 0.0, 'y': 0.0, 'z': 0.0}, 'docked': True}}
[INFO] [1787838914.659217185] [multi3_coordinator_node]: Received coordination message: {'robot_name': 'robot1', 'completed_task': 'move_to(o2-6,scan_area)'}
[INFO] [1787838917.044903681] [multi3_coordinator_node]: Received coordination message: {'robot_name': 'robot7', 'completed_task': 'load_pack(p7)'}
[INFO] [1787838917.428095668] [multi3_coordinator_node]: Fragment fm6-2 is now executable because all signal messages were received.
[INFO] [1787838917.429844405] [multi3_coordinator_node]: Received coordination message: {'robot_name': 'robot4', 'completed_task': 'place(o1-6,scan_area)'}
[INFO] [1787838917.432251045] [multi3_coordinator_node]: Received robot state update from robot robot4: {'operational_state': 'idle', 'current_assigned_fragment': None, 'state': {'position': {'x': 5, 'y': 5, 'z': 0.0}, 'docked': False}}
[INFO] [1787838917.433526239] [multi3_coordinator_node]: Received coordination message: {'robot_name': 'robot4', 'completed_fragment': 'fm6-1', 'state': {'position': {'x': 5, 'y': 5, 'z': 0.0}, 'docked': False}}
[INFO] [1787838918.353527536] [multi3_coordinator_node]: Assigned fragment fm4-6 to robot robot4.
[INFO] [1787838918.379878255] [multi3_coordinator_node]: Received robot state update from robot robot4: {'operational_state': 'working', 'current_assigned_fragment': 'fm4-6', 'state': {'position': {'x': 5, 'y': 5, 'z': 0.0}, 'docked': False}}
[INFO] [1787838918.881024535] [multi3_coordinator_node]: Received coordination message: {'robot_name': 'robot3', 'completed_task': 'move_to(o2-2,pack_area)'}
[INFO] [1787838922.674368378] [multi3_coordinator_node]: Fragment fm6-5 is now executable because all signal messages were received.
[INFO] [1787838922.675056632] [multi3_coordinator_node]: Received coordination message: {'robot_name': 'robot1', 'completed_task': 'place(o2-6,scan_area)'}
[INFO] [1787838922.676558748] [multi3_coordinator_node]: Received robot state update from robot robot1: {'operational_state': 'idle', 'current_assigned_fragment': None, 'state': {'position': {'x': 5, 'y': 5, 'z': 0.0}, 'docked': False}}
[INFO] [1787838922.677748978] [multi3_coordinator_node]: Received coordination message: {'robot_name': 'robot1', 'completed_fragment': 'fm6-4', 'state': {'position': {'x': 5, 'y': 5, 'z': 0.0}, 'docked': False}}
[INFO] [1787838922.708751124] [multi3_coordinator_node]: Received coordination message: {'robot_name': 'robot7', 'completed_task': 'move_to(deliver_area)'}
[INFO] [1787838923.353487104] [multi3_coordinator_node]: Assigned fragment fm6-7 to robot robot1.
[INFO] [1787838923.367041671] [multi3_coordinator_node]: Received robot state update from robot robot1: {'operational_state': 'working', 'current_assigned_fragment': 'fm6-7', 'state': {'position': {'x': 5, 'y': 5, 'z': 0.0}, 'docked': False}}
[INFO] [1787838923.383407403] [multi3_coordinator_node]: Received coordination message: {'robot_name': 'robot2', 'completed_task': 'pick(o1-4,scan_area)'}
[INFO] [1787838924.387891514] [multi3_coordinator_node]: Fragment fm4-9 is now executable because all signal messages were received.
[INFO] [1787838924.389168059] [multi3_coordinator_node]: Received coordination message: {'robot_name': 'robot5', 'completed_task': 'scan(o3-4)'}
[INFO] [1787838924.391431224] [multi3_coordinator_node]: Received robot state update from robot robot5: {'operational_state': 'idle', 'current_assigned_fragment': None, 'state': {'position': {'x': 0.0, 'y': 0.0, 'z': 0.0}, 'docked': True}}
[INFO] [1787838924.394131572] [multi3_coordinator_node]: Received coordination message: {'robot_name': 'robot5', 'completed_fragment': 'fm4-8', 'state': {'position': {'x': 0.0, 'y': 0.0, 'z': 0.0}, 'docked': True}}
[INFO] [1787838925.353851195] [multi3_coordinator_node]: Assigned fragment fm6-2 to robot robot5.
[INFO] [1787838925.365550814] [multi3_coordinator_node]: Received robot state update from robot robot5: {'operational_state': 'working', 'current_assigned_fragment': 'fm6-2', 'state': {'position': {'x': 0.0, 'y': 0.0, 'z': 0.0}, 'docked': True}}
[INFO] [1787838925.902446240] [multi3_coordinator_node]: Fragment fm2-7 is now executable because all signal messages were received.
[INFO] [1787838925.903883363] [multi3_coordinator_node]: Received coordination message: {'robot_name': 'robot3', 'completed_task': 'place(o2-2,pack_area)'}
[INFO] [1787838925.905867198] [multi3_coordinator_node]: Received robot state update from robot robot3: {'operational_state': 'idle', 'current_assigned_fragment': None, 'state': {'position': {'x': 8, 'y': 8, 'z': 0.0}, 'docked': False}}
[INFO] [1787838925.907863773] [multi3_coordinator_node]: Received coordination message: {'robot_name': 'robot3', 'completed_fragment': 'fm2-6', 'state': {'position': {'x': 8, 'y': 8, 'z': 0.0}, 'docked': False}}
[INFO] [1787838926.353954715] [multi3_coordinator_node]: Assigned fragment fm2-7 to robot robot6.
[INFO] [1787838926.357973968] [multi3_coordinator_node]: Assigned fragment fm4-9 to robot robot3.
[INFO] [1787838926.367837533] [multi3_coordinator_node]: Received robot state update from robot robot3: {'operational_state': 'working', 'current_assigned_fragment': 'fm4-9', 'state': {'position': {'x': 8, 'y': 8, 'z': 0.0}, 'docked': False}}
[INFO] [1787838926.389951953] [multi3_coordinator_node]: Received robot state update from robot robot6: {'operational_state': 'working', 'current_assigned_fragment': 'fm2-7', 'state': {'position': {'x': 0.0, 'y': 0.0, 'z': 0.0}, 'docked': True}}
[INFO] [1787838926.390686244] [multi3_coordinator_node]: Received coordination message: {'robot_name': 'robot4', 'completed_task': 'pick(o2-4,scan_area)'}
[INFO] [1787838931.878313721] [multi3_coordinator_node]: Received coordination message: {'robot_name': 'robot2', 'completed_task': 'move_to(o1-4,pack_area)'}
[INFO] [1787838933.386615711] [multi3_coordinator_node]: Fragment fm6-3 is now executable because all signal messages were received.
[INFO] [1787838933.388471405] [multi3_coordinator_node]: Received coordination message: {'robot_name': 'robot5', 'completed_task': 'scan(o1-6)'}
[INFO] [1787838933.391126963] [multi3_coordinator_node]: Received robot state update from robot robot5: {'operational_state': 'idle', 'current_assigned_fragment': None, 'state': {'position': {'x': 0.0, 'y': 0.0, 'z': 0.0}, 'docked': True}}
[INFO] [1787838933.393054163] [multi3_coordinator_node]: Received coordination message: {'robot_name': 'robot5', 'completed_fragment': 'fm6-2', 'state': {'position': {'x': 0.0, 'y': 0.0, 'z': 0.0}, 'docked': True}}
[INFO] [1787838934.353994220] [multi3_coordinator_node]: Assigned fragment fm6-5 to robot robot5.
[INFO] [1787838934.362082415] [multi3_coordinator_node]: Received robot state update from robot robot5: {'operational_state': 'working', 'current_assigned_fragment': 'fm6-5', 'state': {'position': {'x': 0.0, 'y': 0.0, 'z': 0.0}, 'docked': True}}
[INFO] [1787838934.885554402] [multi3_coordinator_node]: Received coordination message: {'robot_name': 'robot4', 'completed_task': 'move_to(o2-4,pack_area)'}
[INFO] [1787838935.722419584] [multi3_coordinator_node]: Received coordination message: {'robot_name': 'robot7', 'completed_task': 'unload_pack(p7)'}
[INFO] [1787838935.725277501] [multi3_coordinator_node]: Received robot state update from robot robot7: {'operational_state': 'idle', 'current_assigned_fragment': None, 'state': {'position': {'x': 10, 'y': 10, 'z': 0.0}, 'docked': False}}
[INFO] [1787838935.726862712] [multi3_coordinator_node]: Received coordination message: {'robot_name': 'robot7', 'completed_fragment': 'fm7-17', 'state': {'position': {'x': 10, 'y': 10, 'z': 0.0}, 'docked': False}}
[INFO] [1787838939.719710927] [multi3_coordinator_node]: Received coordination message: {'robot_name': 'robot1', 'completed_task': 'pick(o3-6,shelf)'}
[INFO] [1787838940.899946740] [multi3_coordinator_node]: Received coordination message: {'robot_name': 'robot2', 'completed_task': 'place(o1-4,pack_area)'}
[INFO] [1787838940.901747460] [multi3_coordinator_node]: Received robot state update from robot robot2: {'operational_state': 'idle', 'current_assigned_fragment': None, 'state': {'position': {'x': 8, 'y': 8, 'z': 0.0}, 'docked': False}}
[INFO] [1787838940.902974244] [multi3_coordinator_node]: Received coordination message: {'robot_name': 'robot2', 'completed_fragment': 'fm4-3', 'state': {'position': {'x': 8, 'y': 8, 'z': 0.0}, 'docked': False}}
[INFO] [1787838941.353420470] [multi3_coordinator_node]: Assigned fragment fm6-3 to robot robot2.
[INFO] [1787838941.362821701] [multi3_coordinator_node]: Received robot state update from robot robot2: {'operational_state': 'working', 'current_assigned_fragment': 'fm6-3', 'state': {'position': {'x': 8, 'y': 8, 'z': 0.0}, 'docked': False}}
[INFO] [1787838942.382394648] [multi3_coordinator_node]: Fragment fm6-6 is now executable because all signal messages were received.
[INFO] [1787838942.386551961] [multi3_coordinator_node]: Received coordination message: {'robot_name': 'robot5', 'completed_task': 'scan(o2-6)'}
[INFO] [1787838942.388548411] [multi3_coordinator_node]: Received robot state update from robot robot5: {'operational_state': 'idle', 'current_assigned_fragment': None, 'state': {'position': {'x': 0.0, 'y': 0.0, 'z': 0.0}, 'docked': True}}
[INFO] [1787838942.389850398] [multi3_coordinator_node]: Received coordination message: {'robot_name': 'robot5', 'completed_fragment': 'fm6-5', 'state': {'position': {'x': 0.0, 'y': 0.0, 'z': 0.0}, 'docked': True}}
[INFO] [1787838942.906298308] [multi3_coordinator_node]: Received coordination message: {'robot_name': 'robot4', 'completed_task': 'place(o2-4,pack_area)'}
[INFO] [1787838942.908324820] [multi3_coordinator_node]: Received robot state update from robot robot4: {'operational_state': 'idle', 'current_assigned_fragment': None, 'state': {'position': {'x': 8, 'y': 8, 'z': 0.0}, 'docked': False}}
[INFO] [1787838942.910339671] [multi3_coordinator_node]: Received coordination message: {'robot_name': 'robot4', 'completed_fragment': 'fm4-6', 'state': {'position': {'x': 8, 'y': 8, 'z': 0.0}, 'docked': False}}
[INFO] [1787838943.354007698] [multi3_coordinator_node]: Assigned fragment fm6-6 to robot robot4.
[INFO] [1787838943.374221765] [multi3_coordinator_node]: Received robot state update from robot robot4: {'operational_state': 'working', 'current_assigned_fragment': 'fm6-6', 'state': {'position': {'x': 8, 'y': 8, 'z': 0.0}, 'docked': False}}
[INFO] [1787838944.884968618] [multi3_coordinator_node]: Received coordination message: {'robot_name': 'robot3', 'completed_task': 'pick(o3-4,scan_area)'}
[INFO] [1787838945.416075678] [multi3_coordinator_node]: Fragment fm2-8 is now executable because all signal messages were received.
[INFO] [1787838945.418316518] [multi3_coordinator_node]: Received coordination message: {'robot_name': 'robot6', 'completed_task': 'pack(o1-2,o2-2)'}
[INFO] [1787838945.420746090] [multi3_coordinator_node]: Received robot state update from robot robot6: {'operational_state': 'idle', 'current_assigned_fragment': None, 'state': {'position': {'x': 0.0, 'y': 0.0, 'z': 0.0}, 'docked': True}}
[INFO] [1787838945.422379865] [multi3_coordinator_node]: Received coordination message: {'robot_name': 'robot6', 'completed_fragment': 'fm2-7', 'state': {'position': {'x': 0.0, 'y': 0.0, 'z': 0.0}, 'docked': True}}
[INFO] [1787838946.353760054] [multi3_coordinator_node]: Assigned fragment fm2-8 to robot robot7.
[INFO] [1787838946.366744616] [multi3_coordinator_node]: Received robot state update from robot robot7: {'operational_state': 'working', 'current_assigned_fragment': 'fm2-8', 'state': {'position': {'x': 10, 'y': 10, 'z': 0.0}, 'docked': False}}
[INFO] [1787838948.217114789] [multi3_coordinator_node]: Received coordination message: {'robot_name': 'robot1', 'completed_task': 'move_to(o3-6,scan_area)'}
[INFO] [1787838953.382492206] [multi3_coordinator_node]: Received coordination message: {'robot_name': 'robot3', 'completed_task': 'move_to(o3-4,pack_area)'}
[INFO] [1787838958.241642390] [multi3_coordinator_node]: Fragment fm6-8 is now executable because all signal messages were received.
[INFO] [1787838958.243027345] [multi3_coordinator_node]: Received coordination message: {'robot_name': 'robot1', 'completed_task': 'place(o3-6,scan_area)'}
[INFO] [1787838958.245463632] [multi3_coordinator_node]: Received robot state update from robot robot1: {'operational_state': 'idle', 'current_assigned_fragment': None, 'state': {'position': {'x': 5, 'y': 5, 'z': 0.0}, 'docked': False}}
[INFO] [1787838958.247539520] [multi3_coordinator_node]: Received coordination message: {'robot_name': 'robot1', 'completed_fragment': 'fm6-7', 'state': {'position': {'x': 5, 'y': 5, 'z': 0.0}, 'docked': False}}
[INFO] [1787838958.352248102] [multi3_coordinator_node]: Assigned fragment fm6-8 to robot robot5.
[INFO] [1787838958.356019908] [multi3_coordinator_node]: Assigned fragment fm6-10 to robot robot1.
[INFO] [1787838958.365570076] [multi3_coordinator_node]: Received robot state update from robot robot1: {'operational_state': 'working', 'current_assigned_fragment': 'fm6-10', 'state': {'position': {'x': 5, 'y': 5, 'z': 0.0}, 'docked': False}}
[INFO] [1787838958.367824570] [multi3_coordinator_node]: Received robot state update from robot robot5: {'operational_state': 'working', 'current_assigned_fragment': 'fm6-8', 'state': {'position': {'x': 0.0, 'y': 0.0, 'z': 0.0}, 'docked': True}}
[INFO] [1787838961.898479401] [multi3_coordinator_node]: Received coordination message: {'robot_name': 'robot4', 'completed_task': 'pick(o2-6,scan_area)'}
[INFO] [1787838963.398889619] [multi3_coordinator_node]: Fragment fm4-10 is now executable because all signal messages were received.
[INFO] [1787838963.400402822] [multi3_coordinator_node]: Received coordination message: {'robot_name': 'robot3', 'completed_task': 'place(o3-4,pack_area)'}
[INFO] [1787838963.402917363] [multi3_coordinator_node]: Received robot state update from robot robot3: {'operational_state': 'idle', 'current_assigned_fragment': None, 'state': {'position': {'x': 8, 'y': 8, 'z': 0.0}, 'docked': False}}
[INFO] [1787838963.404479462] [multi3_coordinator_node]: Received coordination message: {'robot_name': 'robot3', 'completed_fragment': 'fm4-9', 'state': {'position': {'x': 8, 'y': 8, 'z': 0.0}, 'docked': False}}
[INFO] [1787838964.047265052] [multi3_coordinator_node]: Received coordination message: {'robot_name': 'robot7', 'completed_task': 'load_pack(p2)'}
[INFO] [1787838964.353345354] [multi3_coordinator_node]: Assigned fragment fm4-10 to robot robot6.
[INFO] [1787838964.372883631] [multi3_coordinator_node]: Received robot state update from robot robot6: {'operational_state': 'working', 'current_assigned_fragment': 'fm4-10', 'state': {'position': {'x': 0.0, 'y': 0.0, 'z': 0.0}, 'docked': True}}
[INFO] [1787838964.875275979] [multi3_coordinator_node]: Received coordination message: {'robot_name': 'robot2', 'completed_task': 'pick(o1-6,scan_area)'}
[INFO] [1787838968.436113012] [multi3_coordinator_node]: Fragment fm6-9 is now executable because all signal messages were received.
[INFO] [1787838968.438754649] [multi3_coordinator_node]: Received coordination message: {'robot_name': 'robot5', 'completed_task': 'scan(o3-6)'}
[INFO] [1787838968.440929154] [multi3_coordinator_node]: Received robot state update from robot robot5: {'operational_state': 'idle', 'current_assigned_fragment': None, 'state': {'position': {'x': 0.0, 'y': 0.0, 'z': 0.0}, 'docked': True}}
[INFO] [1787838968.442661260] [multi3_coordinator_node]: Received coordination message: {'robot_name': 'robot5', 'completed_fragment': 'fm6-8', 'state': {'position': {'x': 0.0, 'y': 0.0, 'z': 0.0}, 'docked': True}}
[INFO] [1787838969.351989153] [multi3_coordinator_node]: Assigned fragment fm6-9 to robot robot3.
[INFO] [1787838969.364999716] [multi3_coordinator_node]: Received robot state update from robot robot3: {'operational_state': 'working', 'current_assigned_fragment': 'fm6-9', 'state': {'position': {'x': 8, 'y': 8, 'z': 0.0}, 'docked': False}}
[INFO] [1787838969.717235371] [multi3_coordinator_node]: Received coordination message: {'robot_name': 'robot7', 'completed_task': 'move_to(deliver_area)'}
[INFO] [1787838970.394662922] [multi3_coordinator_node]: Received coordination message: {'robot_name': 'robot4', 'completed_task': 'move_to(o2-6,pack_area)'}
[INFO] [1787838973.373447968] [multi3_coordinator_node]: Received coordination message: {'robot_name': 'robot2', 'completed_task': 'move_to(o1-6,pack_area)'}
[INFO] [1787838978.416312821] [multi3_coordinator_node]: Received coordination message: {'robot_name': 'robot4', 'completed_task': 'place(o2-6,pack_area)'}
[INFO] [1787838978.418395162] [multi3_coordinator_node]: Received robot state update from robot robot4: {'operational_state': 'idle', 'current_assigned_fragment': None, 'state': {'position': {'x': 8, 'y': 8, 'z': 0.0}, 'docked': False}}
[INFO] [1787838978.420199473] [multi3_coordinator_node]: Received coordination message: {'robot_name': 'robot4', 'completed_fragment': 'fm6-6', 'state': {'position': {'x': 8, 'y': 8, 'z': 0.0}, 'docked': False}}
[INFO] [1787838978.713085912] [multi3_coordinator_node]: Received coordination message: {'robot_name': 'robot1', 'completed_task': 'pick(o4-6,shelf)'}
[INFO] [1787838981.738965673] [multi3_coordinator_node]: Received coordination message: {'robot_name': 'robot7', 'completed_task': 'unload_pack(p2)'}
[INFO] [1787838981.741460976] [multi3_coordinator_node]: Received robot state update from robot robot7: {'operational_state': 'idle', 'current_assigned_fragment': None, 'state': {'position': {'x': 10, 'y': 10, 'z': 0.0}, 'docked': False}}
[INFO] [1787838981.743061083] [multi3_coordinator_node]: Received coordination message: {'robot_name': 'robot7', 'completed_fragment': 'fm2-8', 'state': {'position': {'x': 10, 'y': 10, 'z': 0.0}, 'docked': False}}
[INFO] [1787838981.987274154] [multi3_coordinator_node]: Fragment fm4-11 is now executable because all signal messages were received.
[INFO] [1787838981.988947508] [multi3_coordinator_node]: Received coordination message: {'robot_name': 'robot6', 'completed_task': 'pack(o1-4,o2-4,o3-4)'}
[INFO] [1787838981.990947385] [multi3_coordinator_node]: Received robot state update from robot robot6: {'operational_state': 'idle', 'current_assigned_fragment': None, 'state': {'position': {'x': 0.0, 'y': 0.0, 'z': 0.0}, 'docked': True}}
[INFO] [1787838981.992290733] [multi3_coordinator_node]: Received coordination message: {'robot_name': 'robot6', 'completed_fragment': 'fm4-10', 'state': {'position': {'x': 0.0, 'y': 0.0, 'z': 0.0}, 'docked': True}}
[INFO] [1787838982.353150434] [multi3_coordinator_node]: Assigned fragment fm4-11 to robot robot7.
[INFO] [1787838982.365275076] [multi3_coordinator_node]: Received robot state update from robot robot7: {'operational_state': 'working', 'current_assigned_fragment': 'fm4-11', 'state': {'position': {'x': 10, 'y': 10, 'z': 0.0}, 'docked': False}}
[INFO] [1787838988.392306396] [multi3_coordinator_node]: Received coordination message: {'robot_name': 'robot2', 'completed_task': 'place(o1-6,pack_area)'}
[INFO] [1787838988.395109306] [multi3_coordinator_node]: Received robot state update from robot robot2: {'operational_state': 'idle', 'current_assigned_fragment': None, 'state': {'position': {'x': 8, 'y': 8, 'z': 0.0}, 'docked': False}}
[INFO] [1787838988.397045196] [multi3_coordinator_node]: Received coordination message: {'robot_name': 'robot2', 'completed_fragment': 'fm6-3', 'state': {'position': {'x': 8, 'y': 8, 'z': 0.0}, 'docked': False}}
[INFO] [1787838989.891496936] [multi3_coordinator_node]: Received coordination message: {'robot_name': 'robot3', 'completed_task': 'pick(o3-6,scan_area)'}
[INFO] [1787838990.038769777] [multi3_coordinator_node]: Received coordination message: {'robot_name': 'robot1', 'completed_task': 'move_to(o4-6,scan_area)'}
[INFO] [1787838998.392249426] [multi3_coordinator_node]: Received coordination message: {'robot_name': 'robot3', 'completed_task': 'move_to(o3-6,pack_area)'}
[INFO] [1787838999.056820751] [multi3_coordinator_node]: Fragment fm6-11 is now executable because all signal messages were received.
[INFO] [1787838999.058501904] [multi3_coordinator_node]: Received coordination message: {'robot_name': 'robot1', 'completed_task': 'place(o4-6,scan_area)'}
[INFO] [1787838999.060186528] [multi3_coordinator_node]: Received robot state update from robot robot1: {'operational_state': 'idle', 'current_assigned_fragment': None, 'state': {'position': {'x': 5, 'y': 5, 'z': 0.0}, 'docked': False}}
[INFO] [1787838999.061329886] [multi3_coordinator_node]: Received coordination message: {'robot_name': 'robot1', 'completed_fragment': 'fm6-10', 'state': {'position': {'x': 5, 'y': 5, 'z': 0.0}, 'docked': False}}
[INFO] [1787838999.353291388] [multi3_coordinator_node]: Assigned fragment fm6-11 to robot robot5.
[INFO] [1787838999.366104865] [multi3_coordinator_node]: Received robot state update from robot robot5: {'operational_state': 'working', 'current_assigned_fragment': 'fm6-11', 'state': {'position': {'x': 0.0, 'y': 0.0, 'z': 0.0}, 'docked': True}}
[INFO] [1787839005.059567271] [multi3_coordinator_node]: Received coordination message: {'robot_name': 'robot7', 'completed_task': 'load_pack(p3)'}
[INFO] [1787839008.415919934] [multi3_coordinator_node]: Received coordination message: {'robot_name': 'robot3', 'completed_task': 'place(o3-6,pack_area)'}
[INFO] [1787839008.418305661] [multi3_coordinator_node]: Received robot state update from robot robot3: {'operational_state': 'idle', 'current_assigned_fragment': None, 'state': {'position': {'x': 8, 'y': 8, 'z': 0.0}, 'docked': False}}
[INFO] [1787839008.419868064] [multi3_coordinator_node]: Received coordination message: {'robot_name': 'robot3', 'completed_fragment': 'fm6-9', 'state': {'position': {'x': 8, 'y': 8, 'z': 0.0}, 'docked': False}}
[INFO] [1787839009.401156134] [multi3_coordinator_node]: Fragment fm6-12 is now executable because all signal messages were received.
[INFO] [1787839009.402862108] [multi3_coordinator_node]: Received coordination message: {'robot_name': 'robot5', 'completed_task': 'scan(o4-6)'}
[INFO] [1787839009.405352533] [multi3_coordinator_node]: Received robot state update from robot robot5: {'operational_state': 'idle', 'current_assigned_fragment': None, 'state': {'position': {'x': 0.0, 'y': 0.0, 'z': 0.0}, 'docked': True}}
[INFO] [1787839009.407275035] [multi3_coordinator_node]: Received coordination message: {'robot_name': 'robot5', 'completed_fragment': 'fm6-11', 'state': {'position': {'x': 0.0, 'y': 0.0, 'z': 0.0}, 'docked': True}}
[INFO] [1787839010.355175016] [multi3_coordinator_node]: Assigned fragment fm6-12 to robot robot2.
[INFO] [1787839010.362808957] [multi3_coordinator_node]: Received robot state update from robot robot2: {'operational_state': 'working', 'current_assigned_fragment': 'fm6-12', 'state': {'position': {'x': 8, 'y': 8, 'z': 0.0}, 'docked': False}}
[INFO] [1787839010.727533613] [multi3_coordinator_node]: Received coordination message: {'robot_name': 'robot7', 'completed_task': 'move_to(deliver_area)'}
[INFO] [1787839023.743204150] [multi3_coordinator_node]: Received coordination message: {'robot_name': 'robot7', 'completed_task': 'unload_pack(p3)'}
[INFO] [1787839023.746015813] [multi3_coordinator_node]: Received robot state update from robot robot7: {'operational_state': 'idle', 'current_assigned_fragment': None, 'state': {'position': {'x': 10, 'y': 10, 'z': 0.0}, 'docked': False}}
[INFO] [1787839023.747415601] [multi3_coordinator_node]: Received coordination message: {'robot_name': 'robot7', 'completed_fragment': 'fm4-11', 'state': {'position': {'x': 10, 'y': 10, 'z': 0.0}, 'docked': False}}
[INFO] [1787839027.877847745] [multi3_coordinator_node]: Received coordination message: {'robot_name': 'robot2', 'completed_task': 'pick(o4-6,scan_area)'}
[INFO] [1787839036.373899799] [multi3_coordinator_node]: Received coordination message: {'robot_name': 'robot2', 'completed_task': 'move_to(o4-6,pack_area)'}
[INFO] [1787839045.394607802] [multi3_coordinator_node]: Fragment fm6-13 is now executable because all signal messages were received.
[INFO] [1787839045.395942134] [multi3_coordinator_node]: Received coordination message: {'robot_name': 'robot2', 'completed_task': 'place(o4-6,pack_area)'}
[INFO] [1787839045.397910716] [multi3_coordinator_node]: Received robot state update from robot robot2: {'operational_state': 'idle', 'current_assigned_fragment': None, 'state': {'position': {'x': 8, 'y': 8, 'z': 0.0}, 'docked': False}}
[INFO] [1787839045.399470336] [multi3_coordinator_node]: Received coordination message: {'robot_name': 'robot2', 'completed_fragment': 'fm6-12', 'state': {'position': {'x': 8, 'y': 8, 'z': 0.0}, 'docked': False}}
[INFO] [1787839046.352330652] [multi3_coordinator_node]: Assigned fragment fm6-13 to robot robot6.
[INFO] [1787839046.380268583] [multi3_coordinator_node]: Received robot state update from robot robot6: {'operational_state': 'working', 'current_assigned_fragment': 'fm6-13', 'state': {'position': {'x': 0.0, 'y': 0.0, 'z': 0.0}, 'docked': True}}
[INFO] [1787839068.200482110] [multi3_coordinator_node]: Fragment fm6-14 is now executable because all signal messages were received.
[INFO] [1787839068.202814784] [multi3_coordinator_node]: Received coordination message: {'robot_name': 'robot6', 'completed_task': 'pack(o1-6,o2-6,o3-6,o4-6)'}
[INFO] [1787839068.204736995] [multi3_coordinator_node]: Received robot state update from robot robot6: {'operational_state': 'idle', 'current_assigned_fragment': None, 'state': {'position': {'x': 0.0, 'y': 0.0, 'z': 0.0}, 'docked': True}}
[INFO] [1787839068.206303262] [multi3_coordinator_node]: Received coordination message: {'robot_name': 'robot6', 'completed_fragment': 'fm6-13', 'state': {'position': {'x': 0.0, 'y': 0.0, 'z': 0.0}, 'docked': True}}
[INFO] [1787839068.352861729] [multi3_coordinator_node]: Assigned fragment fm6-14 to robot robot7.
[INFO] [1787839068.360887814] [multi3_coordinator_node]: Received robot state update from robot robot7: {'operational_state': 'working', 'current_assigned_fragment': 'fm6-14', 'state': {'position': {'x': 10, 'y': 10, 'z': 0.0}, 'docked': False}}
[INFO] [1787839091.057436851] [multi3_coordinator_node]: Received coordination message: {'robot_name': 'robot7', 'completed_task': 'load_pack(p6)'}
[INFO] [1787839096.727465882] [multi3_coordinator_node]: Received coordination message: {'robot_name': 'robot7', 'completed_task': 'move_to(deliver_area)'}
[INFO] [1787839109.748767447] [multi3_coordinator_node]: Received coordination message: {'robot_name': 'robot7', 'completed_task': 'unload_pack(p6)'}
[INFO] [1787839109.752582220] [multi3_coordinator_node]: Received robot state update from robot robot7: {'operational_state': 'idle', 'current_assigned_fragment': None, 'state': {'position': {'x': 10, 'y': 10, 'z': 0.0}, 'docked': False}}
[INFO] [1787839109.754593357] [multi3_coordinator_node]: Received coordination message: {'robot_name': 'robot7', 'completed_fragment': 'fm6-14', 'state': {'position': {'x': 10, 'y': 10, 'z': 0.0}, 'docked': False}}
Traceback (most recent call last):
  File "/root/ros2_ws/install/multi3_coordinator/lib/python3.10/site-packages/nodes/coordinator.py", line 355, in main
    rclpy.spin(node)
  File "/opt/ros/humble/local/lib/python3.10/dist-packages/rclpy/__init__.py", line 229, in spin
    executor.spin_once()
  File "/opt/ros/humble/local/lib/python3.10/dist-packages/rclpy/executors.py", line 808, in spin_once
    self._spin_once_impl(timeout_sec)
  File "/opt/ros/humble/local/lib/python3.10/dist-packages/rclpy/executors.py", line 797, in _spin_once_impl
    handler, entity, node = self.wait_for_ready_callbacks(timeout_sec=timeout_sec)
  File "/opt/ros/humble/local/lib/python3.10/dist-packages/rclpy/executors.py", line 780, in wait_for_ready_callbacks
    return next(self._cb_iter)
  File "/opt/ros/humble/local/lib/python3.10/dist-packages/rclpy/executors.py", line 681, in _wait_for_ready_callbacks
    raise ExternalShutdownException()
rclpy.executors.ExternalShutdownException

During handling of the above exception, another exception occurred:

Traceback (most recent call last):
  File "/root/ros2_ws/install/multi3_coordinator/lib/multi3_coordinator/coordinator", line 33, in <module>
    sys.exit(load_entry_point('multi3-coordinator==0.0.0', 'console_scripts', 'coordinator')())
  File "/root/ros2_ws/install/multi3_coordinator/lib/python3.10/site-packages/nodes/coordinator.py", line 360, in main
    rclpy.shutdown()
  File "/opt/ros/humble/local/lib/python3.10/dist-packages/rclpy/__init__.py", line 130, in shutdown
    _shutdown(context=context)
  File "/opt/ros/humble/local/lib/python3.10/dist-packages/rclpy/utilities.py", line 58, in shutdown
    return context.shutdown()
  File "/opt/ros/humble/local/lib/python3.10/dist-packages/rclpy/context.py", line 102, in shutdown
    self.__context.shutdown()
rclpy._rclpy_pybind11.RCLError: failed to shutdown: rcl_shutdown already called on the given context, at ./src/rcl/init.c:241
